schoolId,universityName,groupCode,groupName,subjectType,firstSubjectRequirement,resubjectRequirement,minScore,minRank,planCount,batch,sourcePageUrl,sourceUrl,sourceHash,sourceLevel
30,北京工业大学,004,,物理类,物理,化学,619,15613,,普通本科批,https://admissions.bjut.edu.cn/info/1014/1776.htm,https://admissions.bjut.edu.cn/info/1014/1776.htm,,school_verified
30,北京工业大学,003,,物理类,物理,化学,618,16211,,普通本科批,https://admissions.bjut.edu.cn/info/1014/1776.htm,https://admissions.bjut.edu.cn/info/1014/1776.htm,,school_verified
31,北京大学,005,,物理类,物理,化学,687,106,,普通本科批,"https://gaokao.chsi.com.cn/zsgs/zhangcheng/listVerifedZszc--infoId-6667647331,method-view,schId-1.dhtml","https://gaokao.chsi.com.cn/zsgs/zhangcheng/listVerifedZszc--infoId-6667647331,method-view,schId-1.dhtml",,school_verified
31,北京大学,005,,历史类,历史,不限,667,26,,普通本科批,"https://gaokao.chsi.com.cn/zsgs/zhangcheng/listVerifedZszc--infoId-6667647331,method-view,schId-1.dhtml","https://gaokao.chsi.com.cn/zsgs/zhangcheng/listVerifedZszc--infoId-6667647331,method-view,schId-1.dhtml",,school_verified
32,内蒙古大学,053,,物理类,物理,化学,604,24356,,普通本科批,https://zhaosheng.imu.edu.cn/info/1168/2998.htm,https://zhaosheng.imu.edu.cn/info/1168/2998.htm,,school_verified
32,内蒙古大学,051,,物理类,物理,不限,597,28628,,普通本科批,https://zhaosheng.imu.edu.cn/info/1168/2998.htm,https://zhaosheng.imu.edu.cn/info/1168/2998.htm,,school_verified
32,内蒙古大学,001,,物理类,物理,不限,585,37282,,普通本科批,https://zhaosheng.imu.edu.cn/info/1168/2998.htm,https://zhaosheng.imu.edu.cn/info/1168/2998.htm,,school_verified
32,内蒙古大学,054,,物理类,物理,化学,584,38333,,普通本科批,https://zhaosheng.imu.edu.cn/info/1168/2998.htm,https://zhaosheng.imu.edu.cn/info/1168/2998.htm,,school_verified
32,内蒙古大学,001,,历史类,历史,不限,581,6405,,普通本科批,https://zhaosheng.imu.edu.cn/info/1168/2998.htm,https://zhaosheng.imu.edu.cn/info/1168/2998.htm,,school_verified
32,内蒙古大学,002,,物理类,物理,不限,580,41394,,普通本科批,https://zhaosheng.imu.edu.cn/info/1168/2998.htm,https://zhaosheng.imu.edu.cn/info/1168/2998.htm,,school_verified
32,内蒙古大学,003,,历史类,历史,思想政治,579,6725,,普通本科批,https://zhaosheng.imu.edu.cn/info/1168/2998.htm,https://zhaosheng.imu.edu.cn/info/1168/2998.htm,,school_verified
32,内蒙古大学,051,,历史类,历史,不限,578,6846,,普通本科批,https://zhaosheng.imu.edu.cn/info/1168/2998.htm,https://zhaosheng.imu.edu.cn/info/1168/2998.htm,,school_verified
32,内蒙古大学,052,,物理类,物理,化学,578,43316,,普通本科批,https://zhaosheng.imu.edu.cn/info/1168/2998.htm,https://zhaosheng.imu.edu.cn/info/1168/2998.htm,,school_verified
32,内蒙古大学,003,,物理类,物理,化学,576,44765,,普通本科批,https://zhaosheng.imu.edu.cn/info/1168/2998.htm,https://zhaosheng.imu.edu.cn/info/1168/2998.htm,,school_verified
33,大连海事大学,002,,历史类,历史,不限,606,2677,,普通本科批,https://bkzs.dlmu.edu.cn/info/1018/2719.htm,https://bkzs.dlmu.edu.cn/info/1018/2719.htm,,school_verified
33,大连海事大学,008,,物理类,物理,化学,602,25450,,普通本科批,https://bkzs.dlmu.edu.cn/info/1018/2719.htm,https://bkzs.dlmu.edu.cn/info/1018/2719.htm,,school_verified
33,大连海事大学,001,,历史类,历史,不限,598,3663,,普通本科批,https://bkzs.dlmu.edu.cn/info/1018/2719.htm,https://bkzs.dlmu.edu.cn/info/1018/2719.htm,,school_verified
33,大连海事大学,006,,物理类,物理,不限,595,30021,,普通本科批,https://bkzs.dlmu.edu.cn/info/1018/2719.htm,https://bkzs.dlmu.edu.cn/info/1018/2719.htm,,school_verified
33,大连海事大学,003,,历史类,历史,思想政治,594,4221,,普通本科批,https://bkzs.dlmu.edu.cn/info/1018/2719.htm,https://bkzs.dlmu.edu.cn/info/1018/2719.htm,,school_verified
33,大连海事大学,007,,物理类,物理,不限,587,35755,,普通本科批,https://bkzs.dlmu.edu.cn/info/1018/2719.htm,https://bkzs.dlmu.edu.cn/info/1018/2719.htm,,school_verified
34,哈尔滨工业大学,004,,物理类,物理,化学,676,487,,普通本科批,https://zsb.hit.edu.cn/article/read/a69f9b9a74ed50f510cf43ea647ad8cb,https://zsb.hit.edu.cn/article/read/a69f9b9a74ed50f510cf43ea647ad8cb,,school_verified
34,哈尔滨工业大学,005,,物理类,物理,化学,671,752,,普通本科批,https://zsb.hit.edu.cn/article/read/a69f9b9a74ed50f510cf43ea647ad8cb,https://zsb.hit.edu.cn/article/read/a69f9b9a74ed50f510cf43ea647ad8cb,,school_verified
34,哈尔滨工业大学,053,,物理类,物理,化学,642,6131,,普通本科批,https://zsb.hit.edu.cn/article/read/a69f9b9a74ed50f510cf43ea647ad8cb,https://zsb.hit.edu.cn/article/read/a69f9b9a74ed50f510cf43ea647ad8cb,,school_verified
34,哈尔滨工业大学,003,,物理类,物理,不限,642,6157,,普通本科批,https://zsb.hit.edu.cn/article/read/a69f9b9a74ed50f510cf43ea647ad8cb,https://zsb.hit.edu.cn/article/read/a69f9b9a74ed50f510cf43ea647ad8cb,,school_verified
34,哈尔滨工业大学,052,,物理类,物理,化学,639,7332,,普通本科批,https://zsb.hit.edu.cn/article/read/a69f9b9a74ed50f510cf43ea647ad8cb,https://zsb.hit.edu.cn/article/read/a69f9b9a74ed50f510cf43ea647ad8cb,,school_verified
34,哈尔滨工业大学,006,,物理类,物理,化学,633,9241,,普通本科批,https://zsb.hit.edu.cn/article/read/a69f9b9a74ed50f510cf43ea647ad8cb,https://zsb.hit.edu.cn/article/read/a69f9b9a74ed50f510cf43ea647ad8cb,,school_verified
34,哈尔滨工业大学,051,,物理类,物理,不限,630,10721,,普通本科批,https://zsb.hit.edu.cn/article/read/a69f9b9a74ed50f510cf43ea647ad8cb,https://zsb.hit.edu.cn/article/read/a69f9b9a74ed50f510cf43ea647ad8cb,,school_verified
34,哈尔滨工业大学,001,,历史类,历史,不限,624,1102,,普通本科批,https://zsb.hit.edu.cn/article/read/a69f9b9a74ed50f510cf43ea647ad8cb,https://zsb.hit.edu.cn/article/read/a69f9b9a74ed50f510cf43ea647ad8cb,,school_verified
35,云南大学,005,,物理类,物理,化学、生物(2科必选),607,22600,,普通本科批,https://www.ynu.edu.cn/xxgk/dxzc1.htm,https://www.ynu.edu.cn/xxgk/dxzc1.htm,,school_verified
35,云南大学,003,,历史类,历史,思想政治,604,2876,,普通本科批,https://www.ynu.edu.cn/xxgk/dxzc1.htm,https://www.ynu.edu.cn/xxgk/dxzc1.htm,,school_verified
35,云南大学,006,,物理类,物理,化学、生物(2科必选),602,25507,,普通本科批,https://www.ynu.edu.cn/xxgk/dxzc1.htm,https://www.ynu.edu.cn/xxgk/dxzc1.htm,,school_verified
35,云南大学,003,,物理类,物理,化学,597,28801,,普通本科批,https://www.ynu.edu.cn/xxgk/dxzc1.htm,https://www.ynu.edu.cn/xxgk/dxzc1.htm,,school_verified
35,云南大学,007,,物理类,物理,思想政治,594,30931,,普通本科批,https://www.ynu.edu.cn/xxgk/dxzc1.htm,https://www.ynu.edu.cn/xxgk/dxzc1.htm,,school_verified
35,云南大学,002,,物理类,物理,不限,589,34722,,普通本科批,https://www.ynu.edu.cn/xxgk/dxzc1.htm,https://www.ynu.edu.cn/xxgk/dxzc1.htm,,school_verified
35,云南大学,004,,历史类,历史,思想政治、地理(2科必选),588,5126,,普通本科批,https://www.ynu.edu.cn/xxgk/dxzc1.htm,https://www.ynu.edu.cn/xxgk/dxzc1.htm,,school_verified
35,云南大学,008,,物理类,物理,地理,588,35237,,普通本科批,https://www.ynu.edu.cn/xxgk/dxzc1.htm,https://www.ynu.edu.cn/xxgk/dxzc1.htm,,school_verified
35,云南大学,002,,历史类,历史,不限,586,5415,,普通本科批,https://www.ynu.edu.cn/xxgk/dxzc1.htm,https://www.ynu.edu.cn/xxgk/dxzc1.htm,,school_verified
35,云南大学,004,,物理类,物理,化学,578,43033,,普通本科批,https://www.ynu.edu.cn/xxgk/dxzc1.htm,https://www.ynu.edu.cn/xxgk/dxzc1.htm,,school_verified
36,长安大学,002,,历史类,历史,思想政治,600,3354,,普通本科批,https://zsb.chd.edu.cn/info/1018/1069.htm,https://zsb.chd.edu.cn/info/1018/1069.htm,,school_verified
36,长安大学,005,,物理类,物理,化学,598,28407,,普通本科批,https://zsb.chd.edu.cn/info/1018/1069.htm,https://zsb.chd.edu.cn/info/1018/1069.htm,,school_verified
36,长安大学,004,,物理类,物理,不限,595,30060,,普通本科批,https://zsb.chd.edu.cn/info/1018/1069.htm,https://zsb.chd.edu.cn/info/1018/1069.htm,,school_verified
36,长安大学,001,,历史类,历史,不限,593,4319,,普通本科批,https://zsb.chd.edu.cn/info/1018/1069.htm,https://zsb.chd.edu.cn/info/1018/1069.htm,,school_verified
36,长安大学,006,,物理类,物理,化学,583,38742,,普通本科批,https://zsb.chd.edu.cn/info/1018/1069.htm,https://zsb.chd.edu.cn/info/1018/1069.htm,,school_verified
37,西北大学,003,,物理类,物理,化学,622,14208,,普通本科批,https://zsb.nwu.edu.cn/info/1050/2971.htm,https://zsb.nwu.edu.cn/info/1050/2971.htm,,school_verified
37,西北大学,002,,历史类,历史,不限,615,1749,,普通本科批,https://zsb.nwu.edu.cn/info/1050/2971.htm,https://zsb.nwu.edu.cn/info/1050/2971.htm,,school_verified
37,西北大学,051,,物理类,物理,化学,605,23786,,普通本科批,https://zsb.nwu.edu.cn/info/1050/2971.htm,https://zsb.nwu.edu.cn/info/1050/2971.htm,,school_verified
37,西北大学,006,,物理类,物理,地理,605,23340,,普通本科批,https://zsb.nwu.edu.cn/info/1050/2971.htm,https://zsb.nwu.edu.cn/info/1050/2971.htm,,school_verified
37,西北大学,004,,物理类,物理,化学,602,25663,,普通本科批,https://zsb.nwu.edu.cn/info/1050/2971.htm,https://zsb.nwu.edu.cn/info/1050/2971.htm,,school_verified
37,西北大学,003,,历史类,历史,不限,598,3553,,普通本科批,https://zsb.nwu.edu.cn/info/1050/2971.htm,https://zsb.nwu.edu.cn/info/1050/2971.htm,,school_verified
37,西北大学,002,,物理类,物理,不限,598,27968,,普通本科批,https://zsb.nwu.edu.cn/info/1050/2971.htm,https://zsb.nwu.edu.cn/info/1050/2971.htm,,school_verified
37,西北大学,005,,物理类,物理,化学,583,38724,,普通本科批,https://zsb.nwu.edu.cn/info/1050/2971.htm,https://zsb.nwu.edu.cn/info/1050/2971.htm,,school_verified
37,西北大学,004,,历史类,历史,不限,580,6567,,普通本科批,https://zsb.nwu.edu.cn/info/1050/2971.htm,https://zsb.nwu.edu.cn/info/1050/2971.htm,,school_verified
38,北京交通大学,004,,物理类,物理,化学,650,3988,,普通本科批,https://zsw.bjtu.edu.cn/f/newsCenter/article/5cc220a8189e408a929281c20c3e4ee5,https://zsw.bjtu.edu.cn/f/newsCenter/article/5cc220a8189e408a929281c20c3e4ee5,,school_verified
38,北京交通大学,005,,物理类,物理,化学,647,4635,,普通本科批,https://zsw.bjtu.edu.cn/f/newsCenter/article/5cc220a8189e408a929281c20c3e4ee5,https://zsw.bjtu.edu.cn/f/newsCenter/article/5cc220a8189e408a929281c20c3e4ee5,,school_verified
38,北京交通大学,006,,物理类,物理,化学,638,7591,,普通本科批,https://zsw.bjtu.edu.cn/f/newsCenter/article/5cc220a8189e408a929281c20c3e4ee5,https://zsw.bjtu.edu.cn/f/newsCenter/article/5cc220a8189e408a929281c20c3e4ee5,,school_verified
38,北京交通大学,052,,物理类,物理,化学,626,12117,,普通本科批,https://zsw.bjtu.edu.cn/f/newsCenter/article/5cc220a8189e408a929281c20c3e4ee5,https://zsw.bjtu.edu.cn/f/newsCenter/article/5cc220a8189e408a929281c20c3e4ee5,,school_verified
38,北京交通大学,051,,物理类,物理,化学,623,13465,,普通本科批,https://zsw.bjtu.edu.cn/f/newsCenter/article/5cc220a8189e408a929281c20c3e4ee5,https://zsw.bjtu.edu.cn/f/newsCenter/article/5cc220a8189e408a929281c20c3e4ee5,,school_verified
38,北京交通大学,007,,物理类,物理,化学,623,13575,,普通本科批,https://zsw.bjtu.edu.cn/f/newsCenter/article/5cc220a8189e408a929281c20c3e4ee5,https://zsw.bjtu.edu.cn/f/newsCenter/article/5cc220a8189e408a929281c20c3e4ee5,,school_verified
38,北京交通大学,002,,历史类,历史,不限,617,1588,,普通本科批,https://zsw.bjtu.edu.cn/f/newsCenter/article/5cc220a8189e408a929281c20c3e4ee5,https://zsw.bjtu.edu.cn/f/newsCenter/article/5cc220a8189e408a929281c20c3e4ee5,,school_verified
39,北京外国语大学,005,,历史类,历史,思想政治,619,1441,,普通本科批,https://www.bfsu.edu.cn/,https://www.bfsu.edu.cn/,,school_verified
39,北京外国语大学,004,,历史类,历史,不限,619,1388,,普通本科批,https://www.bfsu.edu.cn/,https://www.bfsu.edu.cn/,,school_verified
39,北京外国语大学,006,,物理类,物理,不限,617,16593,,普通本科批,https://www.bfsu.edu.cn/,https://www.bfsu.edu.cn/,,school_verified
39,北京外国语大学,006,,历史类,历史,思想政治,603,2941,,普通本科批,https://www.bfsu.edu.cn/,https://www.bfsu.edu.cn/,,school_verified
41,河北工业大学,002,,物理类,物理,化学,609,21292,,普通本科批,https://www.hebut.edu.cn/gdgk/dxzc/index.htm,https://www.hebut.edu.cn/gdgk/dxzc/index.htm,,school_verified
41,河北工业大学,051,,物理类,物理,化学,608,21771,,普通本科批,https://www.hebut.edu.cn/gdgk/dxzc/index.htm,https://www.hebut.edu.cn/gdgk/dxzc/index.htm,,school_verified
41,河北工业大学,052,,物理类,物理,化学,607,22176,,普通本科批,https://www.hebut.edu.cn/gdgk/dxzc/index.htm,https://www.hebut.edu.cn/gdgk/dxzc/index.htm,,school_verified
41,河北工业大学,003,,物理类,物理,化学,603,24948,,普通本科批,https://www.hebut.edu.cn/gdgk/dxzc/index.htm,https://www.hebut.edu.cn/gdgk/dxzc/index.htm,,school_verified
41,河北工业大学,005,,物理类,物理,化学,601,26380,,普通本科批,https://www.hebut.edu.cn/gdgk/dxzc/index.htm,https://www.hebut.edu.cn/gdgk/dxzc/index.htm,,school_verified
41,河北工业大学,004,,物理类,物理,化学,601,26244,,普通本科批,https://www.hebut.edu.cn/gdgk/dxzc/index.htm,https://www.hebut.edu.cn/gdgk/dxzc/index.htm,,school_verified
41,河北工业大学,001,,物理类,物理,不限,594,30940,,普通本科批,https://www.hebut.edu.cn/gdgk/dxzc/index.htm,https://www.hebut.edu.cn/gdgk/dxzc/index.htm,,school_verified
42,武汉大学,006,,物理类,物理,化学,662,1701,,普通本科批,https://www.whu.edu.cn/xxgk/wdzc.htm,https://www.whu.edu.cn/xxgk/wdzc.htm,,school_verified
42,武汉大学,009,,物理类,物理,化学,660,2074,,普通本科批,https://www.whu.edu.cn/xxgk/wdzc.htm,https://www.whu.edu.cn/xxgk/wdzc.htm,,school_verified
42,武汉大学,007,,物理类,物理,化学,658,2469,,普通本科批,https://www.whu.edu.cn/xxgk/wdzc.htm,https://www.whu.edu.cn/xxgk/wdzc.htm,,school_verified
42,武汉大学,008,,物理类,物理,化学,654,3257,,普通本科批,https://www.whu.edu.cn/xxgk/wdzc.htm,https://www.whu.edu.cn/xxgk/wdzc.htm,,school_verified
42,武汉大学,005,,物理类,物理,不限,654,3070,,普通本科批,https://www.whu.edu.cn/xxgk/wdzc.htm,https://www.whu.edu.cn/xxgk/wdzc.htm,,school_verified
42,武汉大学,002,,物理类,物理,化学,649,4287,,普通本科批,https://www.whu.edu.cn/xxgk/wdzc.htm,https://www.whu.edu.cn/xxgk/wdzc.htm,,school_verified
42,武汉大学,004,,历史类,历史,不限,643,310,,普通本科批,https://www.whu.edu.cn/xxgk/wdzc.htm,https://www.whu.edu.cn/xxgk/wdzc.htm,,school_verified
42,武汉大学,005,,历史类,历史,思想政治,641,358,,普通本科批,https://www.whu.edu.cn/xxgk/wdzc.htm,https://www.whu.edu.cn/xxgk/wdzc.htm,,school_verified
43,北京林业大学,010,,物理类,物理,化学,621,14763,,普通本科批,https://zsb.bjfu.edu.cn/static/front/bjfu/basic/html_cms/frontViewArticle.html?id=5a676063b4ce49a5af1e2e59fd6ff48f,https://zsb.bjfu.edu.cn/static/front/bjfu/basic/html_cms/frontViewArticle.html?id=5a676063b4ce49a5af1e2e59fd6ff48f,,school_verified
43,北京林业大学,011,,物理类,物理,化学,612,19642,,普通本科批,https://zsb.bjfu.edu.cn/static/front/bjfu/basic/html_cms/frontViewArticle.html?id=5a676063b4ce49a5af1e2e59fd6ff48f,https://zsb.bjfu.edu.cn/static/front/bjfu/basic/html_cms/frontViewArticle.html?id=5a676063b4ce49a5af1e2e59fd6ff48f,,school_verified
43,北京林业大学,003,,历史类,历史,地理,611,2129,,普通本科批,https://zsb.bjfu.edu.cn/static/front/bjfu/basic/html_cms/frontViewArticle.html?id=5a676063b4ce49a5af1e2e59fd6ff48f,https://zsb.bjfu.edu.cn/static/front/bjfu/basic/html_cms/frontViewArticle.html?id=5a676063b4ce49a5af1e2e59fd6ff48f,,school_verified
43,北京林业大学,015,,物理类,物理,地理,611,20013,,普通本科批,https://zsb.bjfu.edu.cn/static/front/bjfu/basic/html_cms/frontViewArticle.html?id=5a676063b4ce49a5af1e2e59fd6ff48f,https://zsb.bjfu.edu.cn/static/front/bjfu/basic/html_cms/frontViewArticle.html?id=5a676063b4ce49a5af1e2e59fd6ff48f,,school_verified
43,北京林业大学,002,,历史类,历史,不限,605,2748,,普通本科批,https://zsb.bjfu.edu.cn/static/front/bjfu/basic/html_cms/frontViewArticle.html?id=5a676063b4ce49a5af1e2e59fd6ff48f,https://zsb.bjfu.edu.cn/static/front/bjfu/basic/html_cms/frontViewArticle.html?id=5a676063b4ce49a5af1e2e59fd6ff48f,,school_verified
43,北京林业大学,008,,物理类,物理,不限,605,23838,,普通本科批,https://zsb.bjfu.edu.cn/static/front/bjfu/basic/html_cms/frontViewArticle.html?id=5a676063b4ce49a5af1e2e59fd6ff48f,https://zsb.bjfu.edu.cn/static/front/bjfu/basic/html_cms/frontViewArticle.html?id=5a676063b4ce49a5af1e2e59fd6ff48f,,school_verified
43,北京林业大学,013,,物理类,物理,化学,603,24706,,普通本科批,https://zsb.bjfu.edu.cn/static/front/bjfu/basic/html_cms/frontViewArticle.html?id=5a676063b4ce49a5af1e2e59fd6ff48f,https://zsb.bjfu.edu.cn/static/front/bjfu/basic/html_cms/frontViewArticle.html?id=5a676063b4ce49a5af1e2e59fd6ff48f,,school_verified
43,北京林业大学,014,,物理类,物理,生物,601,25977,,普通本科批,https://zsb.bjfu.edu.cn/static/front/bjfu/basic/html_cms/frontViewArticle.html?id=5a676063b4ce49a5af1e2e59fd6ff48f,https://zsb.bjfu.edu.cn/static/front/bjfu/basic/html_cms/frontViewArticle.html?id=5a676063b4ce49a5af1e2e59fd6ff48f,,school_verified
43,北京林业大学,007,,物理类,物理,不限,601,25979,,普通本科批,https://zsb.bjfu.edu.cn/static/front/bjfu/basic/html_cms/frontViewArticle.html?id=5a676063b4ce49a5af1e2e59fd6ff48f,https://zsb.bjfu.edu.cn/static/front/bjfu/basic/html_cms/frontViewArticle.html?id=5a676063b4ce49a5af1e2e59fd6ff48f,,school_verified
44,湖南大学,005,,物理类,物理,化学,647,4889,,普通本科批,https://www.hnu.edu.cn/zsjy.htm,https://www.hnu.edu.cn/zsjy.htm,,school_verified
44,湖南大学,004,,物理类,物理,不限,636,8368,,普通本科批,https://www.hnu.edu.cn/zsjy.htm,https://www.hnu.edu.cn/zsjy.htm,,school_verified
44,湖南大学,003,,历史类,历史,不限,624,1057,,普通本科批,https://www.hnu.edu.cn/zsjy.htm,https://www.hnu.edu.cn/zsjy.htm,,school_verified
45,中央民族大学,003,,物理类,物理,化学,625,12759,,普通本科批,https://www.muc.edu.cn/zsjy/zs/bykzs.htm,https://www.muc.edu.cn/zsjy/zs/bykzs.htm,,school_verified
45,中央民族大学,002,,物理类,物理,不限,619,15739,,普通本科批,https://www.muc.edu.cn/zsjy/zs/bykzs.htm,https://www.muc.edu.cn/zsjy/zs/bykzs.htm,,school_verified
45,中央民族大学,002,,历史类,历史,不限,615,1731,,普通本科批,https://www.muc.edu.cn/zsjy/zs/bykzs.htm,https://www.muc.edu.cn/zsjy/zs/bykzs.htm,,school_verified
45,中央民族大学,004,,物理类,物理,化学,615,17472,,普通本科批,https://www.muc.edu.cn/zsjy/zs/bykzs.htm,https://www.muc.edu.cn/zsjy/zs/bykzs.htm,,school_verified
46,中国人民大学,005,,物理类,物理,化学,671,810,,普通本科批,https://rdzs.ruc.edu.cn/cms/item/2200.html,https://rdzs.ruc.edu.cn/cms/item/2200.html,,school_verified
46,中国人民大学,007,,历史类,历史,思想政治,652,113,,普通本科批,https://rdzs.ruc.edu.cn/cms/item/2200.html,https://rdzs.ruc.edu.cn/cms/item/2200.html,,school_verified
46,中国人民大学,006,,历史类,历史,不限,651,128,,普通本科批,https://rdzs.ruc.edu.cn/cms/item/2200.html,https://rdzs.ruc.edu.cn/cms/item/2200.html,,school_verified
47,北京航空航天大学,003,,物理类,物理,化学,667,1216,,普通本科批,https://www.buaa.edu.cn/zsjy.htm,https://www.buaa.edu.cn/zsjy.htm,,school_verified
47,北京航空航天大学,004,,物理类,物理,化学,651,3786,,普通本科批,https://www.buaa.edu.cn/zsjy.htm,https://www.buaa.edu.cn/zsjy.htm,,school_verified
47,北京航空航天大学,001,,历史类,历史,不限,638,444,,普通本科批,https://www.buaa.edu.cn/zsjy.htm,https://www.buaa.edu.cn/zsjy.htm,,school_verified
48,北京邮电大学,004,,物理类,物理,化学,661,1976,,普通本科批,https://www.bupt.edu.cn,https://www.bupt.edu.cn,,school_verified
48,北京邮电大学,005,,物理类,物理,化学,650,3948,,普通本科批,https://www.bupt.edu.cn,https://www.bupt.edu.cn,,school_verified
48,北京邮电大学,006,,物理类,物理,化学,635,8562,,普通本科批,https://www.bupt.edu.cn,https://www.bupt.edu.cn,,school_verified
48,北京邮电大学,051,,物理类,物理,化学,624,13112,,普通本科批,https://www.bupt.edu.cn,https://www.bupt.edu.cn,,school_verified
48,北京邮电大学,001,,历史类,历史,不限,615,1736,,普通本科批,https://www.bupt.edu.cn,https://www.bupt.edu.cn,,school_verified
49,北京中医药大学,004,,物理类,物理,不限,613,18771,,普通本科批,https://www.bucm.edu.cn/xxgk1/dxzc/index.htm,https://www.bucm.edu.cn/xxgk1/dxzc/index.htm,,school_verified
49,北京中医药大学,001,,历史类,历史,不限,609,2317,,普通本科批,https://www.bucm.edu.cn/xxgk1/dxzc/index.htm,https://www.bucm.edu.cn/xxgk1/dxzc/index.htm,,school_verified
49,北京中医药大学,005,,物理类,物理,化学,583,39056,,普通本科批,https://www.bucm.edu.cn/xxgk1/dxzc/index.htm,https://www.bucm.edu.cn/xxgk1/dxzc/index.htm,,school_verified
50,辽宁大学,008,,物理类,物理,化学,608,21615,,普通本科批,https://www.lnu.edu.cn,https://www.lnu.edu.cn,,school_verified
50,辽宁大学,007,,物理类,物理,化学,594,30903,,普通本科批,https://www.lnu.edu.cn,https://www.lnu.edu.cn,,school_verified
50,辽宁大学,004,,物理类,物理,不限,594,30770,,普通本科批,https://www.lnu.edu.cn,https://www.lnu.edu.cn,,school_verified
50,辽宁大学,008,,历史类,历史,思想政治,593,4357,,普通本科批,https://www.lnu.edu.cn,https://www.lnu.edu.cn,,school_verified
50,辽宁大学,052,,物理类,物理,不限,591,33309,,普通本科批,https://www.lnu.edu.cn,https://www.lnu.edu.cn,,school_verified
50,辽宁大学,006,,物理类,物理,不限,591,33284,,普通本科批,https://www.lnu.edu.cn,https://www.lnu.edu.cn,,school_verified
50,辽宁大学,003,,物理类,物理,不限,589,34097,,普通本科批,https://www.lnu.edu.cn,https://www.lnu.edu.cn,,school_verified
50,辽宁大学,005,,历史类,历史,不限,588,5091,,普通本科批,https://www.lnu.edu.cn,https://www.lnu.edu.cn,,school_verified
50,辽宁大学,053,,物理类,物理,不限,587,36208,,普通本科批,https://www.lnu.edu.cn,https://www.lnu.edu.cn,,school_verified
51,西南交通大学,003,,物理类,物理,化学,620,15094,,普通本科批,http://news.swjtu.edu.cn/info/1020/97555.htm,http://news.swjtu.edu.cn/info/1020/97555.htm,,school_verified
51,西南交通大学,004,,物理类,物理,化学,603,24589,,普通本科批,http://news.swjtu.edu.cn/info/1020/97555.htm,http://news.swjtu.edu.cn/info/1020/97555.htm,,school_verified
51,西南交通大学,003,,历史类,历史,思想政治,602,3109,,普通本科批,http://news.swjtu.edu.cn/info/1020/97555.htm,http://news.swjtu.edu.cn/info/1020/97555.htm,,school_verified
51,西南交通大学,002,,历史类,历史,不限,599,3449,,普通本科批,http://news.swjtu.edu.cn/info/1020/97555.htm,http://news.swjtu.edu.cn/info/1020/97555.htm,,school_verified
51,西南交通大学,051,,物理类,物理,化学,579,42118,,普通本科批,http://news.swjtu.edu.cn/info/1020/97555.htm,http://news.swjtu.edu.cn/info/1020/97555.htm,,school_verified
52,北京师范大学,005,,物理类,物理,化学,651,3838,,普通本科批,https://www.bnu.edu.cn/zsjy/index.htm,https://www.bnu.edu.cn/zsjy/index.htm,,school_verified
52,北京师范大学,003,,物理类,物理,不限,643,6069,,普通本科批,https://www.bnu.edu.cn/zsjy/index.htm,https://www.bnu.edu.cn/zsjy/index.htm,,school_verified
52,北京师范大学,003,,历史类,历史,不限,642,336,,普通本科批,https://www.bnu.edu.cn/zsjy/index.htm,https://www.bnu.edu.cn/zsjy/index.htm,,school_verified
53,对外经济贸易大学,004,,物理类,物理,化学,636,8426,,普通本科批,https://aeo.uibe.edu.cn/front/showContent.jspa?channelId=848&contentId=109055,https://aeo.uibe.edu.cn/front/showContent.jspa?channelId=848&contentId=109055,,school_verified
53,对外经济贸易大学,003,,物理类,物理,不限,630,10758,,普通本科批,https://aeo.uibe.edu.cn/front/showContent.jspa?channelId=848&contentId=109055,https://aeo.uibe.edu.cn/front/showContent.jspa?channelId=848&contentId=109055,,school_verified
53,对外经济贸易大学,005,,历史类,历史,不限,623,1179,,普通本科批,https://aeo.uibe.edu.cn/front/showContent.jspa?channelId=848&contentId=109055,https://aeo.uibe.edu.cn/front/showContent.jspa?channelId=848&contentId=109055,,school_verified
53,对外经济贸易大学,006,,历史类,历史,思想政治,621,1310,,普通本科批,https://aeo.uibe.edu.cn/front/showContent.jspa?channelId=848&contentId=109055,https://aeo.uibe.edu.cn/front/showContent.jspa?channelId=848&contentId=109055,,school_verified
54,河北大学,002,,物理类,物理,化学,582,40075,,普通本科批,https://www.hbu.edu.cn/xxgk/xxzc.htm,https://www.hbu.edu.cn/xxgk/xxzc.htm,,school_verified
54,河北大学,001,,历史类,历史,不限,561,10887,,普通本科批,https://www.hbu.edu.cn/xxgk/xxzc.htm,https://www.hbu.edu.cn/xxgk/xxzc.htm,,school_verified
54,河北大学,001,,物理类,物理,不限,550,69848,,普通本科批,https://www.hbu.edu.cn/xxgk/xxzc.htm,https://www.hbu.edu.cn/xxgk/xxzc.htm,,school_verified
54,河北大学,003,,物理类,物理,化学,540,81508,,普通本科批,https://www.hbu.edu.cn/xxgk/xxzc.htm,https://www.hbu.edu.cn/xxgk/xxzc.htm,,school_verified
55,河北科技大学,051,,物理类,物理,化学,551,68731,,普通本科批,https://bkzs.hebust.edu.cn/page_403.html,https://bkzs.hebust.edu.cn/page_403.html,,school_verified
55,河北科技大学,052,,物理类,物理,化学,543,78332,,普通本科批,https://bkzs.hebust.edu.cn/page_403.html,https://bkzs.hebust.edu.cn/page_403.html,,school_verified
55,河北科技大学,055,,物理类,物理,化学,535,87562,,普通本科批,https://bkzs.hebust.edu.cn/page_403.html,https://bkzs.hebust.edu.cn/page_403.html,,school_verified
55,河北科技大学,054,,物理类,物理,化学,532,91217,,普通本科批,https://bkzs.hebust.edu.cn/page_403.html,https://bkzs.hebust.edu.cn/page_403.html,,school_verified
55,河北科技大学,053,,物理类,物理,化学,529,93914,,普通本科批,https://bkzs.hebust.edu.cn/page_403.html,https://bkzs.hebust.edu.cn/page_403.html,,school_verified
55,河北科技大学,003,,物理类,物理,化学,529,93871,,普通本科批,https://bkzs.hebust.edu.cn/page_403.html,https://bkzs.hebust.edu.cn/page_403.html,,school_verified
55,河北科技大学,002,,物理类,物理,化学,519,106759,,普通本科批,https://bkzs.hebust.edu.cn/page_403.html,https://bkzs.hebust.edu.cn/page_403.html,,school_verified
55,河北科技大学,001,,物理类,物理,不限,502,130910,,普通本科批,https://bkzs.hebust.edu.cn/page_403.html,https://bkzs.hebust.edu.cn/page_403.html,,school_verified
56,河北经贸大学,003,,物理类,物理,化学,540,81111,,普通本科批,https://www.hueb.edu.cn/xxgk/xxzc.htm,https://www.hueb.edu.cn/xxgk/xxzc.htm,,school_verified
56,河北经贸大学,001,,历史类,历史,不限,538,17892,,普通本科批,https://www.hueb.edu.cn/xxgk/xxzc.htm,https://www.hueb.edu.cn/xxgk/xxzc.htm,,school_verified
56,河北经贸大学,001,,物理类,物理,不限,526,98679,,普通本科批,https://www.hueb.edu.cn/xxgk/xxzc.htm,https://www.hueb.edu.cn/xxgk/xxzc.htm,,school_verified
56,河北经贸大学,002,,物理类,物理,不限,509,120842,,普通本科批,https://www.hueb.edu.cn/xxgk/xxzc.htm,https://www.hueb.edu.cn/xxgk/xxzc.htm,,school_verified
56,河北经贸大学,002,,历史类,历史,不限,497,34643,,普通本科批,https://www.hueb.edu.cn/xxgk/xxzc.htm,https://www.hueb.edu.cn/xxgk/xxzc.htm,,school_verified
57,西安电子科技大学,005,,物理类,物理,化学,644,5715,,普通本科批,http://notice.xidian.edu.cn/2016content.jsp?urltype=news.NewsContentUrl&wbtreeid=1235&wbnewsid=39113,http://notice.xidian.edu.cn/2016content.jsp?urltype=news.NewsContentUrl&wbtreeid=1235&wbnewsid=39113,,school_verified
57,西安电子科技大学,003,,物理类,物理,不限,632,9635,,普通本科批,http://notice.xidian.edu.cn/2016content.jsp?urltype=news.NewsContentUrl&wbtreeid=1235&wbnewsid=39113,http://notice.xidian.edu.cn/2016content.jsp?urltype=news.NewsContentUrl&wbtreeid=1235&wbnewsid=39113,,school_verified
57,西安电子科技大学,006,,物理类,物理,化学,628,11399,,普通本科批,http://notice.xidian.edu.cn/2016content.jsp?urltype=news.NewsContentUrl&wbtreeid=1235&wbnewsid=39113,http://notice.xidian.edu.cn/2016content.jsp?urltype=news.NewsContentUrl&wbtreeid=1235&wbnewsid=39113,,school_verified
57,西安电子科技大学,004,,物理类,物理,不限,617,16802,,普通本科批,http://notice.xidian.edu.cn/2016content.jsp?urltype=news.NewsContentUrl&wbtreeid=1235&wbnewsid=39113,http://notice.xidian.edu.cn/2016content.jsp?urltype=news.NewsContentUrl&wbtreeid=1235&wbnewsid=39113,,school_verified
57,西安电子科技大学,001,,历史类,历史,不限,607,2580,,普通本科批,http://notice.xidian.edu.cn/2016content.jsp?urltype=news.NewsContentUrl&wbtreeid=1235&wbnewsid=39113,http://notice.xidian.edu.cn/2016content.jsp?urltype=news.NewsContentUrl&wbtreeid=1235&wbnewsid=39113,,school_verified
58,湖南师范大学,002,,物理类,物理,化学,608,21979,,普通本科批,https://www.hunnu.edu.cn/xxgk1/xxzc.htm,https://www.hunnu.edu.cn/xxgk1/xxzc.htm,,school_verified
58,湖南师范大学,003,,历史类,历史,思想政治,602,3061,,普通本科批,https://www.hunnu.edu.cn/xxgk1/xxzc.htm,https://www.hunnu.edu.cn/xxgk1/xxzc.htm,,school_verified
58,湖南师范大学,004,,历史类,历史,地理,601,3197,,普通本科批,https://www.hunnu.edu.cn/xxgk1/xxzc.htm,https://www.hunnu.edu.cn/xxgk1/xxzc.htm,,school_verified
58,湖南师范大学,004,,物理类,物理,地理,599,27431,,普通本科批,https://www.hunnu.edu.cn/xxgk1/xxzc.htm,https://www.hunnu.edu.cn/xxgk1/xxzc.htm,,school_verified
58,湖南师范大学,001,,物理类,物理,不限,597,28614,,普通本科批,https://www.hunnu.edu.cn/xxgk1/xxzc.htm,https://www.hunnu.edu.cn/xxgk1/xxzc.htm,,school_verified
58,湖南师范大学,001,,历史类,历史,不限,596,3873,,普通本科批,https://www.hunnu.edu.cn/xxgk1/xxzc.htm,https://www.hunnu.edu.cn/xxgk1/xxzc.htm,,school_verified
58,湖南师范大学,002,,历史类,历史,不限,595,3983,,普通本科批,https://www.hunnu.edu.cn/xxgk1/xxzc.htm,https://www.hunnu.edu.cn/xxgk1/xxzc.htm,,school_verified
58,湖南师范大学,003,,物理类,物理,化学,589,34714,,普通本科批,https://www.hunnu.edu.cn/xxgk1/xxzc.htm,https://www.hunnu.edu.cn/xxgk1/xxzc.htm,,school_verified
59,南开大学,004,,物理类,物理,化学,657,2562,,普通本科批,https://zsb.nankai.edu.cn/2025-05-28/1780,https://zsb.nankai.edu.cn/2025-05-28/1780,,school_verified
59,南开大学,003,,物理类,物理,不限,651,3771,,普通本科批,https://zsb.nankai.edu.cn/2025-05-28/1780,https://zsb.nankai.edu.cn/2025-05-28/1780,,school_verified
59,南开大学,004,,历史类,历史,不限,638,431,,普通本科批,https://zsb.nankai.edu.cn/2025-05-28/1780,https://zsb.nankai.edu.cn/2025-05-28/1780,,school_verified
60,天津大学,003,,物理类,物理,化学,649,4371,,普通本科批,https://zs.tju.edu.cn/info/1116/2509.htm,https://zs.tju.edu.cn/info/1116/2509.htm,,school_verified
60,天津大学,003,,历史类,历史,不限,622,1237,,普通本科批,https://zs.tju.edu.cn/info/1116/2509.htm,https://zs.tju.edu.cn/info/1116/2509.htm,,school_verified
61,中国海洋大学,007,,物理类,物理,化学,644,5487,,普通本科批,https://www.ouc.edu.cn/31001/list.htm,https://www.ouc.edu.cn/31001/list.htm,,school_verified
61,中国海洋大学,006,,物理类,物理,化学,642,6088,,普通本科批,https://www.ouc.edu.cn/31001/list.htm,https://www.ouc.edu.cn/31001/list.htm,,school_verified
61,中国海洋大学,008,,物理类,物理,化学,631,10333,,普通本科批,https://www.ouc.edu.cn/31001/list.htm,https://www.ouc.edu.cn/31001/list.htm,,school_verified
61,中国海洋大学,052,,物理类,物理,化学,627,11970,,普通本科批,https://www.ouc.edu.cn/31001/list.htm,https://www.ouc.edu.cn/31001/list.htm,,school_verified
61,中国海洋大学,004,,物理类,物理,不限,625,12818,,普通本科批,https://www.ouc.edu.cn/31001/list.htm,https://www.ouc.edu.cn/31001/list.htm,,school_verified
61,中国海洋大学,009,,物理类,物理,化学,624,13149,,普通本科批,https://www.ouc.edu.cn/31001/list.htm,https://www.ouc.edu.cn/31001/list.htm,,school_verified
61,中国海洋大学,005,,物理类,物理,化学,622,13975,,普通本科批,https://www.ouc.edu.cn/31001/list.htm,https://www.ouc.edu.cn/31001/list.htm,,school_verified
61,中国海洋大学,051,,物理类,物理,化学,619,15796,,普通本科批,https://www.ouc.edu.cn/31001/list.htm,https://www.ouc.edu.cn/31001/list.htm,,school_verified
62,郑州大学,003,,物理类,物理,化学,600,26769,,普通本科批,https://www.zzu.edu.cn/zsjy.htm,https://www.zzu.edu.cn/zsjy.htm,,school_verified
62,郑州大学,002,,历史类,历史,思想政治,598,3669,,普通本科批,https://www.zzu.edu.cn/zsjy.htm,https://www.zzu.edu.cn/zsjy.htm,,school_verified
62,郑州大学,002,,物理类,物理,不限,598,28159,,普通本科批,https://www.zzu.edu.cn/zsjy.htm,https://www.zzu.edu.cn/zsjy.htm,,school_verified
62,郑州大学,001,,历史类,历史,不限,594,4182,,普通本科批,https://www.zzu.edu.cn/zsjy.htm,https://www.zzu.edu.cn/zsjy.htm,,school_verified
63,合肥工业大学,006,,物理类,物理,化学,642,6118,,普通本科批,http://bkzs.hfut.edu.cn/static/front/hfut/basic/html_cms/frontViewArticle.html?id=b7ee2ed6db584d2ca54b6e4ba0ab8aee,http://bkzs.hfut.edu.cn/static/front/hfut/basic/html_cms/frontViewArticle.html?id=b7ee2ed6db584d2ca54b6e4ba0ab8aee,,school_verified
63,合肥工业大学,007,,物理类,物理,化学,639,7294,,普通本科批,http://bkzs.hfut.edu.cn/static/front/hfut/basic/html_cms/frontViewArticle.html?id=b7ee2ed6db584d2ca54b6e4ba0ab8aee,http://bkzs.hfut.edu.cn/static/front/hfut/basic/html_cms/frontViewArticle.html?id=b7ee2ed6db584d2ca54b6e4ba0ab8aee,,school_verified
63,合肥工业大学,004,,物理类,物理,不限,617,16557,,普通本科批,http://bkzs.hfut.edu.cn/static/front/hfut/basic/html_cms/frontViewArticle.html?id=b7ee2ed6db584d2ca54b6e4ba0ab8aee,http://bkzs.hfut.edu.cn/static/front/hfut/basic/html_cms/frontViewArticle.html?id=b7ee2ed6db584d2ca54b6e4ba0ab8aee,,school_verified
63,合肥工业大学,008,,物理类,物理,化学,616,17068,,普通本科批,http://bkzs.hfut.edu.cn/static/front/hfut/basic/html_cms/frontViewArticle.html?id=b7ee2ed6db584d2ca54b6e4ba0ab8aee,http://bkzs.hfut.edu.cn/static/front/hfut/basic/html_cms/frontViewArticle.html?id=b7ee2ed6db584d2ca54b6e4ba0ab8aee,,school_verified
63,合肥工业大学,002,,历史类,历史,思想政治,605,2735,,普通本科批,http://bkzs.hfut.edu.cn/static/front/hfut/basic/html_cms/frontViewArticle.html?id=b7ee2ed6db584d2ca54b6e4ba0ab8aee,http://bkzs.hfut.edu.cn/static/front/hfut/basic/html_cms/frontViewArticle.html?id=b7ee2ed6db584d2ca54b6e4ba0ab8aee,,school_verified
63,合肥工业大学,005,,物理类,物理,不限,592,32176,,普通本科批,http://bkzs.hfut.edu.cn/static/front/hfut/basic/html_cms/frontViewArticle.html?id=b7ee2ed6db584d2ca54b6e4ba0ab8aee,http://bkzs.hfut.edu.cn/static/front/hfut/basic/html_cms/frontViewArticle.html?id=b7ee2ed6db584d2ca54b6e4ba0ab8aee,,school_verified
63,合肥工业大学,001,,历史类,历史,不限,591,4693,,普通本科批,http://bkzs.hfut.edu.cn/static/front/hfut/basic/html_cms/frontViewArticle.html?id=b7ee2ed6db584d2ca54b6e4ba0ab8aee,http://bkzs.hfut.edu.cn/static/front/hfut/basic/html_cms/frontViewArticle.html?id=b7ee2ed6db584d2ca54b6e4ba0ab8aee,,school_verified
65,德州学院,001,,历史类,历史,不限,528,21258,,普通本科批,https://zs.dzu.edu.cn/info/1022/1779.htm,https://zs.dzu.edu.cn/info/1022/1779.htm,,school_verified
65,德州学院,001,,物理类,物理,化学,508,122103,,普通本科批,https://zs.dzu.edu.cn/info/1022/1779.htm,https://zs.dzu.edu.cn/info/1022/1779.htm,,school_verified
65,德州学院,002,,物理类,物理,化学,498,137764,,普通本科批,https://zs.dzu.edu.cn/info/1022/1779.htm,https://zs.dzu.edu.cn/info/1022/1779.htm,,school_verified
66,中国科学技术大学,004,,物理类,物理,化学,675,500,,普通本科批,https://zsb.ustc.edu.cn/2025/0603/c35550a686801/page.htm,https://zsb.ustc.edu.cn/2025/0603/c35550a686801/page.htm,,school_verified
66,中国科学技术大学,005,,物理类,物理,化学,673,686,,普通本科批,https://zsb.ustc.edu.cn/2025/0603/c35550a686801/page.htm,https://zsb.ustc.edu.cn/2025/0603/c35550a686801/page.htm,,school_verified
66,中国科学技术大学,003,,物理类,物理,化学,673,634,,普通本科批,https://zsb.ustc.edu.cn/2025/0603/c35550a686801/page.htm,https://zsb.ustc.edu.cn/2025/0603/c35550a686801/page.htm,,school_verified
67,安徽大学,007,,物理类,物理,化学,632,9812,,普通本科批,https://www.ahu.edu.cn/,https://www.ahu.edu.cn/,,school_verified
67,安徽大学,008,,物理类,物理,化学,630,10683,,普通本科批,https://www.ahu.edu.cn/,https://www.ahu.edu.cn/,,school_verified
67,安徽大学,005,,物理类,物理,不限,614,18002,,普通本科批,https://www.ahu.edu.cn/,https://www.ahu.edu.cn/,,school_verified
67,安徽大学,009,,物理类,物理,化学,606,23195,,普通本科批,https://www.ahu.edu.cn/,https://www.ahu.edu.cn/,,school_verified
67,安徽大学,006,,物理类,物理,不限,600,26766,,普通本科批,https://www.ahu.edu.cn/,https://www.ahu.edu.cn/,,school_verified
67,安徽大学,006,,历史类,历史,思想政治,595,4044,,普通本科批,https://www.ahu.edu.cn/,https://www.ahu.edu.cn/,,school_verified
68,安徽理工大学,006,,物理类,物理,化学,571,48862,,普通本科批,https://zs.aust.edu.cn/info/1004/4697.htm,https://zs.aust.edu.cn/info/1004/4697.htm,,school_verified
68,安徽理工大学,005,,物理类,物理,不限,566,53805,,普通本科批,https://zs.aust.edu.cn/info/1004/4697.htm,https://zs.aust.edu.cn/info/1004/4697.htm,,school_verified
68,安徽理工大学,001,,历史类,历史,不限,551,13807,,普通本科批,https://zs.aust.edu.cn/info/1004/4697.htm,https://zs.aust.edu.cn/info/1004/4697.htm,,school_verified
69,安徽工业大学,007,,物理类,物理,化学,577,43905,,普通本科批,https://zs.ahut.edu.cn/info/5889/3023.htm,https://zs.ahut.edu.cn/info/5889/3023.htm,,school_verified
69,安徽工业大学,006,,物理类,物理,化学,561,58728,,普通本科批,https://zs.ahut.edu.cn/info/5889/3023.htm,https://zs.ahut.edu.cn/info/5889/3023.htm,,school_verified
69,安徽工业大学,003,,历史类,历史,不限,543,16100,,普通本科批,https://zs.ahut.edu.cn/info/5889/3023.htm,https://zs.ahut.edu.cn/info/5889/3023.htm,,school_verified
69,安徽工业大学,005,,物理类,物理,不限,542,79489,,普通本科批,https://zs.ahut.edu.cn/info/5889/3023.htm,https://zs.ahut.edu.cn/info/5889/3023.htm,,school_verified
70,安徽农业大学,001,,历史类,历史,不限,560,11039,,普通本科批,https://www.ahau.edu.cn,https://www.ahau.edu.cn,,school_verified
70,安徽农业大学,007,,物理类,物理,生物,557,62555,,普通本科批,https://www.ahau.edu.cn,https://www.ahau.edu.cn,,school_verified
70,安徽农业大学,005,,物理类,物理,化学,552,68165,,普通本科批,https://www.ahau.edu.cn,https://www.ahau.edu.cn,,school_verified
70,安徽农业大学,004,,物理类,物理,不限,549,71180,,普通本科批,https://www.ahau.edu.cn,https://www.ahau.edu.cn,,school_verified
70,安徽农业大学,006,,物理类,物理,化学,529,94196,,普通本科批,https://www.ahau.edu.cn,https://www.ahau.edu.cn,,school_verified
71,济南大学,002,,物理类,物理,不限,577,44286,,普通本科批,https://admission.ujn.edu.cn/info/1007/10695.htm,https://admission.ujn.edu.cn/info/1007/10695.htm,,school_verified
71,济南大学,003,,历史类,历史,思想政治,572,8161,,普通本科批,https://admission.ujn.edu.cn/info/1007/10695.htm,https://admission.ujn.edu.cn/info/1007/10695.htm,,school_verified
71,济南大学,004,,物理类,物理,化学,565,54444,,普通本科批,https://admission.ujn.edu.cn/info/1007/10695.htm,https://admission.ujn.edu.cn/info/1007/10695.htm,,school_verified
71,济南大学,005,,物理类,物理,化学、地理(2科必选),561,58869,,普通本科批,https://admission.ujn.edu.cn/info/1007/10695.htm,https://admission.ujn.edu.cn/info/1007/10695.htm,,school_verified
71,济南大学,002,,历史类,历史,不限,554,12666,,普通本科批,https://admission.ujn.edu.cn/info/1007/10695.htm,https://admission.ujn.edu.cn/info/1007/10695.htm,,school_verified
71,济南大学,003,,物理类,物理,不限,553,67251,,普通本科批,https://admission.ujn.edu.cn/info/1007/10695.htm,https://admission.ujn.edu.cn/info/1007/10695.htm,,school_verified
73,同济大学,003,,物理类,物理,化学,662,1837,,普通本科批,https://www.tongji.edu.cn/xxgk1/xxzc.htm,https://www.tongji.edu.cn/xxgk1/xxzc.htm,,school_verified
73,同济大学,005,,物理类,物理,化学,656,2757,,普通本科批,https://www.tongji.edu.cn/xxgk1/xxzc.htm,https://www.tongji.edu.cn/xxgk1/xxzc.htm,,school_verified
73,同济大学,004,,物理类,物理,化学,654,3118,,普通本科批,https://www.tongji.edu.cn/xxgk1/xxzc.htm,https://www.tongji.edu.cn/xxgk1/xxzc.htm,,school_verified
73,同济大学,001,,历史类,历史,不限,641,355,,普通本科批,https://www.tongji.edu.cn/xxgk1/xxzc.htm,https://www.tongji.edu.cn/xxgk1/xxzc.htm,,school_verified
73,同济大学,002,,历史类,历史,思想政治,640,384,,普通本科批,https://www.tongji.edu.cn/xxgk1/xxzc.htm,https://www.tongji.edu.cn/xxgk1/xxzc.htm,,school_verified
74,新疆大学,005,,物理类,物理,地理,579,42427,,普通本科批,https://www.xju.edu.cn/%3Cspan%20style='color:red;font-size:9pt'%3E%E8%BD%AC%E6%8D%A2%E9%93%BE%E6%8E%A5%E9%94%99%E8%AF%AF%3C/span%3E,https://www.xju.edu.cn/%3Cspan%20style='color:red;font-size:9pt'%3E%E8%BD%AC%E6%8D%A2%E9%93%BE%E6%8E%A5%E9%94%99%E8%AF%AF%3C/span%3E,,school_verified
74,新疆大学,003,,物理类,物理,化学,579,42723,,普通本科批,https://www.xju.edu.cn/%3Cspan%20style='color:red;font-size:9pt'%3E%E8%BD%AC%E6%8D%A2%E9%93%BE%E6%8E%A5%E9%94%99%E8%AF%AF%3C/span%3E,https://www.xju.edu.cn/%3Cspan%20style='color:red;font-size:9pt'%3E%E8%BD%AC%E6%8D%A2%E9%93%BE%E6%8E%A5%E9%94%99%E8%AF%AF%3C/span%3E,,school_verified
74,新疆大学,001,,历史类,历史,不限,577,7100,,普通本科批,https://www.xju.edu.cn/%3Cspan%20style='color:red;font-size:9pt'%3E%E8%BD%AC%E6%8D%A2%E9%93%BE%E6%8E%A5%E9%94%99%E8%AF%AF%3C/span%3E,https://www.xju.edu.cn/%3Cspan%20style='color:red;font-size:9pt'%3E%E8%BD%AC%E6%8D%A2%E9%93%BE%E6%8E%A5%E9%94%99%E8%AF%AF%3C/span%3E,,school_verified
74,新疆大学,002,,历史类,历史,思想政治,575,7504,,普通本科批,https://www.xju.edu.cn/%3Cspan%20style='color:red;font-size:9pt'%3E%E8%BD%AC%E6%8D%A2%E9%93%BE%E6%8E%A5%E9%94%99%E8%AF%AF%3C/span%3E,https://www.xju.edu.cn/%3Cspan%20style='color:red;font-size:9pt'%3E%E8%BD%AC%E6%8D%A2%E9%93%BE%E6%8E%A5%E9%94%99%E8%AF%AF%3C/span%3E,,school_verified
74,新疆大学,001,,物理类,物理,不限,564,55548,,普通本科批,https://www.xju.edu.cn/%3Cspan%20style='color:red;font-size:9pt'%3E%E8%BD%AC%E6%8D%A2%E9%93%BE%E6%8E%A5%E9%94%99%E8%AF%AF%3C/span%3E,https://www.xju.edu.cn/%3Cspan%20style='color:red;font-size:9pt'%3E%E8%BD%AC%E6%8D%A2%E9%93%BE%E6%8E%A5%E9%94%99%E8%AF%AF%3C/span%3E,,school_verified
74,新疆大学,004,,物理类,物理,思想政治,559,60277,,普通本科批,https://www.xju.edu.cn/%3Cspan%20style='color:red;font-size:9pt'%3E%E8%BD%AC%E6%8D%A2%E9%93%BE%E6%8E%A5%E9%94%99%E8%AF%AF%3C/span%3E,https://www.xju.edu.cn/%3Cspan%20style='color:red;font-size:9pt'%3E%E8%BD%AC%E6%8D%A2%E9%93%BE%E6%8E%A5%E9%94%99%E8%AF%AF%3C/span%3E,,school_verified
74,新疆大学,002,,物理类,物理,不限,557,62160,,普通本科批,https://www.xju.edu.cn/%3Cspan%20style='color:red;font-size:9pt'%3E%E8%BD%AC%E6%8D%A2%E9%93%BE%E6%8E%A5%E9%94%99%E8%AF%AF%3C/span%3E,https://www.xju.edu.cn/%3Cspan%20style='color:red;font-size:9pt'%3E%E8%BD%AC%E6%8D%A2%E9%93%BE%E6%8E%A5%E9%94%99%E8%AF%AF%3C/span%3E,,school_verified
75,上海交通大学医学院,002,,物理类,物理,化学,678,360,,普通本科批,http://www.shsmu.edu.cn/news/info/1112/30359.htm,http://www.shsmu.edu.cn/news/info/1112/30359.htm,,school_verified
75,上海交通大学医学院,003,,物理类,物理,化学,661,1924,,普通本科批,http://www.shsmu.edu.cn/news/info/1112/30359.htm,http://www.shsmu.edu.cn/news/info/1112/30359.htm,,school_verified
76,上海大学,004,,物理类,物理,化学,626,12104,,普通本科批,https://www.shu.edu.cn/info/1667/269312.htm,https://www.shu.edu.cn/info/1667/269312.htm,,school_verified
76,上海大学,002,,物理类,物理,不限,619,15563,,普通本科批,https://www.shu.edu.cn/info/1667/269312.htm,https://www.shu.edu.cn/info/1667/269312.htm,,school_verified
76,上海大学,005,,物理类,物理,化学,612,19362,,普通本科批,https://www.shu.edu.cn/info/1667/269312.htm,https://www.shu.edu.cn/info/1667/269312.htm,,school_verified
76,上海大学,001,,历史类,历史,不限,610,2255,,普通本科批,https://www.shu.edu.cn/info/1667/269312.htm,https://www.shu.edu.cn/info/1667/269312.htm,,school_verified
76,上海大学,003,,物理类,物理,不限,604,24467,,普通本科批,https://www.shu.edu.cn/info/1667/269312.htm,https://www.shu.edu.cn/info/1667/269312.htm,,school_verified
76,上海大学,003,,历史类,历史,不限,603,2962,,普通本科批,https://www.shu.edu.cn/info/1667/269312.htm,https://www.shu.edu.cn/info/1667/269312.htm,,school_verified
76,上海大学,002,,历史类,历史,不限,599,3480,,普通本科批,https://www.shu.edu.cn/info/1667/269312.htm,https://www.shu.edu.cn/info/1667/269312.htm,,school_verified
77,南京航空航天大学,004,,物理类,物理,化学,642,6166,,普通本科批,https://www.nuaa.edu.cn/19206/list.htm,https://www.nuaa.edu.cn/19206/list.htm,,school_verified
77,南京航空航天大学,005,,物理类,物理,化学,628,11251,,普通本科批,https://www.nuaa.edu.cn/19206/list.htm,https://www.nuaa.edu.cn/19206/list.htm,,school_verified
77,南京航空航天大学,001,,历史类,历史,不限,609,2300,,普通本科批,https://www.nuaa.edu.cn/19206/list.htm,https://www.nuaa.edu.cn/19206/list.htm,,school_verified
78,天津医科大学,005,,物理类,物理,化学、生物(2科必选),654,3190,,普通本科批,https://www.tmu.edu.cn/bkzs/2025/0512/c8923a82257/page.htm,https://www.tmu.edu.cn/bkzs/2025/0512/c8923a82257/page.htm,,school_verified
78,天津医科大学,007,,物理类,物理,化学、生物(2科必选),641,6655,,普通本科批,https://www.tmu.edu.cn/bkzs/2025/0512/c8923a82257/page.htm,https://www.tmu.edu.cn/bkzs/2025/0512/c8923a82257/page.htm,,school_verified
78,天津医科大学,006,,物理类,物理,化学、生物(2科必选),632,9657,,普通本科批,https://www.tmu.edu.cn/bkzs/2025/0512/c8923a82257/page.htm,https://www.tmu.edu.cn/bkzs/2025/0512/c8923a82257/page.htm,,school_verified
78,天津医科大学,008,,物理类,物理,化学、生物(2科必选),629,10952,,普通本科批,https://www.tmu.edu.cn/bkzs/2025/0512/c8923a82257/page.htm,https://www.tmu.edu.cn/bkzs/2025/0512/c8923a82257/page.htm,,school_verified
78,天津医科大学,004,,物理类,物理,化学,602,25379,,普通本科批,https://www.tmu.edu.cn/bkzs/2025/0512/c8923a82257/page.htm,https://www.tmu.edu.cn/bkzs/2025/0512/c8923a82257/page.htm,,school_verified
78,天津医科大学,001,,历史类,历史,不限,586,5498,,普通本科批,https://www.tmu.edu.cn/bkzs/2025/0512/c8923a82257/page.htm,https://www.tmu.edu.cn/bkzs/2025/0512/c8923a82257/page.htm,,school_verified
78,天津医科大学,009,,物理类,物理,化学、生物(2科必选),585,37149,,普通本科批,https://www.tmu.edu.cn/bkzs/2025/0512/c8923a82257/page.htm,https://www.tmu.edu.cn/bkzs/2025/0512/c8923a82257/page.htm,,school_verified
79,天津师范大学,003,,物理类,物理,化学,585,37122,,普通本科批,https://www.tjnu.edu.cn/xxgk/xxzc.htm,https://www.tjnu.edu.cn/xxgk/xxzc.htm,,school_verified
79,天津师范大学,002,,历史类,历史,思想政治,575,7602,,普通本科批,https://www.tjnu.edu.cn/xxgk/xxzc.htm,https://www.tjnu.edu.cn/xxgk/xxzc.htm,,school_verified
79,天津师范大学,002,,物理类,物理,化学,568,51555,,普通本科批,https://www.tjnu.edu.cn/xxgk/xxzc.htm,https://www.tjnu.edu.cn/xxgk/xxzc.htm,,school_verified
79,天津师范大学,001,,历史类,历史,不限,563,10235,,普通本科批,https://www.tjnu.edu.cn/xxgk/xxzc.htm,https://www.tjnu.edu.cn/xxgk/xxzc.htm,,school_verified
79,天津师范大学,001,,物理类,物理,不限,530,93091,,普通本科批,https://www.tjnu.edu.cn/xxgk/xxzc.htm,https://www.tjnu.edu.cn/xxgk/xxzc.htm,,school_verified
80,天津工业大学,005,,物理类,物理,化学,603,24845,,普通本科批,https://www.tiangong.edu.cn/zsjy/list.htm,https://www.tiangong.edu.cn/zsjy/list.htm,,school_verified
80,天津工业大学,006,,物理类,物理,化学,598,28069,,普通本科批,https://www.tiangong.edu.cn/zsjy/list.htm,https://www.tiangong.edu.cn/zsjy/list.htm,,school_verified
80,天津工业大学,004,,物理类,物理,化学,598,27886,,普通本科批,https://www.tiangong.edu.cn/zsjy/list.htm,https://www.tiangong.edu.cn/zsjy/list.htm,,school_verified
80,天津工业大学,003,,物理类,物理,化学,583,39091,,普通本科批,https://www.tiangong.edu.cn/zsjy/list.htm,https://www.tiangong.edu.cn/zsjy/list.htm,,school_verified
80,天津工业大学,002,,物理类,物理,不限,583,39440,,普通本科批,https://www.tiangong.edu.cn/zsjy/list.htm,https://www.tiangong.edu.cn/zsjy/list.htm,,school_verified
80,天津工业大学,002,,历史类,历史,不限,580,6580,,普通本科批,https://www.tiangong.edu.cn/zsjy/list.htm,https://www.tiangong.edu.cn/zsjy/list.htm,,school_verified
80,天津工业大学,001,,历史类,历史,不限,547,14722,,普通本科批,https://www.tiangong.edu.cn/zsjy/list.htm,https://www.tiangong.edu.cn/zsjy/list.htm,,school_verified
81,天津理工大学,005,,物理类,物理,化学,595,29989,,普通本科批,http://zsb.tjut.edu.cn/info/1012/1656.htm,http://zsb.tjut.edu.cn/info/1012/1656.htm,,school_verified
81,天津理工大学,006,,物理类,物理,化学,590,33715,,普通本科批,http://zsb.tjut.edu.cn/info/1012/1656.htm,http://zsb.tjut.edu.cn/info/1012/1656.htm,,school_verified
81,天津理工大学,007,,物理类,物理,化学,577,43772,,普通本科批,http://zsb.tjut.edu.cn/info/1012/1656.htm,http://zsb.tjut.edu.cn/info/1012/1656.htm,,school_verified
81,天津理工大学,004,,物理类,物理,不限,576,44876,,普通本科批,http://zsb.tjut.edu.cn/info/1012/1656.htm,http://zsb.tjut.edu.cn/info/1012/1656.htm,,school_verified
81,天津理工大学,001,,历史类,历史,不限,546,15128,,普通本科批,http://zsb.tjut.edu.cn/info/1012/1656.htm,http://zsb.tjut.edu.cn/info/1012/1656.htm,,school_verified
82,天津科技大学,004,,物理类,物理,化学,592,32241,,普通本科批,http://www.tust.edu.cn/xxgk1/7cd546a1630b4552be61944734c18f36.htm,http://www.tust.edu.cn/xxgk1/7cd546a1630b4552be61944734c18f36.htm,,school_verified
82,天津科技大学,005,,物理类,物理,化学,589,34391,,普通本科批,http://www.tust.edu.cn/xxgk1/7cd546a1630b4552be61944734c18f36.htm,http://www.tust.edu.cn/xxgk1/7cd546a1630b4552be61944734c18f36.htm,,school_verified
82,天津科技大学,003,,物理类,物理,化学,584,37951,,普通本科批,http://www.tust.edu.cn/xxgk1/7cd546a1630b4552be61944734c18f36.htm,http://www.tust.edu.cn/xxgk1/7cd546a1630b4552be61944734c18f36.htm,,school_verified
82,天津科技大学,008,,物理类,物理,化学,575,45492,,普通本科批,http://www.tust.edu.cn/xxgk1/7cd546a1630b4552be61944734c18f36.htm,http://www.tust.edu.cn/xxgk1/7cd546a1630b4552be61944734c18f36.htm,,school_verified
82,天津科技大学,001,,物理类,物理,不限,557,62771,,普通本科批,http://www.tust.edu.cn/xxgk1/7cd546a1630b4552be61944734c18f36.htm,http://www.tust.edu.cn/xxgk1/7cd546a1630b4552be61944734c18f36.htm,,school_verified
82,天津科技大学,001,,历史类,历史,不限,552,13195,,普通本科批,http://www.tust.edu.cn/xxgk1/7cd546a1630b4552be61944734c18f36.htm,http://www.tust.edu.cn/xxgk1/7cd546a1630b4552be61944734c18f36.htm,,school_verified
82,天津科技大学,002,,物理类,物理,不限,552,68228,,普通本科批,http://www.tust.edu.cn/xxgk1/7cd546a1630b4552be61944734c18f36.htm,http://www.tust.edu.cn/xxgk1/7cd546a1630b4552be61944734c18f36.htm,,school_verified
82,天津科技大学,006,,物理类,物理,化学,547,73261,,普通本科批,http://www.tust.edu.cn/xxgk1/7cd546a1630b4552be61944734c18f36.htm,http://www.tust.edu.cn/xxgk1/7cd546a1630b4552be61944734c18f36.htm,,school_verified
82,天津科技大学,007,,物理类,物理,化学,543,77967,,普通本科批,http://www.tust.edu.cn/xxgk1/7cd546a1630b4552be61944734c18f36.htm,http://www.tust.edu.cn/xxgk1/7cd546a1630b4552be61944734c18f36.htm,,school_verified
84,天津财经大学,004,,物理类,物理,化学,582,39912,,普通本科批,https://www.tjufe.edu.cn/info/1023/24061.htm,https://www.tjufe.edu.cn/info/1023/24061.htm,,school_verified
84,天津财经大学,001,,历史类,历史,不限,574,7737,,普通本科批,https://www.tjufe.edu.cn/info/1023/24061.htm,https://www.tjufe.edu.cn/info/1023/24061.htm,,school_verified
84,天津财经大学,001,,物理类,物理,不限,572,48706,,普通本科批,https://www.tjufe.edu.cn/info/1023/24061.htm,https://www.tjufe.edu.cn/info/1023/24061.htm,,school_verified
84,天津财经大学,002,,物理类,物理,不限,571,49204,,普通本科批,https://www.tjufe.edu.cn/info/1023/24061.htm,https://www.tjufe.edu.cn/info/1023/24061.htm,,school_verified
84,天津财经大学,002,,历史类,历史,不限,560,10985,,普通本科批,https://www.tjufe.edu.cn/info/1023/24061.htm,https://www.tjufe.edu.cn/info/1023/24061.htm,,school_verified
84,天津财经大学,003,,物理类,物理,不限,557,63023,,普通本科批,https://www.tjufe.edu.cn/info/1023/24061.htm,https://www.tjufe.edu.cn/info/1023/24061.htm,,school_verified
85,天津商业大学,002,,历史类,历史,不限,550,13931,,普通本科批,https://www.tjcu.edu.cn/info/1080/25424.htm,https://www.tjcu.edu.cn/info/1080/25424.htm,,school_verified
85,天津商业大学,003,,历史类,历史,不限,542,16499,,普通本科批,https://www.tjcu.edu.cn/info/1080/25424.htm,https://www.tjcu.edu.cn/info/1080/25424.htm,,school_verified
85,天津商业大学,004,,物理类,物理,化学,540,80956,,普通本科批,https://www.tjcu.edu.cn/info/1080/25424.htm,https://www.tjcu.edu.cn/info/1080/25424.htm,,school_verified
85,天津商业大学,003,,物理类,物理,不限,536,85648,,普通本科批,https://www.tjcu.edu.cn/info/1080/25424.htm,https://www.tjcu.edu.cn/info/1080/25424.htm,,school_verified
85,天津商业大学,005,,物理类,物理,化学,534,88328,,普通本科批,https://www.tjcu.edu.cn/info/1080/25424.htm,https://www.tjcu.edu.cn/info/1080/25424.htm,,school_verified
85,天津商业大学,002,,物理类,物理,不限,532,90657,,普通本科批,https://www.tjcu.edu.cn/info/1080/25424.htm,https://www.tjcu.edu.cn/info/1080/25424.htm,,school_verified
86,江南大学,065,,物理类,物理,化学,644,5677,,普通本科批,http://admission.jiangnan.edu.cn/info/1004/2713.htm,http://admission.jiangnan.edu.cn/info/1004/2713.htm,,school_verified
86,江南大学,009,,物理类,物理,化学,635,8586,,普通本科批,http://admission.jiangnan.edu.cn/info/1004/2713.htm,http://admission.jiangnan.edu.cn/info/1004/2713.htm,,school_verified
86,江南大学,068,,物理类,物理,化学,633,9443,,普通本科批,http://admission.jiangnan.edu.cn/info/1004/2713.htm,http://admission.jiangnan.edu.cn/info/1004/2713.htm,,school_verified
86,江南大学,060,,物理类,物理,化学,632,9705,,普通本科批,http://admission.jiangnan.edu.cn/info/1004/2713.htm,http://admission.jiangnan.edu.cn/info/1004/2713.htm,,school_verified
86,江南大学,061,,物理类,物理,化学,631,10072,,普通本科批,http://admission.jiangnan.edu.cn/info/1004/2713.htm,http://admission.jiangnan.edu.cn/info/1004/2713.htm,,school_verified
86,江南大学,071,,物理类,物理,化学,630,10474,,普通本科批,http://admission.jiangnan.edu.cn/info/1004/2713.htm,http://admission.jiangnan.edu.cn/info/1004/2713.htm,,school_verified
86,江南大学,064,,物理类,物理,化学,630,10491,,普通本科批,http://admission.jiangnan.edu.cn/info/1004/2713.htm,http://admission.jiangnan.edu.cn/info/1004/2713.htm,,school_verified
86,江南大学,054,,物理类,物理,化学,630,10739,,普通本科批,http://admission.jiangnan.edu.cn/info/1004/2713.htm,http://admission.jiangnan.edu.cn/info/1004/2713.htm,,school_verified
86,江南大学,070,,物理类,物理,化学,629,10895,,普通本科批,http://admission.jiangnan.edu.cn/info/1004/2713.htm,http://admission.jiangnan.edu.cn/info/1004/2713.htm,,school_verified
86,江南大学,055,,物理类,物理,化学,628,11412,,普通本科批,http://admission.jiangnan.edu.cn/info/1004/2713.htm,http://admission.jiangnan.edu.cn/info/1004/2713.htm,,school_verified
87,天津外国语大学,007,,物理类,物理,化学,588,35322,,普通本科批,https://www.tjfsu.edu.cn/36/list.htm,https://www.tjfsu.edu.cn/36/list.htm,,school_verified
87,天津外国语大学,007,,历史类,历史,思想政治,562,10435,,普通本科批,https://www.tjfsu.edu.cn/36/list.htm,https://www.tjfsu.edu.cn/36/list.htm,,school_verified
87,天津外国语大学,003,,历史类,历史,不限,562,10654,,普通本科批,https://www.tjfsu.edu.cn/36/list.htm,https://www.tjfsu.edu.cn/36/list.htm,,school_verified
87,天津外国语大学,005,,历史类,历史,不限,560,11100,,普通本科批,https://www.tjfsu.edu.cn/36/list.htm,https://www.tjfsu.edu.cn/36/list.htm,,school_verified
87,天津外国语大学,003,,物理类,物理,不限,560,60003,,普通本科批,https://www.tjfsu.edu.cn/36/list.htm,https://www.tjfsu.edu.cn/36/list.htm,,school_verified
87,天津外国语大学,008,,物理类,物理,思想政治,554,66211,,普通本科批,https://www.tjfsu.edu.cn/36/list.htm,https://www.tjfsu.edu.cn/36/list.htm,,school_verified
88,中国民航大学,004,,物理类,物理,化学,611,20184,,普通本科批,https://www.cauc.edu.cn/zhv5/zsjy.htm,https://www.cauc.edu.cn/zhv5/zsjy.htm,,school_verified
88,中国民航大学,003,,物理类,物理,不限,588,35532,,普通本科批,https://www.cauc.edu.cn/zhv5/zsjy.htm,https://www.cauc.edu.cn/zhv5/zsjy.htm,,school_verified
88,中国民航大学,002,,历史类,历史,思想政治,581,6406,,普通本科批,https://www.cauc.edu.cn/zhv5/zsjy.htm,https://www.cauc.edu.cn/zhv5/zsjy.htm,,school_verified
88,中国民航大学,001,,历史类,历史,不限,576,7421,,普通本科批,https://www.cauc.edu.cn/zhv5/zsjy.htm,https://www.cauc.edu.cn/zhv5/zsjy.htm,,school_verified
89,天津中医药大学,002,,物理类,物理,化学,580,41792,,普通本科批,https://www.tjutcm.edu.cn/,https://www.tjutcm.edu.cn/,,school_verified
89,天津中医药大学,004,,物理类,物理,化学,575,45379,,普通本科批,https://www.tjutcm.edu.cn/,https://www.tjutcm.edu.cn/,,school_verified
89,天津中医药大学,005,,物理类,物理,化学,567,53086,,普通本科批,https://www.tjutcm.edu.cn/,https://www.tjutcm.edu.cn/,,school_verified
89,天津中医药大学,001,,历史类,历史,不限,561,10701,,普通本科批,https://www.tjutcm.edu.cn/,https://www.tjutcm.edu.cn/,,school_verified
89,天津中医药大学,003,,物理类,物理,化学,560,59019,,普通本科批,https://www.tjutcm.edu.cn/,https://www.tjutcm.edu.cn/,,school_verified
89,天津中医药大学,007,,物理类,物理,化学,554,66057,,普通本科批,https://www.tjutcm.edu.cn/,https://www.tjutcm.edu.cn/,,school_verified
89,天津中医药大学,001,,物理类,物理,不限,549,70812,,普通本科批,https://www.tjutcm.edu.cn/,https://www.tjutcm.edu.cn/,,school_verified
89,天津中医药大学,006,,物理类,物理,化学,546,74371,,普通本科批,https://www.tjutcm.edu.cn/,https://www.tjutcm.edu.cn/,,school_verified
90,天津职业技术师范大学,002,,物理类,物理,化学,532,90133,,普通本科批,https://www.tute.edu.cn/,https://www.tute.edu.cn/,,school_verified
90,天津职业技术师范大学,001,,历史类,历史,不限,528,21341,,普通本科批,https://www.tute.edu.cn/,https://www.tute.edu.cn/,,school_verified
90,天津职业技术师范大学,003,,物理类,物理,化学,512,117652,,普通本科批,https://www.tute.edu.cn/,https://www.tute.edu.cn/,,school_verified
90,天津职业技术师范大学,001,,物理类,物理,不限,509,121245,,普通本科批,https://www.tute.edu.cn/,https://www.tute.edu.cn/,,school_verified
91,天津城建大学,007,,物理类,物理,化学,540,81412,,普通本科批,https://www.tcu.edu.cn/xxgk/dxzc.htm,https://www.tcu.edu.cn/xxgk/dxzc.htm,,school_verified
91,天津城建大学,006,,物理类,物理,化学,537,84390,,普通本科批,https://www.tcu.edu.cn/xxgk/dxzc.htm,https://www.tcu.edu.cn/xxgk/dxzc.htm,,school_verified
91,天津城建大学,009,,物理类,物理,地理,533,89717,,普通本科批,https://www.tcu.edu.cn/xxgk/dxzc.htm,https://www.tcu.edu.cn/xxgk/dxzc.htm,,school_verified
91,天津城建大学,005,,物理类,物理,化学,522,103440,,普通本科批,https://www.tcu.edu.cn/xxgk/dxzc.htm,https://www.tcu.edu.cn/xxgk/dxzc.htm,,school_verified
91,天津城建大学,001,,历史类,历史,不限,521,23946,,普通本科批,https://www.tcu.edu.cn/xxgk/dxzc.htm,https://www.tcu.edu.cn/xxgk/dxzc.htm,,school_verified
91,天津城建大学,004,,物理类,物理,化学,519,107876,,普通本科批,https://www.tcu.edu.cn/xxgk/dxzc.htm,https://www.tcu.edu.cn/xxgk/dxzc.htm,,school_verified
91,天津城建大学,001,,物理类,物理,不限,516,110957,,普通本科批,https://www.tcu.edu.cn/xxgk/dxzc.htm,https://www.tcu.edu.cn/xxgk/dxzc.htm,,school_verified
91,天津城建大学,003,,物理类,物理,不限,490,148944,,普通本科批,https://www.tcu.edu.cn/xxgk/dxzc.htm,https://www.tcu.edu.cn/xxgk/dxzc.htm,,school_verified
91,天津城建大学,002,,历史类,历史,不限,489,38412,,普通本科批,https://www.tcu.edu.cn/xxgk/dxzc.htm,https://www.tcu.edu.cn/xxgk/dxzc.htm,,school_verified
91,天津城建大学,008,,物理类,物理,化学,489,151069,,普通本科批,https://www.tcu.edu.cn/xxgk/dxzc.htm,https://www.tcu.edu.cn/xxgk/dxzc.htm,,school_verified
93,天津农学院,001,,历史类,历史,不限,516,25874,,普通本科批,https://bkzs.tjau.edu.cn/zszc/zszc.htm,https://bkzs.tjau.edu.cn/zszc/zszc.htm,,school_verified
93,天津农学院,004,,物理类,物理,化学,515,112683,,普通本科批,https://bkzs.tjau.edu.cn/zszc/zszc.htm,https://bkzs.tjau.edu.cn/zszc/zszc.htm,,school_verified
93,天津农学院,002,,物理类,物理,不限,508,123036,,普通本科批,https://bkzs.tjau.edu.cn/zszc/zszc.htm,https://bkzs.tjau.edu.cn/zszc/zszc.htm,,school_verified
93,天津农学院,001,,物理类,物理,不限,507,124086,,普通本科批,https://bkzs.tjau.edu.cn/zszc/zszc.htm,https://bkzs.tjau.edu.cn/zszc/zszc.htm,,school_verified
93,天津农学院,005,,物理类,物理,生物,506,124959,,普通本科批,https://bkzs.tjau.edu.cn/zszc/zszc.htm,https://bkzs.tjau.edu.cn/zszc/zszc.htm,,school_verified
93,天津农学院,003,,物理类,物理,化学,503,130513,,普通本科批,https://bkzs.tjau.edu.cn/zszc/zszc.htm,https://bkzs.tjau.edu.cn/zszc/zszc.htm,,school_verified
95,天津美术学院,001,,物理类,物理,不限,517,109867,,普通本科批,http://www.tjarts.edu.cn/zsjy.htm,http://www.tjarts.edu.cn/zsjy.htm,,school_verified
96,广西大学,003,,物理类,物理,化学,603,25101,,普通本科批,https://www.gxu.edu.cn/info/1119/6851.htm,https://www.gxu.edu.cn/info/1119/6851.htm,,school_verified
96,广西大学,004,,物理类,物理,化学、生物(2科必选),595,30543,,普通本科批,https://www.gxu.edu.cn/info/1119/6851.htm,https://www.gxu.edu.cn/info/1119/6851.htm,,school_verified
96,广西大学,002,,物理类,物理,不限,582,40231,,普通本科批,https://www.gxu.edu.cn/info/1119/6851.htm,https://www.gxu.edu.cn/info/1119/6851.htm,,school_verified
97,兰州大学,006,,物理类,物理,化学,623,13429,,普通本科批,https://www.lzu.edu.cn/,https://www.lzu.edu.cn/,,school_verified
97,兰州大学,007,,物理类,物理,化学,619,15652,,普通本科批,https://www.lzu.edu.cn/,https://www.lzu.edu.cn/,,school_verified
97,兰州大学,004,,历史类,历史,思想政治,615,1767,,普通本科批,https://www.lzu.edu.cn/,https://www.lzu.edu.cn/,,school_verified
97,兰州大学,005,,物理类,物理,不限,612,19514,,普通本科批,https://www.lzu.edu.cn/,https://www.lzu.edu.cn/,,school_verified
97,兰州大学,003,,历史类,历史,不限,611,2131,,普通本科批,https://www.lzu.edu.cn/,https://www.lzu.edu.cn/,,school_verified
98,华南师范大学,002,,历史类,历史,思想政治,609,2357,,普通本科批,http://zsb.scnu.edu.cn/a/20251203/719.html,http://zsb.scnu.edu.cn/a/20251203/719.html,,school_verified
98,华南师范大学,001,,物理类,物理,不限,604,24035,,普通本科批,http://zsb.scnu.edu.cn/a/20251203/719.html,http://zsb.scnu.edu.cn/a/20251203/719.html,,school_verified
98,华南师范大学,002,,物理类,物理,化学,603,25030,,普通本科批,http://zsb.scnu.edu.cn/a/20251203/719.html,http://zsb.scnu.edu.cn/a/20251203/719.html,,school_verified
98,华南师范大学,001,,历史类,历史,不限,602,3083,,普通本科批,http://zsb.scnu.edu.cn/a/20251203/719.html,http://zsb.scnu.edu.cn/a/20251203/719.html,,school_verified
99,四川大学,006,,物理类,物理,化学,667,1174,,普通本科批,https://www.scu.edu.cn/,https://www.scu.edu.cn/,,school_verified
99,四川大学,007,,物理类,物理,化学,663,1613,,普通本科批,https://www.scu.edu.cn/,https://www.scu.edu.cn/,,school_verified
99,四川大学,005,,物理类,物理,化学,653,3358,,普通本科批,https://www.scu.edu.cn/,https://www.scu.edu.cn/,,school_verified
99,四川大学,004,,物理类,物理,化学,636,8121,,普通本科批,https://www.scu.edu.cn/,https://www.scu.edu.cn/,,school_verified
99,四川大学,003,,物理类,物理,不限,635,8563,,普通本科批,https://www.scu.edu.cn/,https://www.scu.edu.cn/,,school_verified
99,四川大学,004,,历史类,历史,不限,629,777,,普通本科批,https://www.scu.edu.cn/,https://www.scu.edu.cn/,,school_verified
99,四川大学,005,,历史类,历史,不限,605,2784,,普通本科批,https://www.scu.edu.cn/,https://www.scu.edu.cn/,,school_verified
100,四川农业大学,051,,物理类,物理,化学,593,31650,,普通本科批,https://www.sicau.edu.cn/xxgk/dxzc.htm,https://www.sicau.edu.cn/xxgk/dxzc.htm,,school_verified
100,四川农业大学,001,,物理类,物理,不限,587,35552,,普通本科批,https://www.sicau.edu.cn/xxgk/dxzc.htm,https://www.sicau.edu.cn/xxgk/dxzc.htm,,school_verified
100,四川农业大学,002,,物理类,物理,化学,583,39180,,普通本科批,https://www.sicau.edu.cn/xxgk/dxzc.htm,https://www.sicau.edu.cn/xxgk/dxzc.htm,,school_verified
101,西南财经大学,006,,物理类,物理,化学,623,13495,,普通本科批,https://www.swufe.edu.cn/zsjy.htm,https://www.swufe.edu.cn/zsjy.htm,,school_verified
101,西南财经大学,003,,历史类,历史,不限,613,1916,,普通本科批,https://www.swufe.edu.cn/zsjy.htm,https://www.swufe.edu.cn/zsjy.htm,,school_verified
101,西南财经大学,004,,物理类,物理,不限,611,19765,,普通本科批,https://www.swufe.edu.cn/zsjy.htm,https://www.swufe.edu.cn/zsjy.htm,,school_verified
101,西南财经大学,004,,历史类,历史,不限,586,5421,,普通本科批,https://www.swufe.edu.cn/zsjy.htm,https://www.swufe.edu.cn/zsjy.htm,,school_verified
101,西南财经大学,005,,物理类,物理,不限,570,50612,,普通本科批,https://www.swufe.edu.cn/zsjy.htm,https://www.swufe.edu.cn/zsjy.htm,,school_verified
102,厦门大学,007,,物理类,物理,化学,647,4814,,普通本科批,https://www.xmu.edu.cn/sdgl/smdxzc.htm,https://www.xmu.edu.cn/sdgl/smdxzc.htm,,school_verified
102,厦门大学,006,,物理类,物理,化学,643,5801,,普通本科批,https://www.xmu.edu.cn/sdgl/smdxzc.htm,https://www.xmu.edu.cn/sdgl/smdxzc.htm,,school_verified
102,厦门大学,005,,物理类,物理,不限,643,5980,,普通本科批,https://www.xmu.edu.cn/sdgl/smdxzc.htm,https://www.xmu.edu.cn/sdgl/smdxzc.htm,,school_verified
102,厦门大学,004,,历史类,历史,不限,635,555,,普通本科批,https://www.xmu.edu.cn/sdgl/smdxzc.htm,https://www.xmu.edu.cn/sdgl/smdxzc.htm,,school_verified
102,厦门大学,005,,历史类,历史,思想政治,632,653,,普通本科批,https://www.xmu.edu.cn/sdgl/smdxzc.htm,https://www.xmu.edu.cn/sdgl/smdxzc.htm,,school_verified
103,福州大学,004,,物理类,物理,化学,621,14647,,普通本科批,https://zsks.fzu.edu.cn/info/1072/2464.htm,https://zsks.fzu.edu.cn/info/1072/2464.htm,,school_verified
103,福州大学,002,,物理类,物理,不限,609,20944,,普通本科批,https://zsks.fzu.edu.cn/info/1072/2464.htm,https://zsks.fzu.edu.cn/info/1072/2464.htm,,school_verified
103,福州大学,006,,物理类,物理,化学,605,23475,,普通本科批,https://zsks.fzu.edu.cn/info/1072/2464.htm,https://zsks.fzu.edu.cn/info/1072/2464.htm,,school_verified
103,福州大学,005,,物理类,物理,化学,604,24239,,普通本科批,https://zsks.fzu.edu.cn/info/1072/2464.htm,https://zsks.fzu.edu.cn/info/1072/2464.htm,,school_verified
103,福州大学,001,,历史类,历史,不限,598,3558,,普通本科批,https://zsks.fzu.edu.cn/info/1072/2464.htm,https://zsks.fzu.edu.cn/info/1072/2464.htm,,school_verified
103,福州大学,051,,物理类,物理,化学,596,29291,,普通本科批,https://zsks.fzu.edu.cn/info/1072/2464.htm,https://zsks.fzu.edu.cn/info/1072/2464.htm,,school_verified
103,福州大学,003,,物理类,物理,不限,590,33884,,普通本科批,https://zsks.fzu.edu.cn/info/1072/2464.htm,https://zsks.fzu.edu.cn/info/1072/2464.htm,,school_verified
104,中山大学,005,,物理类,物理,化学,651,3755,,普通本科批,https://admission.sysu.edu.cn/f/newsCenter/article/49dd3c53e56f40b390aa50408a435723,https://admission.sysu.edu.cn/f/newsCenter/article/49dd3c53e56f40b390aa50408a435723,,school_verified
104,中山大学,004,,物理类,物理,化学,651,3781,,普通本科批,https://admission.sysu.edu.cn/f/newsCenter/article/49dd3c53e56f40b390aa50408a435723,https://admission.sysu.edu.cn/f/newsCenter/article/49dd3c53e56f40b390aa50408a435723,,school_verified
104,中山大学,003,,物理类,物理,不限,644,5542,,普通本科批,https://admission.sysu.edu.cn/f/newsCenter/article/49dd3c53e56f40b390aa50408a435723,https://admission.sysu.edu.cn/f/newsCenter/article/49dd3c53e56f40b390aa50408a435723,,school_verified
104,中山大学,003,,历史类,历史,不限,633,619,,普通本科批,https://admission.sysu.edu.cn/f/newsCenter/article/49dd3c53e56f40b390aa50408a435723,https://admission.sysu.edu.cn/f/newsCenter/article/49dd3c53e56f40b390aa50408a435723,,school_verified
104,中山大学,004,,历史类,历史,思想政治,632,647,,普通本科批,https://admission.sysu.edu.cn/f/newsCenter/article/49dd3c53e56f40b390aa50408a435723,https://admission.sysu.edu.cn/f/newsCenter/article/49dd3c53e56f40b390aa50408a435723,,school_verified
105,华南理工大学,006,,物理类,物理,化学,654,3156,,普通本科批,https://www.scut.edu.cn/,https://www.scut.edu.cn/,,school_verified
105,华南理工大学,008,,物理类,物理,化学,647,4797,,普通本科批,https://www.scut.edu.cn/,https://www.scut.edu.cn/,,school_verified
105,华南理工大学,005,,物理类,物理,不限,645,5220,,普通本科批,https://www.scut.edu.cn/,https://www.scut.edu.cn/,,school_verified
105,华南理工大学,007,,物理类,物理,化学,643,5900,,普通本科批,https://www.scut.edu.cn/,https://www.scut.edu.cn/,,school_verified
105,华南理工大学,001,,历史类,历史,不限,620,1321,,普通本科批,https://www.scut.edu.cn/,https://www.scut.edu.cn/,,school_verified
106,暨南大学,006,,物理类,物理,化学,624,12939,,普通本科批,https://zsb.jnu.edu.cn/2025/0530/c40320a837360/page.htm,https://zsb.jnu.edu.cn/2025/0530/c40320a837360/page.htm,,school_verified
106,暨南大学,007,,物理类,物理,化学,616,17228,,普通本科批,https://zsb.jnu.edu.cn/2025/0530/c40320a837360/page.htm,https://zsb.jnu.edu.cn/2025/0530/c40320a837360/page.htm,,school_verified
106,暨南大学,008,,物理类,物理,化学,613,18889,,普通本科批,https://zsb.jnu.edu.cn/2025/0530/c40320a837360/page.htm,https://zsb.jnu.edu.cn/2025/0530/c40320a837360/page.htm,,school_verified
106,暨南大学,002,,历史类,历史,不限,610,2239,,普通本科批,https://zsb.jnu.edu.cn/2025/0530/c40320a837360/page.htm,https://zsb.jnu.edu.cn/2025/0530/c40320a837360/page.htm,,school_verified
106,暨南大学,009,,物理类,物理,化学,607,22312,,普通本科批,https://zsb.jnu.edu.cn/2025/0530/c40320a837360/page.htm,https://zsb.jnu.edu.cn/2025/0530/c40320a837360/page.htm,,school_verified
106,暨南大学,003,,历史类,历史,不限,606,2675,,普通本科批,https://zsb.jnu.edu.cn/2025/0530/c40320a837360/page.htm,https://zsb.jnu.edu.cn/2025/0530/c40320a837360/page.htm,,school_verified
106,暨南大学,004,,物理类,物理,不限,600,26932,,普通本科批,https://zsb.jnu.edu.cn/2025/0530/c40320a837360/page.htm,https://zsb.jnu.edu.cn/2025/0530/c40320a837360/page.htm,,school_verified
107,西北工业大学,003,,物理类,物理,化学,656,2754,,普通本科批,https://www.nwpu.edu.cn/,https://www.nwpu.edu.cn/,,school_verified
107,西北工业大学,051,,物理类,物理,化学,643,5855,,普通本科批,https://www.nwpu.edu.cn/,https://www.nwpu.edu.cn/,,school_verified
107,西北工业大学,004,,物理类,物理,化学,638,7601,,普通本科批,https://www.nwpu.edu.cn/,https://www.nwpu.edu.cn/,,school_verified
107,西北工业大学,002,,历史类,历史,思想政治,617,1600,,普通本科批,https://www.nwpu.edu.cn/,https://www.nwpu.edu.cn/,,school_verified
107,西北工业大学,001,,历史类,历史,不限,616,1693,,普通本科批,https://www.nwpu.edu.cn/,https://www.nwpu.edu.cn/,,school_verified
108,南昌大学,006,,物理类,物理,化学、生物(2科必选),626,12216,,普通本科批,https://www.ncu.edu.cn/xxgk/xxzc.htm,https://www.ncu.edu.cn/xxgk/xxzc.htm,,school_verified
108,南昌大学,002,,物理类,物理,化学,618,16172,,普通本科批,https://www.ncu.edu.cn/xxgk/xxzc.htm,https://www.ncu.edu.cn/xxgk/xxzc.htm,,school_verified
108,南昌大学,003,,物理类,物理,化学,599,27661,,普通本科批,https://www.ncu.edu.cn/xxgk/xxzc.htm,https://www.ncu.edu.cn/xxgk/xxzc.htm,,school_verified
108,南昌大学,005,,物理类,物理,化学,597,28922,,普通本科批,https://www.ncu.edu.cn/xxgk/xxzc.htm,https://www.ncu.edu.cn/xxgk/xxzc.htm,,school_verified
108,南昌大学,001,,物理类,物理,不限,596,29162,,普通本科批,https://www.ncu.edu.cn/xxgk/xxzc.htm,https://www.ncu.edu.cn/xxgk/xxzc.htm,,school_verified
108,南昌大学,004,,物理类,物理,化学,594,30997,,普通本科批,https://www.ncu.edu.cn/xxgk/xxzc.htm,https://www.ncu.edu.cn/xxgk/xxzc.htm,,school_verified
108,南昌大学,001,,历史类,历史,不限,589,4906,,普通本科批,https://www.ncu.edu.cn/xxgk/xxzc.htm,https://www.ncu.edu.cn/xxgk/xxzc.htm,,school_verified
108,南昌大学,007,,物理类,物理,生物,587,35723,,普通本科批,https://www.ncu.edu.cn/xxgk/xxzc.htm,https://www.ncu.edu.cn/xxgk/xxzc.htm,,school_verified
109,东南大学,004,,物理类,物理,化学,663,1605,,普通本科批,https://www.seu.edu.cn/47291/list.htm,https://www.seu.edu.cn/47291/list.htm,,school_verified
109,东南大学,001,,物理类,物理,化学,645,5241,,普通本科批,https://www.seu.edu.cn/47291/list.htm,https://www.seu.edu.cn/47291/list.htm,,school_verified
109,东南大学,002,,历史类,历史,不限,633,593,,普通本科批,https://www.seu.edu.cn/47291/list.htm,https://www.seu.edu.cn/47291/list.htm,,school_verified
109,东南大学,003,,历史类,历史,思想政治,632,637,,普通本科批,https://www.seu.edu.cn/47291/list.htm,https://www.seu.edu.cn/47291/list.htm,,school_verified
110,中国矿业大学,007,,物理类,物理,化学,629,10857,,普通本科批,https://www.cumt.edu.cn/xxgk/kdzc1.htm,https://www.cumt.edu.cn/xxgk/kdzc1.htm,,school_verified
110,中国矿业大学,006,,物理类,物理,化学,613,18992,,普通本科批,https://www.cumt.edu.cn/xxgk/kdzc1.htm,https://www.cumt.edu.cn/xxgk/kdzc1.htm,,school_verified
110,中国矿业大学,005,,物理类,物理,不限,603,24749,,普通本科批,https://www.cumt.edu.cn/xxgk/kdzc1.htm,https://www.cumt.edu.cn/xxgk/kdzc1.htm,,school_verified
110,中国矿业大学,002,,历史类,历史,不限,596,3822,,普通本科批,https://www.cumt.edu.cn/xxgk/kdzc1.htm,https://www.cumt.edu.cn/xxgk/kdzc1.htm,,school_verified
110,中国矿业大学,009,,物理类,物理,化学,593,31283,,普通本科批,https://www.cumt.edu.cn/xxgk/kdzc1.htm,https://www.cumt.edu.cn/xxgk/kdzc1.htm,,school_verified
110,中国矿业大学,051,,物理类,物理,化学,580,41773,,普通本科批,https://www.cumt.edu.cn/xxgk/kdzc1.htm,https://www.cumt.edu.cn/xxgk/kdzc1.htm,,school_verified
110,中国矿业大学,008,,物理类,物理,化学,569,51503,,普通本科批,https://www.cumt.edu.cn/xxgk/kdzc1.htm,https://www.cumt.edu.cn/xxgk/kdzc1.htm,,school_verified
111,南京大学,003,,物理类,物理,化学,672,749,,普通本科批,https://www.nju.edu.cn/zsjy/zs.htm,https://www.nju.edu.cn/zsjy/zs.htm,,school_verified
111,南京大学,003,,历史类,历史,不限,649,177,,普通本科批,https://www.nju.edu.cn/zsjy/zs.htm,https://www.nju.edu.cn/zsjy/zs.htm,,school_verified
111,南京大学,004,,物理类,物理,化学,649,4329,,普通本科批,https://www.nju.edu.cn/zsjy/zs.htm,https://www.nju.edu.cn/zsjy/zs.htm,,school_verified
111,南京大学,001,,历史类,历史,不限,636,502,,普通本科批,https://www.nju.edu.cn/zsjy/zs.htm,https://www.nju.edu.cn/zsjy/zs.htm,,school_verified
112,南京理工大学,005,,物理类,物理,化学,638,7739,,普通本科批,https://www.njust.edu.cn/,https://www.njust.edu.cn/,,school_verified
112,南京理工大学,002,,历史类,历史,思想政治,609,2382,,普通本科批,https://www.njust.edu.cn/,https://www.njust.edu.cn/,,school_verified
112,南京理工大学,001,,历史类,历史,不限,602,3157,,普通本科批,https://www.njust.edu.cn/,https://www.njust.edu.cn/,,school_verified
113,南京农业大学,006,,物理类,物理,化学,603,24663,,普通本科批,https://www.njau.edu.cn/tsy2/list.htm,https://www.njau.edu.cn/tsy2/list.htm,,school_verified
113,南京农业大学,005,,物理类,物理,不限,600,26572,,普通本科批,https://www.njau.edu.cn/tsy2/list.htm,https://www.njau.edu.cn/tsy2/list.htm,,school_verified
113,南京农业大学,001,,历史类,历史,不限,596,3910,,普通本科批,https://www.njau.edu.cn/tsy2/list.htm,https://www.njau.edu.cn/tsy2/list.htm,,school_verified
114,浙江大学,004,,物理类,物理,化学,678,352,,普通本科批,https://www.zju.edu.cn/xxzc/list.htm,https://www.zju.edu.cn/xxzc/list.htm,,school_verified
114,浙江大学,006,,物理类,物理,化学,661,1970,,普通本科批,https://www.zju.edu.cn/xxzc/list.htm,https://www.zju.edu.cn/xxzc/list.htm,,school_verified
114,浙江大学,005,,物理类,物理,化学,655,2931,,普通本科批,https://www.zju.edu.cn/xxzc/list.htm,https://www.zju.edu.cn/xxzc/list.htm,,school_verified
114,浙江大学,004,,历史类,历史,不限,650,151,,普通本科批,https://www.zju.edu.cn/xxzc/list.htm,https://www.zju.edu.cn/xxzc/list.htm,,school_verified
115,南京师范大学,004,,历史类,历史,思想政治,622,1234,,普通本科批,https://www.njnu.edu.cn/,https://www.njnu.edu.cn/,,school_verified
115,南京师范大学,007,,物理类,物理,化学,620,15164,,普通本科批,https://www.njnu.edu.cn/,https://www.njnu.edu.cn/,,school_verified
115,南京师范大学,003,,历史类,历史,不限,616,1698,,普通本科批,https://www.njnu.edu.cn/,https://www.njnu.edu.cn/,,school_verified
115,南京师范大学,008,,物理类,物理,化学,612,19326,,普通本科批,https://www.njnu.edu.cn/,https://www.njnu.edu.cn/,,school_verified
115,南京师范大学,006,,物理类,物理,不限,607,22245,,普通本科批,https://www.njnu.edu.cn/,https://www.njnu.edu.cn/,,school_verified
116,河海大学,004,,物理类,物理,化学,638,7556,,普通本科批,https://www.hhu.edu.cn/dxzc/list.htm,https://www.hhu.edu.cn/dxzc/list.htm,,school_verified
116,河海大学,005,,物理类,物理,化学,620,15102,,普通本科批,https://www.hhu.edu.cn/dxzc/list.htm,https://www.hhu.edu.cn/dxzc/list.htm,,school_verified
116,河海大学,003,,物理类,物理,不限,614,18406,,普通本科批,https://www.hhu.edu.cn/dxzc/list.htm,https://www.hhu.edu.cn/dxzc/list.htm,,school_verified
116,河海大学,002,,历史类,历史,思想政治,613,1965,,普通本科批,https://www.hhu.edu.cn/dxzc/list.htm,https://www.hhu.edu.cn/dxzc/list.htm,,school_verified
116,河海大学,001,,历史类,历史,不限,606,2655,,普通本科批,https://www.hhu.edu.cn/dxzc/list.htm,https://www.hhu.edu.cn/dxzc/list.htm,,school_verified
116,河海大学,006,,物理类,物理,化学,598,28187,,普通本科批,https://www.hhu.edu.cn/dxzc/list.htm,https://www.hhu.edu.cn/dxzc/list.htm,,school_verified
117,中国药科大学,004,,物理类,物理,化学,644,5658,,普通本科批,https://www.cpu.edu.cn/,https://www.cpu.edu.cn/,,school_verified
117,中国药科大学,006,,物理类,物理,化学,613,19059,,普通本科批,https://www.cpu.edu.cn/,https://www.cpu.edu.cn/,,school_verified
117,中国药科大学,005,,物理类,物理,化学,612,19120,,普通本科批,https://www.cpu.edu.cn/,https://www.cpu.edu.cn/,,school_verified
117,中国药科大学,007,,物理类,物理,化学,610,20225,,普通本科批,https://www.cpu.edu.cn/,https://www.cpu.edu.cn/,,school_verified
117,中国药科大学,001,,历史类,历史,不限,598,3673,,普通本科批,https://www.cpu.edu.cn/,https://www.cpu.edu.cn/,,school_verified
118,苏州大学,007,,物理类,物理,化学,642,6122,,普通本科批,https://www.suda.edu.cn/enroll_job/?id=1#bk,https://www.suda.edu.cn/enroll_job/?id=1#bk,,school_verified
118,苏州大学,006,,物理类,物理,化学,637,7867,,普通本科批,https://www.suda.edu.cn/enroll_job/?id=1#bk,https://www.suda.edu.cn/enroll_job/?id=1#bk,,school_verified
118,苏州大学,005,,物理类,物理,不限,631,9977,,普通本科批,https://www.suda.edu.cn/enroll_job/?id=1#bk,https://www.suda.edu.cn/enroll_job/?id=1#bk,,school_verified
118,苏州大学,004,,历史类,历史,思想政治、地理(2科必选),624,1052,,普通本科批,https://www.suda.edu.cn/enroll_job/?id=1#bk,https://www.suda.edu.cn/enroll_job/?id=1#bk,,school_verified
118,苏州大学,003,,历史类,历史,不限,623,1116,,普通本科批,https://www.suda.edu.cn/enroll_job/?id=1#bk,https://www.suda.edu.cn/enroll_job/?id=1#bk,,school_verified
118,苏州大学,008,,物理类,物理,化学,618,16030,,普通本科批,https://www.suda.edu.cn/enroll_job/?id=1#bk,https://www.suda.edu.cn/enroll_job/?id=1#bk,,school_verified
119,重庆大学,006,,物理类,物理,化学,653,3282,,普通本科批,https://www.cqu.edu.cn/zsjy.htm,https://www.cqu.edu.cn/zsjy.htm,,school_verified
119,重庆大学,007,,物理类,物理,化学,642,6206,,普通本科批,https://www.cqu.edu.cn/zsjy.htm,https://www.cqu.edu.cn/zsjy.htm,,school_verified
119,重庆大学,008,,物理类,物理,化学,636,8314,,普通本科批,https://www.cqu.edu.cn/zsjy.htm,https://www.cqu.edu.cn/zsjy.htm,,school_verified
119,重庆大学,002,,历史类,历史,不限,625,1012,,普通本科批,https://www.cqu.edu.cn/zsjy.htm,https://www.cqu.edu.cn/zsjy.htm,,school_verified
119,重庆大学,001,,历史类,历史,不限,601,3176,,普通本科批,https://www.cqu.edu.cn/zsjy.htm,https://www.cqu.edu.cn/zsjy.htm,,school_verified
120,中国石油大学（华东）,005,,物理类,物理,不限,612,19462,,普通本科批,https://www.upc.edu.cn/xygk/sdzc1.htm,https://www.upc.edu.cn/xygk/sdzc1.htm,,school_verified
120,中国石油大学（华东）,004,,物理类,物理,不限,606,22884,,普通本科批,https://www.upc.edu.cn/xygk/sdzc1.htm,https://www.upc.edu.cn/xygk/sdzc1.htm,,school_verified
120,中国石油大学（华东）,006,,物理类,物理,化学,604,24450,,普通本科批,https://www.upc.edu.cn/xygk/sdzc1.htm,https://www.upc.edu.cn/xygk/sdzc1.htm,,school_verified
120,中国石油大学（华东）,001,,历史类,历史,不限,595,4071,,普通本科批,https://www.upc.edu.cn/xygk/sdzc1.htm,https://www.upc.edu.cn/xygk/sdzc1.htm,,school_verified
121,中国地质大学（武汉）,004,,物理类,物理,化学,626,12355,,普通本科批,https://www.cug.edu.cn/zsjy.htm,https://www.cug.edu.cn/zsjy.htm,,school_verified
121,中国地质大学（武汉）,052,,物理类,物理,化学,615,17654,,普通本科批,https://www.cug.edu.cn/zsjy.htm,https://www.cug.edu.cn/zsjy.htm,,school_verified
121,中国地质大学（武汉）,053,,物理类,物理,化学,613,18870,,普通本科批,https://www.cug.edu.cn/zsjy.htm,https://www.cug.edu.cn/zsjy.htm,,school_verified
121,中国地质大学（武汉）,054,,物理类,物理,化学,612,19504,,普通本科批,https://www.cug.edu.cn/zsjy.htm,https://www.cug.edu.cn/zsjy.htm,,school_verified
121,中国地质大学（武汉）,006,,物理类,物理,化学,612,19414,,普通本科批,https://www.cug.edu.cn/zsjy.htm,https://www.cug.edu.cn/zsjy.htm,,school_verified
121,中国地质大学（武汉）,005,,物理类,物理,化学,608,21447,,普通本科批,https://www.cug.edu.cn/zsjy.htm,https://www.cug.edu.cn/zsjy.htm,,school_verified
121,中国地质大学（武汉）,003,,物理类,物理,不限,604,24109,,普通本科批,https://www.cug.edu.cn/zsjy.htm,https://www.cug.edu.cn/zsjy.htm,,school_verified
121,中国地质大学（武汉）,003,,历史类,历史,思想政治,602,3098,,普通本科批,https://www.cug.edu.cn/zsjy.htm,https://www.cug.edu.cn/zsjy.htm,,school_verified
121,中国地质大学（武汉）,002,,历史类,历史,不限,599,3502,,普通本科批,https://www.cug.edu.cn/zsjy.htm,https://www.cug.edu.cn/zsjy.htm,,school_verified
122,吉林大学,006,,物理类,物理,化学,651,3890,,普通本科批,https://zsb.jlu.edu.cn/info/3198.html,https://zsb.jlu.edu.cn/info/3198.html,,school_verified
122,吉林大学,008,,物理类,物理,化学,645,5231,,普通本科批,https://zsb.jlu.edu.cn/info/3198.html,https://zsb.jlu.edu.cn/info/3198.html,,school_verified
122,吉林大学,009,,物理类,物理,化学,640,6878,,普通本科批,https://zsb.jlu.edu.cn/info/3198.html,https://zsb.jlu.edu.cn/info/3198.html,,school_verified
122,吉林大学,006,,历史类,历史,不限,633,621,,普通本科批,https://zsb.jlu.edu.cn/info/3198.html,https://zsb.jlu.edu.cn/info/3198.html,,school_verified
122,吉林大学,010,,物理类,物理,化学,628,11512,,普通本科批,https://zsb.jlu.edu.cn/info/3198.html,https://zsb.jlu.edu.cn/info/3198.html,,school_verified
122,吉林大学,005,,物理类,物理,不限,628,11212,,普通本科批,https://zsb.jlu.edu.cn/info/3198.html,https://zsb.jlu.edu.cn/info/3198.html,,school_verified
122,吉林大学,007,,物理类,物理,化学,624,13067,,普通本科批,https://zsb.jlu.edu.cn/info/3198.html,https://zsb.jlu.edu.cn/info/3198.html,,school_verified
123,中南大学,007,,物理类,物理,化学、生物(2科必选),667,1185,,普通本科批,https://www.csu.edu.cn/zjzn/xxzc.htm,https://www.csu.edu.cn/zjzn/xxzc.htm,,school_verified
123,中南大学,006,,物理类,物理,化学、生物(2科必选),642,6298,,普通本科批,https://www.csu.edu.cn/zjzn/xxzc.htm,https://www.csu.edu.cn/zjzn/xxzc.htm,,school_verified
123,中南大学,004,,物理类,物理,化学,638,7466,,普通本科批,https://www.csu.edu.cn/zjzn/xxzc.htm,https://www.csu.edu.cn/zjzn/xxzc.htm,,school_verified
123,中南大学,003,,历史类,历史,不限,622,1192,,普通本科批,https://www.csu.edu.cn/zjzn/xxzc.htm,https://www.csu.edu.cn/zjzn/xxzc.htm,,school_verified
123,中南大学,005,,物理类,物理,化学,606,23090,,普通本科批,https://www.csu.edu.cn/zjzn/xxzc.htm,https://www.csu.edu.cn/zjzn/xxzc.htm,,school_verified
124,哈尔滨工程大学,012,,物理类,物理,化学,642,6164,,普通本科批,https://studyheu.hrbeu.edu.cn/info/1026/1354.htm,https://studyheu.hrbeu.edu.cn/info/1026/1354.htm,,school_verified
124,哈尔滨工程大学,006,,物理类,物理,化学,641,6613,,普通本科批,https://studyheu.hrbeu.edu.cn/info/1026/1354.htm,https://studyheu.hrbeu.edu.cn/info/1026/1354.htm,,school_verified
124,哈尔滨工程大学,004,,物理类,物理,化学,641,6413,,普通本科批,https://studyheu.hrbeu.edu.cn/info/1026/1354.htm,https://studyheu.hrbeu.edu.cn/info/1026/1354.htm,,school_verified
124,哈尔滨工程大学,010,,物理类,物理,化学,640,6809,,普通本科批,https://studyheu.hrbeu.edu.cn/info/1026/1354.htm,https://studyheu.hrbeu.edu.cn/info/1026/1354.htm,,school_verified
124,哈尔滨工程大学,009,,物理类,物理,化学,640,6790,,普通本科批,https://studyheu.hrbeu.edu.cn/info/1026/1354.htm,https://studyheu.hrbeu.edu.cn/info/1026/1354.htm,,school_verified
124,哈尔滨工程大学,005,,物理类,物理,化学,640,6859,,普通本科批,https://studyheu.hrbeu.edu.cn/info/1026/1354.htm,https://studyheu.hrbeu.edu.cn/info/1026/1354.htm,,school_verified
124,哈尔滨工程大学,013,,物理类,物理,化学,639,7321,,普通本科批,https://studyheu.hrbeu.edu.cn/info/1026/1354.htm,https://studyheu.hrbeu.edu.cn/info/1026/1354.htm,,school_verified
124,哈尔滨工程大学,008,,物理类,物理,化学,639,7094,,普通本科批,https://studyheu.hrbeu.edu.cn/info/1026/1354.htm,https://studyheu.hrbeu.edu.cn/info/1026/1354.htm,,school_verified
124,哈尔滨工程大学,007,,物理类,物理,化学,639,7169,,普通本科批,https://studyheu.hrbeu.edu.cn/info/1026/1354.htm,https://studyheu.hrbeu.edu.cn/info/1026/1354.htm,,school_verified
124,哈尔滨工程大学,011,,物理类,物理,化学,637,8016,,普通本科批,https://studyheu.hrbeu.edu.cn/info/1026/1354.htm,https://studyheu.hrbeu.edu.cn/info/1026/1354.htm,,school_verified
125,上海交通大学,003,,物理类,物理,化学,687,94,,普通本科批,https://admissions.sjtu.edu.cn/newDetails?contentsID=3810000004073,https://admissions.sjtu.edu.cn/newDetails?contentsID=3810000004073,,school_verified
125,上海交通大学,004,,物理类,物理,化学,678,376,,普通本科批,https://admissions.sjtu.edu.cn/newDetails?contentsID=3810000004073,https://admissions.sjtu.edu.cn/newDetails?contentsID=3810000004073,,school_verified
125,上海交通大学,005,,物理类,物理,化学,670,921,,普通本科批,https://admissions.sjtu.edu.cn/newDetails?contentsID=3810000004073,https://admissions.sjtu.edu.cn/newDetails?contentsID=3810000004073,,school_verified
125,上海交通大学,002,,历史类,历史,不限,656,82,,普通本科批,https://admissions.sjtu.edu.cn/newDetails?contentsID=3810000004073,https://admissions.sjtu.edu.cn/newDetails?contentsID=3810000004073,,school_verified
126,山东大学,005,,物理类,物理,化学,649,4348,,普通本科批,https://www.sdu.edu.cn/sdgk/sdzc.htm,https://www.sdu.edu.cn/sdgk/sdzc.htm,,school_verified
126,山东大学,007,,物理类,物理,化学、生物(2科必选),645,5210,,普通本科批,https://www.sdu.edu.cn/sdgk/sdzc.htm,https://www.sdu.edu.cn/sdgk/sdzc.htm,,school_verified
126,山东大学,003,,物理类,物理,化学,639,7322,,普通本科批,https://www.sdu.edu.cn/sdgk/sdzc.htm,https://www.sdu.edu.cn/sdgk/sdzc.htm,,school_verified
126,山东大学,006,,物理类,物理,化学,637,8078,,普通本科批,https://www.sdu.edu.cn/sdgk/sdzc.htm,https://www.sdu.edu.cn/sdgk/sdzc.htm,,school_verified
126,山东大学,004,,物理类,物理,化学,637,7764,,普通本科批,https://www.sdu.edu.cn/sdgk/sdzc.htm,https://www.sdu.edu.cn/sdgk/sdzc.htm,,school_verified
126,山东大学,007,,历史类,历史,思想政治,625,1019,,普通本科批,https://www.sdu.edu.cn/sdgk/sdzc.htm,https://www.sdu.edu.cn/sdgk/sdzc.htm,,school_verified
126,山东大学,006,,历史类,历史,不限,624,1065,,普通本科批,https://www.sdu.edu.cn/sdgk/sdzc.htm,https://www.sdu.edu.cn/sdgk/sdzc.htm,,school_verified
126,山东大学,005,,历史类,历史,不限,623,1148,,普通本科批,https://www.sdu.edu.cn/sdgk/sdzc.htm,https://www.sdu.edu.cn/sdgk/sdzc.htm,,school_verified
127,华中科技大学,004,,物理类,物理,化学,662,1713,,普通本科批,https://www.hust.edu.cn/xxgk/xxzc.htm,https://www.hust.edu.cn/xxgk/xxzc.htm,,school_verified
127,华中科技大学,003,,物理类,物理,化学,660,2098,,普通本科批,https://www.hust.edu.cn/xxgk/xxzc.htm,https://www.hust.edu.cn/xxgk/xxzc.htm,,school_verified
127,华中科技大学,007,,物理类,物理,化学,635,8572,,普通本科批,https://www.hust.edu.cn/xxgk/xxzc.htm,https://www.hust.edu.cn/xxgk/xxzc.htm,,school_verified
127,华中科技大学,006,,物理类,物理,化学,634,8951,,普通本科批,https://www.hust.edu.cn/xxgk/xxzc.htm,https://www.hust.edu.cn/xxgk/xxzc.htm,,school_verified
127,华中科技大学,001,,历史类,历史,不限,628,852,,普通本科批,https://www.hust.edu.cn/xxgk/xxzc.htm,https://www.hust.edu.cn/xxgk/xxzc.htm,,school_verified
127,华中科技大学,008,,物理类,物理,化学,627,11967,,普通本科批,https://www.hust.edu.cn/xxgk/xxzc.htm,https://www.hust.edu.cn/xxgk/xxzc.htm,,school_verified
127,华中科技大学,005,,物理类,物理,化学,611,20100,,普通本科批,https://www.hust.edu.cn/xxgk/xxzc.htm,https://www.hust.edu.cn/xxgk/xxzc.htm,,school_verified
128,武汉理工大学,007,,物理类,物理,化学,643,5809,,普通本科批,https://www.whut.edu.cn/zhaoshengjiuye/,https://www.whut.edu.cn/zhaoshengjiuye/,,school_verified
128,武汉理工大学,008,,物理类,物理,化学,642,6358,,普通本科批,https://www.whut.edu.cn/zhaoshengjiuye/,https://www.whut.edu.cn/zhaoshengjiuye/,,school_verified
128,武汉理工大学,009,,物理类,物理,化学,639,7281,,普通本科批,https://www.whut.edu.cn/zhaoshengjiuye/,https://www.whut.edu.cn/zhaoshengjiuye/,,school_verified
128,武汉理工大学,006,,物理类,物理,化学,639,7279,,普通本科批,https://www.whut.edu.cn/zhaoshengjiuye/,https://www.whut.edu.cn/zhaoshengjiuye/,,school_verified
128,武汉理工大学,010,,物理类,物理,化学,625,12680,,普通本科批,https://www.whut.edu.cn/zhaoshengjiuye/,https://www.whut.edu.cn/zhaoshengjiuye/,,school_verified
128,武汉理工大学,011,,物理类,物理,化学,624,12937,,普通本科批,https://www.whut.edu.cn/zhaoshengjiuye/,https://www.whut.edu.cn/zhaoshengjiuye/,,school_verified
128,武汉理工大学,005,,物理类,物理,不限,611,20177,,普通本科批,https://www.whut.edu.cn/zhaoshengjiuye/,https://www.whut.edu.cn/zhaoshengjiuye/,,school_verified
128,武汉理工大学,003,,历史类,历史,思想政治,607,2597,,普通本科批,https://www.whut.edu.cn/zhaoshengjiuye/,https://www.whut.edu.cn/zhaoshengjiuye/,,school_verified
129,延边大学,005,,物理类,物理,生物,585,37839,,普通本科批,https://www.ybu.edu.cn/zsjy_1.htm,https://www.ybu.edu.cn/zsjy_1.htm,,school_verified
129,延边大学,004,,物理类,物理,化学,584,38302,,普通本科批,https://www.ybu.edu.cn/zsjy_1.htm,https://www.ybu.edu.cn/zsjy_1.htm,,school_verified
129,延边大学,003,,物理类,物理,不限,575,46013,,普通本科批,https://www.ybu.edu.cn/zsjy_1.htm,https://www.ybu.edu.cn/zsjy_1.htm,,school_verified
129,延边大学,001,,历史类,历史,不限,571,8365,,普通本科批,https://www.ybu.edu.cn/zsjy_1.htm,https://www.ybu.edu.cn/zsjy_1.htm,,school_verified
130,上海财经大学,006,,物理类,物理,化学,640,6806,,普通本科批,https://www.sufe.edu.cn/xxzc/list.htm,https://www.sufe.edu.cn/xxzc/list.htm,,school_verified
130,上海财经大学,005,,物理类,物理,不限,636,8254,,普通本科批,https://www.sufe.edu.cn/xxzc/list.htm,https://www.sufe.edu.cn/xxzc/list.htm,,school_verified
130,上海财经大学,001,,历史类,历史,不限,625,977,,普通本科批,https://www.sufe.edu.cn/xxzc/list.htm,https://www.sufe.edu.cn/xxzc/list.htm,,school_verified
130,上海财经大学,002,,历史类,历史,思想政治,621,1256,,普通本科批,https://www.sufe.edu.cn/xxzc/list.htm,https://www.sufe.edu.cn/xxzc/list.htm,,school_verified
131,华东师范大学,006,,物理类,物理,化学,650,4149,,普通本科批,https://www.ecnu.edu.cn/wzcd/xxgk/xxzc.htm,https://www.ecnu.edu.cn/wzcd/xxgk/xxzc.htm,,school_verified
131,华东师范大学,005,,物理类,物理,不限,645,5483,,普通本科批,https://www.ecnu.edu.cn/wzcd/xxgk/xxzc.htm,https://www.ecnu.edu.cn/wzcd/xxgk/xxzc.htm,,school_verified
131,华东师范大学,010,,历史类,历史,思想政治,631,713,,普通本科批,https://www.ecnu.edu.cn/wzcd/xxgk/xxzc.htm,https://www.ecnu.edu.cn/wzcd/xxgk/xxzc.htm,,school_verified
131,华东师范大学,008,,历史类,历史,不限,631,713,,普通本科批,https://www.ecnu.edu.cn/wzcd/xxgk/xxzc.htm,https://www.ecnu.edu.cn/wzcd/xxgk/xxzc.htm,,school_verified
132,复旦大学,004,,物理类,物理,化学,679,330,,普通本科批,https://www.fudan.edu.cn/452/list.htm,https://www.fudan.edu.cn/452/list.htm,,school_verified
132,复旦大学,003,,历史类,历史,不限,657,73,,普通本科批,https://www.fudan.edu.cn/452/list.htm,https://www.fudan.edu.cn/452/list.htm,,school_verified
133,华东理工大学,004,,物理类,物理,不限,631,10374,,普通本科批,https://www.ecust.edu.cn/2023/0626/c757a174434/page.htm,https://www.ecust.edu.cn/2023/0626/c757a174434/page.htm,,school_verified
133,华东理工大学,005,,物理类,物理,化学,625,12922,,普通本科批,https://www.ecust.edu.cn/2023/0626/c757a174434/page.htm,https://www.ecust.edu.cn/2023/0626/c757a174434/page.htm,,school_verified
133,华东理工大学,002,,历史类,历史,不限,600,3415,,普通本科批,https://www.ecust.edu.cn/2023/0626/c757a174434/page.htm,https://www.ecust.edu.cn/2023/0626/c757a174434/page.htm,,school_verified
134,东北大学,005,,物理类,物理,化学,634,8907,,普通本科批,https://www.neu.edu.cn/info/1126/2571.htm,https://www.neu.edu.cn/info/1126/2571.htm,,school_verified
134,东北大学,004,,物理类,物理,不限,624,13022,,普通本科批,https://www.neu.edu.cn/info/1126/2571.htm,https://www.neu.edu.cn/info/1126/2571.htm,,school_verified
134,东北大学,006,,物理类,物理,化学,615,17749,,普通本科批,https://www.neu.edu.cn/info/1126/2571.htm,https://www.neu.edu.cn/info/1126/2571.htm,,school_verified
134,东北大学,002,,历史类,历史,思想政治,614,1883,,普通本科批,https://www.neu.edu.cn/info/1126/2571.htm,https://www.neu.edu.cn/info/1126/2571.htm,,school_verified
134,东北大学,001,,历史类,历史,不限,611,2152,,普通本科批,https://www.neu.edu.cn/info/1126/2571.htm,https://www.neu.edu.cn/info/1126/2571.htm,,school_verified
135,东华大学,004,,物理类,物理,化学,621,14712,,普通本科批,https://www.dhu.edu.cn/xxzc/list.htm,https://www.dhu.edu.cn/xxzc/list.htm,,school_verified
135,东华大学,005,,物理类,物理,化学,616,17337,,普通本科批,https://www.dhu.edu.cn/xxzc/list.htm,https://www.dhu.edu.cn/xxzc/list.htm,,school_verified
135,东华大学,002,,历史类,历史,不限,607,2567,,普通本科批,https://www.dhu.edu.cn/xxzc/list.htm,https://www.dhu.edu.cn/xxzc/list.htm,,school_verified
136,上海外国语大学,006,,物理类,物理,化学,629,10837,,普通本科批,https://www.shisu.edu.cn/about/university-statutes/index.html,https://www.shisu.edu.cn/about/university-statutes/index.html,,school_verified
136,上海外国语大学,005,,物理类,物理,不限,619,15385,,普通本科批,https://www.shisu.edu.cn/about/university-statutes/index.html,https://www.shisu.edu.cn/about/university-statutes/index.html,,school_verified
136,上海外国语大学,006,,历史类,历史,不限,613,1904,,普通本科批,https://www.shisu.edu.cn/about/university-statutes/index.html,https://www.shisu.edu.cn/about/university-statutes/index.html,,school_verified
137,东北农业大学,002,,物理类,物理,不限,587,35873,,普通本科批,https://www.neau.edu.cn/xygk/xxzc.htm,https://www.neau.edu.cn/xygk/xxzc.htm,,school_verified
137,东北农业大学,002,,历史类,历史,不限,582,6223,,普通本科批,https://www.neau.edu.cn/xygk/xxzc.htm,https://www.neau.edu.cn/xygk/xxzc.htm,,school_verified
137,东北农业大学,004,,物理类,物理,化学,581,40982,,普通本科批,https://www.neau.edu.cn/xygk/xxzc.htm,https://www.neau.edu.cn/xygk/xxzc.htm,,school_verified
137,东北农业大学,003,,物理类,物理,不限,577,43784,,普通本科批,https://www.neau.edu.cn/xygk/xxzc.htm,https://www.neau.edu.cn/xygk/xxzc.htm,,school_verified
137,东北农业大学,006,,物理类,物理,化学,570,50451,,普通本科批,https://www.neau.edu.cn/xygk/xxzc.htm,https://www.neau.edu.cn/xygk/xxzc.htm,,school_verified
137,东北农业大学,003,,历史类,历史,不限,567,9346,,普通本科批,https://www.neau.edu.cn/xygk/xxzc.htm,https://www.neau.edu.cn/xygk/xxzc.htm,,school_verified
137,东北农业大学,005,,物理类,物理,化学,563,56995,,普通本科批,https://www.neau.edu.cn/xygk/xxzc.htm,https://www.neau.edu.cn/xygk/xxzc.htm,,school_verified
137,东北农业大学,004,,历史类,历史,不限,543,16053,,普通本科批,https://www.neau.edu.cn/xygk/xxzc.htm,https://www.neau.edu.cn/xygk/xxzc.htm,,school_verified
138,大连理工大学,003,,物理类,物理,化学,652,3603,,普通本科批,https://mp.weixin.qq.com/s/yWChd3_k4Mxs7NDnt2gk2w,https://mp.weixin.qq.com/s/yWChd3_k4Mxs7NDnt2gk2w,,school_verified
138,大连理工大学,052,,物理类,物理,化学,641,6648,,普通本科批,https://mp.weixin.qq.com/s/yWChd3_k4Mxs7NDnt2gk2w,https://mp.weixin.qq.com/s/yWChd3_k4Mxs7NDnt2gk2w,,school_verified
138,大连理工大学,004,,物理类,物理,化学,636,8351,,普通本科批,https://mp.weixin.qq.com/s/yWChd3_k4Mxs7NDnt2gk2w,https://mp.weixin.qq.com/s/yWChd3_k4Mxs7NDnt2gk2w,,school_verified
138,大连理工大学,051,,物理类,物理,化学,632,9848,,普通本科批,https://mp.weixin.qq.com/s/yWChd3_k4Mxs7NDnt2gk2w,https://mp.weixin.qq.com/s/yWChd3_k4Mxs7NDnt2gk2w,,school_verified
138,大连理工大学,001,,历史类,历史,不限,613,1972,,普通本科批,https://mp.weixin.qq.com/s/yWChd3_k4Mxs7NDnt2gk2w,https://mp.weixin.qq.com/s/yWChd3_k4Mxs7NDnt2gk2w,,school_verified
139,太原理工大学,002,,物理类,物理,化学,599,27589,,普通本科批,https://www.tyut.edu.cn/xxgk1/xxzc.htm,https://www.tyut.edu.cn/xxgk1/xxzc.htm,,school_verified
139,太原理工大学,001,,物理类,物理,不限,595,30339,,普通本科批,https://www.tyut.edu.cn/xxgk1/xxzc.htm,https://www.tyut.edu.cn/xxgk1/xxzc.htm,,school_verified
139,太原理工大学,002,,历史类,历史,思想政治,592,4525,,普通本科批,https://www.tyut.edu.cn/xxgk1/xxzc.htm,https://www.tyut.edu.cn/xxgk1/xxzc.htm,,school_verified
139,太原理工大学,001,,历史类,历史,不限,591,4572,,普通本科批,https://www.tyut.edu.cn/xxgk1/xxzc.htm,https://www.tyut.edu.cn/xxgk1/xxzc.htm,,school_verified
140,清华大学,004,,物理类,物理,化学,688,85,,普通本科批,"https://gaokao.chsi.com.cn/zsgs/zhangcheng/listVerifedZszc--infoId-6671404278,method-view,schId-3.dhtml","https://gaokao.chsi.com.cn/zsgs/zhangcheng/listVerifedZszc--infoId-6671404278,method-view,schId-3.dhtml",,school_verified
140,清华大学,004,,历史类,历史,不限,670,18,,普通本科批,"https://gaokao.chsi.com.cn/zsgs/zhangcheng/listVerifedZszc--infoId-6671404278,method-view,schId-3.dhtml","https://gaokao.chsi.com.cn/zsgs/zhangcheng/listVerifedZszc--infoId-6671404278,method-view,schId-3.dhtml",,school_verified
142,东北师范大学,009,,物理类,物理,化学,632,9906,,普通本科批,https://zsb.nenu.edu.cn/info/1007/4280.htm,https://zsb.nenu.edu.cn/info/1007/4280.htm,,school_verified
142,东北师范大学,009,,历史类,历史,思想政治,604,2884,,普通本科批,https://zsb.nenu.edu.cn/info/1007/4280.htm,https://zsb.nenu.edu.cn/info/1007/4280.htm,,school_verified
142,东北师范大学,008,,物理类,物理,化学,602,25394,,普通本科批,https://zsb.nenu.edu.cn/info/1007/4280.htm,https://zsb.nenu.edu.cn/info/1007/4280.htm,,school_verified
143,北京理工大学,004,,物理类,物理,化学,671,806,,普通本科批,https://www.bit.edu.cn/gbxxgk/xxzc_sjb/index.htm,https://www.bit.edu.cn/gbxxgk/xxzc_sjb/index.htm,,school_verified
143,北京理工大学,005,,物理类,物理,化学,667,1179,,普通本科批,https://www.bit.edu.cn/gbxxgk/xxzc_sjb/index.htm,https://www.bit.edu.cn/gbxxgk/xxzc_sjb/index.htm,,school_verified
143,北京理工大学,006,,物理类,物理,化学,647,4901,,普通本科批,https://www.bit.edu.cn/gbxxgk/xxzc_sjb/index.htm,https://www.bit.edu.cn/gbxxgk/xxzc_sjb/index.htm,,school_verified
143,北京理工大学,003,,物理类,物理,不限,631,10188,,普通本科批,https://www.bit.edu.cn/gbxxgk/xxzc_sjb/index.htm,https://www.bit.edu.cn/gbxxgk/xxzc_sjb/index.htm,,school_verified
143,北京理工大学,001,,历史类,历史,不限,630,755,,普通本科批,https://www.bit.edu.cn/gbxxgk/xxzc_sjb/index.htm,https://www.bit.edu.cn/gbxxgk/xxzc_sjb/index.htm,,school_verified
144,北京科技大学,004,,物理类,物理,化学,637,7896,,普通本科批,https://zhaosheng.ustb.edu.cn/xwgg/tzgg/fc4aa12fb8254e97b9ee7a405f57cb8b.htm,https://zhaosheng.ustb.edu.cn/xwgg/tzgg/fc4aa12fb8254e97b9ee7a405f57cb8b.htm,,school_verified
144,北京科技大学,005,,物理类,物理,化学,635,8601,,普通本科批,https://zhaosheng.ustb.edu.cn/xwgg/tzgg/fc4aa12fb8254e97b9ee7a405f57cb8b.htm,https://zhaosheng.ustb.edu.cn/xwgg/tzgg/fc4aa12fb8254e97b9ee7a405f57cb8b.htm,,school_verified
144,北京科技大学,003,,物理类,物理,不限,635,8554,,普通本科批,https://zhaosheng.ustb.edu.cn/xwgg/tzgg/fc4aa12fb8254e97b9ee7a405f57cb8b.htm,https://zhaosheng.ustb.edu.cn/xwgg/tzgg/fc4aa12fb8254e97b9ee7a405f57cb8b.htm,,school_verified
144,北京科技大学,001,,历史类,历史,不限,611,2150,,普通本科批,https://zhaosheng.ustb.edu.cn/xwgg/tzgg/fc4aa12fb8254e97b9ee7a405f57cb8b.htm,https://zhaosheng.ustb.edu.cn/xwgg/tzgg/fc4aa12fb8254e97b9ee7a405f57cb8b.htm,,school_verified
146,南京工程学院,051,,物理类,物理,化学,599,27548,,普通本科批,http://zsb.njit.edu.cn/,http://zsb.njit.edu.cn/,,school_verified
146,南京工程学院,002,,物理类,物理,化学,592,32280,,普通本科批,http://zsb.njit.edu.cn/,http://zsb.njit.edu.cn/,,school_verified
146,南京工程学院,001,,物理类,物理,不限,589,34110,,普通本科批,http://zsb.njit.edu.cn/,http://zsb.njit.edu.cn/,,school_verified
146,南京工程学院,001,,历史类,历史,不限,556,12043,,普通本科批,http://zsb.njit.edu.cn/,http://zsb.njit.edu.cn/,,school_verified
146,南京工程学院,003,,物理类,物理,化学,523,102067,,普通本科批,http://zsb.njit.edu.cn/,http://zsb.njit.edu.cn/,,school_verified
147,南京晓庄学院,001,,物理类,物理,不限,560,59524,,普通本科批,https://www.njxzc.edu.cn/xxzc/list.htm,https://www.njxzc.edu.cn/xxzc/list.htm,,school_verified
147,南京晓庄学院,001,,历史类,历史,不限,559,11350,,普通本科批,https://www.njxzc.edu.cn/xxzc/list.htm,https://www.njxzc.edu.cn/xxzc/list.htm,,school_verified
147,南京晓庄学院,003,,物理类,物理,地理,559,60792,,普通本科批,https://www.njxzc.edu.cn/xxzc/list.htm,https://www.njxzc.edu.cn/xxzc/list.htm,,school_verified
147,南京晓庄学院,002,,历史类,历史,不限,551,13620,,普通本科批,https://www.njxzc.edu.cn/xxzc/list.htm,https://www.njxzc.edu.cn/xxzc/list.htm,,school_verified
147,南京晓庄学院,002,,物理类,物理,化学,549,71368,,普通本科批,https://www.njxzc.edu.cn/xxzc/list.htm,https://www.njxzc.edu.cn/xxzc/list.htm,,school_verified
149,南京艺术学院,001,,物理类,物理,化学,577,44424,,普通本科批,https://zhaosheng.nua.edu.cn/2026/0203/c4759a119561/page.htm,https://zhaosheng.nua.edu.cn/2026/0203/c4759a119561/page.htm,,school_verified
149,南京艺术学院,001,,历史类,历史,不限,542,16417,,普通本科批,https://zhaosheng.nua.edu.cn/2026/0203/c4759a119561/page.htm,https://zhaosheng.nua.edu.cn/2026/0203/c4759a119561/page.htm,,school_verified
150,江苏理工学院,002,,物理类,物理,化学,543,77510,,普通本科批,http://www.jstu.edu.cn/,http://www.jstu.edu.cn/,,school_verified
150,江苏理工学院,001,,历史类,历史,不限,539,17306,,普通本科批,http://www.jstu.edu.cn/,http://www.jstu.edu.cn/,,school_verified
150,江苏理工学院,001,,物理类,物理,不限,531,92236,,普通本科批,http://www.jstu.edu.cn/,http://www.jstu.edu.cn/,,school_verified
151,南京审计大学,002,,历史类,历史,不限,601,3233,,普通本科批,https://www.nau.edu.cn/5722/list.htm,https://www.nau.edu.cn/5722/list.htm,,school_verified
151,南京审计大学,004,,物理类,物理,化学,601,26086,,普通本科批,https://www.nau.edu.cn/5722/list.htm,https://www.nau.edu.cn/5722/list.htm,,school_verified
151,南京审计大学,002,,物理类,物理,不限,596,29366,,普通本科批,https://www.nau.edu.cn/5722/list.htm,https://www.nau.edu.cn/5722/list.htm,,school_verified
151,南京审计大学,003,,历史类,历史,不限,594,4120,,普通本科批,https://www.nau.edu.cn/5722/list.htm,https://www.nau.edu.cn/5722/list.htm,,school_verified
151,南京审计大学,003,,物理类,物理,不限,583,38718,,普通本科批,https://www.nau.edu.cn/5722/list.htm,https://www.nau.edu.cn/5722/list.htm,,school_verified
152,淮安大学,002,,物理类,物理,化学,528,95670,,普通本科批,https://www.hyit.edu.cn/xxgk/xxzc.htm,https://www.hyit.edu.cn/xxgk/xxzc.htm,,school_verified
152,淮安大学,001,,历史类,历史,不限,527,21547,,普通本科批,https://www.hyit.edu.cn/xxgk/xxzc.htm,https://www.hyit.edu.cn/xxgk/xxzc.htm,,school_verified
152,淮安大学,001,,物理类,物理,不限,518,109201,,普通本科批,https://www.hyit.edu.cn/xxgk/xxzc.htm,https://www.hyit.edu.cn/xxgk/xxzc.htm,,school_verified
153,盐城师范学院,001,,历史类,历史,不限,557,12013,,普通本科批,https://zs.yctu.edu.cn/2025/0516/c3457a137595/page.htm,https://zs.yctu.edu.cn/2025/0516/c3457a137595/page.htm,,school_verified
153,盐城师范学院,002,,历史类,历史,思想政治,539,17443,,普通本科批,https://zs.yctu.edu.cn/2025/0516/c3457a137595/page.htm,https://zs.yctu.edu.cn/2025/0516/c3457a137595/page.htm,,school_verified
153,盐城师范学院,001,,物理类,物理,化学,509,120731,,普通本科批,https://zs.yctu.edu.cn/2025/0516/c3457a137595/page.htm,https://zs.yctu.edu.cn/2025/0516/c3457a137595/page.htm,,school_verified
154,盐城工学院,001,,物理类,物理,化学,517,110050,,普通本科批,https://www.ycit.cn/dxwh/xxzc.htm,https://www.ycit.cn/dxwh/xxzc.htm,,school_verified
156,常州大学,003,,物理类,物理,化学,584,37851,,普通本科批,https://cdzs.cczu.edu.cn/_upload/article/files/da/47/bc7dd9ca48e9ad9cca82a695986c/1e4968ba-0d0c-40ca-9e94-4a39db129b8f.pdf,https://cdzs.cczu.edu.cn/_upload/article/files/da/47/bc7dd9ca48e9ad9cca82a695986c/1e4968ba-0d0c-40ca-9e94-4a39db129b8f.pdf,,school_verified
156,常州大学,002,,物理类,物理,化学,575,45891,,普通本科批,https://cdzs.cczu.edu.cn/_upload/article/files/da/47/bc7dd9ca48e9ad9cca82a695986c/1e4968ba-0d0c-40ca-9e94-4a39db129b8f.pdf,https://cdzs.cczu.edu.cn/_upload/article/files/da/47/bc7dd9ca48e9ad9cca82a695986c/1e4968ba-0d0c-40ca-9e94-4a39db129b8f.pdf,,school_verified
156,常州大学,001,,物理类,物理,不限,570,49709,,普通本科批,https://cdzs.cczu.edu.cn/_upload/article/files/da/47/bc7dd9ca48e9ad9cca82a695986c/1e4968ba-0d0c-40ca-9e94-4a39db129b8f.pdf,https://cdzs.cczu.edu.cn/_upload/article/files/da/47/bc7dd9ca48e9ad9cca82a695986c/1e4968ba-0d0c-40ca-9e94-4a39db129b8f.pdf,,school_verified
156,常州大学,002,,历史类,历史,思想政治,568,9067,,普通本科批,https://cdzs.cczu.edu.cn/_upload/article/files/da/47/bc7dd9ca48e9ad9cca82a695986c/1e4968ba-0d0c-40ca-9e94-4a39db129b8f.pdf,https://cdzs.cczu.edu.cn/_upload/article/files/da/47/bc7dd9ca48e9ad9cca82a695986c/1e4968ba-0d0c-40ca-9e94-4a39db129b8f.pdf,,school_verified
156,常州大学,001,,历史类,历史,不限,568,9091,,普通本科批,https://cdzs.cczu.edu.cn/_upload/article/files/da/47/bc7dd9ca48e9ad9cca82a695986c/1e4968ba-0d0c-40ca-9e94-4a39db129b8f.pdf,https://cdzs.cczu.edu.cn/_upload/article/files/da/47/bc7dd9ca48e9ad9cca82a695986c/1e4968ba-0d0c-40ca-9e94-4a39db129b8f.pdf,,school_verified
157,华东交通大学,007,,物理类,物理,化学,585,37684,,普通本科批,https://www.ecjtu.edu.cn/info/1216/53802.htm,https://www.ecjtu.edu.cn/info/1216/53802.htm,,school_verified
157,华东交通大学,005,,物理类,物理,化学,578,43584,,普通本科批,https://www.ecjtu.edu.cn/info/1216/53802.htm,https://www.ecjtu.edu.cn/info/1216/53802.htm,,school_verified
157,华东交通大学,006,,物理类,物理,化学,569,50676,,普通本科批,https://www.ecjtu.edu.cn/info/1216/53802.htm,https://www.ecjtu.edu.cn/info/1216/53802.htm,,school_verified
157,华东交通大学,002,,历史类,历史,不限,559,11223,,普通本科批,https://www.ecjtu.edu.cn/info/1216/53802.htm,https://www.ecjtu.edu.cn/info/1216/53802.htm,,school_verified
157,华东交通大学,008,,物理类,物理,化学,559,60986,,普通本科批,https://www.ecjtu.edu.cn/info/1216/53802.htm,https://www.ecjtu.edu.cn/info/1216/53802.htm,,school_verified
157,华东交通大学,001,,历史类,历史,不限,556,12228,,普通本科批,https://www.ecjtu.edu.cn/info/1216/53802.htm,https://www.ecjtu.edu.cn/info/1216/53802.htm,,school_verified
157,华东交通大学,001,,物理类,物理,不限,555,64699,,普通本科批,https://www.ecjtu.edu.cn/info/1216/53802.htm,https://www.ecjtu.edu.cn/info/1216/53802.htm,,school_verified
157,华东交通大学,003,,历史类,历史,不限,546,15069,,普通本科批,https://www.ecjtu.edu.cn/info/1216/53802.htm,https://www.ecjtu.edu.cn/info/1216/53802.htm,,school_verified
157,华东交通大学,002,,物理类,物理,不限,546,74003,,普通本科批,https://www.ecjtu.edu.cn/info/1216/53802.htm,https://www.ecjtu.edu.cn/info/1216/53802.htm,,school_verified
157,华东交通大学,004,,物理类,物理,不限,545,75470,,普通本科批,https://www.ecjtu.edu.cn/info/1216/53802.htm,https://www.ecjtu.edu.cn/info/1216/53802.htm,,school_verified
158,徐州医科大学,001,,物理类,物理,化学,587,35740,,普通本科批,https://zsb.xzhmu.edu.cn/info/1015/2089.htm,https://zsb.xzhmu.edu.cn/info/1015/2089.htm,,school_verified
159,杭州电子科技大学,004,,物理类,物理,化学,613,18914,,普通本科批,https://www.hdu.edu.cn/_upload/article/files/b7/db/2cf6e5fe45638547b298779cf9ae/1c0332a8-d71e-49dc-a3c5-0a835c299a4b.pdf,https://www.hdu.edu.cn/_upload/article/files/b7/db/2cf6e5fe45638547b298779cf9ae/1c0332a8-d71e-49dc-a3c5-0a835c299a4b.pdf,,school_verified
159,杭州电子科技大学,003,,物理类,物理,不限,604,24132,,普通本科批,https://www.hdu.edu.cn/_upload/article/files/b7/db/2cf6e5fe45638547b298779cf9ae/1c0332a8-d71e-49dc-a3c5-0a835c299a4b.pdf,https://www.hdu.edu.cn/_upload/article/files/b7/db/2cf6e5fe45638547b298779cf9ae/1c0332a8-d71e-49dc-a3c5-0a835c299a4b.pdf,,school_verified
159,杭州电子科技大学,002,,物理类,物理,不限,589,34662,,普通本科批,https://www.hdu.edu.cn/_upload/article/files/b7/db/2cf6e5fe45638547b298779cf9ae/1c0332a8-d71e-49dc-a3c5-0a835c299a4b.pdf,https://www.hdu.edu.cn/_upload/article/files/b7/db/2cf6e5fe45638547b298779cf9ae/1c0332a8-d71e-49dc-a3c5-0a835c299a4b.pdf,,school_verified
159,杭州电子科技大学,001,,历史类,历史,不限,580,6569,,普通本科批,https://www.hdu.edu.cn/_upload/article/files/b7/db/2cf6e5fe45638547b298779cf9ae/1c0332a8-d71e-49dc-a3c5-0a835c299a4b.pdf,https://www.hdu.edu.cn/_upload/article/files/b7/db/2cf6e5fe45638547b298779cf9ae/1c0332a8-d71e-49dc-a3c5-0a835c299a4b.pdf,,school_verified
160,南京邮电大学,002,,物理类,物理,化学,620,15163,,普通本科批,http://zs.njupt.edu.cn/2562/list.htm,http://zs.njupt.edu.cn/2562/list.htm,,school_verified
161,江苏科技大学,002,,物理类,物理,不限,587,36298,,普通本科批,https://www.just.edu.cn/11995/list.htm,https://www.just.edu.cn/11995/list.htm,,school_verified
161,江苏科技大学,003,,物理类,物理,化学,578,43621,,普通本科批,https://www.just.edu.cn/11995/list.htm,https://www.just.edu.cn/11995/list.htm,,school_verified
161,江苏科技大学,001,,历史类,历史,不限,568,9224,,普通本科批,https://www.just.edu.cn/11995/list.htm,https://www.just.edu.cn/11995/list.htm,,school_verified
162,南京中医药大学,001,,物理类,物理,不限,603,24649,,普通本科批,https://www.njucm.edu.cn/,https://www.njucm.edu.cn/,,school_verified
162,南京中医药大学,002,,物理类,物理,化学,595,29891,,普通本科批,https://www.njucm.edu.cn/,https://www.njucm.edu.cn/,,school_verified
162,南京中医药大学,001,,历史类,历史,不限,583,5941,,普通本科批,https://www.njucm.edu.cn/,https://www.njucm.edu.cn/,,school_verified
162,南京中医药大学,003,,物理类,物理,化学,577,43652,,普通本科批,https://www.njucm.edu.cn/,https://www.njucm.edu.cn/,,school_verified
163,苏州科技大学,003,,物理类,物理,化学,584,38477,,普通本科批,https://zsb.usts.edu.cn/news/News_View.asp?NewsID=313,https://zsb.usts.edu.cn/news/News_View.asp?NewsID=313,,school_verified
163,苏州科技大学,002,,历史类,历史,思想政治,576,7376,,普通本科批,https://zsb.usts.edu.cn/news/News_View.asp?NewsID=313,https://zsb.usts.edu.cn/news/News_View.asp?NewsID=313,,school_verified
163,苏州科技大学,001,,物理类,物理,不限,576,45188,,普通本科批,https://zsb.usts.edu.cn/news/News_View.asp?NewsID=313,https://zsb.usts.edu.cn/news/News_View.asp?NewsID=313,,school_verified
163,苏州科技大学,001,,历史类,历史,不限,574,7659,,普通本科批,https://zsb.usts.edu.cn/news/News_View.asp?NewsID=313,https://zsb.usts.edu.cn/news/News_View.asp?NewsID=313,,school_verified
163,苏州科技大学,004,,物理类,物理,化学,549,71347,,普通本科批,https://zsb.usts.edu.cn/news/News_View.asp?NewsID=313,https://zsb.usts.edu.cn/news/News_View.asp?NewsID=313,,school_verified
163,苏州科技大学,002,,物理类,物理,不限,541,80455,,普通本科批,https://zsb.usts.edu.cn/news/News_View.asp?NewsID=313,https://zsb.usts.edu.cn/news/News_View.asp?NewsID=313,,school_verified
164,南京财经大学,004,,物理类,物理,化学,594,30568,,普通本科批,https://www.nufe.edu.cn/xygk/xxzc.htm,https://www.nufe.edu.cn/xygk/xxzc.htm,,school_verified
164,南京财经大学,001,,历史类,历史,不限,584,5787,,普通本科批,https://www.nufe.edu.cn/xygk/xxzc.htm,https://www.nufe.edu.cn/xygk/xxzc.htm,,school_verified
164,南京财经大学,002,,物理类,物理,不限,584,38028,,普通本科批,https://www.nufe.edu.cn/xygk/xxzc.htm,https://www.nufe.edu.cn/xygk/xxzc.htm,,school_verified
164,南京财经大学,003,,物理类,物理,不限,578,43421,,普通本科批,https://www.nufe.edu.cn/xygk/xxzc.htm,https://www.nufe.edu.cn/xygk/xxzc.htm,,school_verified
165,江西理工大学,004,,物理类,物理,化学,582,39760,,普通本科批,https://www.jxust.edu.cn/xxgk/xxzc.htm,https://www.jxust.edu.cn/xxgk/xxzc.htm,,school_verified
165,江西理工大学,005,,物理类,物理,地理,569,50947,,普通本科批,https://www.jxust.edu.cn/xxgk/xxzc.htm,https://www.jxust.edu.cn/xxgk/xxzc.htm,,school_verified
165,江西理工大学,001,,历史类,历史,不限,551,13800,,普通本科批,https://www.jxust.edu.cn/xxgk/xxzc.htm,https://www.jxust.edu.cn/xxgk/xxzc.htm,,school_verified
165,江西理工大学,002,,物理类,物理,化学,546,74101,,普通本科批,https://www.jxust.edu.cn/xxgk/xxzc.htm,https://www.jxust.edu.cn/xxgk/xxzc.htm,,school_verified
165,江西理工大学,003,,物理类,物理,化学,528,95167,,普通本科批,https://www.jxust.edu.cn/xxgk/xxzc.htm,https://www.jxust.edu.cn/xxgk/xxzc.htm,,school_verified
165,江西理工大学,001,,物理类,物理,不限,528,95252,,普通本科批,https://www.jxust.edu.cn/xxgk/xxzc.htm,https://www.jxust.edu.cn/xxgk/xxzc.htm,,school_verified
166,南京信息工程大学,002,,物理类,物理,不限,606,22982,,普通本科批,https://zs.nuist.edu.cn/info/1006/2956.htm,https://zs.nuist.edu.cn/info/1006/2956.htm,,school_verified
166,南京信息工程大学,003,,物理类,物理,化学,602,25690,,普通本科批,https://zs.nuist.edu.cn/info/1006/2956.htm,https://zs.nuist.edu.cn/info/1006/2956.htm,,school_verified
166,南京信息工程大学,004,,物理类,物理,化学,589,34755,,普通本科批,https://zs.nuist.edu.cn/info/1006/2956.htm,https://zs.nuist.edu.cn/info/1006/2956.htm,,school_verified
166,南京信息工程大学,001,,历史类,历史,不限,585,5569,,普通本科批,https://zs.nuist.edu.cn/info/1006/2956.htm,https://zs.nuist.edu.cn/info/1006/2956.htm,,school_verified
166,南京信息工程大学,002,,历史类,历史,不限,575,7544,,普通本科批,https://zs.nuist.edu.cn/info/1006/2956.htm,https://zs.nuist.edu.cn/info/1006/2956.htm,,school_verified
167,江苏师范大学,001,,历史类,历史,不限,580,6470,,普通本科批,http://www.jsnu.edu.cn/xxzc/list.htm,http://www.jsnu.edu.cn/xxzc/list.htm,,school_verified
167,江苏师范大学,002,,物理类,物理,化学,580,41171,,普通本科批,http://www.jsnu.edu.cn/xxzc/list.htm,http://www.jsnu.edu.cn/xxzc/list.htm,,school_verified
167,江苏师范大学,001,,物理类,物理,不限,574,46474,,普通本科批,http://www.jsnu.edu.cn/xxzc/list.htm,http://www.jsnu.edu.cn/xxzc/list.htm,,school_verified
168,南京医科大学,002,,物理类,物理,化学,617,16848,,普通本科批,https://www.njmu.edu.cn/,https://www.njmu.edu.cn/,,school_verified
168,南京医科大学,001,,历史类,历史,不限,593,4404,,普通本科批,https://www.njmu.edu.cn/,https://www.njmu.edu.cn/,,school_verified
168,南京医科大学,003,,物理类,物理,化学,590,33528,,普通本科批,https://www.njmu.edu.cn/,https://www.njmu.edu.cn/,,school_verified
168,南京医科大学,001,,物理类,物理,不限,588,35132,,普通本科批,https://www.njmu.edu.cn/,https://www.njmu.edu.cn/,,school_verified
169,南京林业大学,055,,物理类,物理,化学,608,21874,,普通本科批,https://www.njfu.edu.cn/,https://www.njfu.edu.cn/,,school_verified
169,南京林业大学,054,,物理类,物理,化学,601,26279,,普通本科批,https://www.njfu.edu.cn/,https://www.njfu.edu.cn/,,school_verified
169,南京林业大学,052,,物理类,物理,化学,599,27106,,普通本科批,https://www.njfu.edu.cn/,https://www.njfu.edu.cn/,,school_verified
169,南京林业大学,005,,物理类,物理,生物,596,29337,,普通本科批,https://www.njfu.edu.cn/,https://www.njfu.edu.cn/,,school_verified
169,南京林业大学,002,,物理类,物理,不限,592,32506,,普通本科批,https://www.njfu.edu.cn/,https://www.njfu.edu.cn/,,school_verified
169,南京林业大学,003,,物理类,物理,化学,590,33978,,普通本科批,https://www.njfu.edu.cn/,https://www.njfu.edu.cn/,,school_verified
169,南京林业大学,053,,物理类,物理,化学,588,34929,,普通本科批,https://www.njfu.edu.cn/,https://www.njfu.edu.cn/,,school_verified
169,南京林业大学,051,,物理类,物理,化学,586,36711,,普通本科批,https://www.njfu.edu.cn/,https://www.njfu.edu.cn/,,school_verified
169,南京林业大学,001,,历史类,历史,不限,585,5639,,普通本科批,https://www.njfu.edu.cn/,https://www.njfu.edu.cn/,,school_verified
170,江苏大学,002,,物理类,物理,不限,596,29192,,普通本科批,https://www.ujs.edu.cn/xxgk/xxzc.htm,https://www.ujs.edu.cn/xxgk/xxzc.htm,,school_verified
170,江苏大学,003,,物理类,物理,化学,593,31950,,普通本科批,https://www.ujs.edu.cn/xxgk/xxzc.htm,https://www.ujs.edu.cn/xxgk/xxzc.htm,,school_verified
170,江苏大学,001,,历史类,历史,不限,586,5512,,普通本科批,https://www.ujs.edu.cn/xxgk/xxzc.htm,https://www.ujs.edu.cn/xxgk/xxzc.htm,,school_verified
171,南京工业大学,003,,物理类,物理,化学,597,29066,,普通本科批,https://www.njtech.edu.cn/,https://www.njtech.edu.cn/,,school_verified
171,南京工业大学,002,,物理类,物理,不限,596,29730,,普通本科批,https://www.njtech.edu.cn/,https://www.njtech.edu.cn/,,school_verified
171,南京工业大学,001,,历史类,历史,不限,585,5604,,普通本科批,https://www.njtech.edu.cn/,https://www.njtech.edu.cn/,,school_verified
171,南京工业大学,051,,物理类,物理,化学,582,40184,,普通本科批,https://www.njtech.edu.cn/,https://www.njtech.edu.cn/,,school_verified
171,南京工业大学,004,,物理类,物理,化学,582,39589,,普通本科批,https://www.njtech.edu.cn/,https://www.njtech.edu.cn/,,school_verified
172,江西农业大学,006,,物理类,物理,化学,558,61312,,普通本科批,https://www.jxau.edu.cn/,https://www.jxau.edu.cn/,,school_verified
172,江西农业大学,007,,物理类,物理,地理,557,62872,,普通本科批,https://www.jxau.edu.cn/,https://www.jxau.edu.cn/,,school_verified
172,江西农业大学,001,,历史类,历史,不限,552,13347,,普通本科批,https://www.jxau.edu.cn/,https://www.jxau.edu.cn/,,school_verified
172,江西农业大学,002,,历史类,历史,不限,544,15688,,普通本科批,https://www.jxau.edu.cn/,https://www.jxau.edu.cn/,,school_verified
172,江西农业大学,004,,物理类,物理,化学,541,80196,,普通本科批,https://www.jxau.edu.cn/,https://www.jxau.edu.cn/,,school_verified
172,江西农业大学,001,,物理类,物理,不限,531,91557,,普通本科批,https://www.jxau.edu.cn/,https://www.jxau.edu.cn/,,school_verified
172,江西农业大学,005,,物理类,物理,化学,528,95828,,普通本科批,https://www.jxau.edu.cn/,https://www.jxau.edu.cn/,,school_verified
172,江西农业大学,002,,物理类,物理,不限,528,96047,,普通本科批,https://www.jxau.edu.cn/,https://www.jxau.edu.cn/,,school_verified
172,江西农业大学,003,,物理类,物理,化学,525,99520,,普通本科批,https://www.jxau.edu.cn/,https://www.jxau.edu.cn/,,school_verified
173,扬州大学,003,,物理类,物理,化学,604,23961,,普通本科批,https://www.yzu.edu.cn/,https://www.yzu.edu.cn/,,school_verified
173,扬州大学,006,,物理类,物理,化学,601,25960,,普通本科批,https://www.yzu.edu.cn/,https://www.yzu.edu.cn/,,school_verified
173,扬州大学,003,,历史类,历史,不限,593,4294,,普通本科批,https://www.yzu.edu.cn/,https://www.yzu.edu.cn/,,school_verified
173,扬州大学,004,,历史类,历史,不限,584,5884,,普通本科批,https://www.yzu.edu.cn/,https://www.yzu.edu.cn/,,school_verified
173,扬州大学,002,,物理类,物理,不限,584,37842,,普通本科批,https://www.yzu.edu.cn/,https://www.yzu.edu.cn/,,school_verified
173,扬州大学,004,,物理类,物理,化学,582,39922,,普通本科批,https://www.yzu.edu.cn/,https://www.yzu.edu.cn/,,school_verified
173,扬州大学,002,,历史类,历史,不限,581,6299,,普通本科批,https://www.yzu.edu.cn/,https://www.yzu.edu.cn/,,school_verified
173,扬州大学,008,,物理类,物理,化学,579,42522,,普通本科批,https://www.yzu.edu.cn/,https://www.yzu.edu.cn/,,school_verified
174,江西师范大学,007,,历史类,历史,思想政治,573,8041,,普通本科批,https://www.jxnu.edu.cn/xxzc_13114/list.htm,https://www.jxnu.edu.cn/xxzc_13114/list.htm,,school_verified
174,江西师范大学,002,,历史类,历史,不限,571,8306,,普通本科批,https://www.jxnu.edu.cn/xxzc_13114/list.htm,https://www.jxnu.edu.cn/xxzc_13114/list.htm,,school_verified
174,江西师范大学,008,,历史类,历史,地理,568,9101,,普通本科批,https://www.jxnu.edu.cn/xxzc_13114/list.htm,https://www.jxnu.edu.cn/xxzc_13114/list.htm,,school_verified
174,江西师范大学,003,,历史类,历史,不限,560,11161,,普通本科批,https://www.jxnu.edu.cn/xxzc_13114/list.htm,https://www.jxnu.edu.cn/xxzc_13114/list.htm,,school_verified
174,江西师范大学,007,,物理类,物理,地理,560,59160,,普通本科批,https://www.jxnu.edu.cn/xxzc_13114/list.htm,https://www.jxnu.edu.cn/xxzc_13114/list.htm,,school_verified
174,江西师范大学,005,,物理类,物理,化学,558,62007,,普通本科批,https://www.jxnu.edu.cn/xxzc_13114/list.htm,https://www.jxnu.edu.cn/xxzc_13114/list.htm,,school_verified
174,江西师范大学,005,,历史类,历史,不限,550,13891,,普通本科批,https://www.jxnu.edu.cn/xxzc_13114/list.htm,https://www.jxnu.edu.cn/xxzc_13114/list.htm,,school_verified
174,江西师范大学,006,,物理类,物理,化学,550,70511,,普通本科批,https://www.jxnu.edu.cn/xxzc_13114/list.htm,https://www.jxnu.edu.cn/xxzc_13114/list.htm,,school_verified
174,江西师范大学,004,,历史类,历史,不限,546,15250,,普通本科批,https://www.jxnu.edu.cn/xxzc_13114/list.htm,https://www.jxnu.edu.cn/xxzc_13114/list.htm,,school_verified
175,江西财经大学,005,,物理类,物理,化学,584,38197,,普通本科批,https://zsjy.jxufe.edu.cn/,https://zsjy.jxufe.edu.cn/,,school_verified
175,江西财经大学,002,,历史类,历史,不限,583,5944,,普通本科批,https://zsjy.jxufe.edu.cn/,https://zsjy.jxufe.edu.cn/,,school_verified
175,江西财经大学,001,,历史类,历史,不限,580,6508,,普通本科批,https://zsjy.jxufe.edu.cn/,https://zsjy.jxufe.edu.cn/,,school_verified
175,江西财经大学,003,,物理类,物理,不限,580,41360,,普通本科批,https://zsjy.jxufe.edu.cn/,https://zsjy.jxufe.edu.cn/,,school_verified
175,江西财经大学,006,,物理类,物理,化学,579,42266,,普通本科批,https://zsjy.jxufe.edu.cn/,https://zsjy.jxufe.edu.cn/,,school_verified
175,江西财经大学,004,,物理类,物理,不限,578,43253,,普通本科批,https://zsjy.jxufe.edu.cn/,https://zsjy.jxufe.edu.cn/,,school_verified
175,江西财经大学,052,,物理类,物理,化学,573,47117,,普通本科批,https://zsjy.jxufe.edu.cn/,https://zsjy.jxufe.edu.cn/,,school_verified
175,江西财经大学,051,,物理类,物理,不限,567,52696,,普通本科批,https://zsjy.jxufe.edu.cn/,https://zsjy.jxufe.edu.cn/,,school_verified
175,江西财经大学,002,,物理类,物理,化学,557,62719,,普通本科批,https://zsjy.jxufe.edu.cn/,https://zsjy.jxufe.edu.cn/,,school_verified
175,江西财经大学,001,,物理类,物理,不限,549,70974,,普通本科批,https://zsjy.jxufe.edu.cn/,https://zsjy.jxufe.edu.cn/,,school_verified
176,东华理工大学,001,,历史类,历史,不限,538,17563,,普通本科批,https://zsb.ecut.edu.cn/fe/a3/c977a130723/page.htm,https://zsb.ecut.edu.cn/fe/a3/c977a130723/page.htm,,school_verified
176,东华理工大学,003,,物理类,物理,化学,531,92316,,普通本科批,https://zsb.ecut.edu.cn/fe/a3/c977a130723/page.htm,https://zsb.ecut.edu.cn/fe/a3/c977a130723/page.htm,,school_verified
176,东华理工大学,002,,物理类,物理,不限,510,119928,,普通本科批,https://zsb.ecut.edu.cn/fe/a3/c977a130723/page.htm,https://zsb.ecut.edu.cn/fe/a3/c977a130723/page.htm,,school_verified
177,南昌航空大学,004,,物理类,物理,化学,589,34190,,普通本科批,https://www.nchu.edu.cn/xxgk/xxzc,https://www.nchu.edu.cn/xxgk/xxzc,,school_verified
177,南昌航空大学,003,,物理类,物理,化学,587,36261,,普通本科批,https://www.nchu.edu.cn/xxgk/xxzc,https://www.nchu.edu.cn/xxgk/xxzc,,school_verified
177,南昌航空大学,005,,物理类,物理,化学,584,38559,,普通本科批,https://www.nchu.edu.cn/xxgk/xxzc,https://www.nchu.edu.cn/xxgk/xxzc,,school_verified
177,南昌航空大学,006,,物理类,物理,化学,573,47160,,普通本科批,https://www.nchu.edu.cn/xxgk/xxzc,https://www.nchu.edu.cn/xxgk/xxzc,,school_verified
177,南昌航空大学,002,,物理类,物理,化学,570,50488,,普通本科批,https://www.nchu.edu.cn/xxgk/xxzc,https://www.nchu.edu.cn/xxgk/xxzc,,school_verified
177,南昌航空大学,001,,历史类,历史,不限,551,13533,,普通本科批,https://www.nchu.edu.cn/xxgk/xxzc,https://www.nchu.edu.cn/xxgk/xxzc,,school_verified
177,南昌航空大学,001,,物理类,物理,不限,550,69979,,普通本科批,https://www.nchu.edu.cn/xxgk/xxzc,https://www.nchu.edu.cn/xxgk/xxzc,,school_verified
177,南昌航空大学,002,,历史类,历史,不限,546,15269,,普通本科批,https://www.nchu.edu.cn/xxgk/xxzc,https://www.nchu.edu.cn/xxgk/xxzc,,school_verified
177,南昌航空大学,003,,历史类,历史,不限,522,23706,,普通本科批,https://www.nchu.edu.cn/xxgk/xxzc,https://www.nchu.edu.cn/xxgk/xxzc,,school_verified
178,重庆医科大学,001,,物理类,物理,化学,605,23803,,普通本科批,https://bzkzs.cqmu.edu.cn/info/1062/1842.htm,https://bzkzs.cqmu.edu.cn/info/1062/1842.htm,,school_verified
178,重庆医科大学,005,,物理类,物理,化学,585,37165,,普通本科批,https://bzkzs.cqmu.edu.cn/info/1062/1842.htm,https://bzkzs.cqmu.edu.cn/info/1062/1842.htm,,school_verified
178,重庆医科大学,002,,物理类,物理,化学,574,46916,,普通本科批,https://bzkzs.cqmu.edu.cn/info/1062/1842.htm,https://bzkzs.cqmu.edu.cn/info/1062/1842.htm,,school_verified
178,重庆医科大学,004,,物理类,物理,化学,562,57642,,普通本科批,https://bzkzs.cqmu.edu.cn/info/1062/1842.htm,https://bzkzs.cqmu.edu.cn/info/1062/1842.htm,,school_verified
178,重庆医科大学,003,,物理类,物理,化学,554,66165,,普通本科批,https://bzkzs.cqmu.edu.cn/info/1062/1842.htm,https://bzkzs.cqmu.edu.cn/info/1062/1842.htm,,school_verified
179,重庆师范大学,002,,物理类,物理,化学,571,48803,,普通本科批,https://www.cqnu.edu.cn/xxgl1/xxzc.htm,https://www.cqnu.edu.cn/xxgl1/xxzc.htm,,school_verified
179,重庆师范大学,001,,历史类,历史,不限,565,9812,,普通本科批,https://www.cqnu.edu.cn/xxgl1/xxzc.htm,https://www.cqnu.edu.cn/xxgl1/xxzc.htm,,school_verified
179,重庆师范大学,003,,物理类,物理,化学,563,56867,,普通本科批,https://www.cqnu.edu.cn/xxgl1/xxzc.htm,https://www.cqnu.edu.cn/xxgl1/xxzc.htm,,school_verified
179,重庆师范大学,001,,物理类,物理,不限,549,71103,,普通本科批,https://www.cqnu.edu.cn/xxgl1/xxzc.htm,https://www.cqnu.edu.cn/xxgl1/xxzc.htm,,school_verified
179,重庆师范大学,002,,历史类,历史,不限,537,18057,,普通本科批,https://www.cqnu.edu.cn/xxgl1/xxzc.htm,https://www.cqnu.edu.cn/xxgl1/xxzc.htm,,school_verified
180,西南政法大学,003,,历史类,历史,不限,614,1871,,普通本科批,https://www.swupl.edu.cn/xxgk/xxzc/index.htm,https://www.swupl.edu.cn/xxgk/xxzc/index.htm,,school_verified
180,西南政法大学,004,,物理类,物理,不限,613,19027,,普通本科批,https://www.swupl.edu.cn/xxgk/xxzc/index.htm,https://www.swupl.edu.cn/xxgk/xxzc/index.htm,,school_verified
180,西南政法大学,004,,历史类,历史,不限,612,2064,,普通本科批,https://www.swupl.edu.cn/xxgk/xxzc/index.htm,https://www.swupl.edu.cn/xxgk/xxzc/index.htm,,school_verified
180,西南政法大学,003,,物理类,物理,不限,595,30188,,普通本科批,https://www.swupl.edu.cn/xxgk/xxzc/index.htm,https://www.swupl.edu.cn/xxgk/xxzc/index.htm,,school_verified
183,景德镇陶瓷大学,001,,历史类,历史,不限,546,15029,,普通本科批,https://www.jcu.edu.cn/about/xxzc.htm,https://www.jcu.edu.cn/about/xxzc.htm,,school_verified
183,景德镇陶瓷大学,003,,历史类,历史,不限,539,17467,,普通本科批,https://www.jcu.edu.cn/about/xxzc.htm,https://www.jcu.edu.cn/about/xxzc.htm,,school_verified
183,景德镇陶瓷大学,001,,物理类,物理,不限,539,82233,,普通本科批,https://www.jcu.edu.cn/about/xxzc.htm,https://www.jcu.edu.cn/about/xxzc.htm,,school_verified
183,景德镇陶瓷大学,003,,物理类,物理,化学,535,87137,,普通本科批,https://www.jcu.edu.cn/about/xxzc.htm,https://www.jcu.edu.cn/about/xxzc.htm,,school_verified
183,景德镇陶瓷大学,002,,历史类,历史,不限,532,19943,,普通本科批,https://www.jcu.edu.cn/about/xxzc.htm,https://www.jcu.edu.cn/about/xxzc.htm,,school_verified
183,景德镇陶瓷大学,002,,物理类,物理,不限,529,94842,,普通本科批,https://www.jcu.edu.cn/about/xxzc.htm,https://www.jcu.edu.cn/about/xxzc.htm,,school_verified
184,重庆邮电大学,004,,物理类,物理,化学,605,23325,,普通本科批,https://www.cqupt.edu.cn/xxgk/xxzc.htm,https://www.cqupt.edu.cn/xxgk/xxzc.htm,,school_verified
184,重庆邮电大学,002,,物理类,物理,不限,601,26083,,普通本科批,https://www.cqupt.edu.cn/xxgk/xxzc.htm,https://www.cqupt.edu.cn/xxgk/xxzc.htm,,school_verified
184,重庆邮电大学,003,,物理类,物理,化学,599,27635,,普通本科批,https://www.cqupt.edu.cn/xxgk/xxzc.htm,https://www.cqupt.edu.cn/xxgk/xxzc.htm,,school_verified
184,重庆邮电大学,001,,物理类,物理,不限,597,28539,,普通本科批,https://www.cqupt.edu.cn/xxgk/xxzc.htm,https://www.cqupt.edu.cn/xxgk/xxzc.htm,,school_verified
184,重庆邮电大学,005,,物理类,物理,化学,587,35885,,普通本科批,https://www.cqupt.edu.cn/xxgk/xxzc.htm,https://www.cqupt.edu.cn/xxgk/xxzc.htm,,school_verified
184,重庆邮电大学,001,,历史类,历史,不限,571,8492,,普通本科批,https://www.cqupt.edu.cn/xxgk/xxzc.htm,https://www.cqupt.edu.cn/xxgk/xxzc.htm,,school_verified
184,重庆邮电大学,002,,历史类,历史,不限,539,17273,,普通本科批,https://www.cqupt.edu.cn/xxgk/xxzc.htm,https://www.cqupt.edu.cn/xxgk/xxzc.htm,,school_verified
185,江西中医药大学,002,,历史类,历史,不限,558,11738,,普通本科批,https://www.jxutcm.edu.cn/info/1131/37015.htm,https://www.jxutcm.edu.cn/info/1131/37015.htm,,school_verified
185,江西中医药大学,004,,物理类,物理,生物,543,78451,,普通本科批,https://www.jxutcm.edu.cn/info/1131/37015.htm,https://www.jxutcm.edu.cn/info/1131/37015.htm,,school_verified
185,江西中医药大学,001,,物理类,物理,不限,536,86496,,普通本科批,https://www.jxutcm.edu.cn/info/1131/37015.htm,https://www.jxutcm.edu.cn/info/1131/37015.htm,,school_verified
185,江西中医药大学,001,,历史类,历史,不限,525,22639,,普通本科批,https://www.jxutcm.edu.cn/info/1131/37015.htm,https://www.jxutcm.edu.cn/info/1131/37015.htm,,school_verified
185,江西中医药大学,003,,历史类,历史,生物,524,23021,,普通本科批,https://www.jxutcm.edu.cn/info/1131/37015.htm,https://www.jxutcm.edu.cn/info/1131/37015.htm,,school_verified
185,江西中医药大学,005,,物理类,物理,生物,522,104065,,普通本科批,https://www.jxutcm.edu.cn/info/1131/37015.htm,https://www.jxutcm.edu.cn/info/1131/37015.htm,,school_verified
185,江西中医药大学,003,,物理类,物理,化学,516,112140,,普通本科批,https://www.jxutcm.edu.cn/info/1131/37015.htm,https://www.jxutcm.edu.cn/info/1131/37015.htm,,school_verified
185,江西中医药大学,002,,物理类,物理,不限,513,116353,,普通本科批,https://www.jxutcm.edu.cn/info/1131/37015.htm,https://www.jxutcm.edu.cn/info/1131/37015.htm,,school_verified
186,上饶师范学院,001,,历史类,历史,不限,522,23727,,普通本科批,http://zsjy.sru.edu.cn/,http://zsjy.sru.edu.cn/,,school_verified
186,上饶师范学院,003,,物理类,物理,地理,510,120105,,普通本科批,http://zsjy.sru.edu.cn/,http://zsjy.sru.edu.cn/,,school_verified
186,上饶师范学院,002,,物理类,物理,化学,504,128446,,普通本科批,http://zsjy.sru.edu.cn/,http://zsjy.sru.edu.cn/,,school_verified
186,上饶师范学院,001,,物理类,物理,不限,503,129903,,普通本科批,http://zsjy.sru.edu.cn/,http://zsjy.sru.edu.cn/,,school_verified
187,重庆理工大学,002,,物理类,物理,化学,579,42276,,普通本科批,https://www.cqut.edu.cn,https://www.cqut.edu.cn,,school_verified
187,重庆理工大学,001,,物理类,物理,不限,557,62810,,普通本科批,https://www.cqut.edu.cn,https://www.cqut.edu.cn,,school_verified
187,重庆理工大学,003,,物理类,物理,化学,554,65437,,普通本科批,https://www.cqut.edu.cn,https://www.cqut.edu.cn,,school_verified
187,重庆理工大学,002,,历史类,历史,不限,542,16371,,普通本科批,https://www.cqut.edu.cn,https://www.cqut.edu.cn,,school_verified
187,重庆理工大学,001,,历史类,历史,不限,538,17817,,普通本科批,https://www.cqut.edu.cn,https://www.cqut.edu.cn,,school_verified
188,辽东学院,002,,历史类,历史,不限,506,30459,,普通本科批,https://www.liaodongu.edu.cn/zhaosheng/info/1041/2241.htm,https://www.liaodongu.edu.cn/zhaosheng/info/1041/2241.htm,,school_verified
188,辽东学院,003,,历史类,历史,地理,505,30740,,普通本科批,https://www.liaodongu.edu.cn/zhaosheng/info/1041/2241.htm,https://www.liaodongu.edu.cn/zhaosheng/info/1041/2241.htm,,school_verified
188,辽东学院,001,,历史类,历史,不限,503,31631,,普通本科批,https://www.liaodongu.edu.cn/zhaosheng/info/1041/2241.htm,https://www.liaodongu.edu.cn/zhaosheng/info/1041/2241.htm,,school_verified
188,辽东学院,003,,物理类,物理,不限,491,147822,,普通本科批,https://www.liaodongu.edu.cn/zhaosheng/info/1041/2241.htm,https://www.liaodongu.edu.cn/zhaosheng/info/1041/2241.htm,,school_verified
188,辽东学院,004,,物理类,物理,化学,490,149765,,普通本科批,https://www.liaodongu.edu.cn/zhaosheng/info/1041/2241.htm,https://www.liaodongu.edu.cn/zhaosheng/info/1041/2241.htm,,school_verified
188,辽东学院,002,,物理类,物理,不限,489,150145,,普通本科批,https://www.liaodongu.edu.cn/zhaosheng/info/1041/2241.htm,https://www.liaodongu.edu.cn/zhaosheng/info/1041/2241.htm,,school_verified
188,辽东学院,001,,物理类,物理,不限,489,151202,,普通本科批,https://www.liaodongu.edu.cn/zhaosheng/info/1041/2241.htm,https://www.liaodongu.edu.cn/zhaosheng/info/1041/2241.htm,,school_verified
189,赣南师范大学,006,,历史类,历史,思想政治,546,15309,,普通本科批,https://zs.gnnu.edu.cn/info/1018/3232.htm,https://zs.gnnu.edu.cn/info/1018/3232.htm,,school_verified
189,赣南师范大学,001,,历史类,历史,不限,537,18212,,普通本科批,https://zs.gnnu.edu.cn/info/1018/3232.htm,https://zs.gnnu.edu.cn/info/1018/3232.htm,,school_verified
189,赣南师范大学,003,,历史类,历史,不限,531,20338,,普通本科批,https://zs.gnnu.edu.cn/info/1018/3232.htm,https://zs.gnnu.edu.cn/info/1018/3232.htm,,school_verified
189,赣南师范大学,005,,物理类,物理,化学,531,92564,,普通本科批,https://zs.gnnu.edu.cn/info/1018/3232.htm,https://zs.gnnu.edu.cn/info/1018/3232.htm,,school_verified
189,赣南师范大学,002,,历史类,历史,不限,529,21104,,普通本科批,https://zs.gnnu.edu.cn/info/1018/3232.htm,https://zs.gnnu.edu.cn/info/1018/3232.htm,,school_verified
189,赣南师范大学,004,,历史类,历史,不限,528,21486,,普通本科批,https://zs.gnnu.edu.cn/info/1018/3232.htm,https://zs.gnnu.edu.cn/info/1018/3232.htm,,school_verified
189,赣南师范大学,004,,物理类,物理,化学,525,100155,,普通本科批,https://zs.gnnu.edu.cn/info/1018/3232.htm,https://zs.gnnu.edu.cn/info/1018/3232.htm,,school_verified
189,赣南师范大学,008,,物理类,物理,地理,523,102791,,普通本科批,https://zs.gnnu.edu.cn/info/1018/3232.htm,https://zs.gnnu.edu.cn/info/1018/3232.htm,,school_verified
189,赣南师范大学,005,,历史类,历史,不限,518,25419,,普通本科批,https://zs.gnnu.edu.cn/info/1018/3232.htm,https://zs.gnnu.edu.cn/info/1018/3232.htm,,school_verified
189,赣南师范大学,003,,物理类,物理,不限,517,110771,,普通本科批,https://zs.gnnu.edu.cn/info/1018/3232.htm,https://zs.gnnu.edu.cn/info/1018/3232.htm,,school_verified
190,江西科技师范大学,001,,历史类,历史,不限,536,18326,,普通本科批,https://www.jxstnu.edu.cn/info/1011/88691.htm,https://www.jxstnu.edu.cn/info/1011/88691.htm,,school_verified
190,江西科技师范大学,002,,物理类,物理,化学,522,103871,,普通本科批,https://www.jxstnu.edu.cn/info/1011/88691.htm,https://www.jxstnu.edu.cn/info/1011/88691.htm,,school_verified
190,江西科技师范大学,001,,物理类,物理,不限,519,106972,,普通本科批,https://www.jxstnu.edu.cn/info/1011/88691.htm,https://www.jxstnu.edu.cn/info/1011/88691.htm,,school_verified
191,长江师范学院,001,,历史类,历史,不限,527,21517,,普通本科批,https://zsb.yznu.edu.cn/2026/0310/c5912a275042/page.htm,https://zsb.yznu.edu.cn/2026/0310/c5912a275042/page.htm,,school_verified
191,长江师范学院,001,,物理类,物理,不限,511,118265,,普通本科批,https://zsb.yznu.edu.cn/2026/0310/c5912a275042/page.htm,https://zsb.yznu.edu.cn/2026/0310/c5912a275042/page.htm,,school_verified
191,长江师范学院,003,,物理类,物理,化学,509,121050,,普通本科批,https://zsb.yznu.edu.cn/2026/0310/c5912a275042/page.htm,https://zsb.yznu.edu.cn/2026/0310/c5912a275042/page.htm,,school_verified
191,长江师范学院,002,,物理类,物理,化学,507,124265,,普通本科批,https://zsb.yznu.edu.cn/2026/0310/c5912a275042/page.htm,https://zsb.yznu.edu.cn/2026/0310/c5912a275042/page.htm,,school_verified
192,宜春学院,003,,物理类,物理,化学、生物(2科必选),523,102777,,普通本科批,https://zsw.jxycu.edu.cn/zsw/2026/0228/c2080a149637/page.htm,https://zsw.jxycu.edu.cn/zsw/2026/0228/c2080a149637/page.htm,,school_verified
192,宜春学院,002,,历史类,历史,思想政治,519,24682,,普通本科批,https://zsw.jxycu.edu.cn/zsw/2026/0228/c2080a149637/page.htm,https://zsw.jxycu.edu.cn/zsw/2026/0228/c2080a149637/page.htm,,school_verified
192,宜春学院,001,,历史类,历史,不限,511,28277,,普通本科批,https://zsw.jxycu.edu.cn/zsw/2026/0228/c2080a149637/page.htm,https://zsw.jxycu.edu.cn/zsw/2026/0228/c2080a149637/page.htm,,school_verified
192,宜春学院,001,,物理类,物理,不限,510,120121,,普通本科批,https://zsw.jxycu.edu.cn/zsw/2026/0228/c2080a149637/page.htm,https://zsw.jxycu.edu.cn/zsw/2026/0228/c2080a149637/page.htm,,school_verified
192,宜春学院,002,,物理类,物理,化学,503,130436,,普通本科批,https://zsw.jxycu.edu.cn/zsw/2026/0228/c2080a149637/page.htm,https://zsw.jxycu.edu.cn/zsw/2026/0228/c2080a149637/page.htm,,school_verified
193,四川外国语大学,005,,历史类,历史,思想政治,572,8222,,普通本科批,https://www.sisu.edu.cn/zsjy/index.htm,https://www.sisu.edu.cn/zsjy/index.htm,,school_verified
193,四川外国语大学,002,,历史类,历史,不限,567,9406,,普通本科批,https://www.sisu.edu.cn/zsjy/index.htm,https://www.sisu.edu.cn/zsjy/index.htm,,school_verified
193,四川外国语大学,003,,历史类,历史,不限,561,10909,,普通本科批,https://www.sisu.edu.cn/zsjy/index.htm,https://www.sisu.edu.cn/zsjy/index.htm,,school_verified
193,四川外国语大学,005,,物理类,物理,思想政治,559,60782,,普通本科批,https://www.sisu.edu.cn/zsjy/index.htm,https://www.sisu.edu.cn/zsjy/index.htm,,school_verified
193,四川外国语大学,002,,物理类,物理,不限,558,61893,,普通本科批,https://www.sisu.edu.cn/zsjy/index.htm,https://www.sisu.edu.cn/zsjy/index.htm,,school_verified
193,四川外国语大学,004,,物理类,物理,不限,555,65041,,普通本科批,https://www.sisu.edu.cn/zsjy/index.htm,https://www.sisu.edu.cn/zsjy/index.htm,,school_verified
193,四川外国语大学,004,,历史类,历史,不限,554,12857,,普通本科批,https://www.sisu.edu.cn/zsjy/index.htm,https://www.sisu.edu.cn/zsjy/index.htm,,school_verified
193,四川外国语大学,003,,物理类,物理,不限,553,67146,,普通本科批,https://www.sisu.edu.cn/zsjy/index.htm,https://www.sisu.edu.cn/zsjy/index.htm,,school_verified
194,九江学院,001,,历史类,历史,不限,513,27399,,普通本科批,https://www.jju.edu.cn/xxgk/jjxyzc.htm,https://www.jju.edu.cn/xxgk/jjxyzc.htm,,school_verified
194,九江学院,003,,历史类,历史,地理,512,27621,,普通本科批,https://www.jju.edu.cn/xxgk/jjxyzc.htm,https://www.jju.edu.cn/xxgk/jjxyzc.htm,,school_verified
194,九江学院,002,,历史类,历史,不限,504,31239,,普通本科批,https://www.jju.edu.cn/xxgk/jjxyzc.htm,https://www.jju.edu.cn/xxgk/jjxyzc.htm,,school_verified
194,九江学院,001,,物理类,物理,化学,504,128400,,普通本科批,https://www.jju.edu.cn/xxgk/jjxyzc.htm,https://www.jju.edu.cn/xxgk/jjxyzc.htm,,school_verified
195,赣南医科大学,001,,历史类,历史,不限,524,22660,,普通本科批,https://gmu.cn/xxgk1/xxzc.htm,https://gmu.cn/xxgk1/xxzc.htm,,school_verified
195,赣南医科大学,002,,物理类,物理,化学,516,111002,,普通本科批,https://gmu.cn/xxgk1/xxzc.htm,https://gmu.cn/xxgk1/xxzc.htm,,school_verified
195,赣南医科大学,002,,历史类,历史,生物,513,27469,,普通本科批,https://gmu.cn/xxgk1/xxzc.htm,https://gmu.cn/xxgk1/xxzc.htm,,school_verified
195,赣南医科大学,001,,物理类,物理,不限,513,115472,,普通本科批,https://gmu.cn/xxgk1/xxzc.htm,https://gmu.cn/xxgk1/xxzc.htm,,school_verified
195,赣南医科大学,003,,物理类,物理,生物,511,117776,,普通本科批,https://gmu.cn/xxgk1/xxzc.htm,https://gmu.cn/xxgk1/xxzc.htm,,school_verified
196,四川美术学院,002,,物理类,物理,化学,550,70111,,普通本科批,https://www.scfai.edu.cn/zsb/info/1073/4266.htm,https://www.scfai.edu.cn/zsb/info/1073/4266.htm,,school_verified
196,四川美术学院,001,,物理类,物理,不限,534,88176,,普通本科批,https://www.scfai.edu.cn/zsb/info/1073/4266.htm,https://www.scfai.edu.cn/zsb/info/1073/4266.htm,,school_verified
196,四川美术学院,001,,历史类,历史,不限,529,20771,,普通本科批,https://www.scfai.edu.cn/zsb/info/1073/4266.htm,https://www.scfai.edu.cn/zsb/info/1073/4266.htm,,school_verified
197,井冈山大学,001,,历史类,历史,不限,524,22907,,普通本科批,https://www.jgsu.edu.cn/,https://www.jgsu.edu.cn/,,school_verified
197,井冈山大学,003,,物理类,物理,化学,521,105082,,普通本科批,https://www.jgsu.edu.cn/,https://www.jgsu.edu.cn/,,school_verified
197,井冈山大学,004,,物理类,物理,化学,506,124976,,普通本科批,https://www.jgsu.edu.cn/,https://www.jgsu.edu.cn/,,school_verified
197,井冈山大学,001,,物理类,物理,不限,506,126002,,普通本科批,https://www.jgsu.edu.cn/,https://www.jgsu.edu.cn/,,school_verified
197,井冈山大学,002,,物理类,物理,不限,495,141824,,普通本科批,https://www.jgsu.edu.cn/,https://www.jgsu.edu.cn/,,school_verified
198,重庆三峡科技大学,001,,历史类,历史,不限,528,21224,,普通本科批,https://zsb.sanxiau.edu.cn/zszc.htm,https://zsb.sanxiau.edu.cn/zszc.htm,,school_verified
198,重庆三峡科技大学,002,,物理类,物理,化学,521,104465,,普通本科批,https://zsb.sanxiau.edu.cn/zszc.htm,https://zsb.sanxiau.edu.cn/zszc.htm,,school_verified
198,重庆三峡科技大学,001,,物理类,物理,不限,493,144868,,普通本科批,https://zsb.sanxiau.edu.cn/zszc.htm,https://zsb.sanxiau.edu.cn/zszc.htm,,school_verified
199,石河子大学,005,,物理类,物理,化学,583,39299,,普通本科批,https://zsb.shzu.edu.cn/14124/list.htm,https://zsb.shzu.edu.cn/14124/list.htm,,school_verified
199,石河子大学,001,,历史类,历史,不限,568,9041,,普通本科批,https://zsb.shzu.edu.cn/14124/list.htm,https://zsb.shzu.edu.cn/14124/list.htm,,school_verified
199,石河子大学,004,,物理类,物理,化学,555,64303,,普通本科批,https://zsb.shzu.edu.cn/14124/list.htm,https://zsb.shzu.edu.cn/14124/list.htm,,school_verified
199,石河子大学,003,,物理类,物理,不限,551,68850,,普通本科批,https://zsb.shzu.edu.cn/14124/list.htm,https://zsb.shzu.edu.cn/14124/list.htm,,school_verified
202,沈阳医学院,005,,物理类,物理,生物,539,82506,,普通本科批,https://zssy.symc.edu.cn/zszc.htm,https://zssy.symc.edu.cn/zszc.htm,,school_verified
202,沈阳医学院,001,,历史类,历史,不限,509,29181,,普通本科批,https://zssy.symc.edu.cn/zszc.htm,https://zssy.symc.edu.cn/zszc.htm,,school_verified
202,沈阳医学院,002,,历史类,历史,生物,508,29738,,普通本科批,https://zssy.symc.edu.cn/zszc.htm,https://zssy.symc.edu.cn/zszc.htm,,school_verified
202,沈阳医学院,002,,物理类,物理,化学,506,125453,,普通本科批,https://zssy.symc.edu.cn/zszc.htm,https://zssy.symc.edu.cn/zszc.htm,,school_verified
202,沈阳医学院,003,,物理类,物理,化学,502,130989,,普通本科批,https://zssy.symc.edu.cn/zszc.htm,https://zssy.symc.edu.cn/zszc.htm,,school_verified
202,沈阳医学院,004,,物理类,物理,化学,499,136289,,普通本科批,https://zssy.symc.edu.cn/zszc.htm,https://zssy.symc.edu.cn/zszc.htm,,school_verified
202,沈阳医学院,001,,物理类,物理,不限,492,146010,,普通本科批,https://zssy.symc.edu.cn/zszc.htm,https://zssy.symc.edu.cn/zszc.htm,,school_verified
203,沈阳体育学院,001,,物理类,物理,不限,500,134897,,普通本科批,https://www.syty.edu.cn/,https://www.syty.edu.cn/,,school_verified
203,沈阳体育学院,002,,物理类,物理,不限,499,136031,,普通本科批,https://www.syty.edu.cn/,https://www.syty.edu.cn/,,school_verified
204,鞍山师范学院,005,,历史类,历史,思想政治,511,28351,,普通本科批,https://zsw.asnc.edu.cn/zszc/52505e95fcde436fba2bdb44411daae5.htm,https://zsw.asnc.edu.cn/zszc/52505e95fcde436fba2bdb44411daae5.htm,,school_verified
204,鞍山师范学院,006,,物理类,物理,思想政治,506,126073,,普通本科批,https://zsw.asnc.edu.cn/zszc/52505e95fcde436fba2bdb44411daae5.htm,https://zsw.asnc.edu.cn/zszc/52505e95fcde436fba2bdb44411daae5.htm,,school_verified
204,鞍山师范学院,003,,历史类,历史,不限,505,31036,,普通本科批,https://zsw.asnc.edu.cn/zszc/52505e95fcde436fba2bdb44411daae5.htm,https://zsw.asnc.edu.cn/zszc/52505e95fcde436fba2bdb44411daae5.htm,,school_verified
204,鞍山师范学院,001,,历史类,历史,不限,503,31700,,普通本科批,https://zsw.asnc.edu.cn/zszc/52505e95fcde436fba2bdb44411daae5.htm,https://zsw.asnc.edu.cn/zszc/52505e95fcde436fba2bdb44411daae5.htm,,school_verified
204,鞍山师范学院,004,,历史类,历史,不限,502,32225,,普通本科批,https://zsw.asnc.edu.cn/zszc/52505e95fcde436fba2bdb44411daae5.htm,https://zsw.asnc.edu.cn/zszc/52505e95fcde436fba2bdb44411daae5.htm,,school_verified
204,鞍山师范学院,002,,历史类,历史,不限,501,32583,,普通本科批,https://zsw.asnc.edu.cn/zszc/52505e95fcde436fba2bdb44411daae5.htm,https://zsw.asnc.edu.cn/zszc/52505e95fcde436fba2bdb44411daae5.htm,,school_verified
204,鞍山师范学院,001,,物理类,物理,不限,500,134679,,普通本科批,https://zsw.asnc.edu.cn/zszc/52505e95fcde436fba2bdb44411daae5.htm,https://zsw.asnc.edu.cn/zszc/52505e95fcde436fba2bdb44411daae5.htm,,school_verified
204,鞍山师范学院,003,,物理类,物理,不限,493,144835,,普通本科批,https://zsw.asnc.edu.cn/zszc/52505e95fcde436fba2bdb44411daae5.htm,https://zsw.asnc.edu.cn/zszc/52505e95fcde436fba2bdb44411daae5.htm,,school_verified
204,鞍山师范学院,002,,物理类,物理,不限,493,145008,,普通本科批,https://zsw.asnc.edu.cn/zszc/52505e95fcde436fba2bdb44411daae5.htm,https://zsw.asnc.edu.cn/zszc/52505e95fcde436fba2bdb44411daae5.htm,,school_verified
204,鞍山师范学院,005,,物理类,物理,化学,490,148605,,普通本科批,https://zsw.asnc.edu.cn/zszc/52505e95fcde436fba2bdb44411daae5.htm,https://zsw.asnc.edu.cn/zszc/52505e95fcde436fba2bdb44411daae5.htm,,school_verified
205,辽宁中医药大学,001,,历史类,历史,不限,558,11597,,普通本科批,https://zs.lnutcm.edu.cn/module/news_info.html?article_id=22720&,https://zs.lnutcm.edu.cn/module/news_info.html?article_id=22720&,,school_verified
205,辽宁中医药大学,003,,物理类,物理,化学,534,88652,,普通本科批,https://zs.lnutcm.edu.cn/module/news_info.html?article_id=22720&,https://zs.lnutcm.edu.cn/module/news_info.html?article_id=22720&,,school_verified
205,辽宁中医药大学,001,,物理类,物理,不限,533,89945,,普通本科批,https://zs.lnutcm.edu.cn/module/news_info.html?article_id=22720&,https://zs.lnutcm.edu.cn/module/news_info.html?article_id=22720&,,school_verified
205,辽宁中医药大学,002,,历史类,历史,不限,517,25480,,普通本科批,https://zs.lnutcm.edu.cn/module/news_info.html?article_id=22720&,https://zs.lnutcm.edu.cn/module/news_info.html?article_id=22720&,,school_verified
205,辽宁中医药大学,006,,物理类,物理,化学,516,110917,,普通本科批,https://zs.lnutcm.edu.cn/module/news_info.html?article_id=22720&,https://zs.lnutcm.edu.cn/module/news_info.html?article_id=22720&,,school_verified
205,辽宁中医药大学,004,,物理类,物理,化学,508,122060,,普通本科批,https://zs.lnutcm.edu.cn/module/news_info.html?article_id=22720&,https://zs.lnutcm.edu.cn/module/news_info.html?article_id=22720&,,school_verified
205,辽宁中医药大学,002,,物理类,物理,不限,505,127314,,普通本科批,https://zs.lnutcm.edu.cn/module/news_info.html?article_id=22720&,https://zs.lnutcm.edu.cn/module/news_info.html?article_id=22720&,,school_verified
205,辽宁中医药大学,005,,物理类,物理,化学,503,129746,,普通本科批,https://zs.lnutcm.edu.cn/module/news_info.html?article_id=22720&,https://zs.lnutcm.edu.cn/module/news_info.html?article_id=22720&,,school_verified
207,锦州医科大学,004,,物理类,物理,化学,515,112377,,普通本科批,https://zsjyc.jzmu.edu.cn/info/1216/1363.htm,https://zsjyc.jzmu.edu.cn/info/1216/1363.htm,,school_verified
207,锦州医科大学,001,,历史类,历史,不限,512,27734,,普通本科批,https://zsjyc.jzmu.edu.cn/info/1216/1363.htm,https://zsjyc.jzmu.edu.cn/info/1216/1363.htm,,school_verified
207,锦州医科大学,002,,物理类,物理,化学,512,116377,,普通本科批,https://zsjyc.jzmu.edu.cn/info/1216/1363.htm,https://zsjyc.jzmu.edu.cn/info/1216/1363.htm,,school_verified
207,锦州医科大学,003,,物理类,物理,化学,510,119180,,普通本科批,https://zsjyc.jzmu.edu.cn/info/1216/1363.htm,https://zsjyc.jzmu.edu.cn/info/1216/1363.htm,,school_verified
207,锦州医科大学,001,,物理类,物理,不限,506,125209,,普通本科批,https://zsjyc.jzmu.edu.cn/info/1216/1363.htm,https://zsjyc.jzmu.edu.cn/info/1216/1363.htm,,school_verified
207,锦州医科大学,005,,物理类,物理,生物,484,158767,,普通本科批,https://zsjyc.jzmu.edu.cn/info/1216/1363.htm,https://zsjyc.jzmu.edu.cn/info/1216/1363.htm,,school_verified
208,大连民族大学,004,,物理类,物理,化学,544,76242,,普通本科批,https://zs.dlnu.edu.cn/info/1038/1981.htm,https://zs.dlnu.edu.cn/info/1038/1981.htm,,school_verified
208,大连民族大学,002,,历史类,历史,不限,541,16752,,普通本科批,https://zs.dlnu.edu.cn/info/1038/1981.htm,https://zs.dlnu.edu.cn/info/1038/1981.htm,,school_verified
208,大连民族大学,003,,物理类,物理,不限,523,102497,,普通本科批,https://zs.dlnu.edu.cn/info/1038/1981.htm,https://zs.dlnu.edu.cn/info/1038/1981.htm,,school_verified
209,沈阳航空航天大学,004,,物理类,物理,化学,573,47385,,普通本科批,https://mp.weixin.qq.com/s/XKdZPZKNydrQGoEhiPG2yQ,https://mp.weixin.qq.com/s/XKdZPZKNydrQGoEhiPG2yQ,,school_verified
209,沈阳航空航天大学,051,,物理类,物理,化学,570,50627,,普通本科批,https://mp.weixin.qq.com/s/XKdZPZKNydrQGoEhiPG2yQ,https://mp.weixin.qq.com/s/XKdZPZKNydrQGoEhiPG2yQ,,school_verified
209,沈阳航空航天大学,003,,物理类,物理,化学,568,51767,,普通本科批,https://mp.weixin.qq.com/s/XKdZPZKNydrQGoEhiPG2yQ,https://mp.weixin.qq.com/s/XKdZPZKNydrQGoEhiPG2yQ,,school_verified
209,沈阳航空航天大学,002,,物理类,物理,不限,538,83227,,普通本科批,https://mp.weixin.qq.com/s/XKdZPZKNydrQGoEhiPG2yQ,https://mp.weixin.qq.com/s/XKdZPZKNydrQGoEhiPG2yQ,,school_verified
210,大连海洋大学,004,,物理类,物理,化学,527,96509,,普通本科批,https://www.dlou.edu.cn/,https://www.dlou.edu.cn/,,school_verified
210,大连海洋大学,001,,历史类,历史,不限,521,23851,,普通本科批,https://www.dlou.edu.cn/,https://www.dlou.edu.cn/,,school_verified
210,大连海洋大学,006,,物理类,物理,化学,520,105770,,普通本科批,https://www.dlou.edu.cn/,https://www.dlou.edu.cn/,,school_verified
210,大连海洋大学,002,,历史类,历史,不限,519,24946,,普通本科批,https://www.dlou.edu.cn/,https://www.dlou.edu.cn/,,school_verified
210,大连海洋大学,003,,物理类,物理,化学,519,107328,,普通本科批,https://www.dlou.edu.cn/,https://www.dlou.edu.cn/,,school_verified
210,大连海洋大学,002,,物理类,物理,不限,514,114383,,普通本科批,https://www.dlou.edu.cn/,https://www.dlou.edu.cn/,,school_verified
210,大连海洋大学,005,,物理类,物理,化学,513,114936,,普通本科批,https://www.dlou.edu.cn/,https://www.dlou.edu.cn/,,school_verified
211,大连工业大学,001,,物理类,物理,不限,553,66261,,普通本科批,https://www.dlpu.edu.cn/pages/constitution/,https://www.dlpu.edu.cn/pages/constitution/,,school_verified
211,大连工业大学,005,,物理类,物理,化学,542,78451,,普通本科批,https://www.dlpu.edu.cn/pages/constitution/,https://www.dlpu.edu.cn/pages/constitution/,,school_verified
211,大连工业大学,006,,物理类,物理,化学,531,91376,,普通本科批,https://www.dlpu.edu.cn/pages/constitution/,https://www.dlpu.edu.cn/pages/constitution/,,school_verified
211,大连工业大学,003,,物理类,物理,不限,531,91376,,普通本科批,https://www.dlpu.edu.cn/pages/constitution/,https://www.dlpu.edu.cn/pages/constitution/,,school_verified
211,大连工业大学,002,,物理类,物理,不限,523,101477,,普通本科批,https://www.dlpu.edu.cn/pages/constitution/,https://www.dlpu.edu.cn/pages/constitution/,,school_verified
211,大连工业大学,004,,物理类,物理,不限,521,104065,,普通本科批,https://www.dlpu.edu.cn/pages/constitution/,https://www.dlpu.edu.cn/pages/constitution/,,school_verified
212,沈阳建筑大学,007,,物理类,物理,化学,530,93709,,普通本科批,http://zs.sjzu.edu.cn/info/1031/17601.htm,http://zs.sjzu.edu.cn/info/1031/17601.htm,,school_verified
212,沈阳建筑大学,008,,物理类,物理,化学,529,94922,,普通本科批,http://zs.sjzu.edu.cn/info/1031/17601.htm,http://zs.sjzu.edu.cn/info/1031/17601.htm,,school_verified
212,沈阳建筑大学,006,,物理类,物理,化学,529,94641,,普通本科批,http://zs.sjzu.edu.cn/info/1031/17601.htm,http://zs.sjzu.edu.cn/info/1031/17601.htm,,school_verified
212,沈阳建筑大学,002,,物理类,物理,不限,525,99532,,普通本科批,http://zs.sjzu.edu.cn/info/1031/17601.htm,http://zs.sjzu.edu.cn/info/1031/17601.htm,,school_verified
212,沈阳建筑大学,003,,物理类,物理,不限,513,116100,,普通本科批,http://zs.sjzu.edu.cn/info/1031/17601.htm,http://zs.sjzu.edu.cn/info/1031/17601.htm,,school_verified
212,沈阳建筑大学,004,,物理类,物理,不限,510,119337,,普通本科批,http://zs.sjzu.edu.cn/info/1031/17601.htm,http://zs.sjzu.edu.cn/info/1031/17601.htm,,school_verified
212,沈阳建筑大学,005,,物理类,物理,不限,508,122164,,普通本科批,http://zs.sjzu.edu.cn/info/1031/17601.htm,http://zs.sjzu.edu.cn/info/1031/17601.htm,,school_verified
213,辽宁工业大学,002,,物理类,物理,化学,530,92961,,普通本科批,https://www.lnut.edu.cn/,https://www.lnut.edu.cn/,,school_verified
213,辽宁工业大学,001,,历史类,历史,不限,518,25116,,普通本科批,https://www.lnut.edu.cn/,https://www.lnut.edu.cn/,,school_verified
213,辽宁工业大学,001,,物理类,物理,不限,515,112437,,普通本科批,https://www.lnut.edu.cn/,https://www.lnut.edu.cn/,,school_verified
213,辽宁工业大学,003,,物理类,物理,化学,493,144262,,普通本科批,https://www.lnut.edu.cn/,https://www.lnut.edu.cn/,,school_verified
214,渤海大学,006,,物理类,物理,化学,549,71435,,普通本科批,https://www.bhu.edu.cn/,https://www.bhu.edu.cn/,,school_verified
214,渤海大学,008,,物理类,物理,化学,536,86368,,普通本科批,https://www.bhu.edu.cn/,https://www.bhu.edu.cn/,,school_verified
214,渤海大学,005,,物理类,物理,化学,528,96312,,普通本科批,https://www.bhu.edu.cn/,https://www.bhu.edu.cn/,,school_verified
214,渤海大学,001,,历史类,历史,不限,521,24019,,普通本科批,https://www.bhu.edu.cn/,https://www.bhu.edu.cn/,,school_verified
214,渤海大学,007,,物理类,物理,化学,515,112294,,普通本科批,https://www.bhu.edu.cn/,https://www.bhu.edu.cn/,,school_verified
214,渤海大学,009,,物理类,物理,化学,513,115588,,普通本科批,https://www.bhu.edu.cn/,https://www.bhu.edu.cn/,,school_verified
214,渤海大学,003,,历史类,历史,不限,510,28750,,普通本科批,https://www.bhu.edu.cn/,https://www.bhu.edu.cn/,,school_verified
214,渤海大学,002,,历史类,历史,不限,510,28756,,普通本科批,https://www.bhu.edu.cn/,https://www.bhu.edu.cn/,,school_verified
214,渤海大学,003,,物理类,物理,不限,505,127064,,普通本科批,https://www.bhu.edu.cn/,https://www.bhu.edu.cn/,,school_verified
214,渤海大学,002,,物理类,物理,不限,505,127704,,普通本科批,https://www.bhu.edu.cn/,https://www.bhu.edu.cn/,,school_verified
215,沈阳化工大学,002,,物理类,物理,化学,525,99018,,普通本科批,https://www.syuct.edu.cn/xygk/hdzc.htm,https://www.syuct.edu.cn/xygk/hdzc.htm,,school_verified
215,沈阳化工大学,001,,历史类,历史,不限,515,26632,,普通本科批,https://www.syuct.edu.cn/xygk/hdzc.htm,https://www.syuct.edu.cn/xygk/hdzc.htm,,school_verified
215,沈阳化工大学,001,,物理类,物理,不限,510,120428,,普通本科批,https://www.syuct.edu.cn/xygk/hdzc.htm,https://www.syuct.edu.cn/xygk/hdzc.htm,,school_verified
216,大连外国语大学,002,,历史类,历史,不限,553,13129,,普通本科批,https://www.dlufl.edu.cn/zsjy.htm,https://www.dlufl.edu.cn/zsjy.htm,,school_verified
216,大连外国语大学,003,,历史类,历史,思想政治,549,14321,,普通本科批,https://www.dlufl.edu.cn/zsjy.htm,https://www.dlufl.edu.cn/zsjy.htm,,school_verified
216,大连外国语大学,002,,物理类,物理,不限,547,73474,,普通本科批,https://www.dlufl.edu.cn/zsjy.htm,https://www.dlufl.edu.cn/zsjy.htm,,school_verified
216,大连外国语大学,001,,历史类,历史,不限,542,16535,,普通本科批,https://www.dlufl.edu.cn/zsjy.htm,https://www.dlufl.edu.cn/zsjy.htm,,school_verified
216,大连外国语大学,004,,物理类,物理,思想政治,527,97550,,普通本科批,https://www.dlufl.edu.cn/zsjy.htm,https://www.dlufl.edu.cn/zsjy.htm,,school_verified
216,大连外国语大学,001,,物理类,物理,不限,527,97402,,普通本科批,https://www.dlufl.edu.cn/zsjy.htm,https://www.dlufl.edu.cn/zsjy.htm,,school_verified
216,大连外国语大学,003,,物理类,物理,不限,518,108787,,普通本科批,https://www.dlufl.edu.cn/zsjy.htm,https://www.dlufl.edu.cn/zsjy.htm,,school_verified
217,沈阳理工大学,002,,物理类,物理,化学,567,53281,,普通本科批,https://www.sylu.edu.cn/xxgk/dxzc.htm,https://www.sylu.edu.cn/xxgk/dxzc.htm,,school_verified
217,沈阳理工大学,001,,历史类,历史,不限,539,17458,,普通本科批,https://www.sylu.edu.cn/xxgk/dxzc.htm,https://www.sylu.edu.cn/xxgk/dxzc.htm,,school_verified
217,沈阳理工大学,003,,物理类,物理,化学,527,96595,,普通本科批,https://www.sylu.edu.cn/xxgk/dxzc.htm,https://www.sylu.edu.cn/xxgk/dxzc.htm,,school_verified
217,沈阳理工大学,051,,物理类,物理,化学,511,119090,,普通本科批,https://www.sylu.edu.cn/xxgk/dxzc.htm,https://www.sylu.edu.cn/xxgk/dxzc.htm,,school_verified
218,大连大学,052,,物理类,物理,化学,549,71292,,普通本科批,https://zsw.dlu.edu.cn/info/1190/1589.htm,https://zsw.dlu.edu.cn/info/1190/1589.htm,,school_verified
218,大连大学,001,,历史类,历史,不限,542,16378,,普通本科批,https://zsw.dlu.edu.cn/info/1190/1589.htm,https://zsw.dlu.edu.cn/info/1190/1589.htm,,school_verified
218,大连大学,003,,物理类,物理,化学,540,80999,,普通本科批,https://zsw.dlu.edu.cn/info/1190/1589.htm,https://zsw.dlu.edu.cn/info/1190/1589.htm,,school_verified
218,大连大学,002,,物理类,物理,不限,528,96208,,普通本科批,https://zsw.dlu.edu.cn/info/1190/1589.htm,https://zsw.dlu.edu.cn/info/1190/1589.htm,,school_verified
218,大连大学,051,,物理类,物理,化学,527,97414,,普通本科批,https://zsw.dlu.edu.cn/info/1190/1589.htm,https://zsw.dlu.edu.cn/info/1190/1589.htm,,school_verified
219,大连医科大学,003,,物理类,物理,化学,626,12502,,普通本科批,https://www.dmu.edu.cn/xxgk/xxzc.htm,https://www.dmu.edu.cn/xxgk/xxzc.htm,,school_verified
219,大连医科大学,002,,物理类,物理,不限,595,30214,,普通本科批,https://www.dmu.edu.cn/xxgk/xxzc.htm,https://www.dmu.edu.cn/xxgk/xxzc.htm,,school_verified
219,大连医科大学,006,,物理类,物理,化学,580,41485,,普通本科批,https://www.dmu.edu.cn/xxgk/xxzc.htm,https://www.dmu.edu.cn/xxgk/xxzc.htm,,school_verified
219,大连医科大学,004,,物理类,物理,化学,571,49505,,普通本科批,https://www.dmu.edu.cn/xxgk/xxzc.htm,https://www.dmu.edu.cn/xxgk/xxzc.htm,,school_verified
219,大连医科大学,001,,历史类,历史,不限,566,9595,,普通本科批,https://www.dmu.edu.cn/xxgk/xxzc.htm,https://www.dmu.edu.cn/xxgk/xxzc.htm,,school_verified
219,大连医科大学,005,,物理类,物理,化学,539,81933,,普通本科批,https://www.dmu.edu.cn/xxgk/xxzc.htm,https://www.dmu.edu.cn/xxgk/xxzc.htm,,school_verified
220,大连交通大学,002,,物理类,物理,不限,562,57729,,普通本科批,https://recruit.djtu.edu.cn/_infolist/info_1.asp?f_menu_id=16&f_id=145,https://recruit.djtu.edu.cn/_infolist/info_1.asp?f_menu_id=16&f_id=145,,school_verified
220,大连交通大学,003,,物理类,物理,化学,559,60289,,普通本科批,https://recruit.djtu.edu.cn/_infolist/info_1.asp?f_menu_id=16&f_id=145,https://recruit.djtu.edu.cn/_infolist/info_1.asp?f_menu_id=16&f_id=145,,school_verified
220,大连交通大学,001,,历史类,历史,不限,538,17726,,普通本科批,https://recruit.djtu.edu.cn/_infolist/info_1.asp?f_menu_id=16&f_id=145,https://recruit.djtu.edu.cn/_infolist/info_1.asp?f_menu_id=16&f_id=145,,school_verified
221,沈阳师范大学,003,,历史类,历史,思想政治,543,16182,,普通本科批,https://www.synu.edu.cn/dxzc/list.htm,https://www.synu.edu.cn/dxzc/list.htm,,school_verified
221,沈阳师范大学,002,,历史类,历史,不限,540,17211,,普通本科批,https://www.synu.edu.cn/dxzc/list.htm,https://www.synu.edu.cn/dxzc/list.htm,,school_verified
221,沈阳师范大学,004,,物理类,物理,化学,533,89636,,普通本科批,https://www.synu.edu.cn/dxzc/list.htm,https://www.synu.edu.cn/dxzc/list.htm,,school_verified
221,沈阳师范大学,001,,历史类,历史,不限,527,21713,,普通本科批,https://www.synu.edu.cn/dxzc/list.htm,https://www.synu.edu.cn/dxzc/list.htm,,school_verified
221,沈阳师范大学,003,,物理类,物理,化学,512,117355,,普通本科批,https://www.synu.edu.cn/dxzc/list.htm,https://www.synu.edu.cn/dxzc/list.htm,,school_verified
221,沈阳师范大学,001,,物理类,物理,不限,511,118020,,普通本科批,https://www.synu.edu.cn/dxzc/list.htm,https://www.synu.edu.cn/dxzc/list.htm,,school_verified
221,沈阳师范大学,002,,物理类,物理,不限,504,129044,,普通本科批,https://www.synu.edu.cn/dxzc/list.htm,https://www.synu.edu.cn/dxzc/list.htm,,school_verified
222,辽宁科技大学,002,,物理类,物理,化学,524,100551,,普通本科批,https://www.ustl.edu.cn/xxgl/xxzc.htm,https://www.ustl.edu.cn/xxgl/xxzc.htm,,school_verified
222,辽宁科技大学,051,,物理类,物理,化学,517,110198,,普通本科批,https://www.ustl.edu.cn/xxgl/xxzc.htm,https://www.ustl.edu.cn/xxgl/xxzc.htm,,school_verified
222,辽宁科技大学,003,,物理类,物理,化学,491,147634,,普通本科批,https://www.ustl.edu.cn/xxgl/xxzc.htm,https://www.ustl.edu.cn/xxgl/xxzc.htm,,school_verified
223,辽宁石油化工大学,003,,物理类,物理,化学,522,103634,,普通本科批,https://www.lnpu.edu.cn/zsjy/bkszs.htm,https://www.lnpu.edu.cn/zsjy/bkszs.htm,,school_verified
223,辽宁石油化工大学,002,,物理类,物理,不限,521,105345,,普通本科批,https://www.lnpu.edu.cn/zsjy/bkszs.htm,https://www.lnpu.edu.cn/zsjy/bkszs.htm,,school_verified
224,沈阳大学,002,,物理类,物理,化学,532,90294,,普通本科批,https://www.syu.edu.cn/index/xyzt/sydxzc.htm,https://www.syu.edu.cn/index/xyzt/sydxzc.htm,,school_verified
224,沈阳大学,002,,历史类,历史,不限,529,20833,,普通本科批,https://www.syu.edu.cn/index/xyzt/sydxzc.htm,https://www.syu.edu.cn/index/xyzt/sydxzc.htm,,school_verified
224,沈阳大学,001,,历史类,历史,不限,524,22899,,普通本科批,https://www.syu.edu.cn/index/xyzt/sydxzc.htm,https://www.syu.edu.cn/index/xyzt/sydxzc.htm,,school_verified
224,沈阳大学,001,,物理类,物理,不限,519,107586,,普通本科批,https://www.syu.edu.cn/index/xyzt/sydxzc.htm,https://www.syu.edu.cn/index/xyzt/sydxzc.htm,,school_verified
224,沈阳大学,004,,物理类,物理,生物,516,111000,,普通本科批,https://www.syu.edu.cn/index/xyzt/sydxzc.htm,https://www.syu.edu.cn/index/xyzt/sydxzc.htm,,school_verified
224,沈阳大学,003,,物理类,物理,化学,510,119528,,普通本科批,https://www.syu.edu.cn/index/xyzt/sydxzc.htm,https://www.syu.edu.cn/index/xyzt/sydxzc.htm,,school_verified
225,辽宁师范大学,001,,历史类,历史,不限,554,12827,,普通本科批,https://www.lnnu.edu.cn/xxgk/xxzc.htm,https://www.lnnu.edu.cn/xxgk/xxzc.htm,,school_verified
225,辽宁师范大学,005,,物理类,物理,化学,542,78750,,普通本科批,https://www.lnnu.edu.cn/xxgk/xxzc.htm,https://www.lnnu.edu.cn/xxgk/xxzc.htm,,school_verified
225,辽宁师范大学,003,,历史类,历史,不限,537,18152,,普通本科批,https://www.lnnu.edu.cn/xxgk/xxzc.htm,https://www.lnnu.edu.cn/xxgk/xxzc.htm,,school_verified
225,辽宁师范大学,002,,历史类,历史,不限,531,20179,,普通本科批,https://www.lnnu.edu.cn/xxgk/xxzc.htm,https://www.lnnu.edu.cn/xxgk/xxzc.htm,,school_verified
225,辽宁师范大学,001,,物理类,物理,不限,524,100264,,普通本科批,https://www.lnnu.edu.cn/xxgk/xxzc.htm,https://www.lnnu.edu.cn/xxgk/xxzc.htm,,school_verified
225,辽宁师范大学,003,,物理类,物理,不限,517,110620,,普通本科批,https://www.lnnu.edu.cn/xxgk/xxzc.htm,https://www.lnnu.edu.cn/xxgk/xxzc.htm,,school_verified
225,辽宁师范大学,002,,物理类,物理,不限,514,114089,,普通本科批,https://www.lnnu.edu.cn/xxgk/xxzc.htm,https://www.lnnu.edu.cn/xxgk/xxzc.htm,,school_verified
225,辽宁师范大学,004,,历史类,历史,不限,510,28887,,普通本科批,https://www.lnnu.edu.cn/xxgk/xxzc.htm,https://www.lnnu.edu.cn/xxgk/xxzc.htm,,school_verified
225,辽宁师范大学,004,,物理类,物理,不限,477,168279,,普通本科批,https://www.lnnu.edu.cn/xxgk/xxzc.htm,https://www.lnnu.edu.cn/xxgk/xxzc.htm,,school_verified
226,沈阳药科大学,004,,物理类,物理,化学,525,99044,,普通本科批,https://www.syphu.edu.cn/info/1003/14941.htm,https://www.syphu.edu.cn/info/1003/14941.htm,,school_verified
226,沈阳药科大学,003,,物理类,物理,不限,522,103407,,普通本科批,https://www.syphu.edu.cn/info/1003/14941.htm,https://www.syphu.edu.cn/info/1003/14941.htm,,school_verified
226,沈阳药科大学,005,,物理类,物理,化学,513,115251,,普通本科批,https://www.syphu.edu.cn/info/1003/14941.htm,https://www.syphu.edu.cn/info/1003/14941.htm,,school_verified
227,沈阳工业大学,003,,物理类,物理,化学,570,50465,,普通本科批,https://www.sut.edu.cn/zsjy.htm,https://www.sut.edu.cn/zsjy.htm,,school_verified
227,沈阳工业大学,002,,物理类,物理,不限,542,78753,,普通本科批,https://www.sut.edu.cn/zsjy.htm,https://www.sut.edu.cn/zsjy.htm,,school_verified
227,沈阳工业大学,004,,物理类,物理,化学,540,81390,,普通本科批,https://www.sut.edu.cn/zsjy.htm,https://www.sut.edu.cn/zsjy.htm,,school_verified
228,沈阳农业大学,004,,物理类,物理,化学,548,71988,,普通本科批,https://www.syau.edu.cn/xxgk/dxzc.htm,https://www.syau.edu.cn/xxgk/dxzc.htm,,school_verified
228,沈阳农业大学,003,,物理类,物理,化学,522,104020,,普通本科批,https://www.syau.edu.cn/xxgk/dxzc.htm,https://www.syau.edu.cn/xxgk/dxzc.htm,,school_verified
228,沈阳农业大学,002,,物理类,物理,不限,520,106444,,普通本科批,https://www.syau.edu.cn/xxgk/dxzc.htm,https://www.syau.edu.cn/xxgk/dxzc.htm,,school_verified
228,沈阳农业大学,005,,物理类,物理,生物,513,115677,,普通本科批,https://www.syau.edu.cn/xxgk/dxzc.htm,https://www.syau.edu.cn/xxgk/dxzc.htm,,school_verified
229,东北财经大学,005,,物理类,物理,化学,595,29858,,普通本科批,https://zs.dufe.edu.cn/static/front/dufe/basic/html_cms/frontViewArticle1.html?id=9e647ae92058483fb6d0e843577f1a2d,https://zs.dufe.edu.cn/static/front/dufe/basic/html_cms/frontViewArticle1.html?id=9e647ae92058483fb6d0e843577f1a2d,,school_verified
229,东北财经大学,002,,物理类,物理,不限,594,30618,,普通本科批,https://zs.dufe.edu.cn/static/front/dufe/basic/html_cms/frontViewArticle1.html?id=9e647ae92058483fb6d0e843577f1a2d,https://zs.dufe.edu.cn/static/front/dufe/basic/html_cms/frontViewArticle1.html?id=9e647ae92058483fb6d0e843577f1a2d,,school_verified
229,东北财经大学,003,,物理类,物理,不限,591,32973,,普通本科批,https://zs.dufe.edu.cn/static/front/dufe/basic/html_cms/frontViewArticle1.html?id=9e647ae92058483fb6d0e843577f1a2d,https://zs.dufe.edu.cn/static/front/dufe/basic/html_cms/frontViewArticle1.html?id=9e647ae92058483fb6d0e843577f1a2d,,school_verified
229,东北财经大学,002,,历史类,历史,不限,590,4739,,普通本科批,https://zs.dufe.edu.cn/static/front/dufe/basic/html_cms/frontViewArticle1.html?id=9e647ae92058483fb6d0e843577f1a2d,https://zs.dufe.edu.cn/static/front/dufe/basic/html_cms/frontViewArticle1.html?id=9e647ae92058483fb6d0e843577f1a2d,,school_verified
229,东北财经大学,052,,历史类,历史,不限,582,6226,,普通本科批,https://zs.dufe.edu.cn/static/front/dufe/basic/html_cms/frontViewArticle1.html?id=9e647ae92058483fb6d0e843577f1a2d,https://zs.dufe.edu.cn/static/front/dufe/basic/html_cms/frontViewArticle1.html?id=9e647ae92058483fb6d0e843577f1a2d,,school_verified
229,东北财经大学,051,,物理类,物理,不限,577,44309,,普通本科批,https://zs.dufe.edu.cn/static/front/dufe/basic/html_cms/frontViewArticle1.html?id=9e647ae92058483fb6d0e843577f1a2d,https://zs.dufe.edu.cn/static/front/dufe/basic/html_cms/frontViewArticle1.html?id=9e647ae92058483fb6d0e843577f1a2d,,school_verified
229,东北财经大学,004,,物理类,物理,不限,577,44050,,普通本科批,https://zs.dufe.edu.cn/static/front/dufe/basic/html_cms/frontViewArticle1.html?id=9e647ae92058483fb6d0e843577f1a2d,https://zs.dufe.edu.cn/static/front/dufe/basic/html_cms/frontViewArticle1.html?id=9e647ae92058483fb6d0e843577f1a2d,,school_verified
229,东北财经大学,051,,历史类,历史,不限,576,7343,,普通本科批,https://zs.dufe.edu.cn/static/front/dufe/basic/html_cms/frontViewArticle1.html?id=9e647ae92058483fb6d0e843577f1a2d,https://zs.dufe.edu.cn/static/front/dufe/basic/html_cms/frontViewArticle1.html?id=9e647ae92058483fb6d0e843577f1a2d,,school_verified
230,中国医科大学,002,,物理类,物理,化学,615,17583,,普通本科批,https://www.cmu.edu.cn/xqzl/xxzc.htm,https://www.cmu.edu.cn/xqzl/xxzc.htm,,school_verified
230,中国医科大学,004,,物理类,物理,化学,557,62988,,普通本科批,https://www.cmu.edu.cn/xqzl/xxzc.htm,https://www.cmu.edu.cn/xqzl/xxzc.htm,,school_verified
230,中国医科大学,005,,物理类,物理,化学,550,69860,,普通本科批,https://www.cmu.edu.cn/xqzl/xxzc.htm,https://www.cmu.edu.cn/xqzl/xxzc.htm,,school_verified
231,西南民族大学,001,,历史类,历史,不限,566,9581,,普通本科批,https://www.swun.edu.cn/,https://www.swun.edu.cn/,,school_verified
231,西南民族大学,003,,物理类,物理,化学,546,74756,,普通本科批,https://www.swun.edu.cn/,https://www.swun.edu.cn/,,school_verified
231,西南民族大学,002,,物理类,物理,不限,545,75408,,普通本科批,https://www.swun.edu.cn/,https://www.swun.edu.cn/,,school_verified
232,成都理工大学,005,,物理类,物理,化学,603,24639,,普通本科批,https://www.cdut.edu.cn/,https://www.cdut.edu.cn/,,school_verified
232,成都理工大学,004,,物理类,物理,化学,602,25560,,普通本科批,https://www.cdut.edu.cn/,https://www.cdut.edu.cn/,,school_verified
232,成都理工大学,006,,物理类,物理,化学,601,26074,,普通本科批,https://www.cdut.edu.cn/,https://www.cdut.edu.cn/,,school_verified
232,成都理工大学,009,,物理类,物理,化学,594,30919,,普通本科批,https://www.cdut.edu.cn/,https://www.cdut.edu.cn/,,school_verified
232,成都理工大学,011,,物理类,物理,化学,593,31893,,普通本科批,https://www.cdut.edu.cn/,https://www.cdut.edu.cn/,,school_verified
232,成都理工大学,010,,物理类,物理,化学,591,32938,,普通本科批,https://www.cdut.edu.cn/,https://www.cdut.edu.cn/,,school_verified
232,成都理工大学,012,,物理类,物理,化学,590,33505,,普通本科批,https://www.cdut.edu.cn/,https://www.cdut.edu.cn/,,school_verified
232,成都理工大学,002,,物理类,物理,不限,584,37983,,普通本科批,https://www.cdut.edu.cn/,https://www.cdut.edu.cn/,,school_verified
232,成都理工大学,001,,历史类,历史,不限,580,6577,,普通本科批,https://www.cdut.edu.cn/,https://www.cdut.edu.cn/,,school_verified
232,成都理工大学,007,,物理类,物理,化学,580,41804,,普通本科批,https://www.cdut.edu.cn/,https://www.cdut.edu.cn/,,school_verified
233,新疆农业大学,001,,历史类,历史,不限,502,32389,,普通本科批,https://www.xjau.edu.cn/2024/0516/c1995a100921/page.htm,https://www.xjau.edu.cn/2024/0516/c1995a100921/page.htm,,school_verified
233,新疆农业大学,002,,历史类,历史,不限,500,33350,,普通本科批,https://www.xjau.edu.cn/2024/0516/c1995a100921/page.htm,https://www.xjau.edu.cn/2024/0516/c1995a100921/page.htm,,school_verified
233,新疆农业大学,006,,物理类,物理,生物,490,149523,,普通本科批,https://www.xjau.edu.cn/2024/0516/c1995a100921/page.htm,https://www.xjau.edu.cn/2024/0516/c1995a100921/page.htm,,school_verified
233,新疆农业大学,004,,物理类,物理,化学,490,148484,,普通本科批,https://www.xjau.edu.cn/2024/0516/c1995a100921/page.htm,https://www.xjau.edu.cn/2024/0516/c1995a100921/page.htm,,school_verified
233,新疆农业大学,001,,物理类,物理,不限,490,148628,,普通本科批,https://www.xjau.edu.cn/2024/0516/c1995a100921/page.htm,https://www.xjau.edu.cn/2024/0516/c1995a100921/page.htm,,school_verified
233,新疆农业大学,003,,物理类,物理,不限,487,153677,,普通本科批,https://www.xjau.edu.cn/2024/0516/c1995a100921/page.htm,https://www.xjau.edu.cn/2024/0516/c1995a100921/page.htm,,school_verified
233,新疆农业大学,002,,物理类,物理,不限,487,153743,,普通本科批,https://www.xjau.edu.cn/2024/0516/c1995a100921/page.htm,https://www.xjau.edu.cn/2024/0516/c1995a100921/page.htm,,school_verified
233,新疆农业大学,005,,物理类,物理,化学,485,157223,,普通本科批,https://www.xjau.edu.cn/2024/0516/c1995a100921/page.htm,https://www.xjau.edu.cn/2024/0516/c1995a100921/page.htm,,school_verified
234,新疆医科大学,002,,物理类,物理,化学,501,132876,,普通本科批,https://www.xjmu.edu.cn/xqzl1/xxzc.htm,https://www.xjmu.edu.cn/xqzl1/xxzc.htm,,school_verified
234,新疆医科大学,001,,物理类,物理,不限,498,137255,,普通本科批,https://www.xjmu.edu.cn/xqzl1/xxzc.htm,https://www.xjmu.edu.cn/xqzl1/xxzc.htm,,school_verified
234,新疆医科大学,003,,物理类,物理,化学、生物(2科必选),496,139985,,普通本科批,https://www.xjmu.edu.cn/xqzl1/xxzc.htm,https://www.xjmu.edu.cn/xqzl1/xxzc.htm,,school_verified
234,新疆医科大学,004,,物理类,物理,化学、生物(2科必选),493,144301,,普通本科批,https://www.xjmu.edu.cn/xqzl1/xxzc.htm,https://www.xjmu.edu.cn/xqzl1/xxzc.htm,,school_verified
235,新疆师范大学,003,,历史类,历史,思想政治,525,22448,,普通本科批,https://www.xjnu.edu.cn/xxgk/xxzc.htm,https://www.xjnu.edu.cn/xxgk/xxzc.htm,,school_verified
235,新疆师范大学,002,,历史类,历史,不限,515,26538,,普通本科批,https://www.xjnu.edu.cn/xxgk/xxzc.htm,https://www.xjnu.edu.cn/xxgk/xxzc.htm,,school_verified
235,新疆师范大学,004,,物理类,物理,地理,510,120125,,普通本科批,https://www.xjnu.edu.cn/xxgk/xxzc.htm,https://www.xjnu.edu.cn/xxgk/xxzc.htm,,school_verified
235,新疆师范大学,002,,物理类,物理,化学,498,137873,,普通本科批,https://www.xjnu.edu.cn/xxgk/xxzc.htm,https://www.xjnu.edu.cn/xxgk/xxzc.htm,,school_verified
235,新疆师范大学,003,,物理类,物理,思想政治,492,146428,,普通本科批,https://www.xjnu.edu.cn/xxgk/xxzc.htm,https://www.xjnu.edu.cn/xxgk/xxzc.htm,,school_verified
235,新疆师范大学,001,,物理类,物理,不限,489,150288,,普通本科批,https://www.xjnu.edu.cn/xxgk/xxzc.htm,https://www.xjnu.edu.cn/xxgk/xxzc.htm,,school_verified
236,喀什大学,002,,历史类,历史,思想政治,505,30823,,普通本科批,https://xgb.ksu.edu.cn/info/1501/8341.htm,https://xgb.ksu.edu.cn/info/1501/8341.htm,,school_verified
236,喀什大学,001,,历史类,历史,不限,502,32361,,普通本科批,https://xgb.ksu.edu.cn/info/1501/8341.htm,https://xgb.ksu.edu.cn/info/1501/8341.htm,,school_verified
236,喀什大学,004,,物理类,物理,思想政治,489,151215,,普通本科批,https://xgb.ksu.edu.cn/info/1501/8341.htm,https://xgb.ksu.edu.cn/info/1501/8341.htm,,school_verified
236,喀什大学,003,,物理类,物理,化学,489,151178,,普通本科批,https://xgb.ksu.edu.cn/info/1501/8341.htm,https://xgb.ksu.edu.cn/info/1501/8341.htm,,school_verified
236,喀什大学,001,,物理类,物理,不限,488,151977,,普通本科批,https://xgb.ksu.edu.cn/info/1501/8341.htm,https://xgb.ksu.edu.cn/info/1501/8341.htm,,school_verified
237,新疆财经大学,002,,历史类,历史,思想政治,509,29055,,普通本科批,https://www.xjufe.edu.cn/xxgk/xxzc/index.htm,https://www.xjufe.edu.cn/xxgk/xxzc/index.htm,,school_verified
237,新疆财经大学,001,,历史类,历史,不限,505,30705,,普通本科批,https://www.xjufe.edu.cn/xxgk/xxzc/index.htm,https://www.xjufe.edu.cn/xxgk/xxzc/index.htm,,school_verified
237,新疆财经大学,002,,物理类,物理,化学,498,136518,,普通本科批,https://www.xjufe.edu.cn/xxgk/xxzc/index.htm,https://www.xjufe.edu.cn/xxgk/xxzc/index.htm,,school_verified
237,新疆财经大学,003,,物理类,物理,思想政治,496,140626,,普通本科批,https://www.xjufe.edu.cn/xxgk/xxzc/index.htm,https://www.xjufe.edu.cn/xxgk/xxzc/index.htm,,school_verified
237,新疆财经大学,001,,物理类,物理,不限,491,147593,,普通本科批,https://www.xjufe.edu.cn/xxgk/xxzc/index.htm,https://www.xjufe.edu.cn/xxgk/xxzc/index.htm,,school_verified
239,昌吉学院,002,,历史类,历史,思想政治,504,31242,,普通本科批,https://www.cjc.edu.cn/cjzsw/info/1027/1318.htm,https://www.cjc.edu.cn/cjzsw/info/1027/1318.htm,,school_verified
239,昌吉学院,001,,历史类,历史,不限,501,32535,,普通本科批,https://www.cjc.edu.cn/cjzsw/info/1027/1318.htm,https://www.cjc.edu.cn/cjzsw/info/1027/1318.htm,,school_verified
239,昌吉学院,001,,物理类,物理,不限,489,150229,,普通本科批,https://www.cjc.edu.cn/cjzsw/info/1027/1318.htm,https://www.cjc.edu.cn/cjzsw/info/1027/1318.htm,,school_verified
239,昌吉学院,002,,物理类,物理,化学,488,152069,,普通本科批,https://www.cjc.edu.cn/cjzsw/info/1027/1318.htm,https://www.cjc.edu.cn/cjzsw/info/1027/1318.htm,,school_verified
240,宁波大学,005,,物理类,物理,不限,604,24290,,普通本科批,https://www.nbu.edu.cn/xxgk/xxzc.htm,https://www.nbu.edu.cn/xxgk/xxzc.htm,,school_verified
240,宁波大学,006,,物理类,物理,化学,600,26818,,普通本科批,https://www.nbu.edu.cn/xxgk/xxzc.htm,https://www.nbu.edu.cn/xxgk/xxzc.htm,,school_verified
240,宁波大学,003,,物理类,物理,不限,597,28952,,普通本科批,https://www.nbu.edu.cn/xxgk/xxzc.htm,https://www.nbu.edu.cn/xxgk/xxzc.htm,,school_verified
240,宁波大学,004,,物理类,物理,不限,594,30593,,普通本科批,https://www.nbu.edu.cn/xxgk/xxzc.htm,https://www.nbu.edu.cn/xxgk/xxzc.htm,,school_verified
240,宁波大学,001,,历史类,历史,不限,587,5246,,普通本科批,https://www.nbu.edu.cn/xxgk/xxzc.htm,https://www.nbu.edu.cn/xxgk/xxzc.htm,,school_verified
240,宁波大学,002,,历史类,历史,不限,586,5463,,普通本科批,https://www.nbu.edu.cn/xxgk/xxzc.htm,https://www.nbu.edu.cn/xxgk/xxzc.htm,,school_verified
240,宁波大学,007,,物理类,物理,地理,564,55128,,普通本科批,https://www.nbu.edu.cn/xxgk/xxzc.htm,https://www.nbu.edu.cn/xxgk/xxzc.htm,,school_verified
240,宁波大学,003,,历史类,历史,不限,549,14165,,普通本科批,https://www.nbu.edu.cn/xxgk/xxzc.htm,https://www.nbu.edu.cn/xxgk/xxzc.htm,,school_verified
241,浙江师范大学,003,,物理类,物理,化学,593,31322,,普通本科批,https://zs.zjnu.edu.cn/2026/0306/c6828a547727/page.htm,https://zs.zjnu.edu.cn/2026/0306/c6828a547727/page.htm,,school_verified
241,浙江师范大学,006,,物理类,物理,化学,585,37204,,普通本科批,https://zs.zjnu.edu.cn/2026/0306/c6828a547727/page.htm,https://zs.zjnu.edu.cn/2026/0306/c6828a547727/page.htm,,school_verified
241,浙江师范大学,002,,历史类,历史,不限,582,6227,,普通本科批,https://zs.zjnu.edu.cn/2026/0306/c6828a547727/page.htm,https://zs.zjnu.edu.cn/2026/0306/c6828a547727/page.htm,,school_verified
241,浙江师范大学,005,,物理类,物理,化学,582,39454,,普通本科批,https://zs.zjnu.edu.cn/2026/0306/c6828a547727/page.htm,https://zs.zjnu.edu.cn/2026/0306/c6828a547727/page.htm,,school_verified
241,浙江师范大学,004,,物理类,物理,化学,580,41079,,普通本科批,https://zs.zjnu.edu.cn/2026/0306/c6828a547727/page.htm,https://zs.zjnu.edu.cn/2026/0306/c6828a547727/page.htm,,school_verified
241,浙江师范大学,001,,历史类,历史,不限,579,6612,,普通本科批,https://zs.zjnu.edu.cn/2026/0306/c6828a547727/page.htm,https://zs.zjnu.edu.cn/2026/0306/c6828a547727/page.htm,,school_verified
241,浙江师范大学,003,,历史类,历史,不限,576,7419,,普通本科批,https://zs.zjnu.edu.cn/2026/0306/c6828a547727/page.htm,https://zs.zjnu.edu.cn/2026/0306/c6828a547727/page.htm,,school_verified
241,浙江师范大学,001,,物理类,物理,不限,575,46106,,普通本科批,https://zs.zjnu.edu.cn/2026/0306/c6828a547727/page.htm,https://zs.zjnu.edu.cn/2026/0306/c6828a547727/page.htm,,school_verified
241,浙江师范大学,002,,物理类,物理,不限,555,65205,,普通本科批,https://zs.zjnu.edu.cn/2026/0306/c6828a547727/page.htm,https://zs.zjnu.edu.cn/2026/0306/c6828a547727/page.htm,,school_verified
241,浙江师范大学,004,,历史类,历史,不限,541,16744,,普通本科批,https://zs.zjnu.edu.cn/2026/0306/c6828a547727/page.htm,https://zs.zjnu.edu.cn/2026/0306/c6828a547727/page.htm,,school_verified
242,浙江工业大学,003,,物理类,物理,化学,615,17747,,普通本科批,https://www.zjut.edu.cn/4473/list.htm,https://www.zjut.edu.cn/4473/list.htm,,school_verified
242,浙江工业大学,002,,物理类,物理,化学,602,25389,,普通本科批,https://www.zjut.edu.cn/4473/list.htm,https://www.zjut.edu.cn/4473/list.htm,,school_verified
242,浙江工业大学,001,,物理类,物理,不限,599,27127,,普通本科批,https://www.zjut.edu.cn/4473/list.htm,https://www.zjut.edu.cn/4473/list.htm,,school_verified
242,浙江工业大学,004,,物理类,物理,化学,598,28373,,普通本科批,https://www.zjut.edu.cn/4473/list.htm,https://www.zjut.edu.cn/4473/list.htm,,school_verified
242,浙江工业大学,001,,历史类,历史,不限,586,5508,,普通本科批,https://www.zjut.edu.cn/4473/list.htm,https://www.zjut.edu.cn/4473/list.htm,,school_verified
242,浙江工业大学,002,,历史类,历史,不限,584,5763,,普通本科批,https://www.zjut.edu.cn/4473/list.htm,https://www.zjut.edu.cn/4473/list.htm,,school_verified
242,浙江工业大学,005,,物理类,物理,化学,572,48189,,普通本科批,https://www.zjut.edu.cn/4473/list.htm,https://www.zjut.edu.cn/4473/list.htm,,school_verified
242,浙江工业大学,051,,历史类,历史,不限,570,8709,,普通本科批,https://www.zjut.edu.cn/4473/list.htm,https://www.zjut.edu.cn/4473/list.htm,,school_verified
243,浙江理工大学,004,,物理类,物理,化学,594,30895,,普通本科批,https://zs.zstu.edu.cn/info/1033/4033.htm,https://zs.zstu.edu.cn/info/1033/4033.htm,,school_verified
243,浙江理工大学,001,,物理类,物理,不限,585,37839,,普通本科批,https://zs.zstu.edu.cn/info/1033/4033.htm,https://zs.zstu.edu.cn/info/1033/4033.htm,,school_verified
243,浙江理工大学,001,,历史类,历史,不限,579,6714,,普通本科批,https://zs.zstu.edu.cn/info/1033/4033.htm,https://zs.zstu.edu.cn/info/1033/4033.htm,,school_verified
243,浙江理工大学,002,,物理类,物理,不限,579,42384,,普通本科批,https://zs.zstu.edu.cn/info/1033/4033.htm,https://zs.zstu.edu.cn/info/1033/4033.htm,,school_verified
243,浙江理工大学,003,,物理类,物理,不限,540,81619,,普通本科批,https://zs.zstu.edu.cn/info/1033/4033.htm,https://zs.zstu.edu.cn/info/1033/4033.htm,,school_verified
244,嘉兴大学,001,,历史类,历史,不限,553,13174,,普通本科批,https://zsb.zjxu.edu.cn/info/10443/86745.htm,https://zsb.zjxu.edu.cn/info/10443/86745.htm,,school_verified
244,嘉兴大学,002,,物理类,物理,化学,552,67618,,普通本科批,https://zsb.zjxu.edu.cn/info/10443/86745.htm,https://zsb.zjxu.edu.cn/info/10443/86745.htm,,school_verified
244,嘉兴大学,001,,物理类,物理,不限,540,80987,,普通本科批,https://zsb.zjxu.edu.cn/info/10443/86745.htm,https://zsb.zjxu.edu.cn/info/10443/86745.htm,,school_verified
244,嘉兴大学,003,,物理类,物理,化学,533,89042,,普通本科批,https://zsb.zjxu.edu.cn/info/10443/86745.htm,https://zsb.zjxu.edu.cn/info/10443/86745.htm,,school_verified
245,西华大学,001,,历史类,历史,不限,554,12798,,普通本科批,https://www.xhu.edu.cn/,https://www.xhu.edu.cn/,,school_verified
245,西华大学,002,,物理类,物理,化学,543,77547,,普通本科批,https://www.xhu.edu.cn/,https://www.xhu.edu.cn/,,school_verified
245,西华大学,001,,物理类,物理,不限,535,86896,,普通本科批,https://www.xhu.edu.cn/,https://www.xhu.edu.cn/,,school_verified
246,浙江科技大学,002,,物理类,物理,化学,579,42270,,普通本科批,https://zsb.zust.edu.cn/wzxq/17fb059cbe524fdab969f9c168a7806a,https://zsb.zust.edu.cn/wzxq/17fb059cbe524fdab969f9c168a7806a,,school_verified
246,浙江科技大学,001,,物理类,物理,不限,565,54674,,普通本科批,https://zsb.zust.edu.cn/wzxq/17fb059cbe524fdab969f9c168a7806a,https://zsb.zust.edu.cn/wzxq/17fb059cbe524fdab969f9c168a7806a,,school_verified
246,浙江科技大学,003,,物理类,物理,化学,563,56956,,普通本科批,https://zsb.zust.edu.cn/wzxq/17fb059cbe524fdab969f9c168a7806a,https://zsb.zust.edu.cn/wzxq/17fb059cbe524fdab969f9c168a7806a,,school_verified
246,浙江科技大学,001,,历史类,历史,不限,556,12202,,普通本科批,https://zsb.zust.edu.cn/wzxq/17fb059cbe524fdab969f9c168a7806a,https://zsb.zust.edu.cn/wzxq/17fb059cbe524fdab969f9c168a7806a,,school_verified
246,浙江科技大学,004,,物理类,物理,化学,539,82807,,普通本科批,https://zsb.zust.edu.cn/wzxq/17fb059cbe524fdab969f9c168a7806a,https://zsb.zust.edu.cn/wzxq/17fb059cbe524fdab969f9c168a7806a,,school_verified
247,中国计量大学,004,,物理类,物理,化学,597,29050,,普通本科批,https://www.cjlu.edu.cn/,https://www.cjlu.edu.cn/,,school_verified
247,中国计量大学,003,,物理类,物理,不限,594,30710,,普通本科批,https://www.cjlu.edu.cn/,https://www.cjlu.edu.cn/,,school_verified
247,中国计量大学,001,,历史类,历史,不限,580,6474,,普通本科批,https://www.cjlu.edu.cn/,https://www.cjlu.edu.cn/,,school_verified
248,浙江海洋大学,002,,物理类,物理,不限,551,68826,,普通本科批,https://www.zjou.edu.cn/info/1172/11332.htm,https://www.zjou.edu.cn/info/1172/11332.htm,,school_verified
248,浙江海洋大学,003,,物理类,物理,化学,547,73066,,普通本科批,https://www.zjou.edu.cn/info/1172/11332.htm,https://www.zjou.edu.cn/info/1172/11332.htm,,school_verified
248,浙江海洋大学,004,,物理类,物理,生物,544,76250,,普通本科批,https://www.zjou.edu.cn/info/1172/11332.htm,https://www.zjou.edu.cn/info/1172/11332.htm,,school_verified
248,浙江海洋大学,001,,历史类,历史,不限,539,17557,,普通本科批,https://www.zjou.edu.cn/info/1172/11332.htm,https://www.zjou.edu.cn/info/1172/11332.htm,,school_verified
249,浙江农林大学,005,,物理类,物理,地理,580,41472,,普通本科批,https://www.zafu.edu.cn/,https://www.zafu.edu.cn/,,school_verified
249,浙江农林大学,001,,历史类,历史,不限,578,6898,,普通本科批,https://www.zafu.edu.cn/,https://www.zafu.edu.cn/,,school_verified
249,浙江农林大学,051,,物理类,物理,不限,575,46089,,普通本科批,https://www.zafu.edu.cn/,https://www.zafu.edu.cn/,,school_verified
249,浙江农林大学,051,,历史类,历史,不限,574,7774,,普通本科批,https://www.zafu.edu.cn/,https://www.zafu.edu.cn/,,school_verified
249,浙江农林大学,003,,物理类,物理,化学,560,59941,,普通本科批,https://www.zafu.edu.cn/,https://www.zafu.edu.cn/,,school_verified
249,浙江农林大学,002,,物理类,物理,不限,554,66251,,普通本科批,https://www.zafu.edu.cn/,https://www.zafu.edu.cn/,,school_verified
249,浙江农林大学,004,,物理类,物理,化学,538,84155,,普通本科批,https://www.zafu.edu.cn/,https://www.zafu.edu.cn/,,school_verified
250,浙江中医药大学,001,,物理类,物理,化学,592,32668,,普通本科批,https://www.zcmu.edu.cn/xqzl/xxzc.htm,https://www.zcmu.edu.cn/xqzl/xxzc.htm,,school_verified
250,浙江中医药大学,002,,物理类,物理,化学,583,39291,,普通本科批,https://www.zcmu.edu.cn/xqzl/xxzc.htm,https://www.zcmu.edu.cn/xqzl/xxzc.htm,,school_verified
250,浙江中医药大学,006,,物理类,物理,化学,576,44928,,普通本科批,https://www.zcmu.edu.cn/xqzl/xxzc.htm,https://www.zcmu.edu.cn/xqzl/xxzc.htm,,school_verified
250,浙江中医药大学,004,,物理类,物理,化学,572,48119,,普通本科批,https://www.zcmu.edu.cn/xqzl/xxzc.htm,https://www.zcmu.edu.cn/xqzl/xxzc.htm,,school_verified
250,浙江中医药大学,001,,历史类,历史,不限,568,9205,,普通本科批,https://www.zcmu.edu.cn/xqzl/xxzc.htm,https://www.zcmu.edu.cn/xqzl/xxzc.htm,,school_verified
250,浙江中医药大学,007,,物理类,物理,化学,556,63713,,普通本科批,https://www.zcmu.edu.cn/xqzl/xxzc.htm,https://www.zcmu.edu.cn/xqzl/xxzc.htm,,school_verified
250,浙江中医药大学,003,,物理类,物理,化学,555,64409,,普通本科批,https://www.zcmu.edu.cn/xqzl/xxzc.htm,https://www.zcmu.edu.cn/xqzl/xxzc.htm,,school_verified
250,浙江中医药大学,005,,物理类,物理,化学,551,68896,,普通本科批,https://www.zcmu.edu.cn/xqzl/xxzc.htm,https://www.zcmu.edu.cn/xqzl/xxzc.htm,,school_verified
251,温州医科大学,002,,物理类,物理,化学,594,31261,,普通本科批,https://zhaosheng.wmu.edu.cn/info/3149/17142.htm,https://zhaosheng.wmu.edu.cn/info/3149/17142.htm,,school_verified
251,温州医科大学,001,,物理类,物理,不限,574,47082,,普通本科批,https://zhaosheng.wmu.edu.cn/info/3149/17142.htm,https://zhaosheng.wmu.edu.cn/info/3149/17142.htm,,school_verified
251,温州医科大学,003,,物理类,物理,化学,564,56027,,普通本科批,https://zhaosheng.wmu.edu.cn/info/3149/17142.htm,https://zhaosheng.wmu.edu.cn/info/3149/17142.htm,,school_verified
251,温州医科大学,004,,物理类,物理,化学,549,71693,,普通本科批,https://zhaosheng.wmu.edu.cn/info/3149/17142.htm,https://zhaosheng.wmu.edu.cn/info/3149/17142.htm,,school_verified
252,杭州师范大学,003,,物理类,物理,化学,594,30869,,普通本科批,https://www.hznu.edu.cn/c/2024-07-05/2984995.shtml,https://www.hznu.edu.cn/c/2024-07-05/2984995.shtml,,school_verified
252,杭州师范大学,001,,物理类,物理,不限,578,42941,,普通本科批,https://www.hznu.edu.cn/c/2024-07-05/2984995.shtml,https://www.hznu.edu.cn/c/2024-07-05/2984995.shtml,,school_verified
252,杭州师范大学,002,,物理类,物理,化学,563,56947,,普通本科批,https://www.hznu.edu.cn/c/2024-07-05/2984995.shtml,https://www.hznu.edu.cn/c/2024-07-05/2984995.shtml,,school_verified
252,杭州师范大学,004,,物理类,物理,化学,537,84559,,普通本科批,https://www.hznu.edu.cn/c/2024-07-05/2984995.shtml,https://www.hznu.edu.cn/c/2024-07-05/2984995.shtml,,school_verified
253,湖州师范大学,001,,历史类,历史,不限,539,17299,,普通本科批,https://www.huznu.edu.cn/21/list.htm,https://www.huznu.edu.cn/21/list.htm,,school_verified
253,湖州师范大学,001,,物理类,物理,不限,530,93445,,普通本科批,https://www.huznu.edu.cn/21/list.htm,https://www.huznu.edu.cn/21/list.htm,,school_verified
253,湖州师范大学,002,,物理类,物理,化学,528,95484,,普通本科批,https://www.huznu.edu.cn/21/list.htm,https://www.huznu.edu.cn/21/list.htm,,school_verified
254,台州学院,001,,历史类,历史,不限,534,19063,,普通本科批,https://www.tzc.edu.cn/xygk/xxzc.htm,https://www.tzc.edu.cn/xygk/xxzc.htm,,school_verified
254,台州学院,002,,历史类,历史,不限,529,21017,,普通本科批,https://www.tzc.edu.cn/xygk/xxzc.htm,https://www.tzc.edu.cn/xygk/xxzc.htm,,school_verified
254,台州学院,001,,物理类,物理,化学,523,102406,,普通本科批,https://www.tzc.edu.cn/xygk/xxzc.htm,https://www.tzc.edu.cn/xygk/xxzc.htm,,school_verified
255,绍兴大学,001,,历史类,历史,不限,535,18724,,普通本科批,https://www.usx.edu.cn/xxgk/xxzc.htm,https://www.usx.edu.cn/xxgk/xxzc.htm,,school_verified
255,绍兴大学,001,,物理类,物理,化学,529,94296,,普通本科批,https://www.usx.edu.cn/xxgk/xxzc.htm,https://www.usx.edu.cn/xxgk/xxzc.htm,,school_verified
256,温州大学,001,,历史类,历史,不限,580,6563,,普通本科批,https://www.wzu.edu.cn/info/1322/117347.htm,https://www.wzu.edu.cn/info/1322/117347.htm,,school_verified
256,温州大学,002,,历史类,历史,不限,576,7332,,普通本科批,https://www.wzu.edu.cn/info/1322/117347.htm,https://www.wzu.edu.cn/info/1322/117347.htm,,school_verified
256,温州大学,003,,物理类,物理,化学,576,44714,,普通本科批,https://www.wzu.edu.cn/info/1322/117347.htm,https://www.wzu.edu.cn/info/1322/117347.htm,,school_verified
256,温州大学,003,,历史类,历史,不限,571,8359,,普通本科批,https://www.wzu.edu.cn/info/1322/117347.htm,https://www.wzu.edu.cn/info/1322/117347.htm,,school_verified
256,温州大学,005,,物理类,物理,化学,561,58698,,普通本科批,https://www.wzu.edu.cn/info/1322/117347.htm,https://www.wzu.edu.cn/info/1322/117347.htm,,school_verified
256,温州大学,001,,物理类,物理,不限,556,63314,,普通本科批,https://www.wzu.edu.cn/info/1322/117347.htm,https://www.wzu.edu.cn/info/1322/117347.htm,,school_verified
257,浙江工商大学,003,,物理类,物理,不限,587,36027,,普通本科批,http://www.hzic.edu.cn/10/,http://www.hzic.edu.cn/10/,,school_verified
257,浙江工商大学,004,,物理类,物理,化学,583,38729,,普通本科批,http://www.hzic.edu.cn/10/,http://www.hzic.edu.cn/10/,,school_verified
257,浙江工商大学,002,,历史类,历史,不限,582,6207,,普通本科批,http://www.hzic.edu.cn/10/,http://www.hzic.edu.cn/10/,,school_verified
257,浙江工商大学,002,,物理类,物理,不限,578,43009,,普通本科批,http://www.hzic.edu.cn/10/,http://www.hzic.edu.cn/10/,,school_verified
258,浙江财经大学,003,,物理类,物理,化学,593,31448,,普通本科批,https://www.zufe.edu.cn/zcgk/xxzc.htm,https://www.zufe.edu.cn/zcgk/xxzc.htm,,school_verified
258,浙江财经大学,001,,历史类,历史,不限,581,6386,,普通本科批,https://www.zufe.edu.cn/zcgk/xxzc.htm,https://www.zufe.edu.cn/zcgk/xxzc.htm,,school_verified
258,浙江财经大学,001,,物理类,物理,不限,574,46420,,普通本科批,https://www.zufe.edu.cn/zcgk/xxzc.htm,https://www.zufe.edu.cn/zcgk/xxzc.htm,,school_verified
258,浙江财经大学,002,,历史类,历史,不限,567,9387,,普通本科批,https://www.zufe.edu.cn/zcgk/xxzc.htm,https://www.zufe.edu.cn/zcgk/xxzc.htm,,school_verified
258,浙江财经大学,002,,物理类,物理,不限,561,58775,,普通本科批,https://www.zufe.edu.cn/zcgk/xxzc.htm,https://www.zufe.edu.cn/zcgk/xxzc.htm,,school_verified
259,中国美术学院,001,,历史类,历史,不限,557,11971,,普通本科批,https://www.caa.edu.cn/,https://www.caa.edu.cn/,,school_verified
260,浙江万里学院,001,,历史类,历史,不限,511,28139,,普通本科批,https://www.zwu.edu.cn/zsjy/list.htm,https://www.zwu.edu.cn/zsjy/list.htm,,school_verified
260,浙江万里学院,002,,物理类,物理,不限,502,131681,,普通本科批,https://www.zwu.edu.cn/zsjy/list.htm,https://www.zwu.edu.cn/zsjy/list.htm,,school_verified
260,浙江万里学院,003,,物理类,物理,化学,498,136779,,普通本科批,https://www.zwu.edu.cn/zsjy/list.htm,https://www.zwu.edu.cn/zsjy/list.htm,,school_verified
260,浙江万里学院,001,,物理类,物理,不限,495,142129,,普通本科批,https://www.zwu.edu.cn/zsjy/list.htm,https://www.zwu.edu.cn/zsjy/list.htm,,school_verified
262,山西大学,001,,物理类,物理,不限,577,44289,,普通本科批,https://www.sxu.edu.cn/zty/zsjy/index.html,https://www.sxu.edu.cn/zty/zsjy/index.html,,school_verified
262,山西大学,002,,物理类,物理,化学,575,45912,,普通本科批,https://www.sxu.edu.cn/zty/zsjy/index.html,https://www.sxu.edu.cn/zty/zsjy/index.html,,school_verified
262,山西大学,001,,历史类,历史,不限,567,9252,,普通本科批,https://www.sxu.edu.cn/zty/zsjy/index.html,https://www.sxu.edu.cn/zty/zsjy/index.html,,school_verified
263,西南科技大学,002,,历史类,历史,思想政治,554,12808,,普通本科批,https://www.swust.edu.cn/2026/0306/c11238a232384/page.htm,https://www.swust.edu.cn/2026/0306/c11238a232384/page.htm,,school_verified
263,西南科技大学,003,,物理类,物理,化学,551,68463,,普通本科批,https://www.swust.edu.cn/2026/0306/c11238a232384/page.htm,https://www.swust.edu.cn/2026/0306/c11238a232384/page.htm,,school_verified
263,西南科技大学,001,,历史类,历史,不限,541,16854,,普通本科批,https://www.swust.edu.cn/2026/0306/c11238a232384/page.htm,https://www.swust.edu.cn/2026/0306/c11238a232384/page.htm,,school_verified
263,西南科技大学,001,,物理类,物理,不限,538,83222,,普通本科批,https://www.swust.edu.cn/2026/0306/c11238a232384/page.htm,https://www.swust.edu.cn/2026/0306/c11238a232384/page.htm,,school_verified
264,成都中医药大学,001,,物理类,物理,不限,601,25764,,普通本科批,https://zs.cdutcm.edu.cn/Homecdutcm/List?ColumnCode=1058,https://zs.cdutcm.edu.cn/Homecdutcm/List?ColumnCode=1058,,school_verified
264,成都中医药大学,001,,历史类,历史,不限,585,5713,,普通本科批,https://zs.cdutcm.edu.cn/Homecdutcm/List?ColumnCode=1058,https://zs.cdutcm.edu.cn/Homecdutcm/List?ColumnCode=1058,,school_verified
264,成都中医药大学,002,,物理类,物理,不限,578,43430,,普通本科批,https://zs.cdutcm.edu.cn/Homecdutcm/List?ColumnCode=1058,https://zs.cdutcm.edu.cn/Homecdutcm/List?ColumnCode=1058,,school_verified
264,成都中医药大学,003,,物理类,物理,化学,575,45797,,普通本科批,https://zs.cdutcm.edu.cn/Homecdutcm/List?ColumnCode=1058,https://zs.cdutcm.edu.cn/Homecdutcm/List?ColumnCode=1058,,school_verified
264,成都中医药大学,004,,物理类,物理,化学,574,46261,,普通本科批,https://zs.cdutcm.edu.cn/Homecdutcm/List?ColumnCode=1058,https://zs.cdutcm.edu.cn/Homecdutcm/List?ColumnCode=1058,,school_verified
264,成都中医药大学,002,,历史类,历史,不限,552,13236,,普通本科批,https://zs.cdutcm.edu.cn/Homecdutcm/List?ColumnCode=1058,https://zs.cdutcm.edu.cn/Homecdutcm/List?ColumnCode=1058,,school_verified
264,成都中医药大学,005,,物理类,物理,化学,548,72572,,普通本科批,https://zs.cdutcm.edu.cn/Homecdutcm/List?ColumnCode=1058,https://zs.cdutcm.edu.cn/Homecdutcm/List?ColumnCode=1058,,school_verified
265,四川师范大学,005,,历史类,历史,地理,567,9230,,普通本科批,https://zs.sicnu.edu.cn/(S(wa0jbziiajbn3wyok4dwsssz))/DocViewPage.aspx?Id=162512,https://zs.sicnu.edu.cn/(S(wa0jbziiajbn3wyok4dwsssz))/DocViewPage.aspx?Id=162512,,school_verified
265,四川师范大学,003,,物理类,物理,化学,567,52992,,普通本科批,https://zs.sicnu.edu.cn/(S(wa0jbziiajbn3wyok4dwsssz))/DocViewPage.aspx?Id=162512,https://zs.sicnu.edu.cn/(S(wa0jbziiajbn3wyok4dwsssz))/DocViewPage.aspx?Id=162512,,school_verified
265,四川师范大学,002,,物理类,物理,化学,567,52738,,普通本科批,https://zs.sicnu.edu.cn/(S(wa0jbziiajbn3wyok4dwsssz))/DocViewPage.aspx?Id=162512,https://zs.sicnu.edu.cn/(S(wa0jbziiajbn3wyok4dwsssz))/DocViewPage.aspx?Id=162512,,school_verified
265,四川师范大学,004,,历史类,历史,思想政治,565,9936,,普通本科批,https://zs.sicnu.edu.cn/(S(wa0jbziiajbn3wyok4dwsssz))/DocViewPage.aspx?Id=162512,https://zs.sicnu.edu.cn/(S(wa0jbziiajbn3wyok4dwsssz))/DocViewPage.aspx?Id=162512,,school_verified
265,四川师范大学,001,,历史类,历史,不限,562,10656,,普通本科批,https://zs.sicnu.edu.cn/(S(wa0jbziiajbn3wyok4dwsssz))/DocViewPage.aspx?Id=162512,https://zs.sicnu.edu.cn/(S(wa0jbziiajbn3wyok4dwsssz))/DocViewPage.aspx?Id=162512,,school_verified
265,四川师范大学,002,,历史类,历史,不限,560,11075,,普通本科批,https://zs.sicnu.edu.cn/(S(wa0jbziiajbn3wyok4dwsssz))/DocViewPage.aspx?Id=162512,https://zs.sicnu.edu.cn/(S(wa0jbziiajbn3wyok4dwsssz))/DocViewPage.aspx?Id=162512,,school_verified
265,四川师范大学,005,,物理类,物理,地理,553,66908,,普通本科批,https://zs.sicnu.edu.cn/(S(wa0jbziiajbn3wyok4dwsssz))/DocViewPage.aspx?Id=162512,https://zs.sicnu.edu.cn/(S(wa0jbziiajbn3wyok4dwsssz))/DocViewPage.aspx?Id=162512,,school_verified
265,四川师范大学,004,,物理类,物理,化学、生物(2科必选),550,70186,,普通本科批,https://zs.sicnu.edu.cn/(S(wa0jbziiajbn3wyok4dwsssz))/DocViewPage.aspx?Id=162512,https://zs.sicnu.edu.cn/(S(wa0jbziiajbn3wyok4dwsssz))/DocViewPage.aspx?Id=162512,,school_verified
265,四川师范大学,001,,物理类,物理,不限,550,70372,,普通本科批,https://zs.sicnu.edu.cn/(S(wa0jbziiajbn3wyok4dwsssz))/DocViewPage.aspx?Id=162512,https://zs.sicnu.edu.cn/(S(wa0jbziiajbn3wyok4dwsssz))/DocViewPage.aspx?Id=162512,,school_verified
265,四川师范大学,003,,历史类,历史,不限,537,18081,,普通本科批,https://zs.sicnu.edu.cn/(S(wa0jbziiajbn3wyok4dwsssz))/DocViewPage.aspx?Id=162512,https://zs.sicnu.edu.cn/(S(wa0jbziiajbn3wyok4dwsssz))/DocViewPage.aspx?Id=162512,,school_verified
266,西华师范大学,003,,物理类,物理,化学、生物(2科必选),527,96710,,普通本科批,https://zsjy.cwnu.edu.cn/,https://zsjy.cwnu.edu.cn/,,school_verified
266,西华师范大学,002,,物理类,物理,化学,524,100651,,普通本科批,https://zsjy.cwnu.edu.cn/,https://zsjy.cwnu.edu.cn/,,school_verified
266,西华师范大学,001,,物理类,物理,不限,503,130575,,普通本科批,https://zsjy.cwnu.edu.cn/,https://zsjy.cwnu.edu.cn/,,school_verified
267,中国民用航空飞行学院,005,,物理类,物理,化学,552,67928,,普通本科批,https://zsc.cafuc.edu.cn/info/1010/1888.htm,https://zsc.cafuc.edu.cn/info/1010/1888.htm,,school_verified
267,中国民用航空飞行学院,006,,物理类,物理,思想政治,543,77691,,普通本科批,https://zsc.cafuc.edu.cn/info/1010/1888.htm,https://zsc.cafuc.edu.cn/info/1010/1888.htm,,school_verified
267,中国民用航空飞行学院,004,,物理类,物理,不限,538,84113,,普通本科批,https://zsc.cafuc.edu.cn/info/1010/1888.htm,https://zsc.cafuc.edu.cn/info/1010/1888.htm,,school_verified
267,中国民用航空飞行学院,002,,历史类,历史,思想政治,529,20934,,普通本科批,https://zsc.cafuc.edu.cn/info/1010/1888.htm,https://zsc.cafuc.edu.cn/info/1010/1888.htm,,school_verified
267,中国民用航空飞行学院,001,,历史类,历史,不限,520,24444,,普通本科批,https://zsc.cafuc.edu.cn/info/1010/1888.htm,https://zsc.cafuc.edu.cn/info/1010/1888.htm,,school_verified
268,西南石油大学,002,,物理类,物理,化学,585,37721,,普通本科批,https://www.swpu.edu.cn/xqzl/xxzc.htm,https://www.swpu.edu.cn/xqzl/xxzc.htm,,school_verified
268,西南石油大学,001,,历史类,历史,不限,581,6328,,普通本科批,https://www.swpu.edu.cn/xqzl/xxzc.htm,https://www.swpu.edu.cn/xqzl/xxzc.htm,,school_verified
268,西南石油大学,001,,物理类,物理,不限,581,40655,,普通本科批,https://www.swpu.edu.cn/xqzl/xxzc.htm,https://www.swpu.edu.cn/xqzl/xxzc.htm,,school_verified
269,山西农业大学,002,,历史类,历史,思想政治,529,20791,,普通本科批,http://news.sxau.edu.cn/info/1019/54974.htm,http://news.sxau.edu.cn/info/1019/54974.htm,,school_verified
269,山西农业大学,001,,历史类,历史,不限,521,24160,,普通本科批,http://news.sxau.edu.cn/info/1019/54974.htm,http://news.sxau.edu.cn/info/1019/54974.htm,,school_verified
269,山西农业大学,002,,物理类,物理,化学,512,117434,,普通本科批,http://news.sxau.edu.cn/info/1019/54974.htm,http://news.sxau.edu.cn/info/1019/54974.htm,,school_verified
269,山西农业大学,001,,物理类,物理,不限,510,119355,,普通本科批,http://news.sxau.edu.cn/info/1019/54974.htm,http://news.sxau.edu.cn/info/1019/54974.htm,,school_verified
269,山西农业大学,004,,物理类,物理,化学、生物(2科必选),508,122177,,普通本科批,http://news.sxau.edu.cn/info/1019/54974.htm,http://news.sxau.edu.cn/info/1019/54974.htm,,school_verified
269,山西农业大学,003,,物理类,物理,化学、生物(2科必选),508,122876,,普通本科批,http://news.sxau.edu.cn/info/1019/54974.htm,http://news.sxau.edu.cn/info/1019/54974.htm,,school_verified
270,成都信息工程大学,003,,物理类,物理,化学,596,29243,,普通本科批,https://zjc.cuit.edu.cn/info/1096/1462.htm,https://zjc.cuit.edu.cn/info/1096/1462.htm,,school_verified
270,成都信息工程大学,005,,物理类,物理,地理,591,33096,,普通本科批,https://zjc.cuit.edu.cn/info/1096/1462.htm,https://zjc.cuit.edu.cn/info/1096/1462.htm,,school_verified
270,成都信息工程大学,004,,物理类,物理,化学,580,41543,,普通本科批,https://zjc.cuit.edu.cn/info/1096/1462.htm,https://zjc.cuit.edu.cn/info/1096/1462.htm,,school_verified
270,成都信息工程大学,001,,物理类,物理,不限,574,46644,,普通本科批,https://zjc.cuit.edu.cn/info/1096/1462.htm,https://zjc.cuit.edu.cn/info/1096/1462.htm,,school_verified
270,成都信息工程大学,002,,历史类,历史,不限,563,10276,,普通本科批,https://zjc.cuit.edu.cn/info/1096/1462.htm,https://zjc.cuit.edu.cn/info/1096/1462.htm,,school_verified
270,成都信息工程大学,001,,历史类,历史,不限,543,16031,,普通本科批,https://zjc.cuit.edu.cn/info/1096/1462.htm,https://zjc.cuit.edu.cn/info/1096/1462.htm,,school_verified
270,成都信息工程大学,002,,物理类,物理,不限,517,110251,,普通本科批,https://zjc.cuit.edu.cn/info/1096/1462.htm,https://zjc.cuit.edu.cn/info/1096/1462.htm,,school_verified
271,山西医科大学,004,,物理类,物理,化学、生物(2科必选),588,34982,,普通本科批,https://www.sxmu.edu.cn/xxgk/xxzc.htm,https://www.sxmu.edu.cn/xxgk/xxzc.htm,,school_verified
271,山西医科大学,005,,物理类,物理,化学、生物(2科必选),539,82981,,普通本科批,https://www.sxmu.edu.cn/xxgk/xxzc.htm,https://www.sxmu.edu.cn/xxgk/xxzc.htm,,school_verified
271,山西医科大学,001,,物理类,物理,不限,535,87179,,普通本科批,https://www.sxmu.edu.cn/xxgk/xxzc.htm,https://www.sxmu.edu.cn/xxgk/xxzc.htm,,school_verified
271,山西医科大学,006,,物理类,物理,生物,529,94124,,普通本科批,https://www.sxmu.edu.cn/xxgk/xxzc.htm,https://www.sxmu.edu.cn/xxgk/xxzc.htm,,school_verified
271,山西医科大学,001,,历史类,历史,不限,523,23355,,普通本科批,https://www.sxmu.edu.cn/xxgk/xxzc.htm,https://www.sxmu.edu.cn/xxgk/xxzc.htm,,school_verified
271,山西医科大学,003,,物理类,物理,化学,520,106153,,普通本科批,https://www.sxmu.edu.cn/xxgk/xxzc.htm,https://www.sxmu.edu.cn/xxgk/xxzc.htm,,school_verified
271,山西医科大学,002,,物理类,物理,不限,519,107285,,普通本科批,https://www.sxmu.edu.cn/xxgk/xxzc.htm,https://www.sxmu.edu.cn/xxgk/xxzc.htm,,school_verified
271,山西医科大学,002,,历史类,历史,生物,507,29866,,普通本科批,https://www.sxmu.edu.cn/xxgk/xxzc.htm,https://www.sxmu.edu.cn/xxgk/xxzc.htm,,school_verified
272,山西师范大学,002,,历史类,历史,思想政治,562,10602,,普通本科批,https://zsb.sxnu.edu.cn/info/1028/3989.htm,https://zsb.sxnu.edu.cn/info/1028/3989.htm,,school_verified
272,山西师范大学,001,,历史类,历史,不限,545,15397,,普通本科批,https://zsb.sxnu.edu.cn/info/1028/3989.htm,https://zsb.sxnu.edu.cn/info/1028/3989.htm,,school_verified
272,山西师范大学,003,,物理类,物理,地理,532,91023,,普通本科批,https://zsb.sxnu.edu.cn/info/1028/3989.htm,https://zsb.sxnu.edu.cn/info/1028/3989.htm,,school_verified
272,山西师范大学,001,,物理类,物理,不限,526,98628,,普通本科批,https://zsb.sxnu.edu.cn/info/1028/3989.htm,https://zsb.sxnu.edu.cn/info/1028/3989.htm,,school_verified
272,山西师范大学,002,,物理类,物理,化学,522,103701,,普通本科批,https://zsb.sxnu.edu.cn/info/1028/3989.htm,https://zsb.sxnu.edu.cn/info/1028/3989.htm,,school_verified
273,四川轻化工大学,002,,物理类,物理,化学,536,85657,,普通本科批,https://zjc.suse.edu.cn/zszc/list.htm,https://zjc.suse.edu.cn/zszc/list.htm,,school_verified
273,四川轻化工大学,001,,历史类,历史,不限,531,19981,,普通本科批,https://zjc.suse.edu.cn/zszc/list.htm,https://zjc.suse.edu.cn/zszc/list.htm,,school_verified
273,四川轻化工大学,001,,物理类,物理,不限,523,102749,,普通本科批,https://zjc.suse.edu.cn/zszc/list.htm,https://zjc.suse.edu.cn/zszc/list.htm,,school_verified
274,西南医科大学,001,,物理类,物理,化学,598,28149,,普通本科批,https://www.swmu.edu.cn/xqzl/dxzc.htm,https://www.swmu.edu.cn/xqzl/dxzc.htm,,school_verified
274,西南医科大学,002,,物理类,物理,化学,569,50939,,普通本科批,https://www.swmu.edu.cn/xqzl/dxzc.htm,https://www.swmu.edu.cn/xqzl/dxzc.htm,,school_verified
274,西南医科大学,003,,物理类,物理,化学,530,93485,,普通本科批,https://www.swmu.edu.cn/xqzl/dxzc.htm,https://www.swmu.edu.cn/xqzl/dxzc.htm,,school_verified
274,西南医科大学,004,,物理类,物理,化学,504,128318,,普通本科批,https://www.swmu.edu.cn/xqzl/dxzc.htm,https://www.swmu.edu.cn/xqzl/dxzc.htm,,school_verified
275,山西财经大学,004,,物理类,物理,化学,546,74681,,普通本科批,http://www.sxufe.edu.cn,http://www.sxufe.edu.cn,,school_verified
275,山西财经大学,001,,历史类,历史,不限,545,15363,,普通本科批,http://www.sxufe.edu.cn,http://www.sxufe.edu.cn,,school_verified
275,山西财经大学,005,,物理类,物理,地理,543,77599,,普通本科批,http://www.sxufe.edu.cn,http://www.sxufe.edu.cn,,school_verified
275,山西财经大学,002,,历史类,历史,不限,532,19599,,普通本科批,http://www.sxufe.edu.cn,http://www.sxufe.edu.cn,,school_verified
275,山西财经大学,001,,物理类,物理,不限,530,92887,,普通本科批,http://www.sxufe.edu.cn,http://www.sxufe.edu.cn,,school_verified
275,山西财经大学,002,,物理类,物理,不限,527,97095,,普通本科批,http://www.sxufe.edu.cn,http://www.sxufe.edu.cn,,school_verified
275,山西财经大学,003,,物理类,物理,不限,524,100165,,普通本科批,http://www.sxufe.edu.cn,http://www.sxufe.edu.cn,,school_verified
276,川北医学院,002,,物理类,物理,化学,559,60890,,普通本科批,https://admission.nsmc.edu.cn/?zsdt/61905.html,https://admission.nsmc.edu.cn/?zsdt/61905.html,,school_verified
276,川北医学院,003,,物理类,物理,生物,518,109118,,普通本科批,https://admission.nsmc.edu.cn/?zsdt/61905.html,https://admission.nsmc.edu.cn/?zsdt/61905.html,,school_verified
276,川北医学院,001,,物理类,物理,不限,511,117971,,普通本科批,https://admission.nsmc.edu.cn/?zsdt/61905.html,https://admission.nsmc.edu.cn/?zsdt/61905.html,,school_verified
277,中北大学,002,,物理类,物理,化学,601,26184,,普通本科批,http://zbzs.nuc.edu.cn/info/1015/3795.htm,http://zbzs.nuc.edu.cn/info/1015/3795.htm,,school_verified
277,中北大学,003,,物理类,物理,化学,595,29894,,普通本科批,http://zbzs.nuc.edu.cn/info/1015/3795.htm,http://zbzs.nuc.edu.cn/info/1015/3795.htm,,school_verified
277,中北大学,004,,物理类,物理,化学,575,45724,,普通本科批,http://zbzs.nuc.edu.cn/info/1015/3795.htm,http://zbzs.nuc.edu.cn/info/1015/3795.htm,,school_verified
277,中北大学,001,,物理类,物理,不限,549,71591,,普通本科批,http://zbzs.nuc.edu.cn/info/1015/3795.htm,http://zbzs.nuc.edu.cn/info/1015/3795.htm,,school_verified
277,中北大学,001,,历史类,历史,不限,538,17887,,普通本科批,http://zbzs.nuc.edu.cn/info/1015/3795.htm,http://zbzs.nuc.edu.cn/info/1015/3795.htm,,school_verified
278,太原科技大学,001,,物理类,物理,化学,543,77273,,普通本科批,https://zsb.tyust.edu.cn/info/1099/1883.htm,https://zsb.tyust.edu.cn/info/1099/1883.htm,,school_verified
278,太原科技大学,001,,历史类,历史,不限,533,19300,,普通本科批,https://zsb.tyust.edu.cn/info/1099/1883.htm,https://zsb.tyust.edu.cn/info/1099/1883.htm,,school_verified
279,长治医学院,003,,物理类,物理,化学,542,79149,,普通本科批,http://www.czmc.edu.cn/xygk/zc.htm,http://www.czmc.edu.cn/xygk/zc.htm,,school_verified
279,长治医学院,001,,物理类,物理,不限,542,79498,,普通本科批,http://www.czmc.edu.cn/xygk/zc.htm,http://www.czmc.edu.cn/xygk/zc.htm,,school_verified
279,长治医学院,004,,物理类,物理,生物,506,125634,,普通本科批,http://www.czmc.edu.cn/xygk/zc.htm,http://www.czmc.edu.cn/xygk/zc.htm,,school_verified
279,长治医学院,002,,物理类,物理,化学,497,138335,,普通本科批,http://www.czmc.edu.cn/xygk/zc.htm,http://www.czmc.edu.cn/xygk/zc.htm,,school_verified
281,山西大同大学,001,,物理类,物理,化学,519,106800,,普通本科批,http://www.sxdtdx.edu.cn/news-show-100.html,http://www.sxdtdx.edu.cn/news-show-100.html,,school_verified
281,山西大同大学,001,,历史类,历史,不限,518,25103,,普通本科批,http://www.sxdtdx.edu.cn/news-show-100.html,http://www.sxdtdx.edu.cn/news-show-100.html,,school_verified
281,山西大同大学,002,,物理类,物理,化学,504,128781,,普通本科批,http://www.sxdtdx.edu.cn/news-show-100.html,http://www.sxdtdx.edu.cn/news-show-100.html,,school_verified
282,太原师范学院,001,,历史类,历史,不限,524,22662,,普通本科批,http://www.tynu.edu.cn/,http://www.tynu.edu.cn/,,school_verified
282,太原师范学院,003,,历史类,历史,地理,523,23289,,普通本科批,http://www.tynu.edu.cn/,http://www.tynu.edu.cn/,,school_verified
282,太原师范学院,001,,物理类,物理,化学,508,122287,,普通本科批,http://www.tynu.edu.cn/,http://www.tynu.edu.cn/,,school_verified
282,太原师范学院,002,,物理类,物理,地理,506,126238,,普通本科批,http://www.tynu.edu.cn/,http://www.tynu.edu.cn/,,school_verified
282,太原师范学院,002,,历史类,历史,不限,491,37562,,普通本科批,http://www.tynu.edu.cn/,http://www.tynu.edu.cn/,,school_verified
283,汕头大学,002,,物理类,物理,化学,587,36193,,普通本科批,https://www.stu.edu.cn/,https://www.stu.edu.cn/,,school_verified
283,汕头大学,004,,物理类,物理,化学,584,38603,,普通本科批,https://www.stu.edu.cn/,https://www.stu.edu.cn/,,school_verified
283,汕头大学,001,,物理类,物理,不限,582,39701,,普通本科批,https://www.stu.edu.cn/,https://www.stu.edu.cn/,,school_verified
283,汕头大学,001,,历史类,历史,不限,577,7175,,普通本科批,https://www.stu.edu.cn/,https://www.stu.edu.cn/,,school_verified
284,深圳大学,003,,物理类,物理,化学,616,17118,,普通本科批,https://mp.weixin.qq.com/s/iZRJL_p1Wpz-6mDzs_ggXA,https://mp.weixin.qq.com/s/iZRJL_p1Wpz-6mDzs_ggXA,,school_verified
284,深圳大学,001,,物理类,物理,不限,613,18555,,普通本科批,https://mp.weixin.qq.com/s/iZRJL_p1Wpz-6mDzs_ggXA,https://mp.weixin.qq.com/s/iZRJL_p1Wpz-6mDzs_ggXA,,school_verified
284,深圳大学,004,,物理类,物理,生物,605,23352,,普通本科批,https://mp.weixin.qq.com/s/iZRJL_p1Wpz-6mDzs_ggXA,https://mp.weixin.qq.com/s/iZRJL_p1Wpz-6mDzs_ggXA,,school_verified
284,深圳大学,001,,历史类,历史,不限,602,3137,,普通本科批,https://mp.weixin.qq.com/s/iZRJL_p1Wpz-6mDzs_ggXA,https://mp.weixin.qq.com/s/iZRJL_p1Wpz-6mDzs_ggXA,,school_verified
284,深圳大学,002,,物理类,物理,不限,598,28104,,普通本科批,https://mp.weixin.qq.com/s/iZRJL_p1Wpz-6mDzs_ggXA,https://mp.weixin.qq.com/s/iZRJL_p1Wpz-6mDzs_ggXA,,school_verified
285,五邑大学,001,,历史类,历史,不限,545,15435,,普通本科批,https://www.wyu.edu.cn/zsb/info/1020/5470.htm,https://www.wyu.edu.cn/zsb/info/1020/5470.htm,,school_verified
285,五邑大学,001,,物理类,物理,不限,543,77838,,普通本科批,https://www.wyu.edu.cn/zsb/info/1020/5470.htm,https://www.wyu.edu.cn/zsb/info/1020/5470.htm,,school_verified
285,五邑大学,003,,物理类,物理,化学,540,81115,,普通本科批,https://www.wyu.edu.cn/zsb/info/1020/5470.htm,https://www.wyu.edu.cn/zsb/info/1020/5470.htm,,school_verified
285,五邑大学,004,,物理类,物理,化学,517,109994,,普通本科批,https://www.wyu.edu.cn/zsb/info/1020/5470.htm,https://www.wyu.edu.cn/zsb/info/1020/5470.htm,,school_verified
285,五邑大学,002,,物理类,物理,化学,516,111566,,普通本科批,https://www.wyu.edu.cn/zsb/info/1020/5470.htm,https://www.wyu.edu.cn/zsb/info/1020/5470.htm,,school_verified
286,广东工业大学,008,,物理类,物理,化学,601,25803,,普通本科批,https://xxgk.gdut.edu.cn/info/10084/87134.htm,https://xxgk.gdut.edu.cn/info/10084/87134.htm,,school_verified
286,广东工业大学,004,,物理类,物理,不限,583,39293,,普通本科批,https://xxgk.gdut.edu.cn/info/10084/87134.htm,https://xxgk.gdut.edu.cn/info/10084/87134.htm,,school_verified
286,广东工业大学,002,,历史类,历史,不限,567,9448,,普通本科批,https://xxgk.gdut.edu.cn/info/10084/87134.htm,https://xxgk.gdut.edu.cn/info/10084/87134.htm,,school_verified
286,广东工业大学,007,,物理类,物理,不限,564,55761,,普通本科批,https://xxgk.gdut.edu.cn/info/10084/87134.htm,https://xxgk.gdut.edu.cn/info/10084/87134.htm,,school_verified
287,华南农业大学,001,,物理类,物理,不限,586,36732,,普通本科批,https://www.scau.edu.cn/17834/list.htm,https://www.scau.edu.cn/17834/list.htm,,school_verified
287,华南农业大学,002,,物理类,物理,化学,580,41167,,普通本科批,https://www.scau.edu.cn/17834/list.htm,https://www.scau.edu.cn/17834/list.htm,,school_verified
288,广东海洋大学,006,,物理类,物理,化学,552,67363,,普通本科批,https://www.gdou.edu.cn/xxgk/xxzc.htm,https://www.gdou.edu.cn/xxgk/xxzc.htm,,school_verified
288,广东海洋大学,005,,物理类,物理,化学,551,69028,,普通本科批,https://www.gdou.edu.cn/xxgk/xxzc.htm,https://www.gdou.edu.cn/xxgk/xxzc.htm,,school_verified
288,广东海洋大学,004,,物理类,物理,化学,539,82098,,普通本科批,https://www.gdou.edu.cn/xxgk/xxzc.htm,https://www.gdou.edu.cn/xxgk/xxzc.htm,,school_verified
288,广东海洋大学,007,,物理类,物理,化学、生物(2科必选),528,95152,,普通本科批,https://www.gdou.edu.cn/xxgk/xxzc.htm,https://www.gdou.edu.cn/xxgk/xxzc.htm,,school_verified
288,广东海洋大学,003,,物理类,物理,化学,524,100484,,普通本科批,https://www.gdou.edu.cn/xxgk/xxzc.htm,https://www.gdou.edu.cn/xxgk/xxzc.htm,,school_verified
289,广州中医药大学,001,,历史类,历史,不限,580,6581,,普通本科批,https://www.gzucm.edu.cn/xxgk/xxzc.htm,https://www.gzucm.edu.cn/xxgk/xxzc.htm,,school_verified
289,广州中医药大学,002,,物理类,物理,化学,574,46388,,普通本科批,https://www.gzucm.edu.cn/xxgk/xxzc.htm,https://www.gzucm.edu.cn/xxgk/xxzc.htm,,school_verified
289,广州中医药大学,001,,物理类,物理,不限,574,46681,,普通本科批,https://www.gzucm.edu.cn/xxgk/xxzc.htm,https://www.gzucm.edu.cn/xxgk/xxzc.htm,,school_verified
289,广州中医药大学,002,,历史类,历史,生物,559,11274,,普通本科批,https://www.gzucm.edu.cn/xxgk/xxzc.htm,https://www.gzucm.edu.cn/xxgk/xxzc.htm,,school_verified
289,广州中医药大学,003,,物理类,物理,生物,559,60953,,普通本科批,https://www.gzucm.edu.cn/xxgk/xxzc.htm,https://www.gzucm.edu.cn/xxgk/xxzc.htm,,school_verified
290,广东外语外贸大学,002,,历史类,历史,思想政治,580,6532,,普通本科批,https://xxgk.gdufs.edu.cn/info/1203/1811.htm,https://xxgk.gdufs.edu.cn/info/1203/1811.htm,,school_verified
290,广东外语外贸大学,001,,历史类,历史,不限,577,7049,,普通本科批,https://xxgk.gdufs.edu.cn/info/1203/1811.htm,https://xxgk.gdufs.edu.cn/info/1203/1811.htm,,school_verified
290,广东外语外贸大学,001,,物理类,物理,不限,561,58608,,普通本科批,https://xxgk.gdufs.edu.cn/info/1203/1811.htm,https://xxgk.gdufs.edu.cn/info/1203/1811.htm,,school_verified
291,东莞理工学院,001,,物理类,物理,化学,561,58544,,普通本科批,https://zsb.dgut.edu.cn/zszc/bks/1hsmh1gg9bvvm.xhtml,https://zsb.dgut.edu.cn/zszc/bks/1hsmh1gg9bvvm.xhtml,,school_verified
292,广东石油化工学院,051,,物理类,物理,化学,522,103743,,普通本科批,https://www.gdupt.edu.cn/xxjj/xxzc.htm,https://www.gdupt.edu.cn/xxjj/xxzc.htm,,school_verified
292,广东石油化工学院,002,,物理类,物理,化学,520,105999,,普通本科批,https://www.gdupt.edu.cn/xxjj/xxzc.htm,https://www.gdupt.edu.cn/xxjj/xxzc.htm,,school_verified
292,广东石油化工学院,004,,物理类,物理,化学,519,107840,,普通本科批,https://www.gdupt.edu.cn/xxjj/xxzc.htm,https://www.gdupt.edu.cn/xxjj/xxzc.htm,,school_verified
292,广东石油化工学院,001,,物理类,物理,不限,518,108734,,普通本科批,https://www.gdupt.edu.cn/xxjj/xxzc.htm,https://www.gdupt.edu.cn/xxjj/xxzc.htm,,school_verified
292,广东石油化工学院,003,,物理类,物理,化学,517,110675,,普通本科批,https://www.gdupt.edu.cn/xxjj/xxzc.htm,https://www.gdupt.edu.cn/xxjj/xxzc.htm,,school_verified
292,广东石油化工学院,001,,历史类,历史,不限,516,26243,,普通本科批,https://www.gdupt.edu.cn/xxjj/xxzc.htm,https://www.gdupt.edu.cn/xxjj/xxzc.htm,,school_verified
293,广州大学,002,,物理类,物理,化学,596,29283,,普通本科批,https://zsjy.gzhu.edu.cn/info/2031/52081.htm,https://zsjy.gzhu.edu.cn/info/2031/52081.htm,,school_verified
293,广州大学,001,,历史类,历史,不限,580,6477,,普通本科批,https://zsjy.gzhu.edu.cn/info/2031/52081.htm,https://zsjy.gzhu.edu.cn/info/2031/52081.htm,,school_verified
293,广州大学,001,,物理类,物理,不限,580,41706,,普通本科批,https://zsjy.gzhu.edu.cn/info/2031/52081.htm,https://zsjy.gzhu.edu.cn/info/2031/52081.htm,,school_verified
294,广东医科大学,001,,物理类,物理,化学,577,44417,,普通本科批,https://www.gdmu.edu.cn/xxgk/xxzc.htm,https://www.gdmu.edu.cn/xxgk/xxzc.htm,,school_verified
294,广东医科大学,002,,物理类,物理,化学,511,118654,,普通本科批,https://www.gdmu.edu.cn/xxgk/xxzc.htm,https://www.gdmu.edu.cn/xxgk/xxzc.htm,,school_verified
295,广州医科大学,004,,物理类,物理,化学,626,12502,,普通本科批,https://zs.gzhmu.edu.cn/info/1057/6323.htm,https://zs.gzhmu.edu.cn/info/1057/6323.htm,,school_verified
295,广州医科大学,003,,物理类,物理,不限,575,46234,,普通本科批,https://zs.gzhmu.edu.cn/info/1057/6323.htm,https://zs.gzhmu.edu.cn/info/1057/6323.htm,,school_verified
295,广州医科大学,005,,物理类,物理,化学,564,56027,,普通本科批,https://zs.gzhmu.edu.cn/info/1057/6323.htm,https://zs.gzhmu.edu.cn/info/1057/6323.htm,,school_verified
296,广东药科大学,003,,物理类,物理,化学,536,85997,,普通本科批,https://zsb.gdpu.edu.cn/info/1077/1500.htm,https://zsb.gdpu.edu.cn/info/1077/1500.htm,,school_verified
296,广东药科大学,002,,物理类,物理,化学,524,100230,,普通本科批,https://zsb.gdpu.edu.cn/info/1077/1500.htm,https://zsb.gdpu.edu.cn/info/1077/1500.htm,,school_verified
296,广东药科大学,004,,物理类,物理,化学,521,104812,,普通本科批,https://zsb.gdpu.edu.cn/info/1077/1500.htm,https://zsb.gdpu.edu.cn/info/1077/1500.htm,,school_verified
296,广东药科大学,001,,物理类,物理,不限,521,105250,,普通本科批,https://zsb.gdpu.edu.cn/info/1077/1500.htm,https://zsb.gdpu.edu.cn/info/1077/1500.htm,,school_verified
298,韶关学院,004,,物理类,物理,化学,511,118693,,普通本科批,https://www.sgu.edu.cn/zsxxw/info/1019/12568.htm,https://www.sgu.edu.cn/zsxxw/info/1019/12568.htm,,school_verified
298,韶关学院,001,,历史类,历史,不限,507,30225,,普通本科批,https://www.sgu.edu.cn/zsxxw/info/1019/12568.htm,https://www.sgu.edu.cn/zsxxw/info/1019/12568.htm,,school_verified
298,韶关学院,002,,历史类,历史,不限,506,30361,,普通本科批,https://www.sgu.edu.cn/zsxxw/info/1019/12568.htm,https://www.sgu.edu.cn/zsxxw/info/1019/12568.htm,,school_verified
298,韶关学院,001,,物理类,物理,化学,503,129534,,普通本科批,https://www.sgu.edu.cn/zsxxw/info/1019/12568.htm,https://www.sgu.edu.cn/zsxxw/info/1019/12568.htm,,school_verified
298,韶关学院,005,,物理类,物理,生物,496,140337,,普通本科批,https://www.sgu.edu.cn/zsxxw/info/1019/12568.htm,https://www.sgu.edu.cn/zsxxw/info/1019/12568.htm,,school_verified
298,韶关学院,002,,物理类,物理,化学,495,141423,,普通本科批,https://www.sgu.edu.cn/zsxxw/info/1019/12568.htm,https://www.sgu.edu.cn/zsxxw/info/1019/12568.htm,,school_verified
298,韶关学院,003,,物理类,物理,化学,490,149727,,普通本科批,https://www.sgu.edu.cn/zsxxw/info/1019/12568.htm,https://www.sgu.edu.cn/zsxxw/info/1019/12568.htm,,school_verified
299,岭南师范学院,002,,历史类,历史,思想政治,521,23988,,普通本科批,http://zsb.lingnan.edu.cn/info/1191/7878.htm,http://zsb.lingnan.edu.cn/info/1191/7878.htm,,school_verified
299,岭南师范学院,001,,物理类,物理,不限,516,111875,,普通本科批,http://zsb.lingnan.edu.cn/info/1191/7878.htm,http://zsb.lingnan.edu.cn/info/1191/7878.htm,,school_verified
299,岭南师范学院,001,,历史类,历史,不限,513,27447,,普通本科批,http://zsb.lingnan.edu.cn/info/1191/7878.htm,http://zsb.lingnan.edu.cn/info/1191/7878.htm,,school_verified
299,岭南师范学院,003,,历史类,历史,地理,512,27815,,普通本科批,http://zsb.lingnan.edu.cn/info/1191/7878.htm,http://zsb.lingnan.edu.cn/info/1191/7878.htm,,school_verified
299,岭南师范学院,003,,物理类,物理,化学,509,121284,,普通本科批,http://zsb.lingnan.edu.cn/info/1191/7878.htm,http://zsb.lingnan.edu.cn/info/1191/7878.htm,,school_verified
299,岭南师范学院,002,,物理类,物理,化学,503,130279,,普通本科批,http://zsb.lingnan.edu.cn/info/1191/7878.htm,http://zsb.lingnan.edu.cn/info/1191/7878.htm,,school_verified
299,岭南师范学院,004,,物理类,物理,化学,497,138531,,普通本科批,http://zsb.lingnan.edu.cn/info/1191/7878.htm,http://zsb.lingnan.edu.cn/info/1191/7878.htm,,school_verified
299,岭南师范学院,006,,物理类,物理,化学、生物(2科必选),491,147660,,普通本科批,http://zsb.lingnan.edu.cn/info/1191/7878.htm,http://zsb.lingnan.edu.cn/info/1191/7878.htm,,school_verified
299,岭南师范学院,005,,物理类,物理,化学,481,162907,,普通本科批,http://zsb.lingnan.edu.cn/info/1191/7878.htm,http://zsb.lingnan.edu.cn/info/1191/7878.htm,,school_verified
300,惠州学院,002,,物理类,物理,化学,514,113850,,普通本科批,https://zs.hzu.edu.cn/2025/0517/c4724a267577/page.htm,https://zs.hzu.edu.cn/2025/0517/c4724a267577/page.htm,,school_verified
300,惠州学院,051,,物理类,物理,化学,512,117419,,普通本科批,https://zs.hzu.edu.cn/2025/0517/c4724a267577/page.htm,https://zs.hzu.edu.cn/2025/0517/c4724a267577/page.htm,,school_verified
300,惠州学院,001,,历史类,历史,不限,504,31306,,普通本科批,https://zs.hzu.edu.cn/2025/0517/c4724a267577/page.htm,https://zs.hzu.edu.cn/2025/0517/c4724a267577/page.htm,,school_verified
300,惠州学院,001,,物理类,物理,不限,499,135661,,普通本科批,https://zs.hzu.edu.cn/2025/0517/c4724a267577/page.htm,https://zs.hzu.edu.cn/2025/0517/c4724a267577/page.htm,,school_verified
301,嘉应学院,002,,物理类,物理,化学,514,114158,,普通本科批,https://www.jyu.edu.cn/,https://www.jyu.edu.cn/,,school_verified
301,嘉应学院,003,,历史类,历史,地理,513,27404,,普通本科批,https://www.jyu.edu.cn/,https://www.jyu.edu.cn/,,school_verified
301,嘉应学院,005,,物理类,物理,地理,513,115364,,普通本科批,https://www.jyu.edu.cn/,https://www.jyu.edu.cn/,,school_verified
301,嘉应学院,001,,历史类,历史,不限,512,27860,,普通本科批,https://www.jyu.edu.cn/,https://www.jyu.edu.cn/,,school_verified
301,嘉应学院,001,,物理类,物理,不限,508,123264,,普通本科批,https://www.jyu.edu.cn/,https://www.jyu.edu.cn/,,school_verified
301,嘉应学院,002,,历史类,历史,生物,503,31757,,普通本科批,https://www.jyu.edu.cn/,https://www.jyu.edu.cn/,,school_verified
301,嘉应学院,004,,物理类,物理,生物,497,138873,,普通本科批,https://www.jyu.edu.cn/,https://www.jyu.edu.cn/,,school_verified
301,嘉应学院,003,,物理类,物理,化学,493,144567,,普通本科批,https://www.jyu.edu.cn/,https://www.jyu.edu.cn/,,school_verified
302,广东财经大学,001,,历史类,历史,不限,579,6785,,普通本科批,https://www.gdufe.edu.cn/xxzc_11003/list.htm,https://www.gdufe.edu.cn/xxzc_11003/list.htm,,school_verified
302,广东财经大学,001,,物理类,物理,不限,567,52811,,普通本科批,https://www.gdufe.edu.cn/xxzc_11003/list.htm,https://www.gdufe.edu.cn/xxzc_11003/list.htm,,school_verified
302,广东财经大学,002,,物理类,物理,地理,533,88967,,普通本科批,https://www.gdufe.edu.cn/xxzc_11003/list.htm,https://www.gdufe.edu.cn/xxzc_11003/list.htm,,school_verified
306,佛山大学,002,,物理类,物理,不限,547,73636,,普通本科批,https://www.fosu.edu.cn/,https://www.fosu.edu.cn/,,school_verified
306,佛山大学,001,,历史类,历史,不限,523,23299,,普通本科批,https://www.fosu.edu.cn/,https://www.fosu.edu.cn/,,school_verified
306,佛山大学,003,,物理类,物理,化学,522,103037,,普通本科批,https://www.fosu.edu.cn/,https://www.fosu.edu.cn/,,school_verified
306,佛山大学,001,,物理类,物理,不限,517,109841,,普通本科批,https://www.fosu.edu.cn/,https://www.fosu.edu.cn/,,school_verified
307,上海理工大学,003,,物理类,物理,化学,605,23894,,普通本科批,https://www.usst.edu.cn/dxzc/list.htm,https://www.usst.edu.cn/dxzc/list.htm,,school_verified
307,上海理工大学,004,,物理类,物理,化学,601,26393,,普通本科批,https://www.usst.edu.cn/dxzc/list.htm,https://www.usst.edu.cn/dxzc/list.htm,,school_verified
307,上海理工大学,002,,物理类,物理,不限,598,28440,,普通本科批,https://www.usst.edu.cn/dxzc/list.htm,https://www.usst.edu.cn/dxzc/list.htm,,school_verified
307,上海理工大学,001,,历史类,历史,不限,560,11176,,普通本科批,https://www.usst.edu.cn/dxzc/list.htm,https://www.usst.edu.cn/dxzc/list.htm,,school_verified
307,上海理工大学,002,,历史类,历史,不限,554,12867,,普通本科批,https://www.usst.edu.cn/dxzc/list.htm,https://www.usst.edu.cn/dxzc/list.htm,,school_verified
308,上海工程技术大学,003,,物理类,物理,化学,573,47133,,普通本科批,https://www.sues.edu.cn/bzkwyjszs/list.htm,https://www.sues.edu.cn/bzkwyjszs/list.htm,,school_verified
308,上海工程技术大学,002,,物理类,物理,不限,566,53456,,普通本科批,https://www.sues.edu.cn/bzkwyjszs/list.htm,https://www.sues.edu.cn/bzkwyjszs/list.htm,,school_verified
308,上海工程技术大学,001,,历史类,历史,不限,553,12970,,普通本科批,https://www.sues.edu.cn/bzkwyjszs/list.htm,https://www.sues.edu.cn/bzkwyjszs/list.htm,,school_verified
309,上海海洋大学,002,,物理类,物理,化学,587,36258,,普通本科批,https://www.shou.edu.cn/,https://www.shou.edu.cn/,,school_verified
309,上海海洋大学,001,,历史类,历史,不限,583,5931,,普通本科批,https://www.shou.edu.cn/,https://www.shou.edu.cn/,,school_verified
310,上海中医药大学,005,,物理类,物理,化学,612,19645,,普通本科批,https://www.shutcm.edu.cn/6622/list.htm,https://www.shutcm.edu.cn/6622/list.htm,,school_verified
310,上海中医药大学,004,,物理类,物理,化学,601,26393,,普通本科批,https://www.shutcm.edu.cn/6622/list.htm,https://www.shutcm.edu.cn/6622/list.htm,,school_verified
310,上海中医药大学,007,,物理类,物理,化学,596,29819,,普通本科批,https://www.shutcm.edu.cn/6622/list.htm,https://www.shutcm.edu.cn/6622/list.htm,,school_verified
310,上海中医药大学,008,,物理类,物理,化学,589,34787,,普通本科批,https://www.shutcm.edu.cn/6622/list.htm,https://www.shutcm.edu.cn/6622/list.htm,,school_verified
310,上海中医药大学,006,,物理类,物理,化学,583,39448,,普通本科批,https://www.shutcm.edu.cn/6622/list.htm,https://www.shutcm.edu.cn/6622/list.htm,,school_verified
310,上海中医药大学,003,,物理类,物理,不限,583,39448,,普通本科批,https://www.shutcm.edu.cn/6622/list.htm,https://www.shutcm.edu.cn/6622/list.htm,,school_verified
310,上海中医药大学,001,,历史类,历史,不限,579,6788,,普通本科批,https://www.shutcm.edu.cn/6622/list.htm,https://www.shutcm.edu.cn/6622/list.htm,,school_verified
311,上海师范大学,002,,物理类,物理,化学,582,39698,,普通本科批,https://www.shnu.edu.cn/f3/d0/c291a848848/page.htm,https://www.shnu.edu.cn/f3/d0/c291a848848/page.htm,,school_verified
311,上海师范大学,001,,历史类,历史,不限,578,6947,,普通本科批,https://www.shnu.edu.cn/f3/d0/c291a848848/page.htm,https://www.shnu.edu.cn/f3/d0/c291a848848/page.htm,,school_verified
311,上海师范大学,002,,历史类,历史,不限,575,7445,,普通本科批,https://www.shnu.edu.cn/f3/d0/c291a848848/page.htm,https://www.shnu.edu.cn/f3/d0/c291a848848/page.htm,,school_verified
311,上海师范大学,001,,物理类,物理,不限,575,46017,,普通本科批,https://www.shnu.edu.cn/f3/d0/c291a848848/page.htm,https://www.shnu.edu.cn/f3/d0/c291a848848/page.htm,,school_verified
311,上海师范大学,004,,物理类,物理,地理,571,49341,,普通本科批,https://www.shnu.edu.cn/f3/d0/c291a848848/page.htm,https://www.shnu.edu.cn/f3/d0/c291a848848/page.htm,,school_verified
311,上海师范大学,003,,历史类,历史,不限,564,10193,,普通本科批,https://www.shnu.edu.cn/f3/d0/c291a848848/page.htm,https://www.shnu.edu.cn/f3/d0/c291a848848/page.htm,,school_verified
311,上海师范大学,003,,物理类,物理,化学,561,58532,,普通本科批,https://www.shnu.edu.cn/f3/d0/c291a848848/page.htm,https://www.shnu.edu.cn/f3/d0/c291a848848/page.htm,,school_verified
312,上海第二工业大学,002,,物理类,物理,化学,563,56996,,普通本科批,https://www.sspu.edu.cn/2947/list.htm,https://www.sspu.edu.cn/2947/list.htm,,school_verified
312,上海第二工业大学,001,,物理类,物理,不限,557,63155,,普通本科批,https://www.sspu.edu.cn/2947/list.htm,https://www.sspu.edu.cn/2947/list.htm,,school_verified
312,上海第二工业大学,001,,历史类,历史,不限,549,14408,,普通本科批,https://www.sspu.edu.cn/2947/list.htm,https://www.sspu.edu.cn/2947/list.htm,,school_verified
312,上海第二工业大学,003,,物理类,物理,化学,546,74955,,普通本科批,https://www.sspu.edu.cn/2947/list.htm,https://www.sspu.edu.cn/2947/list.htm,,school_verified
313,上海海事大学,003,,物理类,物理,化学,593,31331,,普通本科批,http://www.shmtu.edu.cn/2026/0326/c12191a289149/page.htm,http://www.shmtu.edu.cn/2026/0326/c12191a289149/page.htm,,school_verified
313,上海海事大学,002,,物理类,物理,不限,592,32537,,普通本科批,http://www.shmtu.edu.cn/2026/0326/c12191a289149/page.htm,http://www.shmtu.edu.cn/2026/0326/c12191a289149/page.htm,,school_verified
313,上海海事大学,001,,历史类,历史,不限,585,5686,,普通本科批,http://www.shmtu.edu.cn/2026/0326/c12191a289149/page.htm,http://www.shmtu.edu.cn/2026/0326/c12191a289149/page.htm,,school_verified
315,上海应用技术大学,005,,物理类,物理,化学,586,36539,,普通本科批,https://adm.sit.edu.cn/info/1061/3031.htm,https://adm.sit.edu.cn/info/1061/3031.htm,,school_verified
315,上海应用技术大学,003,,物理类,物理,化学,581,41007,,普通本科批,https://adm.sit.edu.cn/info/1061/3031.htm,https://adm.sit.edu.cn/info/1061/3031.htm,,school_verified
315,上海应用技术大学,001,,物理类,物理,不限,567,52752,,普通本科批,https://adm.sit.edu.cn/info/1061/3031.htm,https://adm.sit.edu.cn/info/1061/3031.htm,,school_verified
315,上海应用技术大学,002,,物理类,物理,不限,561,58814,,普通本科批,https://adm.sit.edu.cn/info/1061/3031.htm,https://adm.sit.edu.cn/info/1061/3031.htm,,school_verified
315,上海应用技术大学,001,,历史类,历史,不限,551,13774,,普通本科批,https://adm.sit.edu.cn/info/1061/3031.htm,https://adm.sit.edu.cn/info/1061/3031.htm,,school_verified
315,上海应用技术大学,006,,物理类,物理,化学,547,73158,,普通本科批,https://adm.sit.edu.cn/info/1061/3031.htm,https://adm.sit.edu.cn/info/1061/3031.htm,,school_verified
315,上海应用技术大学,002,,历史类,历史,不限,537,18159,,普通本科批,https://adm.sit.edu.cn/info/1061/3031.htm,https://adm.sit.edu.cn/info/1061/3031.htm,,school_verified
315,上海应用技术大学,004,,物理类,物理,化学,534,87883,,普通本科批,https://adm.sit.edu.cn/info/1061/3031.htm,https://adm.sit.edu.cn/info/1061/3031.htm,,school_verified
317,上海电力大学,002,,物理类,物理,化学,611,20164,,普通本科批,https://zsjy.shiep.edu.cn/,https://zsjy.shiep.edu.cn/,,school_verified
317,上海电力大学,001,,物理类,物理,化学,600,26776,,普通本科批,https://zsjy.shiep.edu.cn/,https://zsjy.shiep.edu.cn/,,school_verified
317,上海电力大学,001,,历史类,历史,不限,570,8507,,普通本科批,https://zsjy.shiep.edu.cn/,https://zsjy.shiep.edu.cn/,,school_verified
318,上海对外经贸大学,004,,物理类,物理,化学,598,28061,,普通本科批,https://www.suibe.edu.cn/,https://www.suibe.edu.cn/,,school_verified
318,上海对外经贸大学,002,,物理类,物理,不限,592,32131,,普通本科批,https://www.suibe.edu.cn/,https://www.suibe.edu.cn/,,school_verified
318,上海对外经贸大学,001,,历史类,历史,不限,588,5134,,普通本科批,https://www.suibe.edu.cn/,https://www.suibe.edu.cn/,,school_verified
318,上海对外经贸大学,002,,历史类,历史,不限,570,8705,,普通本科批,https://www.suibe.edu.cn/,https://www.suibe.edu.cn/,,school_verified
318,上海对外经贸大学,003,,物理类,物理,不限,563,56706,,普通本科批,https://www.suibe.edu.cn/,https://www.suibe.edu.cn/,,school_verified
320,上海立信会计金融学院,002,,历史类,历史,不限,562,10527,,普通本科批,https://www.lixin.edu.cn/hjgk/hjzc/46854.htm,https://www.lixin.edu.cn/hjgk/hjzc/46854.htm,,school_verified
320,上海立信会计金融学院,004,,物理类,物理,化学,545,75432,,普通本科批,https://www.lixin.edu.cn/hjgk/hjzc/46854.htm,https://www.lixin.edu.cn/hjgk/hjzc/46854.htm,,school_verified
320,上海立信会计金融学院,002,,物理类,物理,不限,544,76941,,普通本科批,https://www.lixin.edu.cn/hjgk/hjzc/46854.htm,https://www.lixin.edu.cn/hjgk/hjzc/46854.htm,,school_verified
320,上海立信会计金融学院,003,,物理类,物理,不限,536,86240,,普通本科批,https://www.lixin.edu.cn/hjgk/hjzc/46854.htm,https://www.lixin.edu.cn/hjgk/hjzc/46854.htm,,school_verified
322,安徽建筑大学,010,,物理类,物理,化学,570,50056,,普通本科批,https://www.ahjzu.edu.cn/zsw/2026/0424/c2435a269144/page.htm,https://www.ahjzu.edu.cn/zsw/2026/0424/c2435a269144/page.htm,,school_verified
322,安徽建筑大学,003,,历史类,历史,不限,551,13725,,普通本科批,https://www.ahjzu.edu.cn/zsw/2026/0424/c2435a269144/page.htm,https://www.ahjzu.edu.cn/zsw/2026/0424/c2435a269144/page.htm,,school_verified
322,安徽建筑大学,009,,物理类,物理,地理,549,71429,,普通本科批,https://www.ahjzu.edu.cn/zsw/2026/0424/c2435a269144/page.htm,https://www.ahjzu.edu.cn/zsw/2026/0424/c2435a269144/page.htm,,school_verified
323,华东政法大学,003,,历史类,历史,不限,607,2556,,普通本科批,https://zsb.ecupl.edu.cn/2026/0316/c8969a224875/page.htm,https://zsb.ecupl.edu.cn/2026/0316/c8969a224875/page.htm,,school_verified
323,华东政法大学,003,,物理类,物理,不限,598,28040,,普通本科批,https://zsb.ecupl.edu.cn/2026/0316/c8969a224875/page.htm,https://zsb.ecupl.edu.cn/2026/0316/c8969a224875/page.htm,,school_verified
324,上海体育大学,052,,物理类,物理,化学,584,38383,,普通本科批,https://www.sus.edu.cn/,https://www.sus.edu.cn/,,school_verified
324,上海体育大学,001,,历史类,历史,不限,575,7615,,普通本科批,https://www.sus.edu.cn/,https://www.sus.edu.cn/,,school_verified
324,上海体育大学,001,,物理类,物理,不限,571,49636,,普通本科批,https://www.sus.edu.cn/,https://www.sus.edu.cn/,,school_verified
324,上海体育大学,052,,历史类,历史,不限,570,8565,,普通本科批,https://www.sus.edu.cn/,https://www.sus.edu.cn/,,school_verified
324,上海体育大学,051,,历史类,历史,不限,569,8798,,普通本科批,https://www.sus.edu.cn/,https://www.sus.edu.cn/,,school_verified
324,上海体育大学,002,,物理类,物理,化学,563,56616,,普通本科批,https://www.sus.edu.cn/,https://www.sus.edu.cn/,,school_verified
324,上海体育大学,053,,物理类,物理,化学,555,65096,,普通本科批,https://www.sus.edu.cn/,https://www.sus.edu.cn/,,school_verified
324,上海体育大学,051,,物理类,物理,化学,555,64442,,普通本科批,https://www.sus.edu.cn/,https://www.sus.edu.cn/,,school_verified
325,皖南医科大学,010,,物理类,物理,化学,559,60759,,普通本科批,https://www.wnmc.edu.cn/zsjy.htm,https://www.wnmc.edu.cn/zsjy.htm,,school_verified
325,皖南医科大学,009,,物理类,物理,化学,551,69049,,普通本科批,https://www.wnmc.edu.cn/zsjy.htm,https://www.wnmc.edu.cn/zsjy.htm,,school_verified
325,皖南医科大学,001,,历史类,历史,不限,526,22187,,普通本科批,https://www.wnmc.edu.cn/zsjy.htm,https://www.wnmc.edu.cn/zsjy.htm,,school_verified
325,皖南医科大学,008,,物理类,物理,化学,515,112938,,普通本科批,https://www.wnmc.edu.cn/zsjy.htm,https://www.wnmc.edu.cn/zsjy.htm,,school_verified
325,皖南医科大学,005,,物理类,物理,不限,513,116088,,普通本科批,https://www.wnmc.edu.cn/zsjy.htm,https://www.wnmc.edu.cn/zsjy.htm,,school_verified
325,皖南医科大学,007,,物理类,物理,化学,510,119738,,普通本科批,https://www.wnmc.edu.cn/zsjy.htm,https://www.wnmc.edu.cn/zsjy.htm,,school_verified
327,上海戏剧学院,001,,历史类,历史,不限,580,6562,,普通本科批,https://zs.sta.edu.cn/e6/e1/c1181a124641/page.htm,https://zs.sta.edu.cn/e6/e1/c1181a124641/page.htm,,school_verified
328,淮北师范大学,004,,历史类,历史,思想政治,544,15733,,普通本科批,https://www.chnu.edu.cn/zsjy,https://www.chnu.edu.cn/zsjy,,school_verified
328,淮北师范大学,005,,历史类,历史,思想政治、地理(2科必选),531,20188,,普通本科批,https://www.chnu.edu.cn/zsjy,https://www.chnu.edu.cn/zsjy,,school_verified
328,淮北师范大学,003,,历史类,历史,不限,530,20413,,普通本科批,https://www.chnu.edu.cn/zsjy,https://www.chnu.edu.cn/zsjy,,school_verified
328,淮北师范大学,006,,物理类,物理,化学,530,93047,,普通本科批,https://www.chnu.edu.cn/zsjy,https://www.chnu.edu.cn/zsjy,,school_verified
328,淮北师范大学,007,,物理类,物理,化学、生物(2科必选),520,106354,,普通本科批,https://www.chnu.edu.cn/zsjy,https://www.chnu.edu.cn/zsjy,,school_verified
328,淮北师范大学,004,,物理类,物理,不限,518,108222,,普通本科批,https://www.chnu.edu.cn/zsjy,https://www.chnu.edu.cn/zsjy,,school_verified
329,上海杉达学院,003,,历史类,历史,不限,493,36400,,普通本科批,https://www.sandau.edu.cn/,https://www.sandau.edu.cn/,,school_verified
329,上海杉达学院,001,,历史类,历史,不限,480,43170,,普通本科批,https://www.sandau.edu.cn/,https://www.sandau.edu.cn/,,school_verified
329,上海杉达学院,002,,历史类,历史,不限,478,43895,,普通本科批,https://www.sandau.edu.cn/,https://www.sandau.edu.cn/,,school_verified
329,上海杉达学院,001,,物理类,物理,不限,477,167652,,普通本科批,https://www.sandau.edu.cn/,https://www.sandau.edu.cn/,,school_verified
329,上海杉达学院,002,,物理类,物理,不限,471,176265,,普通本科批,https://www.sandau.edu.cn/,https://www.sandau.edu.cn/,,school_verified
329,上海杉达学院,003,,物理类,物理,化学,469,179338,,普通本科批,https://www.sandau.edu.cn/,https://www.sandau.edu.cn/,,school_verified
330,西安交通大学,007,,物理类,物理,化学,664,1546,,普通本科批,https://zs.xjtu.edu.cn/info/1656/6750.htm,https://zs.xjtu.edu.cn/info/1656/6750.htm,,school_verified
330,西安交通大学,009,,物理类,物理,化学,652,3672,,普通本科批,https://zs.xjtu.edu.cn/info/1656/6750.htm,https://zs.xjtu.edu.cn/info/1656/6750.htm,,school_verified
330,西安交通大学,006,,物理类,物理,不限,649,4351,,普通本科批,https://zs.xjtu.edu.cn/info/1656/6750.htm,https://zs.xjtu.edu.cn/info/1656/6750.htm,,school_verified
330,西安交通大学,008,,物理类,物理,化学,643,5846,,普通本科批,https://zs.xjtu.edu.cn/info/1656/6750.htm,https://zs.xjtu.edu.cn/info/1656/6750.htm,,school_verified
330,西安交通大学,003,,历史类,历史,不限,631,666,,普通本科批,https://zs.xjtu.edu.cn/info/1656/6750.htm,https://zs.xjtu.edu.cn/info/1656/6750.htm,,school_verified
332,西北农林科技大学,012,,物理类,物理,地理,621,14353,,普通本科批,https://www.nwsuaf.edu.cn/xxgk/xxzc/index.htm,https://www.nwsuaf.edu.cn/xxgk/xxzc/index.htm,,school_verified
332,西北农林科技大学,010,,物理类,物理,化学、生物(2科必选),619,15506,,普通本科批,https://www.nwsuaf.edu.cn/xxgk/xxzc/index.htm,https://www.nwsuaf.edu.cn/xxgk/xxzc/index.htm,,school_verified
332,西北农林科技大学,005,,物理类,物理,不限,611,19976,,普通本科批,https://www.nwsuaf.edu.cn/xxgk/xxzc/index.htm,https://www.nwsuaf.edu.cn/xxgk/xxzc/index.htm,,school_verified
332,西北农林科技大学,008,,物理类,物理,化学,609,21190,,普通本科批,https://www.nwsuaf.edu.cn/xxgk/xxzc/index.htm,https://www.nwsuaf.edu.cn/xxgk/xxzc/index.htm,,school_verified
332,西北农林科技大学,004,,物理类,物理,不限,609,21272,,普通本科批,https://www.nwsuaf.edu.cn/xxgk/xxzc/index.htm,https://www.nwsuaf.edu.cn/xxgk/xxzc/index.htm,,school_verified
332,西北农林科技大学,002,,历史类,历史,不限,608,2386,,普通本科批,https://www.nwsuaf.edu.cn/xxgk/xxzc/index.htm,https://www.nwsuaf.edu.cn/xxgk/xxzc/index.htm,,school_verified
332,西北农林科技大学,007,,物理类,物理,化学,608,21756,,普通本科批,https://www.nwsuaf.edu.cn/xxgk/xxzc/index.htm,https://www.nwsuaf.edu.cn/xxgk/xxzc/index.htm,,school_verified
332,西北农林科技大学,011,,物理类,物理,生物,607,22137,,普通本科批,https://www.nwsuaf.edu.cn/xxgk/xxzc/index.htm,https://www.nwsuaf.edu.cn/xxgk/xxzc/index.htm,,school_verified
332,西北农林科技大学,006,,物理类,物理,不限,607,22374,,普通本科批,https://www.nwsuaf.edu.cn/xxgk/xxzc/index.htm,https://www.nwsuaf.edu.cn/xxgk/xxzc/index.htm,,school_verified
333,淮南师范学院,004,,历史类,历史,思想政治,527,21509,,普通本科批,https://www.hnnu.edu.cn/xxzc/list.htm,https://www.hnnu.edu.cn/xxzc/list.htm,,school_verified
333,淮南师范学院,003,,历史类,历史,不限,524,22829,,普通本科批,https://www.hnnu.edu.cn/xxzc/list.htm,https://www.hnnu.edu.cn/xxzc/list.htm,,school_verified
333,淮南师范学院,008,,物理类,物理,思想政治,518,108693,,普通本科批,https://www.hnnu.edu.cn/xxzc/list.htm,https://www.hnnu.edu.cn/xxzc/list.htm,,school_verified
333,淮南师范学院,004,,物理类,物理,不限,509,121306,,普通本科批,https://www.hnnu.edu.cn/xxzc/list.htm,https://www.hnnu.edu.cn/xxzc/list.htm,,school_verified
333,淮南师范学院,007,,物理类,物理,生物,508,122162,,普通本科批,https://www.hnnu.edu.cn/xxzc/list.htm,https://www.hnnu.edu.cn/xxzc/list.htm,,school_verified
335,安徽财经大学,003,,历史类,历史,不限,554,12668,,普通本科批,http://zsjy.aufe.edu.cn/,http://zsjy.aufe.edu.cn/,,school_verified
335,安徽财经大学,004,,物理类,物理,化学,547,73432,,普通本科批,http://zsjy.aufe.edu.cn/,http://zsjy.aufe.edu.cn/,,school_verified
335,安徽财经大学,003,,物理类,物理,不限,540,81066,,普通本科批,http://zsjy.aufe.edu.cn/,http://zsjy.aufe.edu.cn/,,school_verified
336,延安大学,001,,历史类,历史,不限,532,19771,,普通本科批,https://www.yau.edu.cn/,https://www.yau.edu.cn/,,school_verified
336,延安大学,002,,物理类,物理,化学,532,90721,,普通本科批,https://www.yau.edu.cn/,https://www.yau.edu.cn/,,school_verified
336,延安大学,001,,物理类,物理,不限,516,111169,,普通本科批,https://www.yau.edu.cn/,https://www.yau.edu.cn/,,school_verified
338,合肥大学,005,,物理类,物理,化学,540,81008,,普通本科批,https://www.hfuu.edu.cn/zs/2998/list.htm,https://www.hfuu.edu.cn/zs/2998/list.htm,,school_verified
338,合肥大学,001,,历史类,历史,不限,537,18207,,普通本科批,https://www.hfuu.edu.cn/zs/2998/list.htm,https://www.hfuu.edu.cn/zs/2998/list.htm,,school_verified
338,合肥大学,003,,物理类,物理,不限,535,86922,,普通本科批,https://www.hfuu.edu.cn/zs/2998/list.htm,https://www.hfuu.edu.cn/zs/2998/list.htm,,school_verified
338,合肥大学,006,,物理类,物理,化学,533,90071,,普通本科批,https://www.hfuu.edu.cn/zs/2998/list.htm,https://www.hfuu.edu.cn/zs/2998/list.htm,,school_verified
338,合肥大学,004,,物理类,物理,不限,522,103979,,普通本科批,https://www.hfuu.edu.cn/zs/2998/list.htm,https://www.hfuu.edu.cn/zs/2998/list.htm,,school_verified
338,合肥大学,002,,历史类,历史,不限,519,24815,,普通本科批,https://www.hfuu.edu.cn/zs/2998/list.htm,https://www.hfuu.edu.cn/zs/2998/list.htm,,school_verified
342,昆明理工大学,004,,物理类,物理,化学、生物(2科必选),574,47082,,普通本科批,https://www.kmust.edu.cn/info/1165/56443.htm,https://www.kmust.edu.cn/info/1165/56443.htm,,school_verified
342,昆明理工大学,003,,物理类,物理,化学,572,48779,,普通本科批,https://www.kmust.edu.cn/info/1165/56443.htm,https://www.kmust.edu.cn/info/1165/56443.htm,,school_verified
342,昆明理工大学,005,,物理类,物理,地理,568,52416,,普通本科批,https://www.kmust.edu.cn/info/1165/56443.htm,https://www.kmust.edu.cn/info/1165/56443.htm,,school_verified
342,昆明理工大学,002,,物理类,物理,不限,548,72790,,普通本科批,https://www.kmust.edu.cn/info/1165/56443.htm,https://www.kmust.edu.cn/info/1165/56443.htm,,school_verified
343,云南农业大学,001,,物理类,物理,不限,525,99199,,普通本科批,https://www.ynau.edu.cn/info/1060/77454.htm,https://www.ynau.edu.cn/info/1060/77454.htm,,school_verified
343,云南农业大学,004,,物理类,物理,化学,520,106583,,普通本科批,https://www.ynau.edu.cn/info/1060/77454.htm,https://www.ynau.edu.cn/info/1060/77454.htm,,school_verified
343,云南农业大学,003,,物理类,物理,化学,520,106617,,普通本科批,https://www.ynau.edu.cn/info/1060/77454.htm,https://www.ynau.edu.cn/info/1060/77454.htm,,school_verified
343,云南农业大学,005,,物理类,物理,生物,519,107036,,普通本科批,https://www.ynau.edu.cn/info/1060/77454.htm,https://www.ynau.edu.cn/info/1060/77454.htm,,school_verified
343,云南农业大学,001,,历史类,历史,不限,507,30031,,普通本科批,https://www.ynau.edu.cn/info/1060/77454.htm,https://www.ynau.edu.cn/info/1060/77454.htm,,school_verified
343,云南农业大学,002,,物理类,物理,不限,495,141342,,普通本科批,https://www.ynau.edu.cn/info/1060/77454.htm,https://www.ynau.edu.cn/info/1060/77454.htm,,school_verified
344,云南师范大学,002,,历史类,历史,思想政治,560,11037,,普通本科批,https://zsc.ynnu.edu.cn/info/1003/2098.htm,https://zsc.ynnu.edu.cn/info/1003/2098.htm,,school_verified
344,云南师范大学,001,,历史类,历史,不限,546,15109,,普通本科批,https://zsc.ynnu.edu.cn/info/1003/2098.htm,https://zsc.ynnu.edu.cn/info/1003/2098.htm,,school_verified
344,云南师范大学,001,,物理类,物理,化学,536,86403,,普通本科批,https://zsc.ynnu.edu.cn/info/1003/2098.htm,https://zsc.ynnu.edu.cn/info/1003/2098.htm,,school_verified
344,云南师范大学,002,,物理类,物理,地理,528,96123,,普通本科批,https://zsc.ynnu.edu.cn/info/1003/2098.htm,https://zsc.ynnu.edu.cn/info/1003/2098.htm,,school_verified
345,云南民族大学,002,,历史类,历史,不限,519,24630,,普通本科批,https://www.ymu.edu.cn/,https://www.ymu.edu.cn/,,school_verified
345,云南民族大学,001,,历史类,历史,不限,519,24862,,普通本科批,https://www.ymu.edu.cn/,https://www.ymu.edu.cn/,,school_verified
345,云南民族大学,004,,物理类,物理,思想政治,511,118551,,普通本科批,https://www.ymu.edu.cn/,https://www.ymu.edu.cn/,,school_verified
345,云南民族大学,002,,物理类,物理,化学,511,117886,,普通本科批,https://www.ymu.edu.cn/,https://www.ymu.edu.cn/,,school_verified
345,云南民族大学,003,,物理类,物理,化学、生物(2科必选),503,129713,,普通本科批,https://www.ymu.edu.cn/,https://www.ymu.edu.cn/,,school_verified
345,云南民族大学,001,,物理类,物理,不限,503,130503,,普通本科批,https://www.ymu.edu.cn/,https://www.ymu.edu.cn/,,school_verified
346,西南林业大学,002,,物理类,物理,化学,533,89058,,普通本科批,https://www.swfu.edu.cn/xxgk/xxzc.htm,https://www.swfu.edu.cn/xxgk/xxzc.htm,,school_verified
346,西南林业大学,001,,物理类,物理,化学,518,108990,,普通本科批,https://www.swfu.edu.cn/xxgk/xxzc.htm,https://www.swfu.edu.cn/xxgk/xxzc.htm,,school_verified
347,昆明医科大学,001,,物理类,物理,化学,542,78866,,普通本科批,https://www.kmmc.cn/list2526.aspx,https://www.kmmc.cn/list2526.aspx,,school_verified
347,昆明医科大学,002,,物理类,物理,化学,505,126860,,普通本科批,https://www.kmmc.cn/list2526.aspx,https://www.kmmc.cn/list2526.aspx,,school_verified
348,云南中医药大学,001,,历史类,历史,不限,556,12192,,普通本科批,https://zsb.ynucm.edu.cn/#/zszc/All,https://zsb.ynucm.edu.cn/#/zszc/All,,school_verified
348,云南中医药大学,001,,物理类,物理,不限,537,85099,,普通本科批,https://zsb.ynucm.edu.cn/#/zszc/All,https://zsb.ynucm.edu.cn/#/zszc/All,,school_verified
348,云南中医药大学,002,,物理类,物理,不限,535,87345,,普通本科批,https://zsb.ynucm.edu.cn/#/zszc/All,https://zsb.ynucm.edu.cn/#/zszc/All,,school_verified
348,云南中医药大学,008,,物理类,物理,化学,532,90213,,普通本科批,https://zsb.ynucm.edu.cn/#/zszc/All,https://zsb.ynucm.edu.cn/#/zszc/All,,school_verified
348,云南中医药大学,002,,历史类,历史,不限,526,22118,,普通本科批,https://zsb.ynucm.edu.cn/#/zszc/All,https://zsb.ynucm.edu.cn/#/zszc/All,,school_verified
348,云南中医药大学,006,,物理类,物理,化学,526,98744,,普通本科批,https://zsb.ynucm.edu.cn/#/zszc/All,https://zsb.ynucm.edu.cn/#/zszc/All,,school_verified
348,云南中医药大学,007,,物理类,物理,化学,515,112432,,普通本科批,https://zsb.ynucm.edu.cn/#/zszc/All,https://zsb.ynucm.edu.cn/#/zszc/All,,school_verified
348,云南中医药大学,004,,物理类,物理,化学,513,116238,,普通本科批,https://zsb.ynucm.edu.cn/#/zszc/All,https://zsb.ynucm.edu.cn/#/zszc/All,,school_verified
348,云南中医药大学,003,,物理类,物理,不限,509,120523,,普通本科批,https://zsb.ynucm.edu.cn/#/zszc/All,https://zsb.ynucm.edu.cn/#/zszc/All,,school_verified
348,云南中医药大学,005,,物理类,物理,化学,508,121981,,普通本科批,https://zsb.ynucm.edu.cn/#/zszc/All,https://zsb.ynucm.edu.cn/#/zszc/All,,school_verified
349,西安理工大学,002,,物理类,物理,化学,596,29437,,普通本科批,https://mp.weixin.qq.com/s/oi8pSjaMqDTyT_ZI7-5PdA,https://mp.weixin.qq.com/s/oi8pSjaMqDTyT_ZI7-5PdA,,school_verified
349,西安理工大学,001,,物理类,物理,不限,584,38480,,普通本科批,https://mp.weixin.qq.com/s/oi8pSjaMqDTyT_ZI7-5PdA,https://mp.weixin.qq.com/s/oi8pSjaMqDTyT_ZI7-5PdA,,school_verified
349,西安理工大学,001,,历史类,历史,不限,547,14843,,普通本科批,https://mp.weixin.qq.com/s/oi8pSjaMqDTyT_ZI7-5PdA,https://mp.weixin.qq.com/s/oi8pSjaMqDTyT_ZI7-5PdA,,school_verified
349,西安理工大学,003,,物理类,物理,化学,543,78273,,普通本科批,https://mp.weixin.qq.com/s/oi8pSjaMqDTyT_ZI7-5PdA,https://mp.weixin.qq.com/s/oi8pSjaMqDTyT_ZI7-5PdA,,school_verified
350,玉溪师范学院,001,,历史类,历史,不限,515,26494,,普通本科批,https://www.yxnu.edu.cn/,https://www.yxnu.edu.cn/,,school_verified
350,玉溪师范学院,002,,历史类,历史,不限,505,30926,,普通本科批,https://www.yxnu.edu.cn/,https://www.yxnu.edu.cn/,,school_verified
350,玉溪师范学院,001,,物理类,物理,化学,492,145911,,普通本科批,https://www.yxnu.edu.cn/,https://www.yxnu.edu.cn/,,school_verified
351,西安建筑科技大学,002,,物理类,物理,化学,552,68243,,普通本科批,https://cn.xauat.edu.cn/jdgk/dxzc.htm,https://cn.xauat.edu.cn/jdgk/dxzc.htm,,school_verified
351,西安建筑科技大学,001,,物理类,物理,不限,551,68484,,普通本科批,https://cn.xauat.edu.cn/jdgk/dxzc.htm,https://cn.xauat.edu.cn/jdgk/dxzc.htm,,school_verified
351,西安建筑科技大学,001,,历史类,历史,不限,549,14122,,普通本科批,https://cn.xauat.edu.cn/jdgk/dxzc.htm,https://cn.xauat.edu.cn/jdgk/dxzc.htm,,school_verified
351,西安建筑科技大学,003,,物理类,物理,化学,530,93756,,普通本科批,https://cn.xauat.edu.cn/jdgk/dxzc.htm,https://cn.xauat.edu.cn/jdgk/dxzc.htm,,school_verified
352,西安科技大学,001,,物理类,物理,不限,565,54803,,普通本科批,https://zs.xust.edu.cn/info/1124/2243.htm,https://zs.xust.edu.cn/info/1124/2243.htm,,school_verified
352,西安科技大学,002,,物理类,物理,化学,559,60300,,普通本科批,https://zs.xust.edu.cn/info/1124/2243.htm,https://zs.xust.edu.cn/info/1124/2243.htm,,school_verified
353,楚雄师范学院,001,,历史类,历史,思想政治,503,31662,,普通本科批,https://www.cxtc.edu.cn/xxgk/xxzc.htm,https://www.cxtc.edu.cn/xxgk/xxzc.htm,,school_verified
353,楚雄师范学院,002,,物理类,物理,化学,495,141296,,普通本科批,https://www.cxtc.edu.cn/xxgk/xxzc.htm,https://www.cxtc.edu.cn/xxgk/xxzc.htm,,school_verified
353,楚雄师范学院,001,,物理类,物理,不限,487,152919,,普通本科批,https://www.cxtc.edu.cn/xxgk/xxzc.htm,https://www.cxtc.edu.cn/xxgk/xxzc.htm,,school_verified
354,西安石油大学,002,,物理类,物理,化学,564,55939,,普通本科批,https://zb.xsyu.edu.cn/info/1018/4079.htm,https://zb.xsyu.edu.cn/info/1018/4079.htm,,school_verified
354,西安石油大学,004,,物理类,物理,化学,557,62289,,普通本科批,https://zb.xsyu.edu.cn/info/1018/4079.htm,https://zb.xsyu.edu.cn/info/1018/4079.htm,,school_verified
354,西安石油大学,003,,物理类,物理,化学,554,65560,,普通本科批,https://zb.xsyu.edu.cn/info/1018/4079.htm,https://zb.xsyu.edu.cn/info/1018/4079.htm,,school_verified
354,西安石油大学,001,,历史类,历史,不限,551,13809,,普通本科批,https://zb.xsyu.edu.cn/info/1018/4079.htm,https://zb.xsyu.edu.cn/info/1018/4079.htm,,school_verified
354,西安石油大学,001,,物理类,物理,不限,545,75442,,普通本科批,https://zb.xsyu.edu.cn/info/1018/4079.htm,https://zb.xsyu.edu.cn/info/1018/4079.htm,,school_verified
355,红河学院,001,,历史类,历史,不限,504,31283,,普通本科批,https://zs.uoh.edu.cn/info/1085/9876.htm,https://zs.uoh.edu.cn/info/1085/9876.htm,,school_verified
355,红河学院,002,,物理类,物理,化学,490,148822,,普通本科批,https://zs.uoh.edu.cn/info/1085/9876.htm,https://zs.uoh.edu.cn/info/1085/9876.htm,,school_verified
355,红河学院,001,,物理类,物理,不限,489,151272,,普通本科批,https://zs.uoh.edu.cn/info/1085/9876.htm,https://zs.uoh.edu.cn/info/1085/9876.htm,,school_verified
356,云南财经大学,001,,历史类,历史,不限,531,20308,,普通本科批,https://bkzsb.ynufe.cloud/recruitBrochure/1165.html,https://bkzsb.ynufe.cloud/recruitBrochure/1165.html,,school_verified
356,云南财经大学,002,,物理类,物理,化学,529,94687,,普通本科批,https://bkzsb.ynufe.cloud/recruitBrochure/1165.html,https://bkzsb.ynufe.cloud/recruitBrochure/1165.html,,school_verified
356,云南财经大学,002,,历史类,历史,思想政治,519,24664,,普通本科批,https://bkzsb.ynufe.cloud/recruitBrochure/1165.html,https://bkzsb.ynufe.cloud/recruitBrochure/1165.html,,school_verified
356,云南财经大学,001,,物理类,物理,不限,511,118450,,普通本科批,https://bkzsb.ynufe.cloud/recruitBrochure/1165.html,https://bkzsb.ynufe.cloud/recruitBrochure/1165.html,,school_verified
356,云南财经大学,003,,物理类,物理,思想政治,509,121663,,普通本科批,https://bkzsb.ynufe.cloud/recruitBrochure/1165.html,https://bkzsb.ynufe.cloud/recruitBrochure/1165.html,,school_verified
357,陕西科技大学,003,,物理类,物理,化学,593,31587,,普通本科批,https://bkzs.sust.edu.cn/info/1021/3521.htm,https://bkzs.sust.edu.cn/info/1021/3521.htm,,school_verified
357,陕西科技大学,004,,物理类,物理,化学,586,36574,,普通本科批,https://bkzs.sust.edu.cn/info/1021/3521.htm,https://bkzs.sust.edu.cn/info/1021/3521.htm,,school_verified
357,陕西科技大学,002,,物理类,物理,化学,585,37686,,普通本科批,https://bkzs.sust.edu.cn/info/1021/3521.htm,https://bkzs.sust.edu.cn/info/1021/3521.htm,,school_verified
357,陕西科技大学,005,,物理类,物理,化学,579,42165,,普通本科批,https://bkzs.sust.edu.cn/info/1021/3521.htm,https://bkzs.sust.edu.cn/info/1021/3521.htm,,school_verified
357,陕西科技大学,007,,物理类,物理,化学,573,47922,,普通本科批,https://bkzs.sust.edu.cn/info/1021/3521.htm,https://bkzs.sust.edu.cn/info/1021/3521.htm,,school_verified
357,陕西科技大学,001,,物理类,物理,不限,570,50237,,普通本科批,https://bkzs.sust.edu.cn/info/1021/3521.htm,https://bkzs.sust.edu.cn/info/1021/3521.htm,,school_verified
357,陕西科技大学,008,,物理类,物理,化学,562,57370,,普通本科批,https://bkzs.sust.edu.cn/info/1021/3521.htm,https://bkzs.sust.edu.cn/info/1021/3521.htm,,school_verified
357,陕西科技大学,051,,物理类,物理,化学,541,80025,,普通本科批,https://bkzs.sust.edu.cn/info/1021/3521.htm,https://bkzs.sust.edu.cn/info/1021/3521.htm,,school_verified
357,陕西科技大学,006,,物理类,物理,化学,536,86132,,普通本科批,https://bkzs.sust.edu.cn/info/1021/3521.htm,https://bkzs.sust.edu.cn/info/1021/3521.htm,,school_verified
358,西安工程大学,002,,物理类,物理,化学,574,46871,,普通本科批,https://www.xpu.edu.cn/xue_xiao_gai_kuang/xxzc.htm,https://www.xpu.edu.cn/xue_xiao_gai_kuang/xxzc.htm,,school_verified
358,西安工程大学,003,,物理类,物理,化学,567,53241,,普通本科批,https://www.xpu.edu.cn/xue_xiao_gai_kuang/xxzc.htm,https://www.xpu.edu.cn/xue_xiao_gai_kuang/xxzc.htm,,school_verified
358,西安工程大学,004,,物理类,物理,化学,564,55225,,普通本科批,https://www.xpu.edu.cn/xue_xiao_gai_kuang/xxzc.htm,https://www.xpu.edu.cn/xue_xiao_gai_kuang/xxzc.htm,,school_verified
358,西安工程大学,005,,物理类,物理,化学,558,62042,,普通本科批,https://www.xpu.edu.cn/xue_xiao_gai_kuang/xxzc.htm,https://www.xpu.edu.cn/xue_xiao_gai_kuang/xxzc.htm,,school_verified
358,西安工程大学,002,,历史类,历史,不限,551,13619,,普通本科批,https://www.xpu.edu.cn/xue_xiao_gai_kuang/xxzc.htm,https://www.xpu.edu.cn/xue_xiao_gai_kuang/xxzc.htm,,school_verified
358,西安工程大学,001,,物理类,物理,不限,539,82698,,普通本科批,https://www.xpu.edu.cn/xue_xiao_gai_kuang/xxzc.htm,https://www.xpu.edu.cn/xue_xiao_gai_kuang/xxzc.htm,,school_verified
358,西安工程大学,001,,历史类,历史,不限,526,22197,,普通本科批,https://www.xpu.edu.cn/xue_xiao_gai_kuang/xxzc.htm,https://www.xpu.edu.cn/xue_xiao_gai_kuang/xxzc.htm,,school_verified
358,西安工程大学,006,,物理类,物理,化学,519,107451,,普通本科批,https://www.xpu.edu.cn/xue_xiao_gai_kuang/xxzc.htm,https://www.xpu.edu.cn/xue_xiao_gai_kuang/xxzc.htm,,school_verified
358,西安工程大学,007,,物理类,物理,化学,517,110200,,普通本科批,https://www.xpu.edu.cn/xue_xiao_gai_kuang/xxzc.htm,https://www.xpu.edu.cn/xue_xiao_gai_kuang/xxzc.htm,,school_verified
359,云南警官学院,003,,历史类,历史,思想政治,523,23177,,普通本科批,https://www.ynpc.edu.cn/cnPc/bkszs/9687.html,https://www.ynpc.edu.cn/cnPc/bkszs/9687.html,,school_verified
359,云南警官学院,002,,物理类,物理,化学,517,110003,,普通本科批,https://www.ynpc.edu.cn/cnPc/bkszs/9687.html,https://www.ynpc.edu.cn/cnPc/bkszs/9687.html,,school_verified
360,云南艺术学院,001,,历史类,历史,不限,497,34527,,普通本科批,https://mp.weixin.qq.com/s/gSjb-HV6TFpGurdJskyzyg,https://mp.weixin.qq.com/s/gSjb-HV6TFpGurdJskyzyg,,school_verified
361,西安工业大学,001,,物理类,物理,不限,587,36048,,普通本科批,https://zsb.xatu.edu.cn/info/1028/1665.htm,https://zsb.xatu.edu.cn/info/1028/1665.htm,,school_verified
361,西安工业大学,002,,物理类,物理,化学,582,39809,,普通本科批,https://zsb.xatu.edu.cn/info/1028/1665.htm,https://zsb.xatu.edu.cn/info/1028/1665.htm,,school_verified
361,西安工业大学,003,,物理类,物理,化学,566,53460,,普通本科批,https://zsb.xatu.edu.cn/info/1028/1665.htm,https://zsb.xatu.edu.cn/info/1028/1665.htm,,school_verified
361,西安工业大学,001,,历史类,历史,不限,559,11391,,普通本科批,https://zsb.xatu.edu.cn/info/1028/1665.htm,https://zsb.xatu.edu.cn/info/1028/1665.htm,,school_verified
362,大理大学,001,,物理类,物理,化学,558,61212,,普通本科批,https://zs.dali.edu.cn/?p=13&a=view&r=787,https://zs.dali.edu.cn/?p=13&a=view&r=787,,school_verified
362,大理大学,001,,历史类,历史,不限,536,18215,,普通本科批,https://zs.dali.edu.cn/?p=13&a=view&r=787,https://zs.dali.edu.cn/?p=13&a=view&r=787,,school_verified
363,西安邮电大学,002,,物理类,物理,化学,599,27148,,普通本科批,https://zhaosheng.xupt.edu.cn/info/1036/3339.htm,https://zhaosheng.xupt.edu.cn/info/1036/3339.htm,,school_verified
363,西安邮电大学,001,,物理类,物理,不限,596,29671,,普通本科批,https://zhaosheng.xupt.edu.cn/info/1036/3339.htm,https://zhaosheng.xupt.edu.cn/info/1036/3339.htm,,school_verified
363,西安邮电大学,003,,物理类,物理,化学,585,37709,,普通本科批,https://zhaosheng.xupt.edu.cn/info/1036/3339.htm,https://zhaosheng.xupt.edu.cn/info/1036/3339.htm,,school_verified
363,西安邮电大学,001,,历史类,历史,不限,553,12891,,普通本科批,https://zhaosheng.xupt.edu.cn/info/1036/3339.htm,https://zhaosheng.xupt.edu.cn/info/1036/3339.htm,,school_verified
364,西藏大学,005,,物理类,物理,化学、生物(2科必选),579,42720,,普通本科批,https://zjc.utibet.edu.cn/bkzsxxw/zszc.htm,https://zjc.utibet.edu.cn/bkzsxxw/zszc.htm,,school_verified
364,西藏大学,002,,物理类,物理,化学,571,49333,,普通本科批,https://zjc.utibet.edu.cn/bkzsxxw/zszc.htm,https://zjc.utibet.edu.cn/bkzsxxw/zszc.htm,,school_verified
364,西藏大学,001,,历史类,历史,不限,567,9244,,普通本科批,https://zjc.utibet.edu.cn/bkzsxxw/zszc.htm,https://zjc.utibet.edu.cn/bkzsxxw/zszc.htm,,school_verified
364,西藏大学,001,,物理类,物理,不限,558,61258,,普通本科批,https://zjc.utibet.edu.cn/bkzsxxw/zszc.htm,https://zjc.utibet.edu.cn/bkzsxxw/zszc.htm,,school_verified
365,陕西中医药大学,001,,物理类,物理,不限,541,79937,,普通本科批,http://www.sntcm.edu.cn/hjzc/95281.htm,http://www.sntcm.edu.cn/hjzc/95281.htm,,school_verified
365,陕西中医药大学,002,,物理类,物理,化学,519,106864,,普通本科批,http://www.sntcm.edu.cn/hjzc/95281.htm,http://www.sntcm.edu.cn/hjzc/95281.htm,,school_verified
366,咸阳师范学院,001,,历史类,历史,不限,509,29112,,普通本科批,https://www.xync.edu.cn/zsjy1.htm,https://www.xync.edu.cn/zsjy1.htm,,school_verified
366,咸阳师范学院,002,,物理类,物理,化学,509,121452,,普通本科批,https://www.xync.edu.cn/zsjy1.htm,https://www.xync.edu.cn/zsjy1.htm,,school_verified
366,咸阳师范学院,001,,物理类,物理,不限,485,156334,,普通本科批,https://www.xync.edu.cn/zsjy1.htm,https://www.xync.edu.cn/zsjy1.htm,,school_verified
366,咸阳师范学院,002,,历史类,历史,不限,477,44298,,普通本科批,https://www.xync.edu.cn/zsjy1.htm,https://www.xync.edu.cn/zsjy1.htm,,school_verified
367,青海大学,001,,物理类,物理,不限,579,42456,,普通本科批,https://www.qhu.edu.cn/,https://www.qhu.edu.cn/,,school_verified
367,青海大学,004,,物理类,物理,化学,574,46258,,普通本科批,https://www.qhu.edu.cn/,https://www.qhu.edu.cn/,,school_verified
367,青海大学,002,,物理类,物理,不限,572,48217,,普通本科批,https://www.qhu.edu.cn/,https://www.qhu.edu.cn/,,school_verified
367,青海大学,001,,历史类,历史,不限,568,9198,,普通本科批,https://www.qhu.edu.cn/,https://www.qhu.edu.cn/,,school_verified
367,青海大学,005,,物理类,物理,化学、生物(2科必选),558,61554,,普通本科批,https://www.qhu.edu.cn/,https://www.qhu.edu.cn/,,school_verified
368,渭南师范学院,001,,物理类,物理,不限,499,136438,,普通本科批,http://zsb.wnu.edu.cn/info/1015/2343.htm,http://zsb.wnu.edu.cn/info/1015/2343.htm,,school_verified
370,青海师范大学,002,,历史类,历史,思想政治,532,19618,,普通本科批,https://www.qhnu.edu.cn/xxgk/xxzc.htm,https://www.qhnu.edu.cn/xxgk/xxzc.htm,,school_verified
370,青海师范大学,001,,历史类,历史,不限,528,21333,,普通本科批,https://www.qhnu.edu.cn/xxgk/xxzc.htm,https://www.qhnu.edu.cn/xxgk/xxzc.htm,,school_verified
370,青海师范大学,002,,物理类,物理,化学,519,107147,,普通本科批,https://www.qhnu.edu.cn/xxgk/xxzc.htm,https://www.qhnu.edu.cn/xxgk/xxzc.htm,,school_verified
370,青海师范大学,001,,物理类,物理,不限,501,133352,,普通本科批,https://www.qhnu.edu.cn/xxgk/xxzc.htm,https://www.qhnu.edu.cn/xxgk/xxzc.htm,,school_verified
371,陕西理工大学,002,,历史类,历史,地理,543,16223,,普通本科批,https://www.snut.edu.cn/xxgk/xxzc.htm,https://www.snut.edu.cn/xxgk/xxzc.htm,,school_verified
371,陕西理工大学,002,,物理类,物理,化学,535,87435,,普通本科批,https://www.snut.edu.cn/xxgk/xxzc.htm,https://www.snut.edu.cn/xxgk/xxzc.htm,,school_verified
371,陕西理工大学,004,,物理类,物理,地理,533,89513,,普通本科批,https://www.snut.edu.cn/xxgk/xxzc.htm,https://www.snut.edu.cn/xxgk/xxzc.htm,,school_verified
371,陕西理工大学,001,,物理类,物理,不限,529,94045,,普通本科批,https://www.snut.edu.cn/xxgk/xxzc.htm,https://www.snut.edu.cn/xxgk/xxzc.htm,,school_verified
371,陕西理工大学,003,,物理类,物理,思想政治,526,98560,,普通本科批,https://www.snut.edu.cn/xxgk/xxzc.htm,https://www.snut.edu.cn/xxgk/xxzc.htm,,school_verified
371,陕西理工大学,001,,历史类,历史,不限,518,25095,,普通本科批,https://www.snut.edu.cn/xxgk/xxzc.htm,https://www.snut.edu.cn/xxgk/xxzc.htm,,school_verified
372,青海民族大学,002,,历史类,历史,思想政治,531,20214,,普通本科批,https://zhaosheng.qhmu.edu.cn/index.php?sys=home&module=article&param=21&act=view&article_id=yzkYePyQoq8L,https://zhaosheng.qhmu.edu.cn/index.php?sys=home&module=article&param=21&act=view&article_id=yzkYePyQoq8L,,school_verified
372,青海民族大学,002,,物理类,物理,化学,514,113596,,普通本科批,https://zhaosheng.qhmu.edu.cn/index.php?sys=home&module=article&param=21&act=view&article_id=yzkYePyQoq8L,https://zhaosheng.qhmu.edu.cn/index.php?sys=home&module=article&param=21&act=view&article_id=yzkYePyQoq8L,,school_verified
372,青海民族大学,001,,历史类,历史,不限,511,28245,,普通本科批,https://zhaosheng.qhmu.edu.cn/index.php?sys=home&module=article&param=21&act=view&article_id=yzkYePyQoq8L,https://zhaosheng.qhmu.edu.cn/index.php?sys=home&module=article&param=21&act=view&article_id=yzkYePyQoq8L,,school_verified
372,青海民族大学,003,,物理类,物理,思想政治,511,117787,,普通本科批,https://zhaosheng.qhmu.edu.cn/index.php?sys=home&module=article&param=21&act=view&article_id=yzkYePyQoq8L,https://zhaosheng.qhmu.edu.cn/index.php?sys=home&module=article&param=21&act=view&article_id=yzkYePyQoq8L,,school_verified
372,青海民族大学,001,,物理类,物理,不限,502,130754,,普通本科批,https://zhaosheng.qhmu.edu.cn/index.php?sys=home&module=article&param=21&act=view&article_id=yzkYePyQoq8L,https://zhaosheng.qhmu.edu.cn/index.php?sys=home&module=article&param=21&act=view&article_id=yzkYePyQoq8L,,school_verified
372,青海民族大学,004,,物理类,物理,地理,481,163201,,普通本科批,https://zhaosheng.qhmu.edu.cn/index.php?sys=home&module=article&param=21&act=view&article_id=yzkYePyQoq8L,https://zhaosheng.qhmu.edu.cn/index.php?sys=home&module=article&param=21&act=view&article_id=yzkYePyQoq8L,,school_verified
373,西安外国语大学,004,,物理类,物理,化学,575,46234,,普通本科批,http://zhaosheng.xisu.edu.cn/info/1108/3541.htm,http://zhaosheng.xisu.edu.cn/info/1108/3541.htm,,school_verified
373,西安外国语大学,004,,历史类,历史,思想政治,563,10422,,普通本科批,http://zhaosheng.xisu.edu.cn/info/1108/3541.htm,http://zhaosheng.xisu.edu.cn/info/1108/3541.htm,,school_verified
373,西安外国语大学,003,,物理类,物理,不限,561,58985,,普通本科批,http://zhaosheng.xisu.edu.cn/info/1108/3541.htm,http://zhaosheng.xisu.edu.cn/info/1108/3541.htm,,school_verified
373,西安外国语大学,002,,历史类,历史,不限,560,11176,,普通本科批,http://zhaosheng.xisu.edu.cn/info/1108/3541.htm,http://zhaosheng.xisu.edu.cn/info/1108/3541.htm,,school_verified
373,西安外国语大学,002,,物理类,物理,不限,550,70614,,普通本科批,http://zhaosheng.xisu.edu.cn/info/1108/3541.htm,http://zhaosheng.xisu.edu.cn/info/1108/3541.htm,,school_verified
373,西安外国语大学,003,,历史类,历史,不限,539,17557,,普通本科批,http://zhaosheng.xisu.edu.cn/info/1108/3541.htm,http://zhaosheng.xisu.edu.cn/info/1108/3541.htm,,school_verified
374,北华大学,006,,物理类,物理,化学、生物(2科必选),556,63999,,普通本科批,https://www.beihua.edu.cn/xxgk1/xxzc.htm,https://www.beihua.edu.cn/xxgk1/xxzc.htm,,school_verified
374,北华大学,003,,历史类,历史,思想政治,528,21237,,普通本科批,https://www.beihua.edu.cn/xxgk1/xxzc.htm,https://www.beihua.edu.cn/xxgk1/xxzc.htm,,school_verified
374,北华大学,002,,历史类,历史,不限,521,23899,,普通本科批,https://www.beihua.edu.cn/xxgk1/xxzc.htm,https://www.beihua.edu.cn/xxgk1/xxzc.htm,,school_verified
374,北华大学,001,,历史类,历史,不限,519,24841,,普通本科批,https://www.beihua.edu.cn/xxgk1/xxzc.htm,https://www.beihua.edu.cn/xxgk1/xxzc.htm,,school_verified
374,北华大学,003,,物理类,物理,化学,519,106894,,普通本科批,https://www.beihua.edu.cn/xxgk1/xxzc.htm,https://www.beihua.edu.cn/xxgk1/xxzc.htm,,school_verified
374,北华大学,007,,物理类,物理,生物,511,118001,,普通本科批,https://www.beihua.edu.cn/xxgk1/xxzc.htm,https://www.beihua.edu.cn/xxgk1/xxzc.htm,,school_verified
374,北华大学,002,,物理类,物理,不限,507,124181,,普通本科批,https://www.beihua.edu.cn/xxgk1/xxzc.htm,https://www.beihua.edu.cn/xxgk1/xxzc.htm,,school_verified
374,北华大学,001,,物理类,物理,不限,506,125351,,普通本科批,https://www.beihua.edu.cn/xxgk1/xxzc.htm,https://www.beihua.edu.cn/xxgk1/xxzc.htm,,school_verified
374,北华大学,005,,物理类,物理,化学,500,134624,,普通本科批,https://www.beihua.edu.cn/xxgk1/xxzc.htm,https://www.beihua.edu.cn/xxgk1/xxzc.htm,,school_verified
374,北华大学,004,,物理类,物理,化学,471,176874,,普通本科批,https://www.beihua.edu.cn/xxgk1/xxzc.htm,https://www.beihua.edu.cn/xxgk1/xxzc.htm,,school_verified
375,西安财经大学,003,,物理类,物理,化学,574,46732,,普通本科批,http://zhaosheng.xaufe.edu.cn/info/1008/1755.htm,http://zhaosheng.xaufe.edu.cn/info/1008/1755.htm,,school_verified
375,西安财经大学,001,,历史类,历史,不限,553,13015,,普通本科批,http://zhaosheng.xaufe.edu.cn/info/1008/1755.htm,http://zhaosheng.xaufe.edu.cn/info/1008/1755.htm,,school_verified
375,西安财经大学,001,,物理类,物理,不限,546,74873,,普通本科批,http://zhaosheng.xaufe.edu.cn/info/1008/1755.htm,http://zhaosheng.xaufe.edu.cn/info/1008/1755.htm,,school_verified
375,西安财经大学,002,,物理类,物理,不限,530,93353,,普通本科批,http://zhaosheng.xaufe.edu.cn/info/1008/1755.htm,http://zhaosheng.xaufe.edu.cn/info/1008/1755.htm,,school_verified
376,西北政法大学,001,,历史类,历史,不限,606,2642,,普通本科批,https://bkzn.nwupl.edu.cn/qszc/84319.htm,https://bkzn.nwupl.edu.cn/qszc/84319.htm,,school_verified
376,西北政法大学,001,,物理类,物理,不限,598,28145,,普通本科批,https://bkzn.nwupl.edu.cn/qszc/84319.htm,https://bkzn.nwupl.edu.cn/qszc/84319.htm,,school_verified
377,长春大学,003,,物理类,物理,化学,542,79468,,普通本科批,https://www.ccu.edu.cn/,https://www.ccu.edu.cn/,,school_verified
377,长春大学,004,,物理类,物理,化学,540,81666,,普通本科批,https://www.ccu.edu.cn/,https://www.ccu.edu.cn/,,school_verified
377,长春大学,002,,物理类,物理,化学,540,81700,,普通本科批,https://www.ccu.edu.cn/,https://www.ccu.edu.cn/,,school_verified
377,长春大学,001,,物理类,物理,不限,537,84310,,普通本科批,https://www.ccu.edu.cn/,https://www.ccu.edu.cn/,,school_verified
377,长春大学,003,,历史类,历史,不限,531,20034,,普通本科批,https://www.ccu.edu.cn/,https://www.ccu.edu.cn/,,school_verified
377,长春大学,002,,历史类,历史,不限,526,22067,,普通本科批,https://www.ccu.edu.cn/,https://www.ccu.edu.cn/,,school_verified
377,长春大学,001,,历史类,历史,不限,526,22210,,普通本科批,https://www.ccu.edu.cn/,https://www.ccu.edu.cn/,,school_verified
377,长春大学,055,,物理类,物理,化学,519,107237,,普通本科批,https://www.ccu.edu.cn/,https://www.ccu.edu.cn/,,school_verified
377,长春大学,005,,历史类,历史,不限,518,25384,,普通本科批,https://www.ccu.edu.cn/,https://www.ccu.edu.cn/,,school_verified
377,长春大学,054,,物理类,物理,化学,518,108770,,普通本科批,https://www.ccu.edu.cn/,https://www.ccu.edu.cn/,,school_verified
379,长春理工大学,052,,物理类,物理,化学,592,32171,,普通本科批,https://zsb.cust.edu.cn/zxgg/49d79cc4f7e2453cb8816993c1ccc081.htm,https://zsb.cust.edu.cn/zxgg/49d79cc4f7e2453cb8816993c1ccc081.htm,,school_verified
379,长春理工大学,005,,物理类,物理,化学,590,33564,,普通本科批,https://zsb.cust.edu.cn/zxgg/49d79cc4f7e2453cb8816993c1ccc081.htm,https://zsb.cust.edu.cn/zxgg/49d79cc4f7e2453cb8816993c1ccc081.htm,,school_verified
379,长春理工大学,051,,物理类,物理,化学,588,35425,,普通本科批,https://zsb.cust.edu.cn/zxgg/49d79cc4f7e2453cb8816993c1ccc081.htm,https://zsb.cust.edu.cn/zxgg/49d79cc4f7e2453cb8816993c1ccc081.htm,,school_verified
379,长春理工大学,004,,物理类,物理,化学,586,36958,,普通本科批,https://zsb.cust.edu.cn/zxgg/49d79cc4f7e2453cb8816993c1ccc081.htm,https://zsb.cust.edu.cn/zxgg/49d79cc4f7e2453cb8816993c1ccc081.htm,,school_verified
379,长春理工大学,053,,物理类,物理,化学,569,50955,,普通本科批,https://zsb.cust.edu.cn/zxgg/49d79cc4f7e2453cb8816993c1ccc081.htm,https://zsb.cust.edu.cn/zxgg/49d79cc4f7e2453cb8816993c1ccc081.htm,,school_verified
379,长春理工大学,003,,物理类,物理,不限,549,71304,,普通本科批,https://zsb.cust.edu.cn/zxgg/49d79cc4f7e2453cb8816993c1ccc081.htm,https://zsb.cust.edu.cn/zxgg/49d79cc4f7e2453cb8816993c1ccc081.htm,,school_verified
379,长春理工大学,002,,历史类,历史,不限,547,15008,,普通本科批,https://zsb.cust.edu.cn/zxgg/49d79cc4f7e2453cb8816993c1ccc081.htm,https://zsb.cust.edu.cn/zxgg/49d79cc4f7e2453cb8816993c1ccc081.htm,,school_verified
379,长春理工大学,001,,历史类,历史,不限,534,19135,,普通本科批,https://zsb.cust.edu.cn/zxgg/49d79cc4f7e2453cb8816993c1ccc081.htm,https://zsb.cust.edu.cn/zxgg/49d79cc4f7e2453cb8816993c1ccc081.htm,,school_verified
381,长春工业大学,006,,物理类,物理,化学,534,87913,,普通本科批,https://www.ccut.edu.cn/gdgl/xxzc.htm,https://www.ccut.edu.cn/gdgl/xxzc.htm,,school_verified
381,长春工业大学,005,,物理类,物理,化学,530,93251,,普通本科批,https://www.ccut.edu.cn/gdgl/xxzc.htm,https://www.ccut.edu.cn/gdgl/xxzc.htm,,school_verified
381,长春工业大学,002,,物理类,物理,不限,521,105140,,普通本科批,https://www.ccut.edu.cn/gdgl/xxzc.htm,https://www.ccut.edu.cn/gdgl/xxzc.htm,,school_verified
381,长春工业大学,001,,历史类,历史,不限,516,25992,,普通本科批,https://www.ccut.edu.cn/gdgl/xxzc.htm,https://www.ccut.edu.cn/gdgl/xxzc.htm,,school_verified
381,长春工业大学,004,,物理类,物理,不限,516,111420,,普通本科批,https://www.ccut.edu.cn/gdgl/xxzc.htm,https://www.ccut.edu.cn/gdgl/xxzc.htm,,school_verified
382,西安美术学院,001,,历史类,历史,不限,521,23978,,普通本科批,https://www.xafa.edu.cn,https://www.xafa.edu.cn,,school_verified
383,西安培华学院,002,,历史类,历史,生物,502,32521,,普通本科批,http://www.peihua.edu.cn/zhaosheng/zsjz/zszc.htm,http://www.peihua.edu.cn/zhaosheng/zsjz/zszc.htm,,school_verified
383,西安培华学院,001,,历史类,历史,不限,488,39247,,普通本科批,http://www.peihua.edu.cn/zhaosheng/zsjz/zszc.htm,http://www.peihua.edu.cn/zhaosheng/zsjz/zszc.htm,,school_verified
383,西安培华学院,003,,物理类,物理,生物,486,155807,,普通本科批,http://www.peihua.edu.cn/zhaosheng/zsjz/zszc.htm,http://www.peihua.edu.cn/zhaosheng/zsjz/zszc.htm,,school_verified
383,西安培华学院,002,,物理类,物理,化学,480,164647,,普通本科批,http://www.peihua.edu.cn/zhaosheng/zsjz/zszc.htm,http://www.peihua.edu.cn/zhaosheng/zsjz/zszc.htm,,school_verified
383,西安培华学院,001,,物理类,物理,不限,475,171778,,普通本科批,http://www.peihua.edu.cn/zhaosheng/zsjz/zszc.htm,http://www.peihua.edu.cn/zhaosheng/zsjz/zszc.htm,,school_verified
384,吉林农业大学,003,,物理类,物理,化学,521,104767,,普通本科批,https://zhaosheng.jlau.edu.cn/static/front/jlau/basic/html_cms/frontViewArticle.html?id=d9c6501f73fe4a61a51dba32bf135be4,https://zhaosheng.jlau.edu.cn/static/front/jlau/basic/html_cms/frontViewArticle.html?id=d9c6501f73fe4a61a51dba32bf135be4,,school_verified
384,吉林农业大学,001,,历史类,历史,不限,515,26294,,普通本科批,https://zhaosheng.jlau.edu.cn/static/front/jlau/basic/html_cms/frontViewArticle.html?id=d9c6501f73fe4a61a51dba32bf135be4,https://zhaosheng.jlau.edu.cn/static/front/jlau/basic/html_cms/frontViewArticle.html?id=d9c6501f73fe4a61a51dba32bf135be4,,school_verified
384,吉林农业大学,002,,物理类,物理,不限,512,117658,,普通本科批,https://zhaosheng.jlau.edu.cn/static/front/jlau/basic/html_cms/frontViewArticle.html?id=d9c6501f73fe4a61a51dba32bf135be4,https://zhaosheng.jlau.edu.cn/static/front/jlau/basic/html_cms/frontViewArticle.html?id=d9c6501f73fe4a61a51dba32bf135be4,,school_verified
384,吉林农业大学,006,,物理类,物理,生物,509,120982,,普通本科批,https://zhaosheng.jlau.edu.cn/static/front/jlau/basic/html_cms/frontViewArticle.html?id=d9c6501f73fe4a61a51dba32bf135be4,https://zhaosheng.jlau.edu.cn/static/front/jlau/basic/html_cms/frontViewArticle.html?id=d9c6501f73fe4a61a51dba32bf135be4,,school_verified
384,吉林农业大学,004,,物理类,物理,化学、生物(2科必选),503,129518,,普通本科批,https://zhaosheng.jlau.edu.cn/static/front/jlau/basic/html_cms/frontViewArticle.html?id=d9c6501f73fe4a61a51dba32bf135be4,https://zhaosheng.jlau.edu.cn/static/front/jlau/basic/html_cms/frontViewArticle.html?id=d9c6501f73fe4a61a51dba32bf135be4,,school_verified
384,吉林农业大学,005,,物理类,物理,化学、生物(2科必选),488,151639,,普通本科批,https://zhaosheng.jlau.edu.cn/static/front/jlau/basic/html_cms/frontViewArticle.html?id=d9c6501f73fe4a61a51dba32bf135be4,https://zhaosheng.jlau.edu.cn/static/front/jlau/basic/html_cms/frontViewArticle.html?id=d9c6501f73fe4a61a51dba32bf135be4,,school_verified
385,湘潭大学,001,,物理类,物理,不限,591,33075,,普通本科批,https://www.xtu.edu.cn/xdgk/xxzc.htm,https://www.xtu.edu.cn/xdgk/xxzc.htm,,school_verified
385,湘潭大学,002,,历史类,历史,思想政治,588,5114,,普通本科批,https://www.xtu.edu.cn/xdgk/xxzc.htm,https://www.xtu.edu.cn/xdgk/xxzc.htm,,school_verified
385,湘潭大学,002,,物理类,物理,化学,588,34991,,普通本科批,https://www.xtu.edu.cn/xdgk/xxzc.htm,https://www.xtu.edu.cn/xdgk/xxzc.htm,,school_verified
385,湘潭大学,001,,历史类,历史,不限,581,6245,,普通本科批,https://www.xtu.edu.cn/xdgk/xxzc.htm,https://www.xtu.edu.cn/xdgk/xxzc.htm,,school_verified
386,吉首大学,002,,历史类,历史,思想政治,533,19329,,普通本科批,https://www.jsu.edu.cn/xxgk/xxzc/index.htm,https://www.jsu.edu.cn/xxgk/xxzc/index.htm,,school_verified
386,吉首大学,001,,物理类,物理,化学,531,92207,,普通本科批,https://www.jsu.edu.cn/xxgk/xxzc/index.htm,https://www.jsu.edu.cn/xxgk/xxzc/index.htm,,school_verified
386,吉首大学,001,,历史类,历史,不限,528,21383,,普通本科批,https://www.jsu.edu.cn/xxgk/xxzc/index.htm,https://www.jsu.edu.cn/xxgk/xxzc/index.htm,,school_verified
386,吉首大学,002,,物理类,物理,化学、生物(2科必选),522,102881,,普通本科批,https://www.jsu.edu.cn/xxgk/xxzc/index.htm,https://www.jsu.edu.cn/xxgk/xxzc/index.htm,,school_verified
387,长春师范大学,004,,物理类,物理,地理,529,94269,,普通本科批,https://www.ccsfu.edu.cn/info/1017/82570.htm,https://www.ccsfu.edu.cn/info/1017/82570.htm,,school_verified
387,长春师范大学,002,,物理类,物理,化学,522,103127,,普通本科批,https://www.ccsfu.edu.cn/info/1017/82570.htm,https://www.ccsfu.edu.cn/info/1017/82570.htm,,school_verified
387,长春师范大学,001,,物理类,物理,不限,522,103408,,普通本科批,https://www.ccsfu.edu.cn/info/1017/82570.htm,https://www.ccsfu.edu.cn/info/1017/82570.htm,,school_verified
387,长春师范大学,001,,历史类,历史,不限,510,28800,,普通本科批,https://www.ccsfu.edu.cn/info/1017/82570.htm,https://www.ccsfu.edu.cn/info/1017/82570.htm,,school_verified
387,长春师范大学,002,,历史类,历史,不限,507,30187,,普通本科批,https://www.ccsfu.edu.cn/info/1017/82570.htm,https://www.ccsfu.edu.cn/info/1017/82570.htm,,school_verified
387,长春师范大学,003,,物理类,物理,化学,504,128637,,普通本科批,https://www.ccsfu.edu.cn/info/1017/82570.htm,https://www.ccsfu.edu.cn/info/1017/82570.htm,,school_verified
387,长春师范大学,003,,历史类,历史,不限,493,36777,,普通本科批,https://www.ccsfu.edu.cn/info/1017/82570.htm,https://www.ccsfu.edu.cn/info/1017/82570.htm,,school_verified
388,湖南科技大学,003,,物理类,物理,地理,572,48192,,普通本科批,https://www.hnust.edu.cn/xxgk/xxzc/index.htm,https://www.hnust.edu.cn/xxgk/xxzc/index.htm,,school_verified
388,湖南科技大学,002,,物理类,物理,化学,553,67004,,普通本科批,https://www.hnust.edu.cn/xxgk/xxzc/index.htm,https://www.hnust.edu.cn/xxgk/xxzc/index.htm,,school_verified
388,湖南科技大学,001,,历史类,历史,不限,551,13552,,普通本科批,https://www.hnust.edu.cn/xxgk/xxzc/index.htm,https://www.hnust.edu.cn/xxgk/xxzc/index.htm,,school_verified
388,湖南科技大学,001,,物理类,物理,不限,534,87850,,普通本科批,https://www.hnust.edu.cn/xxgk/xxzc/index.htm,https://www.hnust.edu.cn/xxgk/xxzc/index.htm,,school_verified
389,长沙理工大学,002,,物理类,物理,化学,587,36157,,普通本科批,https://www.csust.edu.cn/zsw/info/1096/2252.htm,https://www.csust.edu.cn/zsw/info/1096/2252.htm,,school_verified
389,长沙理工大学,001,,历史类,历史,不限,572,8099,,普通本科批,https://www.csust.edu.cn/zsw/info/1096/2252.htm,https://www.csust.edu.cn/zsw/info/1096/2252.htm,,school_verified
389,长沙理工大学,001,,物理类,物理,不限,565,54211,,普通本科批,https://www.csust.edu.cn/zsw/info/1096/2252.htm,https://www.csust.edu.cn/zsw/info/1096/2252.htm,,school_verified
390,吉林师范大学,001,,历史类,历史,不限,529,20919,,普通本科批,https://www.jlnu.edu.cn/zsb/zszc.htm,https://www.jlnu.edu.cn/zsb/zszc.htm,,school_verified
390,吉林师范大学,002,,历史类,历史,不限,526,22018,,普通本科批,https://www.jlnu.edu.cn/zsb/zszc.htm,https://www.jlnu.edu.cn/zsb/zszc.htm,,school_verified
390,吉林师范大学,002,,物理类,物理,不限,524,101248,,普通本科批,https://www.jlnu.edu.cn/zsb/zszc.htm,https://www.jlnu.edu.cn/zsb/zszc.htm,,school_verified
390,吉林师范大学,004,,历史类,历史,不限,520,24356,,普通本科批,https://www.jlnu.edu.cn/zsb/zszc.htm,https://www.jlnu.edu.cn/zsb/zszc.htm,,school_verified
390,吉林师范大学,003,,物理类,物理,化学,519,107408,,普通本科批,https://www.jlnu.edu.cn/zsb/zszc.htm,https://www.jlnu.edu.cn/zsb/zszc.htm,,school_verified
390,吉林师范大学,005,,物理类,物理,化学,515,113380,,普通本科批,https://www.jlnu.edu.cn/zsb/zszc.htm,https://www.jlnu.edu.cn/zsb/zszc.htm,,school_verified
390,吉林师范大学,001,,物理类,物理,不限,515,112442,,普通本科批,https://www.jlnu.edu.cn/zsb/zszc.htm,https://www.jlnu.edu.cn/zsb/zszc.htm,,school_verified
390,吉林师范大学,005,,历史类,历史,不限,513,27353,,普通本科批,https://www.jlnu.edu.cn/zsb/zszc.htm,https://www.jlnu.edu.cn/zsb/zszc.htm,,school_verified
390,吉林师范大学,006,,历史类,历史,不限,509,29306,,普通本科批,https://www.jlnu.edu.cn/zsb/zszc.htm,https://www.jlnu.edu.cn/zsb/zszc.htm,,school_verified
390,吉林师范大学,004,,物理类,物理,化学,509,121257,,普通本科批,https://www.jlnu.edu.cn/zsb/zszc.htm,https://www.jlnu.edu.cn/zsb/zszc.htm,,school_verified
391,南华大学,001,,历史类,历史,不限,550,13899,,普通本科批,https://zsw.usc.edu.cn/static/front/usc/basic/html_cms/frontViewArticle.html?id=d81d0e7eabe34c319366793d72ecd521,https://zsw.usc.edu.cn/static/front/usc/basic/html_cms/frontViewArticle.html?id=d81d0e7eabe34c319366793d72ecd521,,school_verified
391,南华大学,002,,物理类,物理,化学,546,74672,,普通本科批,https://zsw.usc.edu.cn/static/front/usc/basic/html_cms/frontViewArticle.html?id=d81d0e7eabe34c319366793d72ecd521,https://zsw.usc.edu.cn/static/front/usc/basic/html_cms/frontViewArticle.html?id=d81d0e7eabe34c319366793d72ecd521,,school_verified
391,南华大学,001,,物理类,物理,不限,522,103726,,普通本科批,https://zsw.usc.edu.cn/static/front/usc/basic/html_cms/frontViewArticle.html?id=d81d0e7eabe34c319366793d72ecd521,https://zsw.usc.edu.cn/static/front/usc/basic/html_cms/frontViewArticle.html?id=d81d0e7eabe34c319366793d72ecd521,,school_verified
392,湖南农业大学,002,,历史类,历史,思想政治,554,12767,,普通本科批,https://zs.hunau.edu.cn/zsjz/202505/t20250512_456326.html,https://zs.hunau.edu.cn/zsjz/202505/t20250512_456326.html,,school_verified
392,湖南农业大学,001,,历史类,历史,不限,541,16821,,普通本科批,https://zs.hunau.edu.cn/zsjz/202505/t20250512_456326.html,https://zs.hunau.edu.cn/zsjz/202505/t20250512_456326.html,,school_verified
392,湖南农业大学,002,,物理类,物理,化学,539,82396,,普通本科批,https://zs.hunau.edu.cn/zsjz/202505/t20250512_456326.html,https://zs.hunau.edu.cn/zsjz/202505/t20250512_456326.html,,school_verified
392,湖南农业大学,003,,物理类,物理,地理,536,85738,,普通本科批,https://zs.hunau.edu.cn/zsjz/202505/t20250512_456326.html,https://zs.hunau.edu.cn/zsjz/202505/t20250512_456326.html,,school_verified
392,湖南农业大学,001,,物理类,物理,不限,531,91736,,普通本科批,https://zs.hunau.edu.cn/zsjz/202505/t20250512_456326.html,https://zs.hunau.edu.cn/zsjz/202505/t20250512_456326.html,,school_verified
393,东北电力大学,004,,物理类,物理,化学,606,22941,,普通本科批,https://zsjyc.neepu.edu.cn/,https://zsjyc.neepu.edu.cn/,,school_verified
393,东北电力大学,010,,物理类,物理,化学,603,25017,,普通本科批,https://zsjyc.neepu.edu.cn/,https://zsjyc.neepu.edu.cn/,,school_verified
393,东北电力大学,007,,物理类,物理,化学,585,37229,,普通本科批,https://zsjyc.neepu.edu.cn/,https://zsjyc.neepu.edu.cn/,,school_verified
393,东北电力大学,005,,物理类,物理,化学,580,41319,,普通本科批,https://zsjyc.neepu.edu.cn/,https://zsjyc.neepu.edu.cn/,,school_verified
393,东北电力大学,008,,物理类,物理,化学,579,42087,,普通本科批,https://zsjyc.neepu.edu.cn/,https://zsjyc.neepu.edu.cn/,,school_verified
393,东北电力大学,009,,物理类,物理,化学,573,47576,,普通本科批,https://zsjyc.neepu.edu.cn/,https://zsjyc.neepu.edu.cn/,,school_verified
393,东北电力大学,006,,物理类,物理,化学,563,56293,,普通本科批,https://zsjyc.neepu.edu.cn/,https://zsjyc.neepu.edu.cn/,,school_verified
393,东北电力大学,002,,物理类,物理,不限,546,74166,,普通本科批,https://zsjyc.neepu.edu.cn/,https://zsjyc.neepu.edu.cn/,,school_verified
393,东北电力大学,003,,物理类,物理,不限,542,78552,,普通本科批,https://zsjyc.neepu.edu.cn/,https://zsjyc.neepu.edu.cn/,,school_verified
394,长春工程学院,002,,物理类,物理,化学,494,142908,,普通本科批,https://zsb.ccit.edu.cn/info/1009/1922.htm,https://zsb.ccit.edu.cn/info/1009/1922.htm,,school_verified
394,长春工程学院,001,,物理类,物理,不限,489,150189,,普通本科批,https://zsb.ccit.edu.cn/info/1009/1922.htm,https://zsb.ccit.edu.cn/info/1009/1922.htm,,school_verified
394,长春工程学院,003,,物理类,物理,化学,474,173121,,普通本科批,https://zsb.ccit.edu.cn/info/1009/1922.htm,https://zsb.ccit.edu.cn/info/1009/1922.htm,,school_verified
394,长春工程学院,071,,物理类,物理,不限,467,182586,,普通本科批,https://zsb.ccit.edu.cn/info/1009/1922.htm,https://zsb.ccit.edu.cn/info/1009/1922.htm,,school_verified
400,吉林化工大学,002,,物理类,物理,化学,505,127432,,普通本科批,https://www.jlict.edu.cn/zsjy.htm,https://www.jlict.edu.cn/zsjy.htm,,school_verified
400,吉林化工大学,051,,物理类,物理,化学,503,129589,,普通本科批,https://www.jlict.edu.cn/zsjy.htm,https://www.jlict.edu.cn/zsjy.htm,,school_verified
400,吉林化工大学,001,,物理类,物理,不限,502,131535,,普通本科批,https://www.jlict.edu.cn/zsjy.htm,https://www.jlict.edu.cn/zsjy.htm,,school_verified
400,吉林化工大学,003,,物理类,物理,化学,498,136579,,普通本科批,https://www.jlict.edu.cn/zsjy.htm,https://www.jlict.edu.cn/zsjy.htm,,school_verified
400,吉林化工大学,052,,物理类,物理,化学,489,149880,,普通本科批,https://www.jlict.edu.cn/zsjy.htm,https://www.jlict.edu.cn/zsjy.htm,,school_verified
401,中南林业科技大学,001,,历史类,历史,不限,544,15919,,普通本科批,https://www.csuft.edu.cn/xxgk/xxzc.htm,https://www.csuft.edu.cn/xxgk/xxzc.htm,,school_verified
401,中南林业科技大学,002,,物理类,物理,化学,533,89350,,普通本科批,https://www.csuft.edu.cn/xxgk/xxzc.htm,https://www.csuft.edu.cn/xxgk/xxzc.htm,,school_verified
401,中南林业科技大学,001,,物理类,物理,不限,530,93111,,普通本科批,https://www.csuft.edu.cn/xxgk/xxzc.htm,https://www.csuft.edu.cn/xxgk/xxzc.htm,,school_verified
402,湖南中医药大学,001,,历史类,历史,不限,576,7211,,普通本科批,https://zsjy.hnucm.edu.cn/info/1050/2158.htm,https://zsjy.hnucm.edu.cn/info/1050/2158.htm,,school_verified
402,湖南中医药大学,001,,物理类,物理,不限,573,47170,,普通本科批,https://zsjy.hnucm.edu.cn/info/1050/2158.htm,https://zsjy.hnucm.edu.cn/info/1050/2158.htm,,school_verified
402,湖南中医药大学,003,,物理类,物理,化学,560,59557,,普通本科批,https://zsjy.hnucm.edu.cn/info/1050/2158.htm,https://zsjy.hnucm.edu.cn/info/1050/2158.htm,,school_verified
402,湖南中医药大学,005,,物理类,物理,化学,544,77140,,普通本科批,https://zsjy.hnucm.edu.cn/info/1050/2158.htm,https://zsjy.hnucm.edu.cn/info/1050/2158.htm,,school_verified
402,湖南中医药大学,002,,物理类,物理,不限,530,93460,,普通本科批,https://zsjy.hnucm.edu.cn/info/1050/2158.htm,https://zsjy.hnucm.edu.cn/info/1050/2158.htm,,school_verified
402,湖南中医药大学,002,,历史类,历史,不限,529,20851,,普通本科批,https://zsjy.hnucm.edu.cn/info/1050/2158.htm,https://zsjy.hnucm.edu.cn/info/1050/2158.htm,,school_verified
402,湖南中医药大学,004,,物理类,物理,化学,521,105209,,普通本科批,https://zsjy.hnucm.edu.cn/info/1050/2158.htm,https://zsjy.hnucm.edu.cn/info/1050/2158.htm,,school_verified
403,湘南学院,002,,物理类,物理,化学,530,92780,,普通本科批,https://www.xnu.edu.cn/html/891/2026-02-12/content-30130.html,https://www.xnu.edu.cn/html/891/2026-02-12/content-30130.html,,school_verified
403,湘南学院,003,,物理类,物理,化学,529,94909,,普通本科批,https://www.xnu.edu.cn/html/891/2026-02-12/content-30130.html,https://www.xnu.edu.cn/html/891/2026-02-12/content-30130.html,,school_verified
403,湘南学院,001,,历史类,历史,不限,522,23434,,普通本科批,https://www.xnu.edu.cn/html/891/2026-02-12/content-30130.html,https://www.xnu.edu.cn/html/891/2026-02-12/content-30130.html,,school_verified
403,湘南学院,001,,物理类,物理,不限,518,108149,,普通本科批,https://www.xnu.edu.cn/html/891/2026-02-12/content-30130.html,https://www.xnu.edu.cn/html/891/2026-02-12/content-30130.html,,school_verified
404,长春中医药大学,001,,物理类,物理,化学,505,127381,,普通本科批,https://zhaosheng.ccucm.edu.cn/info/1159/16926.htm,https://zhaosheng.ccucm.edu.cn/info/1159/16926.htm,,school_verified
404,长春中医药大学,002,,物理类,物理,化学,497,138930,,普通本科批,https://zhaosheng.ccucm.edu.cn/info/1159/16926.htm,https://zhaosheng.ccucm.edu.cn/info/1159/16926.htm,,school_verified
405,吉林工程技术师范学院,001,,历史类,历史,不限,501,32699,,普通本科批,http://zs.jlenu.edu.cn/,http://zs.jlenu.edu.cn/,,school_verified
405,吉林工程技术师范学院,002,,物理类,物理,化学,489,150814,,普通本科批,http://zs.jlenu.edu.cn/,http://zs.jlenu.edu.cn/,,school_verified
405,吉林工程技术师范学院,001,,物理类,物理,化学,489,151342,,普通本科批,http://zs.jlenu.edu.cn/,http://zs.jlenu.edu.cn/,,school_verified
406,衡阳师范学院,002,,历史类,历史,思想政治,532,19713,,普通本科批,https://www.hynu.edu.cn/xxgk/xxzc.htm,https://www.hynu.edu.cn/xxgk/xxzc.htm,,school_verified
406,衡阳师范学院,001,,历史类,历史,不限,529,20890,,普通本科批,https://www.hynu.edu.cn/xxgk/xxzc.htm,https://www.hynu.edu.cn/xxgk/xxzc.htm,,school_verified
406,衡阳师范学院,002,,物理类,物理,化学,527,97581,,普通本科批,https://www.hynu.edu.cn/xxgk/xxzc.htm,https://www.hynu.edu.cn/xxgk/xxzc.htm,,school_verified
406,衡阳师范学院,003,,物理类,物理,化学、生物(2科必选),505,126316,,普通本科批,https://www.hynu.edu.cn/xxgk/xxzc.htm,https://www.hynu.edu.cn/xxgk/xxzc.htm,,school_verified
406,衡阳师范学院,001,,物理类,物理,不限,504,128444,,普通本科批,https://www.hynu.edu.cn/xxgk/xxzc.htm,https://www.hynu.edu.cn/xxgk/xxzc.htm,,school_verified
407,湖南工商大学,001,,历史类,历史,不限,562,10558,,普通本科批,https://admi.hutb.edu.cn/zszc/bkzszc/content_88261,https://admi.hutb.edu.cn/zszc/bkzszc/content_88261,,school_verified
407,湖南工商大学,001,,物理类,物理,不限,533,89867,,普通本科批,https://admi.hutb.edu.cn/zszc/bkzszc/content_88261,https://admi.hutb.edu.cn/zszc/bkzszc/content_88261,,school_verified
407,湖南工商大学,003,,物理类,物理,地理,528,96293,,普通本科批,https://admi.hutb.edu.cn/zszc/bkzszc/content_88261,https://admi.hutb.edu.cn/zszc/bkzszc/content_88261,,school_verified
407,湖南工商大学,002,,物理类,物理,化学,518,108538,,普通本科批,https://admi.hutb.edu.cn/zszc/bkzszc/content_88261,https://admi.hutb.edu.cn/zszc/bkzszc/content_88261,,school_verified
408,通化师范学院,001,,历史类,历史,不限,503,31707,,普通本科批,https://admissions.thnu.edu.cn/module/news_list.html?notice_id=486&&list_style=text,https://admissions.thnu.edu.cn/module/news_list.html?notice_id=486&&list_style=text,,school_verified
408,通化师范学院,001,,物理类,物理,化学,489,150578,,普通本科批,https://admissions.thnu.edu.cn/module/news_list.html?notice_id=486&&list_style=text,https://admissions.thnu.edu.cn/module/news_list.html?notice_id=486&&list_style=text,,school_verified
409,湖南科技学院,001,,历史类,历史,不限,516,25997,,普通本科批,https://www.huse.edu.cn/zsjyzdc/info/1015/2341.htm,https://www.huse.edu.cn/zsjyzdc/info/1015/2341.htm,,school_verified
409,湖南科技学院,001,,物理类,物理,化学,507,123935,,普通本科批,https://www.huse.edu.cn/zsjyzdc/info/1015/2341.htm,https://www.huse.edu.cn/zsjyzdc/info/1015/2341.htm,,school_verified
410,白城师范学院,001,,历史类,历史,不限,503,31777,,普通本科批,https://gaokao.chsi.com.cn/zsgs/zhangcheng/listZszc--schId-169.dhtml,https://gaokao.chsi.com.cn/zsgs/zhangcheng/listZszc--schId-169.dhtml,,school_verified
410,白城师范学院,004,,物理类,物理,化学,493,145413,,普通本科批,https://gaokao.chsi.com.cn/zsgs/zhangcheng/listZszc--schId-169.dhtml,https://gaokao.chsi.com.cn/zsgs/zhangcheng/listZszc--schId-169.dhtml,,school_verified
410,白城师范学院,005,,物理类,物理,地理,492,145724,,普通本科批,https://gaokao.chsi.com.cn/zsgs/zhangcheng/listZszc--schId-169.dhtml,https://gaokao.chsi.com.cn/zsgs/zhangcheng/listZszc--schId-169.dhtml,,school_verified
410,白城师范学院,003,,物理类,物理,化学,489,150565,,普通本科批,https://gaokao.chsi.com.cn/zsgs/zhangcheng/listZszc--schId-169.dhtml,https://gaokao.chsi.com.cn/zsgs/zhangcheng/listZszc--schId-169.dhtml,,school_verified
410,白城师范学院,001,,物理类,物理,不限,489,150039,,普通本科批,https://gaokao.chsi.com.cn/zsgs/zhangcheng/listZszc--schId-169.dhtml,https://gaokao.chsi.com.cn/zsgs/zhangcheng/listZszc--schId-169.dhtml,,school_verified
410,白城师范学院,002,,历史类,历史,不限,485,40287,,普通本科批,https://gaokao.chsi.com.cn/zsgs/zhangcheng/listZszc--schId-169.dhtml,https://gaokao.chsi.com.cn/zsgs/zhangcheng/listZszc--schId-169.dhtml,,school_verified
410,白城师范学院,002,,物理类,物理,不限,482,161486,,普通本科批,https://gaokao.chsi.com.cn/zsgs/zhangcheng/listZszc--schId-169.dhtml,https://gaokao.chsi.com.cn/zsgs/zhangcheng/listZszc--schId-169.dhtml,,school_verified
411,吉林外国语大学,002,,物理类,物理,化学,478,167028,,普通本科批,https://www.jisu.edu.cn/xxgk/xxzc.htm,https://www.jisu.edu.cn/xxgk/xxzc.htm,,school_verified
411,吉林外国语大学,001,,历史类,历史,不限,477,44553,,普通本科批,https://www.jisu.edu.cn/xxgk/xxzc.htm,https://www.jisu.edu.cn/xxgk/xxzc.htm,,school_verified
411,吉林外国语大学,001,,物理类,物理,不限,474,172423,,普通本科批,https://www.jisu.edu.cn/xxgk/xxzc.htm,https://www.jisu.edu.cn/xxgk/xxzc.htm,,school_verified
412,吉林财经大学,003,,物理类,物理,化学,541,79730,,普通本科批,http://newzs.jlufe.edu.cn/info/1011/1747.htm,http://newzs.jlufe.edu.cn/info/1011/1747.htm,,school_verified
412,吉林财经大学,001,,历史类,历史,不限,529,21068,,普通本科批,http://newzs.jlufe.edu.cn/info/1011/1747.htm,http://newzs.jlufe.edu.cn/info/1011/1747.htm,,school_verified
412,吉林财经大学,001,,物理类,物理,不限,529,94994,,普通本科批,http://newzs.jlufe.edu.cn/info/1011/1747.htm,http://newzs.jlufe.edu.cn/info/1011/1747.htm,,school_verified
412,吉林财经大学,002,,历史类,历史,不限,528,21126,,普通本科批,http://newzs.jlufe.edu.cn/info/1011/1747.htm,http://newzs.jlufe.edu.cn/info/1011/1747.htm,,school_verified
412,吉林财经大学,002,,物理类,物理,不限,521,105329,,普通本科批,http://newzs.jlufe.edu.cn/info/1011/1747.htm,http://newzs.jlufe.edu.cn/info/1011/1747.htm,,school_verified
414,中南财经政法大学,006,,物理类,物理,化学,624,13227,,普通本科批,https://www.zuel.edu.cn/dxzc/,https://www.zuel.edu.cn/dxzc/,,school_verified
414,中南财经政法大学,005,,历史类,历史,不限,620,1332,,普通本科批,https://www.zuel.edu.cn/dxzc/,https://www.zuel.edu.cn/dxzc/,,school_verified
414,中南财经政法大学,004,,物理类,物理,不限,611,19782,,普通本科批,https://www.zuel.edu.cn/dxzc/,https://www.zuel.edu.cn/dxzc/,,school_verified
414,中南财经政法大学,007,,物理类,物理,化学,610,20220,,普通本科批,https://www.zuel.edu.cn/dxzc/,https://www.zuel.edu.cn/dxzc/,,school_verified
414,中南财经政法大学,006,,历史类,历史,不限,567,9308,,普通本科批,https://www.zuel.edu.cn/dxzc/,https://www.zuel.edu.cn/dxzc/,,school_verified
415,湖南文理学院,001,,物理类,物理,化学,529,95047,,普通本科批,https://www.huas.edu.cn/info/1017/15447.htm,https://www.huas.edu.cn/info/1017/15447.htm,,school_verified
415,湖南文理学院,001,,历史类,历史,不限,518,25232,,普通本科批,https://www.huas.edu.cn/info/1017/15447.htm,https://www.huas.edu.cn/info/1017/15447.htm,,school_verified
415,湖南文理学院,002,,物理类,物理,地理,511,118275,,普通本科批,https://www.huas.edu.cn/info/1017/15447.htm,https://www.huas.edu.cn/info/1017/15447.htm,,school_verified
416,怀化学院,001,,历史类,历史,不限,518,25229,,普通本科批,https://zsb.hhtc.edu.cn/info/1029/1983.htm,https://zsb.hhtc.edu.cn/info/1029/1983.htm,,school_verified
416,怀化学院,001,,物理类,物理,化学,509,121041,,普通本科批,https://zsb.hhtc.edu.cn/info/1029/1983.htm,https://zsb.hhtc.edu.cn/info/1029/1983.htm,,school_verified
417,华中农业大学,009,,物理类,物理,地理,608,21875,,普通本科批,https://www.hzau.edu.cn/xxgk/xxzc.htm,https://www.hzau.edu.cn/xxgk/xxzc.htm,,school_verified
417,华中农业大学,008,,物理类,物理,生物,601,26005,,普通本科批,https://www.hzau.edu.cn/xxgk/xxzc.htm,https://www.hzau.edu.cn/xxgk/xxzc.htm,,school_verified
417,华中农业大学,006,,物理类,物理,化学,598,28184,,普通本科批,https://www.hzau.edu.cn/xxgk/xxzc.htm,https://www.hzau.edu.cn/xxgk/xxzc.htm,,school_verified
417,华中农业大学,004,,物理类,物理,不限,596,29487,,普通本科批,https://www.hzau.edu.cn/xxgk/xxzc.htm,https://www.hzau.edu.cn/xxgk/xxzc.htm,,school_verified
417,华中农业大学,001,,历史类,历史,不限,589,4975,,普通本科批,https://www.hzau.edu.cn/xxgk/xxzc.htm,https://www.hzau.edu.cn/xxgk/xxzc.htm,,school_verified
417,华中农业大学,005,,物理类,物理,不限,583,38756,,普通本科批,https://www.hzau.edu.cn/xxgk/xxzc.htm,https://www.hzau.edu.cn/xxgk/xxzc.htm,,school_verified
417,华中农业大学,002,,历史类,历史,不限,579,6647,,普通本科批,https://www.hzau.edu.cn/xxgk/xxzc.htm,https://www.hzau.edu.cn/xxgk/xxzc.htm,,school_verified
417,华中农业大学,007,,物理类,物理,化学,577,44017,,普通本科批,https://www.hzau.edu.cn/xxgk/xxzc.htm,https://www.hzau.edu.cn/xxgk/xxzc.htm,,school_verified
418,邵阳学院,001,,历史类,历史,不限,520,24343,,普通本科批,https://www.hnsyu.edu.cn/xygk/xxzc/,https://www.hnsyu.edu.cn/xygk/xxzc/,,school_verified
418,邵阳学院,002,,物理类,物理,化学,502,131518,,普通本科批,https://www.hnsyu.edu.cn/xygk/xxzc/,https://www.hnsyu.edu.cn/xygk/xxzc/,,school_verified
418,邵阳学院,001,,物理类,物理,不限,501,133373,,普通本科批,https://www.hnsyu.edu.cn/xygk/xxzc/,https://www.hnsyu.edu.cn/xygk/xxzc/,,school_verified
419,东北林业大学,004,,物理类,物理,化学,592,32315,,普通本科批,https://zhaosheng.nefu.edu.cn/info/1003/4501.htm,https://zhaosheng.nefu.edu.cn/info/1003/4501.htm,,school_verified
419,东北林业大学,002,,历史类,历史,思想政治,586,5392,,普通本科批,https://zhaosheng.nefu.edu.cn/info/1003/4501.htm,https://zhaosheng.nefu.edu.cn/info/1003/4501.htm,,school_verified
419,东北林业大学,003,,物理类,物理,不限,586,36702,,普通本科批,https://zhaosheng.nefu.edu.cn/info/1003/4501.htm,https://zhaosheng.nefu.edu.cn/info/1003/4501.htm,,school_verified
419,东北林业大学,006,,物理类,物理,生物,585,37483,,普通本科批,https://zhaosheng.nefu.edu.cn/info/1003/4501.htm,https://zhaosheng.nefu.edu.cn/info/1003/4501.htm,,school_verified
419,东北林业大学,001,,历史类,历史,不限,582,6118,,普通本科批,https://zhaosheng.nefu.edu.cn/info/1003/4501.htm,https://zhaosheng.nefu.edu.cn/info/1003/4501.htm,,school_verified
419,东北林业大学,005,,物理类,物理,化学,582,39756,,普通本科批,https://zhaosheng.nefu.edu.cn/info/1003/4501.htm,https://zhaosheng.nefu.edu.cn/info/1003/4501.htm,,school_verified
420,华中师范大学,010,,物理类,物理,化学,626,12502,,普通本科批,https://www.ccnu.edu.cn/xxgk/hdzc.htm,https://www.ccnu.edu.cn/xxgk/hdzc.htm,,school_verified
421,黑龙江大学,004,,历史类,历史,不限,563,10364,,普通本科批,http://zsb.hlju.edu.cn/,http://zsb.hlju.edu.cn/,,school_verified
421,黑龙江大学,003,,物理类,物理,不限,560,59107,,普通本科批,http://zsb.hlju.edu.cn/,http://zsb.hlju.edu.cn/,,school_verified
421,黑龙江大学,004,,物理类,物理,化学,551,69414,,普通本科批,http://zsb.hlju.edu.cn/,http://zsb.hlju.edu.cn/,,school_verified
422,佳木斯大学,004,,物理类,物理,化学,517,110278,,普通本科批,https://zs.jmsu.edu.cn/info/1003/2500.htm,https://zs.jmsu.edu.cn/info/1003/2500.htm,,school_verified
422,佳木斯大学,006,,物理类,物理,生物,502,131468,,普通本科批,https://zs.jmsu.edu.cn/info/1003/2500.htm,https://zs.jmsu.edu.cn/info/1003/2500.htm,,school_verified
422,佳木斯大学,003,,物理类,物理,化学,500,134135,,普通本科批,https://zs.jmsu.edu.cn/info/1003/2500.htm,https://zs.jmsu.edu.cn/info/1003/2500.htm,,school_verified
422,佳木斯大学,007,,物理类,物理,地理,498,137385,,普通本科批,https://zs.jmsu.edu.cn/info/1003/2500.htm,https://zs.jmsu.edu.cn/info/1003/2500.htm,,school_verified
422,佳木斯大学,001,,物理类,物理,不限,494,143576,,普通本科批,https://zs.jmsu.edu.cn/info/1003/2500.htm,https://zs.jmsu.edu.cn/info/1003/2500.htm,,school_verified
422,佳木斯大学,005,,物理类,物理,化学,493,144093,,普通本科批,https://zs.jmsu.edu.cn/info/1003/2500.htm,https://zs.jmsu.edu.cn/info/1003/2500.htm,,school_verified
422,佳木斯大学,002,,物理类,物理,不限,492,146798,,普通本科批,https://zs.jmsu.edu.cn/info/1003/2500.htm,https://zs.jmsu.edu.cn/info/1003/2500.htm,,school_verified
423,中南民族大学,003,,历史类,历史,思想政治,588,5174,,普通本科批,https://zsb.scuec.edu.cn/info/1011/2404.htm,https://zsb.scuec.edu.cn/info/1011/2404.htm,,school_verified
423,中南民族大学,006,,物理类,物理,化学,586,36659,,普通本科批,https://zsb.scuec.edu.cn/info/1011/2404.htm,https://zsb.scuec.edu.cn/info/1011/2404.htm,,school_verified
423,中南民族大学,002,,历史类,历史,不限,577,7130,,普通本科批,https://zsb.scuec.edu.cn/info/1011/2404.htm,https://zsb.scuec.edu.cn/info/1011/2404.htm,,school_verified
423,中南民族大学,001,,历史类,历史,不限,576,7394,,普通本科批,https://zsb.scuec.edu.cn/info/1011/2404.htm,https://zsb.scuec.edu.cn/info/1011/2404.htm,,school_verified
423,中南民族大学,003,,物理类,物理,不限,568,52273,,普通本科批,https://zsb.scuec.edu.cn/info/1011/2404.htm,https://zsb.scuec.edu.cn/info/1011/2404.htm,,school_verified
423,中南民族大学,004,,物理类,物理,化学,566,53986,,普通本科批,https://zsb.scuec.edu.cn/info/1011/2404.htm,https://zsb.scuec.edu.cn/info/1011/2404.htm,,school_verified
423,中南民族大学,005,,物理类,物理,化学,561,58708,,普通本科批,https://zsb.scuec.edu.cn/info/1011/2404.htm,https://zsb.scuec.edu.cn/info/1011/2404.htm,,school_verified
423,中南民族大学,002,,物理类,物理,不限,558,61216,,普通本科批,https://zsb.scuec.edu.cn/info/1011/2404.htm,https://zsb.scuec.edu.cn/info/1011/2404.htm,,school_verified
424,齐齐哈尔大学,001,,历史类,历史,不限,512,27617,,普通本科批,https://www.qqhru.edu.cn/info/1045/18777.htm,https://www.qqhru.edu.cn/info/1045/18777.htm,,school_verified
424,齐齐哈尔大学,001,,物理类,物理,化学,502,131618,,普通本科批,https://www.qqhru.edu.cn/info/1045/18777.htm,https://www.qqhru.edu.cn/info/1045/18777.htm,,school_verified
425,湖北大学,002,,物理类,物理,化学,590,33513,,普通本科批,https://zsxx.hubu.edu.cn/info/1015/2201.htm,https://zsxx.hubu.edu.cn/info/1015/2201.htm,,school_verified
425,湖北大学,001,,物理类,物理,不限,586,36792,,普通本科批,https://zsxx.hubu.edu.cn/info/1015/2201.htm,https://zsxx.hubu.edu.cn/info/1015/2201.htm,,school_verified
425,湖北大学,003,,物理类,物理,化学,584,37949,,普通本科批,https://zsxx.hubu.edu.cn/info/1015/2201.htm,https://zsxx.hubu.edu.cn/info/1015/2201.htm,,school_verified
425,湖北大学,001,,历史类,历史,不限,580,6485,,普通本科批,https://zsxx.hubu.edu.cn/info/1015/2201.htm,https://zsxx.hubu.edu.cn/info/1015/2201.htm,,school_verified
425,湖北大学,003,,历史类,历史,地理,579,6702,,普通本科批,https://zsxx.hubu.edu.cn/info/1015/2201.htm,https://zsxx.hubu.edu.cn/info/1015/2201.htm,,school_verified
425,湖北大学,002,,历史类,历史,思想政治,541,16748,,普通本科批,https://zsxx.hubu.edu.cn/info/1015/2201.htm,https://zsxx.hubu.edu.cn/info/1015/2201.htm,,school_verified
425,湖北大学,004,,物理类,物理,化学,527,97590,,普通本科批,https://zsxx.hubu.edu.cn/info/1015/2201.htm,https://zsxx.hubu.edu.cn/info/1015/2201.htm,,school_verified
426,哈尔滨理工大学,002,,物理类,物理,化学,571,49207,,普通本科批,https://www.hrbust.edu.cn/zsjy.htm,https://www.hrbust.edu.cn/zsjy.htm,,school_verified
426,哈尔滨理工大学,001,,物理类,物理,不限,548,72634,,普通本科批,https://www.hrbust.edu.cn/zsjy.htm,https://www.hrbust.edu.cn/zsjy.htm,,school_verified
427,黑龙江八一农垦大学,004,,物理类,物理,化学,518,108093,,普通本科批,https://www.byau.edu.cn/hljbynkdxzc/list.htm,https://www.byau.edu.cn/hljbynkdxzc/list.htm,,school_verified
427,黑龙江八一农垦大学,001,,历史类,历史,不限,507,29909,,普通本科批,https://www.byau.edu.cn/hljbynkdxzc/list.htm,https://www.byau.edu.cn/hljbynkdxzc/list.htm,,school_verified
427,黑龙江八一农垦大学,002,,历史类,历史,生物,506,30271,,普通本科批,https://www.byau.edu.cn/hljbynkdxzc/list.htm,https://www.byau.edu.cn/hljbynkdxzc/list.htm,,school_verified
427,黑龙江八一农垦大学,003,,物理类,物理,化学,503,129693,,普通本科批,https://www.byau.edu.cn/hljbynkdxzc/list.htm,https://www.byau.edu.cn/hljbynkdxzc/list.htm,,school_verified
427,黑龙江八一农垦大学,001,,物理类,物理,不限,497,138331,,普通本科批,https://www.byau.edu.cn/hljbynkdxzc/list.htm,https://www.byau.edu.cn/hljbynkdxzc/list.htm,,school_verified
427,黑龙江八一农垦大学,002,,物理类,物理,化学,494,143330,,普通本科批,https://www.byau.edu.cn/hljbynkdxzc/list.htm,https://www.byau.edu.cn/hljbynkdxzc/list.htm,,school_verified
428,长江大学,003,,物理类,物理,化学,590,33504,,普通本科批,https://www.yangtzeu.edu.cn/zsjy1.htm,https://www.yangtzeu.edu.cn/zsjy1.htm,,school_verified
428,长江大学,005,,物理类,物理,化学,577,43856,,普通本科批,https://www.yangtzeu.edu.cn/zsjy1.htm,https://www.yangtzeu.edu.cn/zsjy1.htm,,school_verified
428,长江大学,004,,物理类,物理,化学,577,44283,,普通本科批,https://www.yangtzeu.edu.cn/zsjy1.htm,https://www.yangtzeu.edu.cn/zsjy1.htm,,school_verified
428,长江大学,002,,历史类,历史,思想政治,567,9265,,普通本科批,https://www.yangtzeu.edu.cn/zsjy1.htm,https://www.yangtzeu.edu.cn/zsjy1.htm,,school_verified
428,长江大学,001,,历史类,历史,不限,556,12018,,普通本科批,https://www.yangtzeu.edu.cn/zsjy1.htm,https://www.yangtzeu.edu.cn/zsjy1.htm,,school_verified
428,长江大学,002,,物理类,物理,化学,550,69581,,普通本科批,https://www.yangtzeu.edu.cn/zsjy1.htm,https://www.yangtzeu.edu.cn/zsjy1.htm,,school_verified
428,长江大学,001,,物理类,物理,不限,535,86710,,普通本科批,https://www.yangtzeu.edu.cn/zsjy1.htm,https://www.yangtzeu.edu.cn/zsjy1.htm,,school_verified
428,长江大学,007,,物理类,物理,生物,528,95305,,普通本科批,https://www.yangtzeu.edu.cn/zsjy1.htm,https://www.yangtzeu.edu.cn/zsjy1.htm,,school_verified
428,长江大学,006,,物理类,物理,化学,499,135726,,普通本科批,https://www.yangtzeu.edu.cn/zsjy1.htm,https://www.yangtzeu.edu.cn/zsjy1.htm,,school_verified
429,哈尔滨医科大学,001,,物理类,物理,化学,588,35503,,普通本科批,https://www.hrbmu.edu.cn/zhaosheng/info/1142/2587.htm,https://www.hrbmu.edu.cn/zhaosheng/info/1142/2587.htm,,school_verified
429,哈尔滨医科大学,002,,历史类,历史,生物,579,6780,,普通本科批,https://www.hrbmu.edu.cn/zhaosheng/info/1142/2587.htm,https://www.hrbmu.edu.cn/zhaosheng/info/1142/2587.htm,,school_verified
429,哈尔滨医科大学,003,,物理类,物理,化学、生物(2科必选),578,43336,,普通本科批,https://www.hrbmu.edu.cn/zhaosheng/info/1142/2587.htm,https://www.hrbmu.edu.cn/zhaosheng/info/1142/2587.htm,,school_verified
429,哈尔滨医科大学,005,,物理类,物理,化学、生物(2科必选),576,45243,,普通本科批,https://www.hrbmu.edu.cn/zhaosheng/info/1142/2587.htm,https://www.hrbmu.edu.cn/zhaosheng/info/1142/2587.htm,,school_verified
429,哈尔滨医科大学,006,,物理类,物理,生物,567,53323,,普通本科批,https://www.hrbmu.edu.cn/zhaosheng/info/1142/2587.htm,https://www.hrbmu.edu.cn/zhaosheng/info/1142/2587.htm,,school_verified
429,哈尔滨医科大学,001,,历史类,历史,不限,550,13908,,普通本科批,https://www.hrbmu.edu.cn/zhaosheng/info/1142/2587.htm,https://www.hrbmu.edu.cn/zhaosheng/info/1142/2587.htm,,school_verified
429,哈尔滨医科大学,007,,物理类,物理,生物,541,80307,,普通本科批,https://www.hrbmu.edu.cn/zhaosheng/info/1142/2587.htm,https://www.hrbmu.edu.cn/zhaosheng/info/1142/2587.htm,,school_verified
429,哈尔滨医科大学,004,,物理类,物理,化学、生物(2科必选),541,80559,,普通本科批,https://www.hrbmu.edu.cn/zhaosheng/info/1142/2587.htm,https://www.hrbmu.edu.cn/zhaosheng/info/1142/2587.htm,,school_verified
429,哈尔滨医科大学,002,,物理类,物理,化学,534,87953,,普通本科批,https://www.hrbmu.edu.cn/zhaosheng/info/1142/2587.htm,https://www.hrbmu.edu.cn/zhaosheng/info/1142/2587.htm,,school_verified
429,哈尔滨医科大学,003,,历史类,历史,生物,501,32581,,普通本科批,https://www.hrbmu.edu.cn/zhaosheng/info/1142/2587.htm,https://www.hrbmu.edu.cn/zhaosheng/info/1142/2587.htm,,school_verified
430,江汉大学,001,,历史类,历史,不限,563,10406,,普通本科批,https://www.jhun.edu.cn/7559/list.htm,https://www.jhun.edu.cn/7559/list.htm,,school_verified
430,江汉大学,001,,物理类,物理,化学,558,61201,,普通本科批,https://www.jhun.edu.cn/7559/list.htm,https://www.jhun.edu.cn/7559/list.htm,,school_verified
431,三峡大学,002,,物理类,物理,化学,555,64621,,普通本科批,https://www.ctgu.edu.cn/xxgk2/dxzc.htm,https://www.ctgu.edu.cn/xxgk2/dxzc.htm,,school_verified
431,三峡大学,003,,物理类,物理,化学,550,70440,,普通本科批,https://www.ctgu.edu.cn/xxgk2/dxzc.htm,https://www.ctgu.edu.cn/xxgk2/dxzc.htm,,school_verified
431,三峡大学,001,,历史类,历史,不限,546,15186,,普通本科批,https://www.ctgu.edu.cn/xxgk2/dxzc.htm,https://www.ctgu.edu.cn/xxgk2/dxzc.htm,,school_verified
431,三峡大学,001,,物理类,物理,不限,541,79676,,普通本科批,https://www.ctgu.edu.cn/xxgk2/dxzc.htm,https://www.ctgu.edu.cn/xxgk2/dxzc.htm,,school_verified
432,武汉纺织大学,001,,物理类,物理,化学,552,68248,,普通本科批,https://www.wtu.edu.cn/xxgk/xxzc.htm,https://www.wtu.edu.cn/xxgk/xxzc.htm,,school_verified
432,武汉纺织大学,001,,历史类,历史,不限,547,14820,,普通本科批,https://www.wtu.edu.cn/xxgk/xxzc.htm,https://www.wtu.edu.cn/xxgk/xxzc.htm,,school_verified
433,湖北工业大学,003,,物理类,物理,化学,584,38264,,普通本科批,https://www.hbut.edu.cn/xxgk/xxzc.htm,https://www.hbut.edu.cn/xxgk/xxzc.htm,,school_verified
433,湖北工业大学,002,,物理类,物理,化学,581,40316,,普通本科批,https://www.hbut.edu.cn/xxgk/xxzc.htm,https://www.hbut.edu.cn/xxgk/xxzc.htm,,school_verified
433,湖北工业大学,001,,物理类,物理,不限,566,53552,,普通本科批,https://www.hbut.edu.cn/xxgk/xxzc.htm,https://www.hbut.edu.cn/xxgk/xxzc.htm,,school_verified
433,湖北工业大学,001,,历史类,历史,不限,561,10682,,普通本科批,https://www.hbut.edu.cn/xxgk/xxzc.htm,https://www.hbut.edu.cn/xxgk/xxzc.htm,,school_verified
434,武汉工程大学,002,,物理类,物理,化学,578,42980,,普通本科批,https://www.wit.edu.cn/zsjy.htm,https://www.wit.edu.cn/zsjy.htm,,school_verified
434,武汉工程大学,001,,历史类,历史,不限,568,8997,,普通本科批,https://www.wit.edu.cn/zsjy.htm,https://www.wit.edu.cn/zsjy.htm,,school_verified
434,武汉工程大学,001,,物理类,物理,不限,564,55454,,普通本科批,https://www.wit.edu.cn/zsjy.htm,https://www.wit.edu.cn/zsjy.htm,,school_verified
434,武汉工程大学,003,,物理类,物理,化学,551,69453,,普通本科批,https://www.wit.edu.cn/zsjy.htm,https://www.wit.edu.cn/zsjy.htm,,school_verified
435,湖北汽车工业学院,002,,物理类,物理,化学,529,94701,,普通本科批,https://www.huat.edu.cn/xxgk/xxzc.htm,https://www.huat.edu.cn/xxgk/xxzc.htm,,school_verified
435,湖北汽车工业学院,001,,物理类,物理,不限,518,109115,,普通本科批,https://www.huat.edu.cn/xxgk/xxzc.htm,https://www.huat.edu.cn/xxgk/xxzc.htm,,school_verified
435,湖北汽车工业学院,001,,历史类,历史,不限,507,30119,,普通本科批,https://www.huat.edu.cn/xxgk/xxzc.htm,https://www.huat.edu.cn/xxgk/xxzc.htm,,school_verified
436,武汉轻工大学,002,,物理类,物理,化学,552,67809,,普通本科批,https://www.whpu.edu.cn/xxgk/xxzc.htm,https://www.whpu.edu.cn/xxgk/xxzc.htm,,school_verified
436,武汉轻工大学,001,,历史类,历史,不限,547,14866,,普通本科批,https://www.whpu.edu.cn/xxgk/xxzc.htm,https://www.whpu.edu.cn/xxgk/xxzc.htm,,school_verified
436,武汉轻工大学,051,,物理类,物理,化学,529,94305,,普通本科批,https://www.whpu.edu.cn/xxgk/xxzc.htm,https://www.whpu.edu.cn/xxgk/xxzc.htm,,school_verified
436,武汉轻工大学,003,,物理类,物理,化学,525,99986,,普通本科批,https://www.whpu.edu.cn/xxgk/xxzc.htm,https://www.whpu.edu.cn/xxgk/xxzc.htm,,school_verified
436,武汉轻工大学,002,,历史类,历史,不限,523,23181,,普通本科批,https://www.whpu.edu.cn/xxgk/xxzc.htm,https://www.whpu.edu.cn/xxgk/xxzc.htm,,school_verified
436,武汉轻工大学,001,,物理类,物理,不限,509,121158,,普通本科批,https://www.whpu.edu.cn/xxgk/xxzc.htm,https://www.whpu.edu.cn/xxgk/xxzc.htm,,school_verified
437,湖北中医药大学,001,,历史类,历史,不限,591,4686,,普通本科批,https://www.hbucm.edu.cn/xxgk/xxzc.htm,https://www.hbucm.edu.cn/xxgk/xxzc.htm,,school_verified
437,湖北中医药大学,001,,物理类,物理,不限,588,35068,,普通本科批,https://www.hbucm.edu.cn/xxgk/xxzc.htm,https://www.hbucm.edu.cn/xxgk/xxzc.htm,,school_verified
437,湖北中医药大学,002,,历史类,历史,不限,559,11283,,普通本科批,https://www.hbucm.edu.cn/xxgk/xxzc.htm,https://www.hbucm.edu.cn/xxgk/xxzc.htm,,school_verified
437,湖北中医药大学,002,,物理类,物理,不限,544,76142,,普通本科批,https://www.hbucm.edu.cn/xxgk/xxzc.htm,https://www.hbucm.edu.cn/xxgk/xxzc.htm,,school_verified
437,湖北中医药大学,003,,历史类,历史,不限,532,19753,,普通本科批,https://www.hbucm.edu.cn/xxgk/xxzc.htm,https://www.hbucm.edu.cn/xxgk/xxzc.htm,,school_verified
437,湖北中医药大学,003,,物理类,物理,不限,526,98104,,普通本科批,https://www.hbucm.edu.cn/xxgk/xxzc.htm,https://www.hbucm.edu.cn/xxgk/xxzc.htm,,school_verified
437,湖北中医药大学,004,,物理类,物理,化学,522,103655,,普通本科批,https://www.hbucm.edu.cn/xxgk/xxzc.htm,https://www.hbucm.edu.cn/xxgk/xxzc.htm,,school_verified
438,湖北医药学院,001,,历史类,历史,不限,513,27505,,普通本科批,https://zs.hbmu.edu.cn/2025/1121/c2572a95945/page.htm,https://zs.hbmu.edu.cn/2025/1121/c2572a95945/page.htm,,school_verified
438,湖北医药学院,001,,物理类,物理,化学,512,116411,,普通本科批,https://zs.hbmu.edu.cn/2025/1121/c2572a95945/page.htm,https://zs.hbmu.edu.cn/2025/1121/c2572a95945/page.htm,,school_verified
439,湖北师范大学,002,,历史类,历史,思想政治,559,11212,,普通本科批,https://www.hbnu.edu.cn/2026/0130/c2552a189880/page.htm,https://www.hbnu.edu.cn/2026/0130/c2552a189880/page.htm,,school_verified
439,湖北师范大学,001,,历史类,历史,不限,557,11850,,普通本科批,https://www.hbnu.edu.cn/2026/0130/c2552a189880/page.htm,https://www.hbnu.edu.cn/2026/0130/c2552a189880/page.htm,,school_verified
439,湖北师范大学,002,,物理类,物理,化学,540,81870,,普通本科批,https://www.hbnu.edu.cn/2026/0130/c2552a189880/page.htm,https://www.hbnu.edu.cn/2026/0130/c2552a189880/page.htm,,school_verified
439,湖北师范大学,001,,物理类,物理,不限,530,92896,,普通本科批,https://www.hbnu.edu.cn/2026/0130/c2552a189880/page.htm,https://www.hbnu.edu.cn/2026/0130/c2552a189880/page.htm,,school_verified
440,黄冈师范学院,002,,历史类,历史,地理,525,22536,,普通本科批,https://www.hgnu.edu.cn/hszc/list.htm,https://www.hgnu.edu.cn/hszc/list.htm,,school_verified
440,黄冈师范学院,001,,历史类,历史,思想政治,524,22659,,普通本科批,https://www.hgnu.edu.cn/hszc/list.htm,https://www.hgnu.edu.cn/hszc/list.htm,,school_verified
440,黄冈师范学院,001,,物理类,物理,化学,510,119111,,普通本科批,https://www.hgnu.edu.cn/hszc/list.htm,https://www.hgnu.edu.cn/hszc/list.htm,,school_verified
441,黑龙江中医药大学,001,,历史类,历史,不限,561,10757,,普通本科批,http://zsjy.hljucm.net/xxzs/zsxxshow.jsp?wid=574d3ac4-f3b9-427d-9956-a78d77673806&t_gglx=18&xwdl=4,http://zsjy.hljucm.net/xxzs/zsxxshow.jsp?wid=574d3ac4-f3b9-427d-9956-a78d77673806&t_gglx=18&xwdl=4,,school_verified
441,黑龙江中医药大学,004,,物理类,物理,生物,536,85641,,普通本科批,http://zsjy.hljucm.net/xxzs/zsxxshow.jsp?wid=574d3ac4-f3b9-427d-9956-a78d77673806&t_gglx=18&xwdl=4,http://zsjy.hljucm.net/xxzs/zsxxshow.jsp?wid=574d3ac4-f3b9-427d-9956-a78d77673806&t_gglx=18&xwdl=4,,school_verified
441,黑龙江中医药大学,001,,物理类,物理,不限,534,88469,,普通本科批,http://zsjy.hljucm.net/xxzs/zsxxshow.jsp?wid=574d3ac4-f3b9-427d-9956-a78d77673806&t_gglx=18&xwdl=4,http://zsjy.hljucm.net/xxzs/zsxxshow.jsp?wid=574d3ac4-f3b9-427d-9956-a78d77673806&t_gglx=18&xwdl=4,,school_verified
441,黑龙江中医药大学,003,,物理类,物理,化学,506,125357,,普通本科批,http://zsjy.hljucm.net/xxzs/zsxxshow.jsp?wid=574d3ac4-f3b9-427d-9956-a78d77673806&t_gglx=18&xwdl=4,http://zsjy.hljucm.net/xxzs/zsxxshow.jsp?wid=574d3ac4-f3b9-427d-9956-a78d77673806&t_gglx=18&xwdl=4,,school_verified
441,黑龙江中医药大学,002,,历史类,历史,生物,504,31550,,普通本科批,http://zsjy.hljucm.net/xxzs/zsxxshow.jsp?wid=574d3ac4-f3b9-427d-9956-a78d77673806&t_gglx=18&xwdl=4,http://zsjy.hljucm.net/xxzs/zsxxshow.jsp?wid=574d3ac4-f3b9-427d-9956-a78d77673806&t_gglx=18&xwdl=4,,school_verified
441,黑龙江中医药大学,002,,物理类,物理,不限,503,129937,,普通本科批,http://zsjy.hljucm.net/xxzs/zsxxshow.jsp?wid=574d3ac4-f3b9-427d-9956-a78d77673806&t_gglx=18&xwdl=4,http://zsjy.hljucm.net/xxzs/zsxxshow.jsp?wid=574d3ac4-f3b9-427d-9956-a78d77673806&t_gglx=18&xwdl=4,,school_verified
441,黑龙江中医药大学,005,,物理类,物理,生物,502,130908,,普通本科批,http://zsjy.hljucm.net/xxzs/zsxxshow.jsp?wid=574d3ac4-f3b9-427d-9956-a78d77673806&t_gglx=18&xwdl=4,http://zsjy.hljucm.net/xxzs/zsxxshow.jsp?wid=574d3ac4-f3b9-427d-9956-a78d77673806&t_gglx=18&xwdl=4,,school_verified
442,牡丹江师范学院,001,,历史类,历史,不限,503,31787,,普通本科批,http://www.mdjnu.cn/,http://www.mdjnu.cn/,,school_verified
442,牡丹江师范学院,003,,物理类,物理,生物,493,144457,,普通本科批,http://www.mdjnu.cn/,http://www.mdjnu.cn/,,school_verified
442,牡丹江师范学院,002,,物理类,物理,化学,489,150758,,普通本科批,http://www.mdjnu.cn/,http://www.mdjnu.cn/,,school_verified
442,牡丹江师范学院,001,,物理类,物理,不限,489,149953,,普通本科批,http://www.mdjnu.cn/,http://www.mdjnu.cn/,,school_verified
443,湖北工程学院,001,,历史类,历史,不限,520,24351,,普通本科批,https://zs.hbeu.edu.cn/info/1043/8554.htm,https://zs.hbeu.edu.cn/info/1043/8554.htm,,school_verified
443,湖北工程学院,002,,物理类,物理,化学,513,114950,,普通本科批,https://zs.hbeu.edu.cn/info/1043/8554.htm,https://zs.hbeu.edu.cn/info/1043/8554.htm,,school_verified
443,湖北工程学院,001,,物理类,物理,不限,504,128320,,普通本科批,https://zs.hbeu.edu.cn/info/1043/8554.htm,https://zs.hbeu.edu.cn/info/1043/8554.htm,,school_verified
444,哈尔滨商业大学,001,,历史类,历史,不限,525,22482,,普通本科批,https://www.hrbcu.edu.cn/zsjy.htm,https://www.hrbcu.edu.cn/zsjy.htm,,school_verified
444,哈尔滨商业大学,003,,物理类,物理,化学,522,102864,,普通本科批,https://www.hrbcu.edu.cn/zsjy.htm,https://www.hrbcu.edu.cn/zsjy.htm,,school_verified
444,哈尔滨商业大学,002,,物理类,物理,不限,510,120117,,普通本科批,https://www.hrbcu.edu.cn/zsjy.htm,https://www.hrbcu.edu.cn/zsjy.htm,,school_verified
444,哈尔滨商业大学,001,,物理类,物理,不限,508,122767,,普通本科批,https://www.hrbcu.edu.cn/zsjy.htm,https://www.hrbcu.edu.cn/zsjy.htm,,school_verified
444,哈尔滨商业大学,004,,物理类,物理,化学,505,126633,,普通本科批,https://www.hrbcu.edu.cn/zsjy.htm,https://www.hrbcu.edu.cn/zsjy.htm,,school_verified
445,湖北经济学院,002,,物理类,物理,化学,540,81379,,普通本科批,https://www.hbue.edu.cn/427/list.htm,https://www.hbue.edu.cn/427/list.htm,,school_verified
445,湖北经济学院,001,,物理类,物理,不限,533,90017,,普通本科批,https://www.hbue.edu.cn/427/list.htm,https://www.hbue.edu.cn/427/list.htm,,school_verified
445,湖北经济学院,001,,历史类,历史,不限,532,19683,,普通本科批,https://www.hbue.edu.cn/427/list.htm,https://www.hbue.edu.cn/427/list.htm,,school_verified
446,东北石油大学,002,,物理类,物理,化学,541,80076,,普通本科批,https://www.nepu.edu.cn/zsjy1.htm,https://www.nepu.edu.cn/zsjy1.htm,,school_verified
446,东北石油大学,001,,物理类,物理,不限,534,88411,,普通本科批,https://www.nepu.edu.cn/zsjy1.htm,https://www.nepu.edu.cn/zsjy1.htm,,school_verified
446,东北石油大学,001,,历史类,历史,不限,529,21097,,普通本科批,https://www.nepu.edu.cn/zsjy1.htm,https://www.nepu.edu.cn/zsjy1.htm,,school_verified
446,东北石油大学,003,,物理类,物理,化学,525,99899,,普通本科批,https://www.nepu.edu.cn/zsjy1.htm,https://www.nepu.edu.cn/zsjy1.htm,,school_verified
447,哈尔滨学院,003,,历史类,历史,思想政治,519,24863,,普通本科批,https://www.hrbu.edu.cn/,https://www.hrbu.edu.cn/,,school_verified
447,哈尔滨学院,004,,历史类,历史,地理,513,27125,,普通本科批,https://www.hrbu.edu.cn/,https://www.hrbu.edu.cn/,,school_verified
447,哈尔滨学院,002,,历史类,历史,不限,513,27494,,普通本科批,https://www.hrbu.edu.cn/,https://www.hrbu.edu.cn/,,school_verified
447,哈尔滨学院,003,,物理类,物理,地理,512,117242,,普通本科批,https://www.hrbu.edu.cn/,https://www.hrbu.edu.cn/,,school_verified
447,哈尔滨学院,001,,历史类,历史,不限,505,30983,,普通本科批,https://www.hrbu.edu.cn/,https://www.hrbu.edu.cn/,,school_verified
447,哈尔滨学院,001,,物理类,物理,不限,500,134375,,普通本科批,https://www.hrbu.edu.cn/,https://www.hrbu.edu.cn/,,school_verified
447,哈尔滨学院,002,,物理类,物理,化学,492,146884,,普通本科批,https://www.hrbu.edu.cn/,https://www.hrbu.edu.cn/,,school_verified
448,武汉体育学院,003,,物理类,物理,化学,519,107301,,普通本科批,https://www.whsu.edu.cn/info/1056/102481.htm,https://www.whsu.edu.cn/info/1056/102481.htm,,school_verified
448,武汉体育学院,001,,历史类,历史,不限,518,25335,,普通本科批,https://www.whsu.edu.cn/info/1056/102481.htm,https://www.whsu.edu.cn/info/1056/102481.htm,,school_verified
448,武汉体育学院,002,,物理类,物理,不限,512,116689,,普通本科批,https://www.whsu.edu.cn/info/1056/102481.htm,https://www.whsu.edu.cn/info/1056/102481.htm,,school_verified
449,黑龙江工程学院,001,,历史类,历史,不限,503,31684,,普通本科批,http://www.hljit.edu.cn/,http://www.hljit.edu.cn/,,school_verified
449,黑龙江工程学院,003,,物理类,物理,地理,496,140621,,普通本科批,http://www.hljit.edu.cn/,http://www.hljit.edu.cn/,,school_verified
449,黑龙江工程学院,001,,物理类,物理,不限,493,144331,,普通本科批,http://www.hljit.edu.cn/,http://www.hljit.edu.cn/,,school_verified
449,黑龙江工程学院,002,,物理类,物理,化学,492,145470,,普通本科批,http://www.hljit.edu.cn/,http://www.hljit.edu.cn/,,school_verified
450,黑龙江科技大学,002,,物理类,物理,化学,528,96168,,普通本科批,http://www.usth.edu.cn/,http://www.usth.edu.cn/,,school_verified
450,黑龙江科技大学,001,,物理类,物理,不限,522,103019,,普通本科批,http://www.usth.edu.cn/,http://www.usth.edu.cn/,,school_verified
450,黑龙江科技大学,001,,历史类,历史,不限,517,25726,,普通本科批,http://www.usth.edu.cn/,http://www.usth.edu.cn/,,school_verified
452,湖北民族大学,001,,历史类,历史,不限,528,21262,,普通本科批,https://www.hbmzu.edu.cn/zsjyw/info/1045/2568.htm,https://www.hbmzu.edu.cn/zsjyw/info/1045/2568.htm,,school_verified
452,湖北民族大学,001,,物理类,物理,不限,528,95838,,普通本科批,https://www.hbmzu.edu.cn/zsjyw/info/1045/2568.htm,https://www.hbmzu.edu.cn/zsjyw/info/1045/2568.htm,,school_verified
452,湖北民族大学,005,,物理类,物理,地理,522,103946,,普通本科批,https://www.hbmzu.edu.cn/zsjyw/info/1045/2568.htm,https://www.hbmzu.edu.cn/zsjyw/info/1045/2568.htm,,school_verified
452,湖北民族大学,002,,物理类,物理,化学,522,103514,,普通本科批,https://www.hbmzu.edu.cn/zsjyw/info/1045/2568.htm,https://www.hbmzu.edu.cn/zsjyw/info/1045/2568.htm,,school_verified
452,湖北民族大学,004,,物理类,物理,生物,517,109736,,普通本科批,https://www.hbmzu.edu.cn/zsjyw/info/1045/2568.htm,https://www.hbmzu.edu.cn/zsjyw/info/1045/2568.htm,,school_verified
452,湖北民族大学,003,,物理类,物理,化学,511,118522,,普通本科批,https://www.hbmzu.edu.cn/zsjyw/info/1045/2568.htm,https://www.hbmzu.edu.cn/zsjyw/info/1045/2568.htm,,school_verified
453,牡丹江医科大学,004,,物理类,物理,化学、生物(2科必选),542,78665,,普通本科批,https://www.mdjmu.cn/bkzsw/info/1053/1867.htm,https://www.mdjmu.cn/bkzsw/info/1053/1867.htm,,school_verified
453,牡丹江医科大学,001,,物理类,物理,化学,538,83990,,普通本科批,https://www.mdjmu.cn/bkzsw/info/1053/1867.htm,https://www.mdjmu.cn/bkzsw/info/1053/1867.htm,,school_verified
453,牡丹江医科大学,002,,物理类,物理,化学,502,132011,,普通本科批,https://www.mdjmu.cn/bkzsw/info/1053/1867.htm,https://www.mdjmu.cn/bkzsw/info/1053/1867.htm,,school_verified
453,牡丹江医科大学,005,,物理类,物理,化学、生物(2科必选),499,135594,,普通本科批,https://www.mdjmu.cn/bkzsw/info/1053/1867.htm,https://www.mdjmu.cn/bkzsw/info/1053/1867.htm,,school_verified
453,牡丹江医科大学,003,,物理类,物理,化学,498,136710,,普通本科批,https://www.mdjmu.cn/bkzsw/info/1053/1867.htm,https://www.mdjmu.cn/bkzsw/info/1053/1867.htm,,school_verified
454,齐齐哈尔医学院,002,,物理类,物理,化学、生物(2科必选),528,95818,,普通本科批,https://zhaosheng.qmu.edu.cn/2025/0512/c3569a191907/page.htm,https://zhaosheng.qmu.edu.cn/2025/0512/c3569a191907/page.htm,,school_verified
454,齐齐哈尔医学院,001,,历史类,历史,不限,501,32638,,普通本科批,https://zhaosheng.qmu.edu.cn/2025/0512/c3569a191907/page.htm,https://zhaosheng.qmu.edu.cn/2025/0512/c3569a191907/page.htm,,school_verified
454,齐齐哈尔医学院,004,,物理类,物理,生物,490,149129,,普通本科批,https://zhaosheng.qmu.edu.cn/2025/0512/c3569a191907/page.htm,https://zhaosheng.qmu.edu.cn/2025/0512/c3569a191907/page.htm,,school_verified
454,齐齐哈尔医学院,003,,物理类,物理,化学、生物(2科必选),490,148721,,普通本科批,https://zhaosheng.qmu.edu.cn/2025/0512/c3569a191907/page.htm,https://zhaosheng.qmu.edu.cn/2025/0512/c3569a191907/page.htm,,school_verified
454,齐齐哈尔医学院,001,,物理类,物理,化学,490,148663,,普通本科批,https://zhaosheng.qmu.edu.cn/2025/0512/c3569a191907/page.htm,https://zhaosheng.qmu.edu.cn/2025/0512/c3569a191907/page.htm,,school_verified
456,黑龙江东方学院,001,,历史类,历史,不限,479,43722,,普通本科批,https://zs.hljeu.edu.cn/f/newsCenter/article/d3e65dab337d482da24f36b84bd64e30,https://zs.hljeu.edu.cn/f/newsCenter/article/d3e65dab337d482da24f36b84bd64e30,,school_verified
456,黑龙江东方学院,001,,物理类,物理,不限,468,180581,,普通本科批,https://zs.hljeu.edu.cn/f/newsCenter/article/d3e65dab337d482da24f36b84bd64e30,https://zs.hljeu.edu.cn/f/newsCenter/article/d3e65dab337d482da24f36b84bd64e30,,school_verified
456,黑龙江东方学院,002,,物理类,物理,化学,461,191206,,普通本科批,https://zs.hljeu.edu.cn/f/newsCenter/article/d3e65dab337d482da24f36b84bd64e30,https://zs.hljeu.edu.cn/f/newsCenter/article/d3e65dab337d482da24f36b84bd64e30,,school_verified
457,湖北科技学院,001,,历史类,历史,不限,517,25788,,普通本科批,https://www.hbust.edu.cn/info/1165/8226.htm,https://www.hbust.edu.cn/info/1165/8226.htm,,school_verified
457,湖北科技学院,002,,物理类,物理,化学,516,110849,,普通本科批,https://www.hbust.edu.cn/info/1165/8226.htm,https://www.hbust.edu.cn/info/1165/8226.htm,,school_verified
457,湖北科技学院,001,,物理类,物理,不限,508,123170,,普通本科批,https://www.hbust.edu.cn/info/1165/8226.htm,https://www.hbust.edu.cn/info/1165/8226.htm,,school_verified
458,郑州轻工业大学,001,,历史类,历史,不限,546,15168,,普通本科批,https://www.zzuli.edu.cn/xxzc/list.htm,https://www.zzuli.edu.cn/xxzc/list.htm,,school_verified
458,郑州轻工业大学,001,,物理类,物理,化学,545,75117,,普通本科批,https://www.zzuli.edu.cn/xxzc/list.htm,https://www.zzuli.edu.cn/xxzc/list.htm,,school_verified
459,河南大学,006,,物理类,物理,化学,597,29004,,普通本科批,http://news.henu.edu.cn/info/1009/193467.htm,http://news.henu.edu.cn/info/1009/193467.htm,,school_verified
459,河南大学,005,,物理类,物理,化学,596,29566,,普通本科批,http://news.henu.edu.cn/info/1009/193467.htm,http://news.henu.edu.cn/info/1009/193467.htm,,school_verified
459,河南大学,004,,物理类,物理,化学,594,31130,,普通本科批,http://news.henu.edu.cn/info/1009/193467.htm,http://news.henu.edu.cn/info/1009/193467.htm,,school_verified
459,河南大学,007,,物理类,物理,化学,592,32154,,普通本科批,http://news.henu.edu.cn/info/1009/193467.htm,http://news.henu.edu.cn/info/1009/193467.htm,,school_verified
459,河南大学,003,,物理类,物理,化学,592,32552,,普通本科批,http://news.henu.edu.cn/info/1009/193467.htm,http://news.henu.edu.cn/info/1009/193467.htm,,school_verified
459,河南大学,008,,物理类,物理,地理,591,32893,,普通本科批,http://news.henu.edu.cn/info/1009/193467.htm,http://news.henu.edu.cn/info/1009/193467.htm,,school_verified
459,河南大学,003,,历史类,历史,思想政治,586,5503,,普通本科批,http://news.henu.edu.cn/info/1009/193467.htm,http://news.henu.edu.cn/info/1009/193467.htm,,school_verified
459,河南大学,004,,历史类,历史,地理,585,5641,,普通本科批,http://news.henu.edu.cn/info/1009/193467.htm,http://news.henu.edu.cn/info/1009/193467.htm,,school_verified
459,河南大学,001,,历史类,历史,不限,578,6978,,普通本科批,http://news.henu.edu.cn/info/1009/193467.htm,http://news.henu.edu.cn/info/1009/193467.htm,,school_verified
459,河南大学,001,,物理类,物理,不限,577,44041,,普通本科批,http://news.henu.edu.cn/info/1009/193467.htm,http://news.henu.edu.cn/info/1009/193467.htm,,school_verified
460,河南科技大学,004,,物理类,物理,化学,544,76658,,普通本科批,https://www.haust.edu.cn/zsjy.htm,https://www.haust.edu.cn/zsjy.htm,,school_verified
460,河南科技大学,001,,历史类,历史,不限,540,16974,,普通本科批,https://www.haust.edu.cn/zsjy.htm,https://www.haust.edu.cn/zsjy.htm,,school_verified
460,河南科技大学,002,,物理类,物理,不限,538,83310,,普通本科批,https://www.haust.edu.cn/zsjy.htm,https://www.haust.edu.cn/zsjy.htm,,school_verified
460,河南科技大学,001,,物理类,物理,不限,535,87231,,普通本科批,https://www.haust.edu.cn/zsjy.htm,https://www.haust.edu.cn/zsjy.htm,,school_verified
460,河南科技大学,003,,物理类,物理,不限,532,90690,,普通本科批,https://www.haust.edu.cn/zsjy.htm,https://www.haust.edu.cn/zsjy.htm,,school_verified
460,河南科技大学,005,,物理类,物理,化学,529,94999,,普通本科批,https://www.haust.edu.cn/zsjy.htm,https://www.haust.edu.cn/zsjy.htm,,school_verified
461,湖北文理学院,001,,历史类,历史,不限,520,24191,,普通本科批,https://jw.hbuas.edu.cn/info/1023/5329.htm,https://jw.hbuas.edu.cn/info/1023/5329.htm,,school_verified
461,湖北文理学院,002,,物理类,物理,化学,511,119087,,普通本科批,https://jw.hbuas.edu.cn/info/1023/5329.htm,https://jw.hbuas.edu.cn/info/1023/5329.htm,,school_verified
461,湖北文理学院,001,,物理类,物理,不限,511,119066,,普通本科批,https://jw.hbuas.edu.cn/info/1023/5329.htm,https://jw.hbuas.edu.cn/info/1023/5329.htm,,school_verified
461,湖北文理学院,002,,历史类,历史,不限,508,29669,,普通本科批,https://jw.hbuas.edu.cn/info/1023/5329.htm,https://jw.hbuas.edu.cn/info/1023/5329.htm,,school_verified
462,河南农业大学,001,,物理类,物理,化学,570,50476,,普通本科批,https://www.henau.edu.cn/,https://www.henau.edu.cn/,,school_verified
462,河南农业大学,002,,物理类,物理,化学,538,83682,,普通本科批,https://www.henau.edu.cn/,https://www.henau.edu.cn/,,school_verified
462,河南农业大学,001,,历史类,历史,不限,531,20229,,普通本科批,https://www.henau.edu.cn/,https://www.henau.edu.cn/,,school_verified
462,河南农业大学,003,,物理类,物理,化学,510,120148,,普通本科批,https://www.henau.edu.cn/,https://www.henau.edu.cn/,,school_verified
462,河南农业大学,004,,物理类,物理,化学、生物(2科必选),508,122947,,普通本科批,https://www.henau.edu.cn/,https://www.henau.edu.cn/,,school_verified
463,河南理工大学,002,,物理类,物理,化学,559,60385,,普通本科批,http://www6.hpu.edu.cn/web5/info/10434/93130.htm,http://www6.hpu.edu.cn/web5/info/10434/93130.htm,,school_verified
463,河南理工大学,006,,物理类,物理,化学,551,69137,,普通本科批,http://www6.hpu.edu.cn/web5/info/10434/93130.htm,http://www6.hpu.edu.cn/web5/info/10434/93130.htm,,school_verified
463,河南理工大学,051,,物理类,物理,化学,549,71053,,普通本科批,http://www6.hpu.edu.cn/web5/info/10434/93130.htm,http://www6.hpu.edu.cn/web5/info/10434/93130.htm,,school_verified
463,河南理工大学,003,,物理类,物理,化学,549,70771,,普通本科批,http://www6.hpu.edu.cn/web5/info/10434/93130.htm,http://www6.hpu.edu.cn/web5/info/10434/93130.htm,,school_verified
463,河南理工大学,001,,历史类,历史,不限,540,17063,,普通本科批,http://www6.hpu.edu.cn/web5/info/10434/93130.htm,http://www6.hpu.edu.cn/web5/info/10434/93130.htm,,school_verified
463,河南理工大学,004,,物理类,物理,化学,536,85376,,普通本科批,http://www6.hpu.edu.cn/web5/info/10434/93130.htm,http://www6.hpu.edu.cn/web5/info/10434/93130.htm,,school_verified
463,河南理工大学,001,,物理类,物理,不限,534,88558,,普通本科批,http://www6.hpu.edu.cn/web5/info/10434/93130.htm,http://www6.hpu.edu.cn/web5/info/10434/93130.htm,,school_verified
463,河南理工大学,005,,物理类,物理,化学,528,95942,,普通本科批,http://www6.hpu.edu.cn/web5/info/10434/93130.htm,http://www6.hpu.edu.cn/web5/info/10434/93130.htm,,school_verified
464,华北水利水电大学,002,,物理类,物理,化学,549,71410,,普通本科批,https://www2.ncwu.edu.cn/zhaoshengwang/,https://www2.ncwu.edu.cn/zhaoshengwang/,,school_verified
464,华北水利水电大学,001,,物理类,物理,不限,537,84682,,普通本科批,https://www2.ncwu.edu.cn/zhaoshengwang/,https://www2.ncwu.edu.cn/zhaoshengwang/,,school_verified
464,华北水利水电大学,003,,物理类,物理,化学,508,122304,,普通本科批,https://www2.ncwu.edu.cn/zhaoshengwang/,https://www2.ncwu.edu.cn/zhaoshengwang/,,school_verified
465,华侨大学,004,,历史类,历史,思想政治,577,7136,,普通本科批,https://www.hqu.edu.cn/,https://www.hqu.edu.cn/,,school_verified
465,华侨大学,005,,物理类,物理,化学,576,44762,,普通本科批,https://www.hqu.edu.cn/,https://www.hqu.edu.cn/,,school_verified
465,华侨大学,002,,历史类,历史,不限,571,8347,,普通本科批,https://www.hqu.edu.cn/,https://www.hqu.edu.cn/,,school_verified
465,华侨大学,006,,物理类,物理,化学,567,52787,,普通本科批,https://www.hqu.edu.cn/,https://www.hqu.edu.cn/,,school_verified
465,华侨大学,004,,物理类,物理,不限,560,59639,,普通本科批,https://www.hqu.edu.cn/,https://www.hqu.edu.cn/,,school_verified
465,华侨大学,003,,历史类,历史,不限,541,16718,,普通本科批,https://www.hqu.edu.cn/,https://www.hqu.edu.cn/,,school_verified
465,华侨大学,003,,物理类,物理,不限,533,89092,,普通本科批,https://www.hqu.edu.cn/,https://www.hqu.edu.cn/,,school_verified
466,河南工业大学,003,,物理类,物理,化学,560,59264,,普通本科批,https://zs.haut.edu.cn/info/1067/10072.htm,https://zs.haut.edu.cn/info/1067/10072.htm,,school_verified
466,河南工业大学,001,,历史类,历史,不限,548,14410,,普通本科批,https://zs.haut.edu.cn/info/1067/10072.htm,https://zs.haut.edu.cn/info/1067/10072.htm,,school_verified
466,河南工业大学,002,,物理类,物理,化学,536,85501,,普通本科批,https://zs.haut.edu.cn/info/1067/10072.htm,https://zs.haut.edu.cn/info/1067/10072.htm,,school_verified
466,河南工业大学,001,,物理类,物理,不限,535,87612,,普通本科批,https://zs.haut.edu.cn/info/1067/10072.htm,https://zs.haut.edu.cn/info/1067/10072.htm,,school_verified
466,河南工业大学,004,,物理类,物理,化学,526,98239,,普通本科批,https://zs.haut.edu.cn/info/1067/10072.htm,https://zs.haut.edu.cn/info/1067/10072.htm,,school_verified
468,福建农林大学,004,,物理类,物理,化学,562,57232,,普通本科批,https://zsb.fafu.edu.cn/2025/0512/c595a88496/page.htm,https://zsb.fafu.edu.cn/2025/0512/c595a88496/page.htm,,school_verified
468,福建农林大学,001,,历史类,历史,不限,554,12676,,普通本科批,https://zsb.fafu.edu.cn/2025/0512/c595a88496/page.htm,https://zsb.fafu.edu.cn/2025/0512/c595a88496/page.htm,,school_verified
468,福建农林大学,006,,物理类,物理,生物,542,79392,,普通本科批,https://zsb.fafu.edu.cn/2025/0512/c595a88496/page.htm,https://zsb.fafu.edu.cn/2025/0512/c595a88496/page.htm,,school_verified
468,福建农林大学,002,,物理类,物理,不限,540,81622,,普通本科批,https://zsb.fafu.edu.cn/2025/0512/c595a88496/page.htm,https://zsb.fafu.edu.cn/2025/0512/c595a88496/page.htm,,school_verified
468,福建农林大学,003,,物理类,物理,化学,529,94899,,普通本科批,https://zsb.fafu.edu.cn/2025/0512/c595a88496/page.htm,https://zsb.fafu.edu.cn/2025/0512/c595a88496/page.htm,,school_verified
468,福建农林大学,005,,物理类,物理,化学,512,116472,,普通本科批,https://zsb.fafu.edu.cn/2025/0512/c595a88496/page.htm,https://zsb.fafu.edu.cn/2025/0512/c595a88496/page.htm,,school_verified
468,福建农林大学,002,,历史类,历史,不限,496,35141,,普通本科批,https://zsb.fafu.edu.cn/2025/0512/c595a88496/page.htm,https://zsb.fafu.edu.cn/2025/0512/c595a88496/page.htm,,school_verified
471,集美大学,007,,物理类,物理,化学,588,35334,,普通本科批,https://www.jmu.edu.cn/xxgkuang/jmdxzc.htm,https://www.jmu.edu.cn/xxgkuang/jmdxzc.htm,,school_verified
471,集美大学,009,,物理类,物理,地理,584,37966,,普通本科批,https://www.jmu.edu.cn/xxgkuang/jmdxzc.htm,https://www.jmu.edu.cn/xxgkuang/jmdxzc.htm,,school_verified
471,集美大学,006,,物理类,物理,化学,581,40758,,普通本科批,https://www.jmu.edu.cn/xxgkuang/jmdxzc.htm,https://www.jmu.edu.cn/xxgkuang/jmdxzc.htm,,school_verified
471,集美大学,001,,历史类,历史,不限,576,7279,,普通本科批,https://www.jmu.edu.cn/xxgkuang/jmdxzc.htm,https://www.jmu.edu.cn/xxgkuang/jmdxzc.htm,,school_verified
471,集美大学,002,,历史类,历史,不限,574,7682,,普通本科批,https://www.jmu.edu.cn/xxgkuang/jmdxzc.htm,https://www.jmu.edu.cn/xxgkuang/jmdxzc.htm,,school_verified
471,集美大学,005,,物理类,物理,不限,570,50342,,普通本科批,https://www.jmu.edu.cn/xxgkuang/jmdxzc.htm,https://www.jmu.edu.cn/xxgkuang/jmdxzc.htm,,school_verified
471,集美大学,008,,物理类,物理,化学、生物(2科必选),554,65884,,普通本科批,https://www.jmu.edu.cn/xxgkuang/jmdxzc.htm,https://www.jmu.edu.cn/xxgkuang/jmdxzc.htm,,school_verified
474,福建理工大学,002,,物理类,物理,化学,542,79575,,普通本科批,https://join.fjut.edu.cn/2026/0413/c4011a266441/page.htm,https://join.fjut.edu.cn/2026/0413/c4011a266441/page.htm,,school_verified
474,福建理工大学,001,,物理类,物理,不限,527,97676,,普通本科批,https://join.fjut.edu.cn/2026/0413/c4011a266441/page.htm,https://join.fjut.edu.cn/2026/0413/c4011a266441/page.htm,,school_verified
474,福建理工大学,001,,历史类,历史,不限,526,22270,,普通本科批,https://join.fjut.edu.cn/2026/0413/c4011a266441/page.htm,https://join.fjut.edu.cn/2026/0413/c4011a266441/page.htm,,school_verified
474,福建理工大学,003,,物理类,物理,化学,517,110771,,普通本科批,https://join.fjut.edu.cn/2026/0413/c4011a266441/page.htm,https://join.fjut.edu.cn/2026/0413/c4011a266441/page.htm,,school_verified
475,泉州师范学院,001,,历史类,历史,不限,523,23274,,普通本科批,https://www.qztc.edu.cn/,https://www.qztc.edu.cn/,,school_verified
475,泉州师范学院,002,,物理类,物理,不限,501,133439,,普通本科批,https://www.qztc.edu.cn/,https://www.qztc.edu.cn/,,school_verified
475,泉州师范学院,003,,物理类,物理,化学,500,133648,,普通本科批,https://www.qztc.edu.cn/,https://www.qztc.edu.cn/,,school_verified
477,闽江大学,001,,历史类,历史,不限,542,16296,,普通本科批,https://www.mju.edu.cn/22/list.htm,https://www.mju.edu.cn/22/list.htm,,school_verified
477,闽江大学,001,,物理类,物理,不限,528,95634,,普通本科批,https://www.mju.edu.cn/22/list.htm,https://www.mju.edu.cn/22/list.htm,,school_verified
480,西北民族大学,007,,历史类,历史,思想政治,544,15887,,普通本科批,https://www.xbmu.edu.cn/xxgk/xxzhang_c.htm,https://www.xbmu.edu.cn/xxgk/xxzhang_c.htm,,school_verified
480,西北民族大学,005,,历史类,历史,不限,544,15835,,普通本科批,https://www.xbmu.edu.cn/xxgk/xxzhang_c.htm,https://www.xbmu.edu.cn/xxgk/xxzhang_c.htm,,school_verified
480,西北民族大学,006,,历史类,历史,不限,529,20909,,普通本科批,https://www.xbmu.edu.cn/xxgk/xxzhang_c.htm,https://www.xbmu.edu.cn/xxgk/xxzhang_c.htm,,school_verified
480,西北民族大学,004,,历史类,历史,不限,525,22563,,普通本科批,https://www.xbmu.edu.cn/xxgk/xxzhang_c.htm,https://www.xbmu.edu.cn/xxgk/xxzhang_c.htm,,school_verified
480,西北民族大学,003,,物理类,物理,不限,524,100609,,普通本科批,https://www.xbmu.edu.cn/xxgk/xxzhang_c.htm,https://www.xbmu.edu.cn/xxgk/xxzhang_c.htm,,school_verified
480,西北民族大学,003,,历史类,历史,不限,523,23139,,普通本科批,https://www.xbmu.edu.cn/xxgk/xxzhang_c.htm,https://www.xbmu.edu.cn/xxgk/xxzhang_c.htm,,school_verified
481,中原工学院,001,,历史类,历史,不限,524,22998,,普通本科批,https://www.zut.edu.cn/zsjy.htm,https://www.zut.edu.cn/zsjy.htm,,school_verified
481,中原工学院,002,,物理类,物理,化学,520,105619,,普通本科批,https://www.zut.edu.cn/zsjy.htm,https://www.zut.edu.cn/zsjy.htm,,school_verified
481,中原工学院,001,,物理类,物理,不限,509,121006,,普通本科批,https://www.zut.edu.cn/zsjy.htm,https://www.zut.edu.cn/zsjy.htm,,school_verified
482,河南医药大学,001,,物理类,物理,化学,549,71693,,普通本科批,https://zjc.xxmu.edu.cn/zsxxw/info/1013/1837.htm,https://zjc.xxmu.edu.cn/zsxxw/info/1013/1837.htm,,school_verified
482,河南医药大学,002,,物理类,物理,化学,495,142426,,普通本科批,https://zjc.xxmu.edu.cn/zsxxw/info/1013/1837.htm,https://zjc.xxmu.edu.cn/zsxxw/info/1013/1837.htm,,school_verified
483,兰州理工大学,002,,物理类,物理,化学,547,72890,,普通本科批,https://www.lut.edu.cn/xxgk/xxzc.htm,https://www.lut.edu.cn/xxgk/xxzc.htm,,school_verified
483,兰州理工大学,001,,历史类,历史,不限,529,21014,,普通本科批,https://www.lut.edu.cn/xxgk/xxzc.htm,https://www.lut.edu.cn/xxgk/xxzc.htm,,school_verified
483,兰州理工大学,001,,物理类,物理,不限,529,94397,,普通本科批,https://www.lut.edu.cn/xxgk/xxzc.htm,https://www.lut.edu.cn/xxgk/xxzc.htm,,school_verified
484,洛阳师范学院,001,,历史类,历史,不限,511,28052,,普通本科批,https://sites.lynu.edu.cn/zsxx/zszc1.htm,https://sites.lynu.edu.cn/zsxx/zszc1.htm,,school_verified
484,洛阳师范学院,001,,物理类,物理,化学,507,123973,,普通本科批,https://sites.lynu.edu.cn/zsxx/zszc1.htm,https://sites.lynu.edu.cn/zsxx/zszc1.htm,,school_verified
484,洛阳师范学院,002,,历史类,历史,不限,502,32518,,普通本科批,https://sites.lynu.edu.cn/zsxx/zszc1.htm,https://sites.lynu.edu.cn/zsxx/zszc1.htm,,school_verified
484,洛阳师范学院,003,,历史类,历史,思想政治,501,32652,,普通本科批,https://sites.lynu.edu.cn/zsxx/zszc1.htm,https://sites.lynu.edu.cn/zsxx/zszc1.htm,,school_verified
485,周口师范学院,003,,历史类,历史,思想政治,515,26593,,普通本科批,http://zs.zknu.edu.cn/2026/0109/c3096a164125/page.htm,http://zs.zknu.edu.cn/2026/0109/c3096a164125/page.htm,,school_verified
485,周口师范学院,001,,历史类,历史,不限,507,30190,,普通本科批,http://zs.zknu.edu.cn/2026/0109/c3096a164125/page.htm,http://zs.zknu.edu.cn/2026/0109/c3096a164125/page.htm,,school_verified
485,周口师范学院,002,,历史类,历史,不限,502,32304,,普通本科批,http://zs.zknu.edu.cn/2026/0109/c3096a164125/page.htm,http://zs.zknu.edu.cn/2026/0109/c3096a164125/page.htm,,school_verified
485,周口师范学院,002,,物理类,物理,化学,496,140496,,普通本科批,http://zs.zknu.edu.cn/2026/0109/c3096a164125/page.htm,http://zs.zknu.edu.cn/2026/0109/c3096a164125/page.htm,,school_verified
485,周口师范学院,001,,物理类,物理,不限,494,142549,,普通本科批,http://zs.zknu.edu.cn/2026/0109/c3096a164125/page.htm,http://zs.zknu.edu.cn/2026/0109/c3096a164125/page.htm,,school_verified
485,周口师范学院,003,,物理类,物理,化学,482,161579,,普通本科批,http://zs.zknu.edu.cn/2026/0109/c3096a164125/page.htm,http://zs.zknu.edu.cn/2026/0109/c3096a164125/page.htm,,school_verified
487,南阳师范学院,003,,历史类,历史,思想政治,523,23199,,普通本科批,https://www.nynu.edu.cn/,https://www.nynu.edu.cn/,,school_verified
487,南阳师范学院,001,,历史类,历史,不限,518,25307,,普通本科批,https://www.nynu.edu.cn/,https://www.nynu.edu.cn/,,school_verified
487,南阳师范学院,003,,物理类,物理,化学,504,128326,,普通本科批,https://www.nynu.edu.cn/,https://www.nynu.edu.cn/,,school_verified
487,南阳师范学院,005,,物理类,物理,思想政治,503,130288,,普通本科批,https://www.nynu.edu.cn/,https://www.nynu.edu.cn/,,school_verified
487,南阳师范学院,002,,历史类,历史,不限,498,34359,,普通本科批,https://www.nynu.edu.cn/,https://www.nynu.edu.cn/,,school_verified
487,南阳师范学院,004,,物理类,物理,化学,498,136532,,普通本科批,https://www.nynu.edu.cn/,https://www.nynu.edu.cn/,,school_verified
487,南阳师范学院,001,,物理类,物理,不限,497,138467,,普通本科批,https://www.nynu.edu.cn/,https://www.nynu.edu.cn/,,school_verified
487,南阳师范学院,002,,物理类,物理,不限,489,150860,,普通本科批,https://www.nynu.edu.cn/,https://www.nynu.edu.cn/,,school_verified
488,兰州交通大学,003,,物理类,物理,化学,601,26052,,普通本科批,https://www.lzjtu.edu.cn/jdgk/xxzc1.htm,https://www.lzjtu.edu.cn/jdgk/xxzc1.htm,,school_verified
488,兰州交通大学,002,,物理类,物理,化学,555,64988,,普通本科批,https://www.lzjtu.edu.cn/jdgk/xxzc1.htm,https://www.lzjtu.edu.cn/jdgk/xxzc1.htm,,school_verified
488,兰州交通大学,001,,物理类,物理,不限,551,68660,,普通本科批,https://www.lzjtu.edu.cn/jdgk/xxzc1.htm,https://www.lzjtu.edu.cn/jdgk/xxzc1.htm,,school_verified
488,兰州交通大学,001,,历史类,历史,不限,535,18677,,普通本科批,https://www.lzjtu.edu.cn/jdgk/xxzc1.htm,https://www.lzjtu.edu.cn/jdgk/xxzc1.htm,,school_verified
490,河南财经政法大学,001,,历史类,历史,不限,567,9492,,普通本科批,https://www.huel.edu.cn/,https://www.huel.edu.cn/,,school_verified
490,河南财经政法大学,002,,物理类,物理,化学,556,63162,,普通本科批,https://www.huel.edu.cn/,https://www.huel.edu.cn/,,school_verified
490,河南财经政法大学,003,,物理类,物理,化学,555,64475,,普通本科批,https://www.huel.edu.cn/,https://www.huel.edu.cn/,,school_verified
490,河南财经政法大学,001,,物理类,物理,不限,551,68852,,普通本科批,https://www.huel.edu.cn/,https://www.huel.edu.cn/,,school_verified
491,青岛农业大学,001,,物理类,物理,化学,518,108188,,普通本科批,http://www.qau.edu.cn/channel/dxzhangcheng,http://www.qau.edu.cn/channel/dxzhangcheng,,school_verified
492,甘肃农业大学,001,,物理类,物理,化学,508,122110,,普通本科批,https://www.gsau.edu.cn/xxgk/xxzc.htm,https://www.gsau.edu.cn/xxgk/xxzc.htm,,school_verified
493,许昌学院,001,,物理类,物理,化学,514,113806,,普通本科批,https://zs.xcu.edu.cn/info/1013/8431.htm,https://zs.xcu.edu.cn/info/1013/8431.htm,,school_verified
493,许昌学院,001,,历史类,历史,不限,506,30299,,普通本科批,https://zs.xcu.edu.cn/info/1013/8431.htm,https://zs.xcu.edu.cn/info/1013/8431.htm,,school_verified
493,许昌学院,002,,历史类,历史,不限,503,31996,,普通本科批,https://zs.xcu.edu.cn/info/1013/8431.htm,https://zs.xcu.edu.cn/info/1013/8431.htm,,school_verified
494,聊城大学,001,,历史类,历史,不限,548,14603,,普通本科批,https://admission.lcu.edu.cn/f/newsCenter/article/f0ab7d4938cc4b9cbfc0accd2cbeb50a,https://admission.lcu.edu.cn/f/newsCenter/article/f0ab7d4938cc4b9cbfc0accd2cbeb50a,,school_verified
494,聊城大学,002,,物理类,物理,化学,530,93133,,普通本科批,https://admission.lcu.edu.cn/f/newsCenter/article/f0ab7d4938cc4b9cbfc0accd2cbeb50a,https://admission.lcu.edu.cn/f/newsCenter/article/f0ab7d4938cc4b9cbfc0accd2cbeb50a,,school_verified
494,聊城大学,004,,物理类,物理,化学、生物(2科必选),526,98862,,普通本科批,https://admission.lcu.edu.cn/f/newsCenter/article/f0ab7d4938cc4b9cbfc0accd2cbeb50a,https://admission.lcu.edu.cn/f/newsCenter/article/f0ab7d4938cc4b9cbfc0accd2cbeb50a,,school_verified
494,聊城大学,006,,物理类,物理,生物,515,113369,,普通本科批,https://admission.lcu.edu.cn/f/newsCenter/article/f0ab7d4938cc4b9cbfc0accd2cbeb50a,https://admission.lcu.edu.cn/f/newsCenter/article/f0ab7d4938cc4b9cbfc0accd2cbeb50a,,school_verified
494,聊城大学,001,,物理类,物理,不限,510,119139,,普通本科批,https://admission.lcu.edu.cn/f/newsCenter/article/f0ab7d4938cc4b9cbfc0accd2cbeb50a,https://admission.lcu.edu.cn/f/newsCenter/article/f0ab7d4938cc4b9cbfc0accd2cbeb50a,,school_verified
494,聊城大学,002,,历史类,历史,不限,493,36618,,普通本科批,https://admission.lcu.edu.cn/f/newsCenter/article/f0ab7d4938cc4b9cbfc0accd2cbeb50a,https://admission.lcu.edu.cn/f/newsCenter/article/f0ab7d4938cc4b9cbfc0accd2cbeb50a,,school_verified
494,聊城大学,005,,物理类,物理,化学、生物(2科必选),491,147333,,普通本科批,https://admission.lcu.edu.cn/f/newsCenter/article/f0ab7d4938cc4b9cbfc0accd2cbeb50a,https://admission.lcu.edu.cn/f/newsCenter/article/f0ab7d4938cc4b9cbfc0accd2cbeb50a,,school_verified
494,聊城大学,003,,物理类,物理,化学,467,182355,,普通本科批,https://admission.lcu.edu.cn/f/newsCenter/article/f0ab7d4938cc4b9cbfc0accd2cbeb50a,https://admission.lcu.edu.cn/f/newsCenter/article/f0ab7d4938cc4b9cbfc0accd2cbeb50a,,school_verified
495,西北师范大学,003,,历史类,历史,思想政治,562,10474,,普通本科批,https://www.nwnu.edu.cn/2026/0116/c3841a268423/page.htm,https://www.nwnu.edu.cn/2026/0116/c3841a268423/page.htm,,school_verified
495,西北师范大学,001,,历史类,历史,不限,549,14145,,普通本科批,https://www.nwnu.edu.cn/2026/0116/c3841a268423/page.htm,https://www.nwnu.edu.cn/2026/0116/c3841a268423/page.htm,,school_verified
495,西北师范大学,002,,物理类,物理,化学,544,77222,,普通本科批,https://www.nwnu.edu.cn/2026/0116/c3841a268423/page.htm,https://www.nwnu.edu.cn/2026/0116/c3841a268423/page.htm,,school_verified
495,西北师范大学,001,,物理类,物理,不限,521,104141,,普通本科批,https://www.nwnu.edu.cn/2026/0116/c3841a268423/page.htm,https://www.nwnu.edu.cn/2026/0116/c3841a268423/page.htm,,school_verified
495,西北师范大学,003,,物理类,物理,化学,513,116353,,普通本科批,https://www.nwnu.edu.cn/2026/0116/c3841a268423/page.htm,https://www.nwnu.edu.cn/2026/0116/c3841a268423/page.htm,,school_verified
496,临沂大学,002,,历史类,历史,不限,544,15933,,普通本科批,https://www.lyu.edu.cn/8123/list.htm,https://www.lyu.edu.cn/8123/list.htm,,school_verified
496,临沂大学,003,,物理类,物理,化学,530,92969,,普通本科批,https://www.lyu.edu.cn/8123/list.htm,https://www.lyu.edu.cn/8123/list.htm,,school_verified
496,临沂大学,001,,物理类,物理,不限,530,93146,,普通本科批,https://www.lyu.edu.cn/8123/list.htm,https://www.lyu.edu.cn/8123/list.htm,,school_verified
498,甘肃中医药大学,001,,物理类,物理,化学,527,96572,,普通本科批,https://www.gszy.edu.cn/reception,https://www.gszy.edu.cn/reception,,school_verified
498,甘肃中医药大学,005,,物理类,物理,化学,515,113265,,普通本科批,https://www.gszy.edu.cn/reception,https://www.gszy.edu.cn/reception,,school_verified
498,甘肃中医药大学,002,,物理类,物理,化学,508,121931,,普通本科批,https://www.gszy.edu.cn/reception,https://www.gszy.edu.cn/reception,,school_verified
498,甘肃中医药大学,003,,物理类,物理,化学,507,124824,,普通本科批,https://www.gszy.edu.cn/reception,https://www.gszy.edu.cn/reception,,school_verified
498,甘肃中医药大学,004,,物理类,物理,化学,504,128731,,普通本科批,https://www.gszy.edu.cn/reception,https://www.gszy.edu.cn/reception,,school_verified
499,青岛大学,002,,物理类,物理,化学,597,29121,,普通本科批,https://www.qdu.edu.cn/xxgk/dxzc.htm,https://www.qdu.edu.cn/xxgk/dxzc.htm,,school_verified
499,青岛大学,001,,物理类,物理,不限,584,38560,,普通本科批,https://www.qdu.edu.cn/xxgk/dxzc.htm,https://www.qdu.edu.cn/xxgk/dxzc.htm,,school_verified
499,青岛大学,004,,物理类,物理,生物,581,40792,,普通本科批,https://www.qdu.edu.cn/xxgk/dxzc.htm,https://www.qdu.edu.cn/xxgk/dxzc.htm,,school_verified
499,青岛大学,003,,物理类,物理,化学,581,40301,,普通本科批,https://www.qdu.edu.cn/xxgk/dxzc.htm,https://www.qdu.edu.cn/xxgk/dxzc.htm,,school_verified
499,青岛大学,001,,历史类,历史,不限,572,8235,,普通本科批,https://www.qdu.edu.cn/xxgk/dxzc.htm,https://www.qdu.edu.cn/xxgk/dxzc.htm,,school_verified
500,兰州财经大学,001,,历史类,历史,不限,524,23013,,普通本科批,https://zjc.lzufe.edu.cn/info/1094/13003.htm,https://zjc.lzufe.edu.cn/info/1094/13003.htm,,school_verified
500,兰州财经大学,002,,历史类,历史,不限,523,23050,,普通本科批,https://zjc.lzufe.edu.cn/info/1094/13003.htm,https://zjc.lzufe.edu.cn/info/1094/13003.htm,,school_verified
500,兰州财经大学,003,,物理类,物理,化学,523,101787,,普通本科批,https://zjc.lzufe.edu.cn/info/1094/13003.htm,https://zjc.lzufe.edu.cn/info/1094/13003.htm,,school_verified
500,兰州财经大学,002,,物理类,物理,不限,520,105781,,普通本科批,https://zjc.lzufe.edu.cn/info/1094/13003.htm,https://zjc.lzufe.edu.cn/info/1094/13003.htm,,school_verified
500,兰州财经大学,001,,物理类,物理,不限,516,111312,,普通本科批,https://zjc.lzufe.edu.cn/info/1094/13003.htm,https://zjc.lzufe.edu.cn/info/1094/13003.htm,,school_verified
501,甘肃政法大学,001,,物理类,物理,不限,558,61558,,普通本科批,https://bkzs.gsupl.edu.cn/info/1003/1194.htm,https://bkzs.gsupl.edu.cn/info/1003/1194.htm,,school_verified
501,甘肃政法大学,001,,历史类,历史,不限,555,12440,,普通本科批,https://bkzs.gsupl.edu.cn/info/1003/1194.htm,https://bkzs.gsupl.edu.cn/info/1003/1194.htm,,school_verified
501,甘肃政法大学,002,,历史类,历史,思想政治,554,12648,,普通本科批,https://bkzs.gsupl.edu.cn/info/1003/1194.htm,https://bkzs.gsupl.edu.cn/info/1003/1194.htm,,school_verified
501,甘肃政法大学,002,,物理类,物理,不限,543,77881,,普通本科批,https://bkzs.gsupl.edu.cn/info/1003/1194.htm,https://bkzs.gsupl.edu.cn/info/1003/1194.htm,,school_verified
501,甘肃政法大学,003,,物理类,物理,化学,539,82046,,普通本科批,https://bkzs.gsupl.edu.cn/info/1003/1194.htm,https://bkzs.gsupl.edu.cn/info/1003/1194.htm,,school_verified
502,河西学院,002,,物理类,物理,不限,533,90054,,普通本科批,https://www10.hxu.edu.cn/zsjy.htm,https://www10.hxu.edu.cn/zsjy.htm,,school_verified
502,河西学院,001,,历史类,历史,不限,505,30916,,普通本科批,https://www10.hxu.edu.cn/zsjy.htm,https://www10.hxu.edu.cn/zsjy.htm,,school_verified
502,河西学院,003,,物理类,物理,化学,490,148827,,普通本科批,https://www10.hxu.edu.cn/zsjy.htm,https://www10.hxu.edu.cn/zsjy.htm,,school_verified
504,海南大学,005,,物理类,物理,化学,602,25742,,普通本科批,https://www.hainanu.edu.cn/zjhd/hdzc.htm,https://www.hainanu.edu.cn/zjhd/hdzc.htm,,school_verified
504,海南大学,006,,物理类,物理,化学,594,31261,,普通本科批,https://www.hainanu.edu.cn/zjhd/hdzc.htm,https://www.hainanu.edu.cn/zjhd/hdzc.htm,,school_verified
504,海南大学,005,,历史类,历史,思想政治,594,4267,,普通本科批,https://www.hainanu.edu.cn/zjhd/hdzc.htm,https://www.hainanu.edu.cn/zjhd/hdzc.htm,,school_verified
504,海南大学,004,,物理类,物理,化学,592,32674,,普通本科批,https://www.hainanu.edu.cn/zjhd/hdzc.htm,https://www.hainanu.edu.cn/zjhd/hdzc.htm,,school_verified
504,海南大学,002,,物理类,物理,不限,592,32674,,普通本科批,https://www.hainanu.edu.cn/zjhd/hdzc.htm,https://www.hainanu.edu.cn/zjhd/hdzc.htm,,school_verified
504,海南大学,001,,物理类,物理,不限,591,33386,,普通本科批,https://www.hainanu.edu.cn/zjhd/hdzc.htm,https://www.hainanu.edu.cn/zjhd/hdzc.htm,,school_verified
504,海南大学,001,,历史类,历史,不限,588,5185,,普通本科批,https://www.hainanu.edu.cn/zjhd/hdzc.htm,https://www.hainanu.edu.cn/zjhd/hdzc.htm,,school_verified
504,海南大学,007,,物理类,物理,化学、生物(2科必选),587,36298,,普通本科批,https://www.hainanu.edu.cn/zjhd/hdzc.htm,https://www.hainanu.edu.cn/zjhd/hdzc.htm,,school_verified
504,海南大学,004,,历史类,历史,思想政治,586,5530,,普通本科批,https://www.hainanu.edu.cn/zjhd/hdzc.htm,https://www.hainanu.edu.cn/zjhd/hdzc.htm,,school_verified
504,海南大学,002,,历史类,历史,不限,584,5893,,普通本科批,https://www.hainanu.edu.cn/zjhd/hdzc.htm,https://www.hainanu.edu.cn/zjhd/hdzc.htm,,school_verified
505,内蒙古科技大学,002,,历史类,历史,思想政治,514,27039,,普通本科批,https://zhaosheng.imust.edu.cn/info/1033/1573.htm,https://zhaosheng.imust.edu.cn/info/1033/1573.htm,,school_verified
505,内蒙古科技大学,001,,历史类,历史,不限,510,28582,,普通本科批,https://zhaosheng.imust.edu.cn/info/1033/1573.htm,https://zhaosheng.imust.edu.cn/info/1033/1573.htm,,school_verified
505,内蒙古科技大学,004,,物理类,物理,化学、生物(2科必选),506,125294,,普通本科批,https://zhaosheng.imust.edu.cn/info/1033/1573.htm,https://zhaosheng.imust.edu.cn/info/1033/1573.htm,,school_verified
505,内蒙古科技大学,003,,物理类,物理,化学,505,127318,,普通本科批,https://zhaosheng.imust.edu.cn/info/1033/1573.htm,https://zhaosheng.imust.edu.cn/info/1033/1573.htm,,school_verified
505,内蒙古科技大学,002,,物理类,物理,不限,501,133046,,普通本科批,https://zhaosheng.imust.edu.cn/info/1033/1573.htm,https://zhaosheng.imust.edu.cn/info/1033/1573.htm,,school_verified
505,内蒙古科技大学,001,,物理类,物理,不限,501,132825,,普通本科批,https://zhaosheng.imust.edu.cn/info/1033/1573.htm,https://zhaosheng.imust.edu.cn/info/1033/1573.htm,,school_verified
506,内蒙古民族大学,005,,物理类,物理,化学,547,73462,,普通本科批,https://www.imun.edu.cn/xxgk/xxzc.htm,https://www.imun.edu.cn/xxgk/xxzc.htm,,school_verified
506,内蒙古民族大学,002,,历史类,历史,思想政治,516,26086,,普通本科批,https://www.imun.edu.cn/xxgk/xxzc.htm,https://www.imun.edu.cn/xxgk/xxzc.htm,,school_verified
506,内蒙古民族大学,001,,历史类,历史,不限,512,27758,,普通本科批,https://www.imun.edu.cn/xxgk/xxzc.htm,https://www.imun.edu.cn/xxgk/xxzc.htm,,school_verified
506,内蒙古民族大学,002,,物理类,物理,化学,499,135326,,普通本科批,https://www.imun.edu.cn/xxgk/xxzc.htm,https://www.imun.edu.cn/xxgk/xxzc.htm,,school_verified
506,内蒙古民族大学,001,,物理类,物理,化学,497,139089,,普通本科批,https://www.imun.edu.cn/xxgk/xxzc.htm,https://www.imun.edu.cn/xxgk/xxzc.htm,,school_verified
506,内蒙古民族大学,004,,物理类,物理,化学,494,143851,,普通本科批,https://www.imun.edu.cn/xxgk/xxzc.htm,https://www.imun.edu.cn/xxgk/xxzc.htm,,school_verified
506,内蒙古民族大学,006,,物理类,物理,生物,492,145934,,普通本科批,https://www.imun.edu.cn/xxgk/xxzc.htm,https://www.imun.edu.cn/xxgk/xxzc.htm,,school_verified
506,内蒙古民族大学,003,,物理类,物理,化学,489,151349,,普通本科批,https://www.imun.edu.cn/xxgk/xxzc.htm,https://www.imun.edu.cn/xxgk/xxzc.htm,,school_verified
507,青岛科技大学,001,,物理类,物理,化学,571,49624,,普通本科批,http://zs.qust.edu.cn/info/1065/4874.htm,http://zs.qust.edu.cn/info/1065/4874.htm,,school_verified
507,青岛科技大学,002,,物理类,物理,化学,523,102591,,普通本科批,http://zs.qust.edu.cn/info/1065/4874.htm,http://zs.qust.edu.cn/info/1065/4874.htm,,school_verified
508,内蒙古工业大学,001,,历史类,历史,不限,525,22626,,普通本科批,https://www.imut.edu.cn/xxgl/xxzc.htm,https://www.imut.edu.cn/xxgl/xxzc.htm,,school_verified
508,内蒙古工业大学,003,,物理类,物理,化学,501,133206,,普通本科批,https://www.imut.edu.cn/xxgl/xxzc.htm,https://www.imut.edu.cn/xxgl/xxzc.htm,,school_verified
508,内蒙古工业大学,002,,物理类,物理,不限,493,145336,,普通本科批,https://www.imut.edu.cn/xxgl/xxzc.htm,https://www.imut.edu.cn/xxgl/xxzc.htm,,school_verified
508,内蒙古工业大学,001,,物理类,物理,不限,484,157541,,普通本科批,https://www.imut.edu.cn/xxgl/xxzc.htm,https://www.imut.edu.cn/xxgl/xxzc.htm,,school_verified
509,青岛理工大学,004,,物理类,物理,化学,571,49318,,普通本科批,http://zhaosheng.qut.edu.cn/info/1010/2563.htm,http://zhaosheng.qut.edu.cn/info/1010/2563.htm,,school_verified
509,青岛理工大学,002,,物理类,物理,不限,562,57976,,普通本科批,http://zhaosheng.qut.edu.cn/info/1010/2563.htm,http://zhaosheng.qut.edu.cn/info/1010/2563.htm,,school_verified
509,青岛理工大学,001,,历史类,历史,不限,551,13763,,普通本科批,http://zhaosheng.qut.edu.cn/info/1010/2563.htm,http://zhaosheng.qut.edu.cn/info/1010/2563.htm,,school_verified
509,青岛理工大学,001,,物理类,物理,不限,534,88257,,普通本科批,http://zhaosheng.qut.edu.cn/info/1010/2563.htm,http://zhaosheng.qut.edu.cn/info/1010/2563.htm,,school_verified
509,青岛理工大学,005,,物理类,物理,化学,526,98521,,普通本科批,http://zhaosheng.qut.edu.cn/info/1010/2563.htm,http://zhaosheng.qut.edu.cn/info/1010/2563.htm,,school_verified
509,青岛理工大学,003,,物理类,物理,不限,509,121381,,普通本科批,http://zhaosheng.qut.edu.cn/info/1010/2563.htm,http://zhaosheng.qut.edu.cn/info/1010/2563.htm,,school_verified
510,曲阜师范大学,002,,历史类,历史,思想政治,564,10087,,普通本科批,https://zsb.qfnu.edu.cn/static/front/qfnu/basic/html_cms/frontViewArticle.html?id=e76e6219afd845d583703d5f85f103cb,https://zsb.qfnu.edu.cn/static/front/qfnu/basic/html_cms/frontViewArticle.html?id=e76e6219afd845d583703d5f85f103cb,,school_verified
510,曲阜师范大学,003,,物理类,物理,地理,556,63525,,普通本科批,https://zsb.qfnu.edu.cn/static/front/qfnu/basic/html_cms/frontViewArticle.html?id=e76e6219afd845d583703d5f85f103cb,https://zsb.qfnu.edu.cn/static/front/qfnu/basic/html_cms/frontViewArticle.html?id=e76e6219afd845d583703d5f85f103cb,,school_verified
510,曲阜师范大学,001,,历史类,历史,不限,552,13336,,普通本科批,https://zsb.qfnu.edu.cn/static/front/qfnu/basic/html_cms/frontViewArticle.html?id=e76e6219afd845d583703d5f85f103cb,https://zsb.qfnu.edu.cn/static/front/qfnu/basic/html_cms/frontViewArticle.html?id=e76e6219afd845d583703d5f85f103cb,,school_verified
510,曲阜师范大学,002,,物理类,物理,化学,543,77362,,普通本科批,https://zsb.qfnu.edu.cn/static/front/qfnu/basic/html_cms/frontViewArticle.html?id=e76e6219afd845d583703d5f85f103cb,https://zsb.qfnu.edu.cn/static/front/qfnu/basic/html_cms/frontViewArticle.html?id=e76e6219afd845d583703d5f85f103cb,,school_verified
510,曲阜师范大学,001,,物理类,物理,不限,526,98466,,普通本科批,https://zsb.qfnu.edu.cn/static/front/qfnu/basic/html_cms/frontViewArticle.html?id=e76e6219afd845d583703d5f85f103cb,https://zsb.qfnu.edu.cn/static/front/qfnu/basic/html_cms/frontViewArticle.html?id=e76e6219afd845d583703d5f85f103cb,,school_verified
511,海南师范大学,006,,历史类,历史,地理,562,10580,,普通本科批,https://zhaosheng.hainnu.edu.cn/f/newsCenter/articles/145621044ac1487c986ecccbf498bacc,https://zhaosheng.hainnu.edu.cn/f/newsCenter/articles/145621044ac1487c986ecccbf498bacc,,school_verified
511,海南师范大学,004,,历史类,历史,思想政治,562,10595,,普通本科批,https://zhaosheng.hainnu.edu.cn/f/newsCenter/articles/145621044ac1487c986ecccbf498bacc,https://zhaosheng.hainnu.edu.cn/f/newsCenter/articles/145621044ac1487c986ecccbf498bacc,,school_verified
511,海南师范大学,005,,历史类,历史,思想政治,546,15122,,普通本科批,https://zhaosheng.hainnu.edu.cn/f/newsCenter/articles/145621044ac1487c986ecccbf498bacc,https://zhaosheng.hainnu.edu.cn/f/newsCenter/articles/145621044ac1487c986ecccbf498bacc,,school_verified
511,海南师范大学,004,,物理类,物理,化学,540,81489,,普通本科批,https://zhaosheng.hainnu.edu.cn/f/newsCenter/articles/145621044ac1487c986ecccbf498bacc,https://zhaosheng.hainnu.edu.cn/f/newsCenter/articles/145621044ac1487c986ecccbf498bacc,,school_verified
511,海南师范大学,006,,物理类,物理,地理,537,85120,,普通本科批,https://zhaosheng.hainnu.edu.cn/f/newsCenter/articles/145621044ac1487c986ecccbf498bacc,https://zhaosheng.hainnu.edu.cn/f/newsCenter/articles/145621044ac1487c986ecccbf498bacc,,school_verified
511,海南师范大学,001,,历史类,历史,不限,533,19553,,普通本科批,https://zhaosheng.hainnu.edu.cn/f/newsCenter/articles/145621044ac1487c986ecccbf498bacc,https://zhaosheng.hainnu.edu.cn/f/newsCenter/articles/145621044ac1487c986ecccbf498bacc,,school_verified
511,海南师范大学,002,,物理类,物理,不限,526,98680,,普通本科批,https://zhaosheng.hainnu.edu.cn/f/newsCenter/articles/145621044ac1487c986ecccbf498bacc,https://zhaosheng.hainnu.edu.cn/f/newsCenter/articles/145621044ac1487c986ecccbf498bacc,,school_verified
511,海南师范大学,002,,历史类,历史,不限,524,22859,,普通本科批,https://zhaosheng.hainnu.edu.cn/f/newsCenter/articles/145621044ac1487c986ecccbf498bacc,https://zhaosheng.hainnu.edu.cn/f/newsCenter/articles/145621044ac1487c986ecccbf498bacc,,school_verified
511,海南师范大学,003,,物理类,物理,化学,521,104892,,普通本科批,https://zhaosheng.hainnu.edu.cn/f/newsCenter/articles/145621044ac1487c986ecccbf498bacc,https://zhaosheng.hainnu.edu.cn/f/newsCenter/articles/145621044ac1487c986ecccbf498bacc,,school_verified
511,海南师范大学,001,,物理类,物理,不限,512,117734,,普通本科批,https://zhaosheng.hainnu.edu.cn/f/newsCenter/articles/145621044ac1487c986ecccbf498bacc,https://zhaosheng.hainnu.edu.cn/f/newsCenter/articles/145621044ac1487c986ecccbf498bacc,,school_verified
512,海南医科大学,002,,历史类,历史,不限,553,13186,,普通本科批,https://www.muhn.edu.cn/xxgk/xxzc.htm,https://www.muhn.edu.cn/xxgk/xxzc.htm,,school_verified
512,海南医科大学,002,,物理类,物理,化学,537,85340,,普通本科批,https://www.muhn.edu.cn/xxgk/xxzc.htm,https://www.muhn.edu.cn/xxgk/xxzc.htm,,school_verified
512,海南医科大学,001,,物理类,物理,不限,537,85340,,普通本科批,https://www.muhn.edu.cn/xxgk/xxzc.htm,https://www.muhn.edu.cn/xxgk/xxzc.htm,,school_verified
512,海南医科大学,003,,物理类,物理,化学,528,96333,,普通本科批,https://www.muhn.edu.cn/xxgk/xxzc.htm,https://www.muhn.edu.cn/xxgk/xxzc.htm,,school_verified
512,海南医科大学,001,,历史类,历史,不限,522,23788,,普通本科批,https://www.muhn.edu.cn/xxgk/xxzc.htm,https://www.muhn.edu.cn/xxgk/xxzc.htm,,school_verified
512,海南医科大学,006,,物理类,物理,化学,515,113545,,普通本科批,https://www.muhn.edu.cn/xxgk/xxzc.htm,https://www.muhn.edu.cn/xxgk/xxzc.htm,,school_verified
512,海南医科大学,004,,物理类,物理,化学,512,117743,,普通本科批,https://www.muhn.edu.cn/xxgk/xxzc.htm,https://www.muhn.edu.cn/xxgk/xxzc.htm,,school_verified
512,海南医科大学,007,,物理类,物理,化学,511,119110,,普通本科批,https://www.muhn.edu.cn/xxgk/xxzc.htm,https://www.muhn.edu.cn/xxgk/xxzc.htm,,school_verified
512,海南医科大学,005,,物理类,物理,化学,506,126302,,普通本科批,https://www.muhn.edu.cn/xxgk/xxzc.htm,https://www.muhn.edu.cn/xxgk/xxzc.htm,,school_verified
512,海南医科大学,008,,物理类,物理,化学,458,195496,,普通本科批,https://www.muhn.edu.cn/xxgk/xxzc.htm,https://www.muhn.edu.cn/xxgk/xxzc.htm,,school_verified
514,贵州师范大学,005,,物理类,物理,化学,538,83465,,普通本科批,https://www.gznu.edu.cn/,https://www.gznu.edu.cn/,,school_verified
514,贵州师范大学,002,,物理类,物理,化学,535,86559,,普通本科批,https://www.gznu.edu.cn/,https://www.gznu.edu.cn/,,school_verified
514,贵州师范大学,001,,物理类,物理,化学,532,91325,,普通本科批,https://www.gznu.edu.cn/,https://www.gznu.edu.cn/,,school_verified
514,贵州师范大学,003,,物理类,物理,化学,523,102748,,普通本科批,https://www.gznu.edu.cn/,https://www.gznu.edu.cn/,,school_verified
514,贵州师范大学,001,,历史类,历史,不限,519,24693,,普通本科批,https://www.gznu.edu.cn/,https://www.gznu.edu.cn/,,school_verified
514,贵州师范大学,004,,物理类,物理,化学,501,132349,,普通本科批,https://www.gznu.edu.cn/,https://www.gznu.edu.cn/,,school_verified
514,贵州师范大学,006,,物理类,物理,化学,498,137400,,普通本科批,https://www.gznu.edu.cn/,https://www.gznu.edu.cn/,,school_verified
515,贵州医科大学,051,,物理类,物理,化学,572,47975,,普通本科批,https://www.gmc.edu.cn/info/1147/28594.htm,https://www.gmc.edu.cn/info/1147/28594.htm,,school_verified
515,贵州医科大学,053,,物理类,物理,化学,546,74626,,普通本科批,https://www.gmc.edu.cn/info/1147/28594.htm,https://www.gmc.edu.cn/info/1147/28594.htm,,school_verified
515,贵州医科大学,054,,物理类,物理,化学,520,105805,,普通本科批,https://www.gmc.edu.cn/info/1147/28594.htm,https://www.gmc.edu.cn/info/1147/28594.htm,,school_verified
515,贵州医科大学,001,,物理类,物理,化学,508,122390,,普通本科批,https://www.gmc.edu.cn/info/1147/28594.htm,https://www.gmc.edu.cn/info/1147/28594.htm,,school_verified
515,贵州医科大学,056,,物理类,物理,化学,506,125973,,普通本科批,https://www.gmc.edu.cn/info/1147/28594.htm,https://www.gmc.edu.cn/info/1147/28594.htm,,school_verified
515,贵州医科大学,002,,物理类,物理,化学,503,129624,,普通本科批,https://www.gmc.edu.cn/info/1147/28594.htm,https://www.gmc.edu.cn/info/1147/28594.htm,,school_verified
515,贵州医科大学,055,,物理类,物理,化学,492,145446,,普通本科批,https://www.gmc.edu.cn/info/1147/28594.htm,https://www.gmc.edu.cn/info/1147/28594.htm,,school_verified
515,贵州医科大学,052,,物理类,物理,化学,492,146352,,普通本科批,https://www.gmc.edu.cn/info/1147/28594.htm,https://www.gmc.edu.cn/info/1147/28594.htm,,school_verified
516,贵州民族大学,002,,物理类,物理,化学,537,84301,,普通本科批,https://zjc.gzmu.edu.cn/info/1121/8165.htm,https://zjc.gzmu.edu.cn/info/1121/8165.htm,,school_verified
516,贵州民族大学,003,,物理类,物理,化学,534,88871,,普通本科批,https://zjc.gzmu.edu.cn/info/1121/8165.htm,https://zjc.gzmu.edu.cn/info/1121/8165.htm,,school_verified
516,贵州民族大学,004,,物理类,物理,化学,533,89854,,普通本科批,https://zjc.gzmu.edu.cn/info/1121/8165.htm,https://zjc.gzmu.edu.cn/info/1121/8165.htm,,school_verified
516,贵州民族大学,005,,物理类,物理,化学,529,93898,,普通本科批,https://zjc.gzmu.edu.cn/info/1121/8165.htm,https://zjc.gzmu.edu.cn/info/1121/8165.htm,,school_verified
516,贵州民族大学,001,,物理类,物理,化学,526,98070,,普通本科批,https://zjc.gzmu.edu.cn/info/1121/8165.htm,https://zjc.gzmu.edu.cn/info/1121/8165.htm,,school_verified
516,贵州民族大学,001,,历史类,历史,思想政治,508,29375,,普通本科批,https://zjc.gzmu.edu.cn/info/1121/8165.htm,https://zjc.gzmu.edu.cn/info/1121/8165.htm,,school_verified
517,内蒙古农业大学,001,,历史类,历史,不限,511,28039,,普通本科批,http://zjc.imau.edu.cn/,http://zjc.imau.edu.cn/,,school_verified
517,内蒙古农业大学,004,,物理类,物理,化学,508,122558,,普通本科批,http://zjc.imau.edu.cn/,http://zjc.imau.edu.cn/,,school_verified
517,内蒙古农业大学,005,,物理类,物理,生物,503,129334,,普通本科批,http://zjc.imau.edu.cn/,http://zjc.imau.edu.cn/,,school_verified
517,内蒙古农业大学,003,,物理类,物理,化学,496,139470,,普通本科批,http://zjc.imau.edu.cn/,http://zjc.imau.edu.cn/,,school_verified
517,内蒙古农业大学,001,,物理类,物理,化学,494,143098,,普通本科批,http://zjc.imau.edu.cn/,http://zjc.imau.edu.cn/,,school_verified
517,内蒙古农业大学,002,,物理类,物理,化学,492,146871,,普通本科批,http://zjc.imau.edu.cn/,http://zjc.imau.edu.cn/,,school_verified
518,遵义医科大学,004,,物理类,物理,化学,586,36695,,普通本科批,https://www.zmu.edu.cn/zygk/xxzc.htm,https://www.zmu.edu.cn/zygk/xxzc.htm,,school_verified
518,遵义医科大学,001,,物理类,物理,化学,580,41547,,普通本科批,https://www.zmu.edu.cn/zygk/xxzc.htm,https://www.zmu.edu.cn/zygk/xxzc.htm,,school_verified
518,遵义医科大学,005,,物理类,物理,化学,542,78951,,普通本科批,https://www.zmu.edu.cn/zygk/xxzc.htm,https://www.zmu.edu.cn/zygk/xxzc.htm,,school_verified
518,遵义医科大学,002,,物理类,物理,化学,541,80659,,普通本科批,https://www.zmu.edu.cn/zygk/xxzc.htm,https://www.zmu.edu.cn/zygk/xxzc.htm,,school_verified
518,遵义医科大学,003,,物理类,物理,化学,534,88500,,普通本科批,https://www.zmu.edu.cn/zygk/xxzc.htm,https://www.zmu.edu.cn/zygk/xxzc.htm,,school_verified
519,内蒙古师范大学,002,,历史类,历史,思想政治,521,23840,,普通本科批,https://gaokao.chsi.com.cn/wap/zszc/viewZszc?schId=112&infoId=5458467570,https://gaokao.chsi.com.cn/wap/zszc/viewZszc?schId=112&infoId=5458467570,,school_verified
519,内蒙古师范大学,001,,历史类,历史,不限,501,32616,,普通本科批,https://gaokao.chsi.com.cn/wap/zszc/viewZszc?schId=112&infoId=5458467570,https://gaokao.chsi.com.cn/wap/zszc/viewZszc?schId=112&infoId=5458467570,,school_verified
519,内蒙古师范大学,001,,物理类,物理,不限,498,137438,,普通本科批,https://gaokao.chsi.com.cn/wap/zszc/viewZszc?schId=112&infoId=5458467570,https://gaokao.chsi.com.cn/wap/zszc/viewZszc?schId=112&infoId=5458467570,,school_verified
519,内蒙古师范大学,002,,物理类,物理,化学,497,137961,,普通本科批,https://gaokao.chsi.com.cn/wap/zszc/viewZszc?schId=112&infoId=5458467570,https://gaokao.chsi.com.cn/wap/zszc/viewZszc?schId=112&infoId=5458467570,,school_verified
520,贵州财经大学,004,,物理类,物理,化学,534,87748,,普通本科批,https://zsw.gufe.edu.cn/info/1002/1552.htm,https://zsw.gufe.edu.cn/info/1002/1552.htm,,school_verified
520,贵州财经大学,051,,物理类,物理,化学,531,91692,,普通本科批,https://zsw.gufe.edu.cn/info/1002/1552.htm,https://zsw.gufe.edu.cn/info/1002/1552.htm,,school_verified
520,贵州财经大学,002,,物理类,物理,不限,531,92471,,普通本科批,https://zsw.gufe.edu.cn/info/1002/1552.htm,https://zsw.gufe.edu.cn/info/1002/1552.htm,,school_verified
520,贵州财经大学,001,,物理类,物理,不限,530,92712,,普通本科批,https://zsw.gufe.edu.cn/info/1002/1552.htm,https://zsw.gufe.edu.cn/info/1002/1552.htm,,school_verified
520,贵州财经大学,001,,历史类,历史,不限,525,22524,,普通本科批,https://zsw.gufe.edu.cn/info/1002/1552.htm,https://zsw.gufe.edu.cn/info/1002/1552.htm,,school_verified
520,贵州财经大学,003,,物理类,物理,不限,504,128771,,普通本科批,https://zsw.gufe.edu.cn/info/1002/1552.htm,https://zsw.gufe.edu.cn/info/1002/1552.htm,,school_verified
521,贵州中医药大学,001,,历史类,历史,不限,553,12961,,普通本科批,https://zs.gzy.edu.cn/info/1013/1863.htm,https://zs.gzy.edu.cn/info/1013/1863.htm,,school_verified
521,贵州中医药大学,002,,物理类,物理,化学,538,83583,,普通本科批,https://zs.gzy.edu.cn/info/1013/1863.htm,https://zs.gzy.edu.cn/info/1013/1863.htm,,school_verified
521,贵州中医药大学,001,,物理类,物理,不限,534,88264,,普通本科批,https://zs.gzy.edu.cn/info/1013/1863.htm,https://zs.gzy.edu.cn/info/1013/1863.htm,,school_verified
521,贵州中医药大学,003,,物理类,物理,化学,527,97530,,普通本科批,https://zs.gzy.edu.cn/info/1013/1863.htm,https://zs.gzy.edu.cn/info/1013/1863.htm,,school_verified
521,贵州中医药大学,004,,物理类,物理,化学,510,119832,,普通本科批,https://zs.gzy.edu.cn/info/1013/1863.htm,https://zs.gzy.edu.cn/info/1013/1863.htm,,school_verified
521,贵州中医药大学,005,,物理类,物理,化学,492,146302,,普通本科批,https://zs.gzy.edu.cn/info/1013/1863.htm,https://zs.gzy.edu.cn/info/1013/1863.htm,,school_verified
523,遵义师范学院,002,,物理类,物理,化学,519,107935,,普通本科批,https://www.zync.edu.cn/zsgk/zszc.htm,https://www.zync.edu.cn/zsgk/zszc.htm,,school_verified
523,遵义师范学院,001,,历史类,历史,思想政治,518,25389,,普通本科批,https://www.zync.edu.cn/zsgk/zszc.htm,https://www.zync.edu.cn/zsgk/zszc.htm,,school_verified
523,遵义师范学院,001,,物理类,物理,不限,508,122541,,普通本科批,https://www.zync.edu.cn/zsgk/zszc.htm,https://www.zync.edu.cn/zsgk/zszc.htm,,school_verified
525,内蒙古医科大学,001,,物理类,物理,化学、生物(2科必选),549,70742,,普通本科批,https://www.immu.edu.cn/xxgk/dxzc.htm,https://www.immu.edu.cn/xxgk/dxzc.htm,,school_verified
525,内蒙古医科大学,003,,物理类,物理,化学、生物(2科必选),539,82493,,普通本科批,https://www.immu.edu.cn/xxgk/dxzc.htm,https://www.immu.edu.cn/xxgk/dxzc.htm,,school_verified
525,内蒙古医科大学,004,,物理类,物理,化学、生物(2科必选),530,93441,,普通本科批,https://www.immu.edu.cn/xxgk/dxzc.htm,https://www.immu.edu.cn/xxgk/dxzc.htm,,school_verified
525,内蒙古医科大学,005,,物理类,物理,生物,523,102302,,普通本科批,https://www.immu.edu.cn/xxgk/dxzc.htm,https://www.immu.edu.cn/xxgk/dxzc.htm,,school_verified
525,内蒙古医科大学,002,,物理类,物理,化学、生物(2科必选),490,149528,,普通本科批,https://www.immu.edu.cn/xxgk/dxzc.htm,https://www.immu.edu.cn/xxgk/dxzc.htm,,school_verified
526,山东工商学院,001,,历史类,历史,不限,521,24140,,普通本科批,https://xxgk.sdtbu.edu.cn/info/1013/1068.htm,https://xxgk.sdtbu.edu.cn/info/1013/1068.htm,,school_verified
526,山东工商学院,004,,物理类,物理,化学,518,108053,,普通本科批,https://xxgk.sdtbu.edu.cn/info/1013/1068.htm,https://xxgk.sdtbu.edu.cn/info/1013/1068.htm,,school_verified
526,山东工商学院,001,,物理类,物理,不限,512,117731,,普通本科批,https://xxgk.sdtbu.edu.cn/info/1013/1068.htm,https://xxgk.sdtbu.edu.cn/info/1013/1068.htm,,school_verified
526,山东工商学院,002,,物理类,物理,不限,508,123066,,普通本科批,https://xxgk.sdtbu.edu.cn/info/1013/1068.htm,https://xxgk.sdtbu.edu.cn/info/1013/1068.htm,,school_verified
526,山东工商学院,002,,历史类,历史,不限,499,33622,,普通本科批,https://xxgk.sdtbu.edu.cn/info/1013/1068.htm,https://xxgk.sdtbu.edu.cn/info/1013/1068.htm,,school_verified
526,山东工商学院,003,,物理类,物理,不限,490,149627,,普通本科批,https://xxgk.sdtbu.edu.cn/info/1013/1068.htm,https://xxgk.sdtbu.edu.cn/info/1013/1068.htm,,school_verified
528,山东建筑大学,001,,历史类,历史,不限,548,14615,,普通本科批,https://bkzs.sdjzu.edu.cn/,https://bkzs.sdjzu.edu.cn/,,school_verified
528,山东建筑大学,004,,物理类,物理,化学,537,85137,,普通本科批,https://bkzs.sdjzu.edu.cn/,https://bkzs.sdjzu.edu.cn/,,school_verified
528,山东建筑大学,001,,物理类,物理,不限,537,84829,,普通本科批,https://bkzs.sdjzu.edu.cn/,https://bkzs.sdjzu.edu.cn/,,school_verified
528,山东建筑大学,002,,物理类,物理,不限,528,96158,,普通本科批,https://bkzs.sdjzu.edu.cn/,https://bkzs.sdjzu.edu.cn/,,school_verified
528,山东建筑大学,005,,物理类,物理,化学,492,146036,,普通本科批,https://bkzs.sdjzu.edu.cn/,https://bkzs.sdjzu.edu.cn/,,school_verified
529,内蒙古财经大学,001,,历史类,历史,不限,517,25613,,普通本科批,https://www.imufe.edu.cn/zsxxw/info/1004/3025.htm,https://www.imufe.edu.cn/zsxxw/info/1004/3025.htm,,school_verified
529,内蒙古财经大学,003,,物理类,物理,化学,507,124137,,普通本科批,https://www.imufe.edu.cn/zsxxw/info/1004/3025.htm,https://www.imufe.edu.cn/zsxxw/info/1004/3025.htm,,school_verified
529,内蒙古财经大学,002,,历史类,历史,不限,505,30898,,普通本科批,https://www.imufe.edu.cn/zsxxw/info/1004/3025.htm,https://www.imufe.edu.cn/zsxxw/info/1004/3025.htm,,school_verified
529,内蒙古财经大学,001,,物理类,物理,不限,503,130266,,普通本科批,https://www.imufe.edu.cn/zsxxw/info/1004/3025.htm,https://www.imufe.edu.cn/zsxxw/info/1004/3025.htm,,school_verified
529,内蒙古财经大学,002,,物理类,物理,不限,501,133213,,普通本科批,https://www.imufe.edu.cn/zsxxw/info/1004/3025.htm,https://www.imufe.edu.cn/zsxxw/info/1004/3025.htm,,school_verified
530,广西医科大学,002,,物理类,物理,化学,518,108161,,普通本科批,https://www.gxmu.edu.cn/x_xxgk/x_xxzc/,https://www.gxmu.edu.cn/x_xxgk/x_xxzc/,,school_verified
530,广西医科大学,001,,物理类,物理,不限,507,124542,,普通本科批,https://www.gxmu.edu.cn/x_xxgk/x_xxzc/,https://www.gxmu.edu.cn/x_xxgk/x_xxzc/,,school_verified
531,广西师范大学,002,,历史类,历史,思想政治,560,11127,,普通本科批,https://www.gxnu.edu.cn/xxzc/list.htm,https://www.gxnu.edu.cn/xxzc/list.htm,,school_verified
531,广西师范大学,004,,物理类,物理,地理,543,77313,,普通本科批,https://www.gxnu.edu.cn/xxzc/list.htm,https://www.gxnu.edu.cn/xxzc/list.htm,,school_verified
531,广西师范大学,001,,历史类,历史,不限,542,16558,,普通本科批,https://www.gxnu.edu.cn/xxzc/list.htm,https://www.gxnu.edu.cn/xxzc/list.htm,,school_verified
531,广西师范大学,003,,物理类,物理,思想政治,537,85193,,普通本科批,https://www.gxnu.edu.cn/xxzc/list.htm,https://www.gxnu.edu.cn/xxzc/list.htm,,school_verified
531,广西师范大学,002,,物理类,物理,化学,531,91937,,普通本科批,https://www.gxnu.edu.cn/xxzc/list.htm,https://www.gxnu.edu.cn/xxzc/list.htm,,school_verified
531,广西师范大学,001,,物理类,物理,不限,511,118095,,普通本科批,https://www.gxnu.edu.cn/xxzc/list.htm,https://www.gxnu.edu.cn/xxzc/list.htm,,school_verified
532,桂林电子科技大学,003,,物理类,物理,化学,551,68938,,普通本科批,https://www.guet.edu.cn/zs/2025/0604/c547a138584/page.htm,https://www.guet.edu.cn/zs/2025/0604/c547a138584/page.htm,,school_verified
532,桂林电子科技大学,002,,物理类,物理,化学,551,68884,,普通本科批,https://www.guet.edu.cn/zs/2025/0604/c547a138584/page.htm,https://www.guet.edu.cn/zs/2025/0604/c547a138584/page.htm,,school_verified
532,桂林电子科技大学,001,,历史类,历史,不限,528,21453,,普通本科批,https://www.guet.edu.cn/zs/2025/0604/c547a138584/page.htm,https://www.guet.edu.cn/zs/2025/0604/c547a138584/page.htm,,school_verified
532,桂林电子科技大学,001,,物理类,物理,不限,528,95284,,普通本科批,https://www.guet.edu.cn/zs/2025/0604/c547a138584/page.htm,https://www.guet.edu.cn/zs/2025/0604/c547a138584/page.htm,,school_verified
532,桂林电子科技大学,071,,物理类,物理,不限,510,120269,,普通本科批,https://www.guet.edu.cn/zs/2025/0604/c547a138584/page.htm,https://www.guet.edu.cn/zs/2025/0604/c547a138584/page.htm,,school_verified
533,桂林理工大学,004,,物理类,物理,地理,542,79049,,普通本科批,https://zj.glut.edu.cn/info/1069/2565.htm,https://zj.glut.edu.cn/info/1069/2565.htm,,school_verified
533,桂林理工大学,051,,物理类,物理,化学,536,85474,,普通本科批,https://zj.glut.edu.cn/info/1069/2565.htm,https://zj.glut.edu.cn/info/1069/2565.htm,,school_verified
533,桂林理工大学,002,,物理类,物理,化学,525,99062,,普通本科批,https://zj.glut.edu.cn/info/1069/2565.htm,https://zj.glut.edu.cn/info/1069/2565.htm,,school_verified
533,桂林理工大学,003,,物理类,物理,化学,518,109395,,普通本科批,https://zj.glut.edu.cn/info/1069/2565.htm,https://zj.glut.edu.cn/info/1069/2565.htm,,school_verified
533,桂林理工大学,001,,历史类,历史,不限,514,27044,,普通本科批,https://zj.glut.edu.cn/info/1069/2565.htm,https://zj.glut.edu.cn/info/1069/2565.htm,,school_verified
533,桂林理工大学,001,,物理类,物理,不限,513,115758,,普通本科批,https://zj.glut.edu.cn/info/1069/2565.htm,https://zj.glut.edu.cn/info/1069/2565.htm,,school_verified
534,山东交通学院,003,,物理类,物理,化学,530,93683,,普通本科批,https://www.sdjtu.edu.cn/xygk/xxzc.htm,https://www.sdjtu.edu.cn/xygk/xxzc.htm,,school_verified
534,山东交通学院,001,,历史类,历史,不限,527,21763,,普通本科批,https://www.sdjtu.edu.cn/xygk/xxzc.htm,https://www.sdjtu.edu.cn/xygk/xxzc.htm,,school_verified
534,山东交通学院,002,,物理类,物理,不限,521,104788,,普通本科批,https://www.sdjtu.edu.cn/xygk/xxzc.htm,https://www.sdjtu.edu.cn/xygk/xxzc.htm,,school_verified
534,山东交通学院,004,,物理类,物理,化学,468,181538,,普通本科批,https://www.sdjtu.edu.cn/xygk/xxzc.htm,https://www.sdjtu.edu.cn/xygk/xxzc.htm,,school_verified
535,山东财经大学,003,,物理类,物理,化学,572,48124,,普通本科批,https://www.sdufe.edu.cn/xxgk_/cdzc.htm,https://www.sdufe.edu.cn/xxgk_/cdzc.htm,,school_verified
535,山东财经大学,001,,历史类,历史,不限,564,10036,,普通本科批,https://www.sdufe.edu.cn/xxgk_/cdzc.htm,https://www.sdufe.edu.cn/xxgk_/cdzc.htm,,school_verified
535,山东财经大学,002,,物理类,物理,不限,559,60256,,普通本科批,https://www.sdufe.edu.cn/xxgk_/cdzc.htm,https://www.sdufe.edu.cn/xxgk_/cdzc.htm,,school_verified
535,山东财经大学,001,,物理类,物理,不限,551,68591,,普通本科批,https://www.sdufe.edu.cn/xxgk_/cdzc.htm,https://www.sdufe.edu.cn/xxgk_/cdzc.htm,,school_verified
536,广西科技大学,008,,物理类,物理,化学、生物(2科必选),552,67894,,普通本科批,https://www.gxust.edu.cn/xxgkuang/gxkjdxzc.htm,https://www.gxust.edu.cn/xxgkuang/gxkjdxzc.htm,,school_verified
536,广西科技大学,004,,物理类,物理,化学,531,92498,,普通本科批,https://www.gxust.edu.cn/xxgkuang/gxkjdxzc.htm,https://www.gxust.edu.cn/xxgkuang/gxkjdxzc.htm,,school_verified
536,广西科技大学,002,,物理类,物理,化学,527,96406,,普通本科批,https://www.gxust.edu.cn/xxgkuang/gxkjdxzc.htm,https://www.gxust.edu.cn/xxgkuang/gxkjdxzc.htm,,school_verified
536,广西科技大学,001,,历史类,历史,不限,515,26462,,普通本科批,https://www.gxust.edu.cn/xxgkuang/gxkjdxzc.htm,https://www.gxust.edu.cn/xxgkuang/gxkjdxzc.htm,,school_verified
536,广西科技大学,001,,物理类,物理,不限,515,113171,,普通本科批,https://www.gxust.edu.cn/xxgkuang/gxkjdxzc.htm,https://www.gxust.edu.cn/xxgkuang/gxkjdxzc.htm,,school_verified
536,广西科技大学,006,,物理类,物理,化学,507,124295,,普通本科批,https://www.gxust.edu.cn/xxgkuang/gxkjdxzc.htm,https://www.gxust.edu.cn/xxgkuang/gxkjdxzc.htm,,school_verified
536,广西科技大学,007,,物理类,物理,化学、生物(2科必选),505,127273,,普通本科批,https://www.gxust.edu.cn/xxgkuang/gxkjdxzc.htm,https://www.gxust.edu.cn/xxgkuang/gxkjdxzc.htm,,school_verified
537,山东科技大学,005,,物理类,物理,地理,589,34481,,普通本科批,https://www.sdust.edu.cn/xxgk/dxzc.htm,https://www.sdust.edu.cn/xxgk/dxzc.htm,,school_verified
537,山东科技大学,001,,历史类,历史,不限,584,5717,,普通本科批,https://www.sdust.edu.cn/xxgk/dxzc.htm,https://www.sdust.edu.cn/xxgk/dxzc.htm,,school_verified
537,山东科技大学,003,,物理类,物理,化学,575,46097,,普通本科批,https://www.sdust.edu.cn/xxgk/dxzc.htm,https://www.sdust.edu.cn/xxgk/dxzc.htm,,school_verified
537,山东科技大学,001,,物理类,物理,不限,565,54954,,普通本科批,https://www.sdust.edu.cn/xxgk/dxzc.htm,https://www.sdust.edu.cn/xxgk/dxzc.htm,,school_verified
537,山东科技大学,004,,物理类,物理,化学,541,80266,,普通本科批,https://www.sdust.edu.cn/xxgk/dxzc.htm,https://www.sdust.edu.cn/xxgk/dxzc.htm,,school_verified
537,山东科技大学,002,,物理类,物理,不限,526,98895,,普通本科批,https://www.sdust.edu.cn/xxgk/dxzc.htm,https://www.sdust.edu.cn/xxgk/dxzc.htm,,school_verified
538,桂林医科大学,002,,物理类,物理,化学,563,56138,,普通本科批,https://www.glmu.edu.cn/gygk/xxzc.htm,https://www.glmu.edu.cn/gygk/xxzc.htm,,school_verified
538,桂林医科大学,003,,物理类,物理,化学,550,69666,,普通本科批,https://www.glmu.edu.cn/gygk/xxzc.htm,https://www.glmu.edu.cn/gygk/xxzc.htm,,school_verified
538,桂林医科大学,004,,物理类,物理,化学,511,118794,,普通本科批,https://www.glmu.edu.cn/gygk/xxzc.htm,https://www.glmu.edu.cn/gygk/xxzc.htm,,school_verified
538,桂林医科大学,007,,物理类,物理,化学,487,153027,,普通本科批,https://www.glmu.edu.cn/gygk/xxzc.htm,https://www.glmu.edu.cn/gygk/xxzc.htm,,school_verified
538,桂林医科大学,008,,物理类,物理,化学,481,162809,,普通本科批,https://www.glmu.edu.cn/gygk/xxzc.htm,https://www.glmu.edu.cn/gygk/xxzc.htm,,school_verified
538,桂林医科大学,006,,物理类,物理,化学,479,166031,,普通本科批,https://www.glmu.edu.cn/gygk/xxzc.htm,https://www.glmu.edu.cn/gygk/xxzc.htm,,school_verified
538,桂林医科大学,001,,物理类,物理,不限,479,165492,,普通本科批,https://www.glmu.edu.cn/gygk/xxzc.htm,https://www.glmu.edu.cn/gygk/xxzc.htm,,school_verified
538,桂林医科大学,005,,物理类,物理,化学,477,168165,,普通本科批,https://www.glmu.edu.cn/gygk/xxzc.htm,https://www.glmu.edu.cn/gygk/xxzc.htm,,school_verified
539,玉林师范学院,001,,历史类,历史,不限,512,27623,,普通本科批,https://www.ylu.edu.cn/xxgk/xxzc.htm,https://www.ylu.edu.cn/xxgk/xxzc.htm,,school_verified
539,玉林师范学院,003,,历史类,历史,不限,504,31464,,普通本科批,https://www.ylu.edu.cn/xxgk/xxzc.htm,https://www.ylu.edu.cn/xxgk/xxzc.htm,,school_verified
539,玉林师范学院,002,,历史类,历史,不限,501,32532,,普通本科批,https://www.ylu.edu.cn/xxgk/xxzc.htm,https://www.ylu.edu.cn/xxgk/xxzc.htm,,school_verified
539,玉林师范学院,001,,物理类,物理,化学,489,149972,,普通本科批,https://www.ylu.edu.cn/xxgk/xxzc.htm,https://www.ylu.edu.cn/xxgk/xxzc.htm,,school_verified
540,山东理工大学,001,,物理类,物理,不限,550,70451,,普通本科批,https://yjsh.sdut.edu.cn/2026/0112/c5152a557943/page.htm,https://yjsh.sdut.edu.cn/2026/0112/c5152a557943/page.htm,,school_verified
540,山东理工大学,002,,物理类,物理,化学,542,78997,,普通本科批,https://yjsh.sdut.edu.cn/2026/0112/c5152a557943/page.htm,https://yjsh.sdut.edu.cn/2026/0112/c5152a557943/page.htm,,school_verified
540,山东理工大学,001,,历史类,历史,不限,537,17909,,普通本科批,https://yjsh.sdut.edu.cn/2026/0112/c5152a557943/page.htm,https://yjsh.sdut.edu.cn/2026/0112/c5152a557943/page.htm,,school_verified
541,南宁师范大学,002,,历史类,历史,思想政治,549,14325,,普通本科批,https://www.nnnu.edu.cn/xxgk/xxzc.htm,https://www.nnnu.edu.cn/xxgk/xxzc.htm,,school_verified
541,南宁师范大学,001,,历史类,历史,不限,524,22937,,普通本科批,https://www.nnnu.edu.cn/xxgk/xxzc.htm,https://www.nnnu.edu.cn/xxgk/xxzc.htm,,school_verified
541,南宁师范大学,002,,物理类,物理,化学,514,114063,,普通本科批,https://www.nnnu.edu.cn/xxgk/xxzc.htm,https://www.nnnu.edu.cn/xxgk/xxzc.htm,,school_verified
541,南宁师范大学,001,,物理类,物理,不限,505,127397,,普通本科批,https://www.nnnu.edu.cn/xxgk/xxzc.htm,https://www.nnnu.edu.cn/xxgk/xxzc.htm,,school_verified
542,山东农业大学,001,,物理类,物理,化学,531,91847,,普通本科批,https://www.sdau.edu.cn/13419/list.htm,https://www.sdau.edu.cn/13419/list.htm,,school_verified
543,广西民族大学,003,,历史类,历史,思想政治,525,22458,,普通本科批,https://zs.gxmzu.edu.cn/info/1096/4937.htm,https://zs.gxmzu.edu.cn/info/1096/4937.htm,,school_verified
543,广西民族大学,001,,历史类,历史,不限,517,25830,,普通本科批,https://zs.gxmzu.edu.cn/info/1096/4937.htm,https://zs.gxmzu.edu.cn/info/1096/4937.htm,,school_verified
543,广西民族大学,006,,物理类,物理,化学,517,110451,,普通本科批,https://zs.gxmzu.edu.cn/info/1096/4937.htm,https://zs.gxmzu.edu.cn/info/1096/4937.htm,,school_verified
543,广西民族大学,005,,物理类,物理,化学,511,118269,,普通本科批,https://zs.gxmzu.edu.cn/info/1096/4937.htm,https://zs.gxmzu.edu.cn/info/1096/4937.htm,,school_verified
543,广西民族大学,004,,物理类,物理,化学,510,120091,,普通本科批,https://zs.gxmzu.edu.cn/info/1096/4937.htm,https://zs.gxmzu.edu.cn/info/1096/4937.htm,,school_verified
543,广西民族大学,003,,物理类,物理,不限,509,121258,,普通本科批,https://zs.gxmzu.edu.cn/info/1096/4937.htm,https://zs.gxmzu.edu.cn/info/1096/4937.htm,,school_verified
543,广西民族大学,008,,物理类,物理,化学、生物(2科必选),504,129117,,普通本科批,https://zs.gxmzu.edu.cn/info/1096/4937.htm,https://zs.gxmzu.edu.cn/info/1096/4937.htm,,school_verified
543,广西民族大学,051,,历史类,历史,不限,503,31821,,普通本科批,https://zs.gxmzu.edu.cn/info/1096/4937.htm,https://zs.gxmzu.edu.cn/info/1096/4937.htm,,school_verified
543,广西民族大学,002,,历史类,历史,不限,492,37046,,普通本科批,https://zs.gxmzu.edu.cn/info/1096/4937.htm,https://zs.gxmzu.edu.cn/info/1096/4937.htm,,school_verified
543,广西民族大学,007,,物理类,物理,化学,470,178437,,普通本科批,https://zs.gxmzu.edu.cn/info/1096/4937.htm,https://zs.gxmzu.edu.cn/info/1096/4937.htm,,school_verified
544,宁夏大学,002,,物理类,物理,化学,593,31828,,普通本科批,https://www.nxu.edu.cn/zsjy.htm,https://www.nxu.edu.cn/zsjy.htm,,school_verified
544,宁夏大学,003,,物理类,物理,化学,588,34960,,普通本科批,https://www.nxu.edu.cn/zsjy.htm,https://www.nxu.edu.cn/zsjy.htm,,school_verified
544,宁夏大学,004,,物理类,物理,化学,584,38502,,普通本科批,https://www.nxu.edu.cn/zsjy.htm,https://www.nxu.edu.cn/zsjy.htm,,school_verified
544,宁夏大学,002,,历史类,历史,不限,581,6388,,普通本科批,https://www.nxu.edu.cn/zsjy.htm,https://www.nxu.edu.cn/zsjy.htm,,school_verified
544,宁夏大学,003,,历史类,历史,思想政治,580,6582,,普通本科批,https://www.nxu.edu.cn/zsjy.htm,https://www.nxu.edu.cn/zsjy.htm,,school_verified
544,宁夏大学,001,,历史类,历史,不限,580,6602,,普通本科批,https://www.nxu.edu.cn/zsjy.htm,https://www.nxu.edu.cn/zsjy.htm,,school_verified
544,宁夏大学,006,,物理类,物理,地理,577,44012,,普通本科批,https://www.nxu.edu.cn/zsjy.htm,https://www.nxu.edu.cn/zsjy.htm,,school_verified
544,宁夏大学,001,,物理类,物理,不限,575,46078,,普通本科批,https://www.nxu.edu.cn/zsjy.htm,https://www.nxu.edu.cn/zsjy.htm,,school_verified
544,宁夏大学,005,,物理类,物理,化学,566,53817,,普通本科批,https://www.nxu.edu.cn/zsjy.htm,https://www.nxu.edu.cn/zsjy.htm,,school_verified
545,北方民族大学,001,,历史类,历史,不限,578,6931,,普通本科批,https://zsb.nmu.edu.cn/static/front/nun/basic/html_cms/frontViewArticle.html?id=01ffdd21114d446a97566a3f41a3b7e2,https://zsb.nmu.edu.cn/static/front/nun/basic/html_cms/frontViewArticle.html?id=01ffdd21114d446a97566a3f41a3b7e2,,school_verified
545,北方民族大学,002,,历史类,历史,思想政治,561,10720,,普通本科批,https://zsb.nmu.edu.cn/static/front/nun/basic/html_cms/frontViewArticle.html?id=01ffdd21114d446a97566a3f41a3b7e2,https://zsb.nmu.edu.cn/static/front/nun/basic/html_cms/frontViewArticle.html?id=01ffdd21114d446a97566a3f41a3b7e2,,school_verified
545,北方民族大学,005,,物理类,物理,化学,537,84440,,普通本科批,https://zsb.nmu.edu.cn/static/front/nun/basic/html_cms/frontViewArticle.html?id=01ffdd21114d446a97566a3f41a3b7e2,https://zsb.nmu.edu.cn/static/front/nun/basic/html_cms/frontViewArticle.html?id=01ffdd21114d446a97566a3f41a3b7e2,,school_verified
545,北方民族大学,003,,物理类,物理,不限,530,93422,,普通本科批,https://zsb.nmu.edu.cn/static/front/nun/basic/html_cms/frontViewArticle.html?id=01ffdd21114d446a97566a3f41a3b7e2,https://zsb.nmu.edu.cn/static/front/nun/basic/html_cms/frontViewArticle.html?id=01ffdd21114d446a97566a3f41a3b7e2,,school_verified
545,北方民族大学,004,,物理类,物理,化学,526,98146,,普通本科批,https://zsb.nmu.edu.cn/static/front/nun/basic/html_cms/frontViewArticle.html?id=01ffdd21114d446a97566a3f41a3b7e2,https://zsb.nmu.edu.cn/static/front/nun/basic/html_cms/frontViewArticle.html?id=01ffdd21114d446a97566a3f41a3b7e2,,school_verified
545,北方民族大学,006,,物理类,物理,化学,515,113197,,普通本科批,https://zsb.nmu.edu.cn/static/front/nun/basic/html_cms/frontViewArticle.html?id=01ffdd21114d446a97566a3f41a3b7e2,https://zsb.nmu.edu.cn/static/front/nun/basic/html_cms/frontViewArticle.html?id=01ffdd21114d446a97566a3f41a3b7e2,,school_verified
546,宁夏医科大学,001,,物理类,物理,不限,565,54524,,普通本科批,https://www.nxmu.edu.cn/zsxxw/info/1053/2780.htm,https://www.nxmu.edu.cn/zsxxw/info/1053/2780.htm,,school_verified
546,宁夏医科大学,002,,物理类,物理,化学,551,68631,,普通本科批,https://www.nxmu.edu.cn/zsxxw/info/1053/2780.htm,https://www.nxmu.edu.cn/zsxxw/info/1053/2780.htm,,school_verified
546,宁夏医科大学,003,,物理类,物理,化学,532,90976,,普通本科批,https://www.nxmu.edu.cn/zsxxw/info/1053/2780.htm,https://www.nxmu.edu.cn/zsxxw/info/1053/2780.htm,,school_verified
546,宁夏医科大学,005,,物理类,物理,化学,522,103518,,普通本科批,https://www.nxmu.edu.cn/zsxxw/info/1053/2780.htm,https://www.nxmu.edu.cn/zsxxw/info/1053/2780.htm,,school_verified
546,宁夏医科大学,006,,物理类,物理,化学、生物(2科必选),505,126543,,普通本科批,https://www.nxmu.edu.cn/zsxxw/info/1053/2780.htm,https://www.nxmu.edu.cn/zsxxw/info/1053/2780.htm,,school_verified
546,宁夏医科大学,004,,物理类,物理,化学,505,127116,,普通本科批,https://www.nxmu.edu.cn/zsxxw/info/1053/2780.htm,https://www.nxmu.edu.cn/zsxxw/info/1053/2780.htm,,school_verified
547,齐鲁工业大学,001,,物理类,物理,化学,543,77393,,普通本科批,https://www.qlu.edu.cn/dxzc_10784/list.htm,https://www.qlu.edu.cn/dxzc_10784/list.htm,,school_verified
547,齐鲁工业大学,001,,历史类,历史,不限,539,17494,,普通本科批,https://www.qlu.edu.cn/dxzc_10784/list.htm,https://www.qlu.edu.cn/dxzc_10784/list.htm,,school_verified
550,泰山学院,004,,物理类,物理,化学,510,119491,,普通本科批,https://yjs.tsu.edu.cn/2025/0930/c7191a129301/page.htm,https://yjs.tsu.edu.cn/2025/0930/c7191a129301/page.htm,,school_verified
550,泰山学院,001,,物理类,物理,化学,510,119768,,普通本科批,https://yjs.tsu.edu.cn/2025/0930/c7191a129301/page.htm,https://yjs.tsu.edu.cn/2025/0930/c7191a129301/page.htm,,school_verified
550,泰山学院,006,,物理类,物理,化学,506,125016,,普通本科批,https://yjs.tsu.edu.cn/2025/0930/c7191a129301/page.htm,https://yjs.tsu.edu.cn/2025/0930/c7191a129301/page.htm,,school_verified
550,泰山学院,001,,历史类,历史,不限,503,31663,,普通本科批,https://yjs.tsu.edu.cn/2025/0930/c7191a129301/page.htm,https://yjs.tsu.edu.cn/2025/0930/c7191a129301/page.htm,,school_verified
550,泰山学院,002,,物理类,物理,化学,500,133978,,普通本科批,https://yjs.tsu.edu.cn/2025/0930/c7191a129301/page.htm,https://yjs.tsu.edu.cn/2025/0930/c7191a129301/page.htm,,school_verified
550,泰山学院,005,,物理类,物理,化学,499,135106,,普通本科批,https://yjs.tsu.edu.cn/2025/0930/c7191a129301/page.htm,https://yjs.tsu.edu.cn/2025/0930/c7191a129301/page.htm,,school_verified
550,泰山学院,003,,物理类,物理,化学,497,138046,,普通本科批,https://yjs.tsu.edu.cn/2025/0930/c7191a129301/page.htm,https://yjs.tsu.edu.cn/2025/0930/c7191a129301/page.htm,,school_verified
551,山东第一医科大学,051,,物理类,物理,化学,598,28327,,普通本科批,https://enrollment.sdfmu.edu.cn/f/newsCenter/article/2eb5c4cc293144d29ce7fa73d54cbb96,https://enrollment.sdfmu.edu.cn/f/newsCenter/article/2eb5c4cc293144d29ce7fa73d54cbb96,,school_verified
551,山东第一医科大学,059,,物理类,物理,化学,592,31977,,普通本科批,https://enrollment.sdfmu.edu.cn/f/newsCenter/article/2eb5c4cc293144d29ce7fa73d54cbb96,https://enrollment.sdfmu.edu.cn/f/newsCenter/article/2eb5c4cc293144d29ce7fa73d54cbb96,,school_verified
551,山东第一医科大学,065,,物理类,物理,化学,587,35692,,普通本科批,https://enrollment.sdfmu.edu.cn/f/newsCenter/article/2eb5c4cc293144d29ce7fa73d54cbb96,https://enrollment.sdfmu.edu.cn/f/newsCenter/article/2eb5c4cc293144d29ce7fa73d54cbb96,,school_verified
551,山东第一医科大学,054,,物理类,物理,化学,575,45587,,普通本科批,https://enrollment.sdfmu.edu.cn/f/newsCenter/article/2eb5c4cc293144d29ce7fa73d54cbb96,https://enrollment.sdfmu.edu.cn/f/newsCenter/article/2eb5c4cc293144d29ce7fa73d54cbb96,,school_verified
551,山东第一医科大学,069,,物理类,物理,化学,542,78734,,普通本科批,https://enrollment.sdfmu.edu.cn/f/newsCenter/article/2eb5c4cc293144d29ce7fa73d54cbb96,https://enrollment.sdfmu.edu.cn/f/newsCenter/article/2eb5c4cc293144d29ce7fa73d54cbb96,,school_verified
551,山东第一医科大学,068,,物理类,物理,化学,541,80707,,普通本科批,https://enrollment.sdfmu.edu.cn/f/newsCenter/article/2eb5c4cc293144d29ce7fa73d54cbb96,https://enrollment.sdfmu.edu.cn/f/newsCenter/article/2eb5c4cc293144d29ce7fa73d54cbb96,,school_verified
551,山东第一医科大学,053,,物理类,物理,化学,539,82410,,普通本科批,https://enrollment.sdfmu.edu.cn/f/newsCenter/article/2eb5c4cc293144d29ce7fa73d54cbb96,https://enrollment.sdfmu.edu.cn/f/newsCenter/article/2eb5c4cc293144d29ce7fa73d54cbb96,,school_verified
551,山东第一医科大学,067,,物理类,物理,化学,537,84660,,普通本科批,https://enrollment.sdfmu.edu.cn/f/newsCenter/article/2eb5c4cc293144d29ce7fa73d54cbb96,https://enrollment.sdfmu.edu.cn/f/newsCenter/article/2eb5c4cc293144d29ce7fa73d54cbb96,,school_verified
551,山东第一医科大学,058,,物理类,物理,化学,537,85100,,普通本科批,https://enrollment.sdfmu.edu.cn/f/newsCenter/article/2eb5c4cc293144d29ce7fa73d54cbb96,https://enrollment.sdfmu.edu.cn/f/newsCenter/article/2eb5c4cc293144d29ce7fa73d54cbb96,,school_verified
551,山东第一医科大学,060,,物理类,物理,化学,533,89428,,普通本科批,https://enrollment.sdfmu.edu.cn/f/newsCenter/article/2eb5c4cc293144d29ce7fa73d54cbb96,https://enrollment.sdfmu.edu.cn/f/newsCenter/article/2eb5c4cc293144d29ce7fa73d54cbb96,,school_verified
552,潍坊学院,002,,历史类,历史,思想政治,539,17262,,普通本科批,https://zsb.wfu.edu.cn/2026/0215/c5534a259132/page.htm,https://zsb.wfu.edu.cn/2026/0215/c5534a259132/page.htm,,school_verified
552,潍坊学院,003,,历史类,历史,思想政治,527,21506,,普通本科批,https://zsb.wfu.edu.cn/2026/0215/c5534a259132/page.htm,https://zsb.wfu.edu.cn/2026/0215/c5534a259132/page.htm,,school_verified
552,潍坊学院,005,,物理类,物理,思想政治,525,99065,,普通本科批,https://zsb.wfu.edu.cn/2026/0215/c5534a259132/page.htm,https://zsb.wfu.edu.cn/2026/0215/c5534a259132/page.htm,,school_verified
552,潍坊学院,001,,历史类,历史,不限,523,23130,,普通本科批,https://zsb.wfu.edu.cn/2026/0215/c5534a259132/page.htm,https://zsb.wfu.edu.cn/2026/0215/c5534a259132/page.htm,,school_verified
552,潍坊学院,003,,物理类,物理,化学,510,120369,,普通本科批,https://zsb.wfu.edu.cn/2026/0215/c5534a259132/page.htm,https://zsb.wfu.edu.cn/2026/0215/c5534a259132/page.htm,,school_verified
552,潍坊学院,002,,物理类,物理,不限,505,127538,,普通本科批,https://zsb.wfu.edu.cn/2026/0215/c5534a259132/page.htm,https://zsb.wfu.edu.cn/2026/0215/c5534a259132/page.htm,,school_verified
552,潍坊学院,001,,物理类,物理,不限,504,127978,,普通本科批,https://zsb.wfu.edu.cn/2026/0215/c5534a259132/page.htm,https://zsb.wfu.edu.cn/2026/0215/c5534a259132/page.htm,,school_verified
552,潍坊学院,004,,物理类,物理,化学、生物(2科必选),492,145466,,普通本科批,https://zsb.wfu.edu.cn/2026/0215/c5534a259132/page.htm,https://zsb.wfu.edu.cn/2026/0215/c5534a259132/page.htm,,school_verified
553,山东第二医科大学,001,,物理类,物理,不限,530,92637,,普通本科批,https://www.sdsmu.edu.cn/4230/list.htm,https://www.sdsmu.edu.cn/4230/list.htm,,school_verified
553,山东第二医科大学,002,,物理类,物理,化学,527,97522,,普通本科批,https://www.sdsmu.edu.cn/4230/list.htm,https://www.sdsmu.edu.cn/4230/list.htm,,school_verified
554,烟台大学,001,,历史类,历史,不限,549,14245,,普通本科批,https://www.ytu.edu.cn/,https://www.ytu.edu.cn/,,school_verified
554,烟台大学,002,,物理类,物理,化学,539,82621,,普通本科批,https://www.ytu.edu.cn/,https://www.ytu.edu.cn/,,school_verified
554,烟台大学,071,,物理类,物理,不限,411,247588,,普通本科批,https://www.ytu.edu.cn/,https://www.ytu.edu.cn/,,school_verified
555,鲁东大学,001,,历史类,历史,不限,541,16676,,普通本科批,https://zs.ldu.edu.cn/info/1438/3419.htm,https://zs.ldu.edu.cn/info/1438/3419.htm,,school_verified
555,鲁东大学,002,,物理类,物理,化学,521,104766,,普通本科批,https://zs.ldu.edu.cn/info/1438/3419.htm,https://zs.ldu.edu.cn/info/1438/3419.htm,,school_verified
555,鲁东大学,001,,物理类,物理,不限,511,117786,,普通本科批,https://zs.ldu.edu.cn/info/1438/3419.htm,https://zs.ldu.edu.cn/info/1438/3419.htm,,school_verified
555,鲁东大学,003,,物理类,物理,化学,486,155538,,普通本科批,https://zs.ldu.edu.cn/info/1438/3419.htm,https://zs.ldu.edu.cn/info/1438/3419.htm,,school_verified
556,北京化工大学,003,,物理类,物理,化学,631,10308,,普通本科批,https://www.buct.edu.cn/zsjy_11437/list.htm,https://www.buct.edu.cn/zsjy_11437/list.htm,,school_verified
556,北京化工大学,005,,物理类,物理,化学,627,11921,,普通本科批,https://www.buct.edu.cn/zsjy_11437/list.htm,https://www.buct.edu.cn/zsjy_11437/list.htm,,school_verified
556,北京化工大学,004,,物理类,物理,化学,622,14007,,普通本科批,https://www.buct.edu.cn/zsjy_11437/list.htm,https://www.buct.edu.cn/zsjy_11437/list.htm,,school_verified
556,北京化工大学,001,,历史类,历史,不限,602,3090,,普通本科批,https://www.buct.edu.cn/zsjy_11437/list.htm,https://www.buct.edu.cn/zsjy_11437/list.htm,,school_verified
556,北京化工大学,006,,物理类,物理,化学,601,25944,,普通本科批,https://www.buct.edu.cn/zsjy_11437/list.htm,https://www.buct.edu.cn/zsjy_11437/list.htm,,school_verified
557,中国农业大学,006,,物理类,物理,化学,641,6647,,普通本科批,https://jwzs.cau.edu.cn/art/2026/4/7/art_4528_1106559.html,https://jwzs.cau.edu.cn/art/2026/4/7/art_4528_1106559.html,,school_verified
557,中国农业大学,005,,物理类,物理,化学,637,7774,,普通本科批,https://jwzs.cau.edu.cn/art/2026/4/7/art_4528_1106559.html,https://jwzs.cau.edu.cn/art/2026/4/7/art_4528_1106559.html,,school_verified
557,中国农业大学,001,,历史类,历史,不限,619,1379,,普通本科批,https://jwzs.cau.edu.cn/art/2026/4/7/art_4528_1106559.html,https://jwzs.cau.edu.cn/art/2026/4/7/art_4528_1106559.html,,school_verified
557,中国农业大学,007,,物理类,物理,化学,612,19259,,普通本科批,https://jwzs.cau.edu.cn/art/2026/4/7/art_4528_1106559.html,https://jwzs.cau.edu.cn/art/2026/4/7/art_4528_1106559.html,,school_verified
557,中国农业大学,002,,历史类,历史,不限,611,2124,,普通本科批,https://jwzs.cau.edu.cn/art/2026/4/7/art_4528_1106559.html,https://jwzs.cau.edu.cn/art/2026/4/7/art_4528_1106559.html,,school_verified
557,中国农业大学,004,,物理类,物理,不限,609,20958,,普通本科批,https://jwzs.cau.edu.cn/art/2026/4/7/art_4528_1106559.html,https://jwzs.cau.edu.cn/art/2026/4/7/art_4528_1106559.html,,school_verified
557,中国农业大学,003,,历史类,历史,不限,602,3129,,普通本科批,https://jwzs.cau.edu.cn/art/2026/4/7/art_4528_1106559.html,https://jwzs.cau.edu.cn/art/2026/4/7/art_4528_1106559.html,,school_verified
558,中国传媒大学,008,,物理类,物理,化学,629,10849,,普通本科批,https://www.cuc.edu.cn/10093/list.htm,https://www.cuc.edu.cn/10093/list.htm,,school_verified
558,中国传媒大学,007,,物理类,物理,化学,621,14613,,普通本科批,https://www.cuc.edu.cn/10093/list.htm,https://www.cuc.edu.cn/10093/list.htm,,school_verified
558,中国传媒大学,005,,物理类,物理,不限,619,15645,,普通本科批,https://www.cuc.edu.cn/10093/list.htm,https://www.cuc.edu.cn/10093/list.htm,,school_verified
558,中国传媒大学,004,,历史类,历史,不限,617,1624,,普通本科批,https://www.cuc.edu.cn/10093/list.htm,https://www.cuc.edu.cn/10093/list.htm,,school_verified
558,中国传媒大学,007,,历史类,历史,思想政治,612,2032,,普通本科批,https://www.cuc.edu.cn/10093/list.htm,https://www.cuc.edu.cn/10093/list.htm,,school_verified
558,中国传媒大学,005,,历史类,历史,不限,612,2008,,普通本科批,https://www.cuc.edu.cn/10093/list.htm,https://www.cuc.edu.cn/10093/list.htm,,school_verified
558,中国传媒大学,004,,物理类,物理,不限,606,22911,,普通本科批,https://www.cuc.edu.cn/10093/list.htm,https://www.cuc.edu.cn/10093/list.htm,,school_verified
558,中国传媒大学,006,,历史类,历史,不限,600,3377,,普通本科批,https://www.cuc.edu.cn/10093/list.htm,https://www.cuc.edu.cn/10093/list.htm,,school_verified
559,北京城市学院,001,,历史类,历史,不限,510,28656,,普通本科批,https://zs.bcu.edu.cn/info/1041/6139.htm,https://zs.bcu.edu.cn/info/1041/6139.htm,,school_verified
559,北京城市学院,001,,物理类,物理,化学,482,161431,,普通本科批,https://zs.bcu.edu.cn/info/1041/6139.htm,https://zs.bcu.edu.cn/info/1041/6139.htm,,school_verified
561,北方工业大学,001,,物理类,物理,化学,597,28824,,普通本科批,https://bkzs.ncut.edu.cn/zs/ptbk/zszc.htm,https://bkzs.ncut.edu.cn/zs/ptbk/zszc.htm,,school_verified
561,北方工业大学,001,,历史类,历史,不限,578,6972,,普通本科批,https://bkzs.ncut.edu.cn/zs/ptbk/zszc.htm,https://bkzs.ncut.edu.cn/zs/ptbk/zszc.htm,,school_verified
561,北方工业大学,003,,物理类,物理,化学,578,42912,,普通本科批,https://bkzs.ncut.edu.cn/zs/ptbk/zszc.htm,https://bkzs.ncut.edu.cn/zs/ptbk/zszc.htm,,school_verified
561,北方工业大学,002,,物理类,物理,化学,566,54131,,普通本科批,https://bkzs.ncut.edu.cn/zs/ptbk/zszc.htm,https://bkzs.ncut.edu.cn/zs/ptbk/zszc.htm,,school_verified
562,中央戏剧学院,001,,历史类,历史,不限,587,5248,,普通本科批,https://chntheatre.edu.cn/cn/admission.html,https://chntheatre.edu.cn/cn/admission.html,,school_verified
564,中央美术学院,001,,物理类,物理,不限,565,54372,,普通本科批,https://www.cafa.edu.cn/st/2025/80233082.htm,https://www.cafa.edu.cn/st/2025/80233082.htm,,school_verified
564,中央美术学院,001,,历史类,历史,不限,560,11043,,普通本科批,https://www.cafa.edu.cn/st/2025/80233082.htm,https://www.cafa.edu.cn/st/2025/80233082.htm,,school_verified
566,中央财经大学,003,,物理类,物理,不限,633,9327,,普通本科批,https://www.cufe.edu.cn/xxgk/xxzc.htm,https://www.cufe.edu.cn/xxgk/xxzc.htm,,school_verified
566,中央财经大学,003,,历史类,历史,不限,622,1207,,普通本科批,https://www.cufe.edu.cn/xxgk/xxzc.htm,https://www.cufe.edu.cn/xxgk/xxzc.htm,,school_verified
566,中央财经大学,004,,物理类,物理,不限,621,14412,,普通本科批,https://www.cufe.edu.cn/xxgk/xxzc.htm,https://www.cufe.edu.cn/xxgk/xxzc.htm,,school_verified
566,中央财经大学,004,,历史类,历史,不限,609,2341,,普通本科批,https://www.cufe.edu.cn/xxgk/xxzc.htm,https://www.cufe.edu.cn/xxgk/xxzc.htm,,school_verified
567,北京服装学院,001,,历史类,历史,不限,533,19544,,普通本科批,https://www.bift.edu.cn/xxgk/xyzc/index.htm,https://www.bift.edu.cn/xxgk/xyzc/index.htm,,school_verified
567,北京服装学院,001,,物理类,物理,不限,527,96969,,普通本科批,https://www.bift.edu.cn/xxgk/xyzc/index.htm,https://www.bift.edu.cn/xxgk/xyzc/index.htm,,school_verified
567,北京服装学院,002,,物理类,物理,化学,521,104820,,普通本科批,https://www.bift.edu.cn/xxgk/xyzc/index.htm,https://www.bift.edu.cn/xxgk/xyzc/index.htm,,school_verified
568,中华女子学院,002,,历史类,历史,不限,538,17863,,普通本科批,https://www.cwu.edu.cn/xxgk1/xxzc_2024nhzg_.htm,https://www.cwu.edu.cn/xxgk1/xxzc_2024nhzg_.htm,,school_verified
568,中华女子学院,002,,物理类,物理,化学,529,93833,,普通本科批,https://www.cwu.edu.cn/xxgk1/xxzc_2024nhzg_.htm,https://www.cwu.edu.cn/xxgk1/xxzc_2024nhzg_.htm,,school_verified
568,中华女子学院,001,,物理类,物理,不限,521,104610,,普通本科批,https://www.cwu.edu.cn/xxgk1/xxzc_2024nhzg_.htm,https://www.cwu.edu.cn/xxgk1/xxzc_2024nhzg_.htm,,school_verified
569,中国政法大学,004,,历史类,历史,不限,630,729,,普通本科批,https://www.cupl.edu.cn/xxgk/xxzc.htm,https://www.cupl.edu.cn/xxgk/xxzc.htm,,school_verified
569,中国政法大学,005,,历史类,历史,思想政治,629,774,,普通本科批,https://www.cupl.edu.cn/xxgk/xxzc.htm,https://www.cupl.edu.cn/xxgk/xxzc.htm,,school_verified
569,中国政法大学,003,,物理类,物理,不限,626,12096,,普通本科批,https://www.cupl.edu.cn/xxgk/xxzc.htm,https://www.cupl.edu.cn/xxgk/xxzc.htm,,school_verified
570,北京工商大学,002,,物理类,物理,化学,592,32046,,普通本科批,https://www.btbu.edu.cn/zsjy/index.htm,https://www.btbu.edu.cn/zsjy/index.htm,,school_verified
570,北京工商大学,001,,历史类,历史,不限,590,4729,,普通本科批,https://www.btbu.edu.cn/zsjy/index.htm,https://www.btbu.edu.cn/zsjy/index.htm,,school_verified
570,北京工商大学,001,,物理类,物理,不限,581,40555,,普通本科批,https://www.btbu.edu.cn/zsjy/index.htm,https://www.btbu.edu.cn/zsjy/index.htm,,school_verified
572,北京建筑大学,001,,物理类,物理,不限,580,41204,,普通本科批,https://www.bucea.edu.cn/gbxxgk/gbxxzc/index.htm,https://www.bucea.edu.cn/gbxxgk/gbxxzc/index.htm,,school_verified
572,北京建筑大学,003,,物理类,物理,化学,575,45862,,普通本科批,https://www.bucea.edu.cn/gbxxgk/gbxxzc/index.htm,https://www.bucea.edu.cn/gbxxgk/gbxxzc/index.htm,,school_verified
572,北京建筑大学,002,,物理类,物理,不限,571,48784,,普通本科批,https://www.bucea.edu.cn/gbxxgk/gbxxzc/index.htm,https://www.bucea.edu.cn/gbxxgk/gbxxzc/index.htm,,school_verified
573,北京协和医学院,001,,物理类,物理,化学,597,29062,,普通本科批,https://www.pumc.edu.cn/jyjx/zsjy/index.htm,https://www.pumc.edu.cn/jyjx/zsjy/index.htm,,school_verified
574,中国戏曲学院,001,,历史类,历史,不限,566,9612,,普通本科批,https://www.nacta.edu.cn/docs//2026-01/bf317e610a214bbfb643c77f5746e131.pdf,https://www.nacta.edu.cn/docs//2026-01/bf317e610a214bbfb643c77f5746e131.pdf,,school_verified
575,北京联合大学,001,,历史类,历史,不限,566,9588,,普通本科批,https://graduate.buu.edu.cn/col/col30727/index.html,https://graduate.buu.edu.cn/col/col30727/index.html,,school_verified
575,北京联合大学,005,,物理类,物理,化学,561,58421,,普通本科批,https://graduate.buu.edu.cn/col/col30727/index.html,https://graduate.buu.edu.cn/col/col30727/index.html,,school_verified
575,北京联合大学,004,,物理类,物理,化学,553,66453,,普通本科批,https://graduate.buu.edu.cn/col/col30727/index.html,https://graduate.buu.edu.cn/col/col30727/index.html,,school_verified
575,北京联合大学,001,,物理类,物理,不限,553,66282,,普通本科批,https://graduate.buu.edu.cn/col/col30727/index.html,https://graduate.buu.edu.cn/col/col30727/index.html,,school_verified
575,北京联合大学,002,,历史类,历史,不限,552,13243,,普通本科批,https://graduate.buu.edu.cn/col/col30727/index.html,https://graduate.buu.edu.cn/col/col30727/index.html,,school_verified
575,北京联合大学,003,,历史类,历史,不限,547,14868,,普通本科批,https://graduate.buu.edu.cn/col/col30727/index.html,https://graduate.buu.edu.cn/col/col30727/index.html,,school_verified
575,北京联合大学,002,,物理类,物理,不限,547,73767,,普通本科批,https://graduate.buu.edu.cn/col/col30727/index.html,https://graduate.buu.edu.cn/col/col30727/index.html,,school_verified
575,北京联合大学,006,,物理类,物理,化学,521,104730,,普通本科批,https://graduate.buu.edu.cn/col/col30727/index.html,https://graduate.buu.edu.cn/col/col30727/index.html,,school_verified
575,北京联合大学,003,,物理类,物理,不限,513,115414,,普通本科批,https://graduate.buu.edu.cn/col/col30727/index.html,https://graduate.buu.edu.cn/col/col30727/index.html,,school_verified
578,北京农学院,001,,历史类,历史,不限,532,19872,,普通本科批,https://zsb.bua.edu.cn/info/1007/1986.htm,https://zsb.bua.edu.cn/info/1007/1986.htm,,school_verified
578,北京农学院,001,,物理类,物理,化学,527,96625,,普通本科批,https://zsb.bua.edu.cn/info/1007/1986.htm,https://zsb.bua.edu.cn/info/1007/1986.htm,,school_verified
578,北京农学院,002,,历史类,历史,不限,521,23839,,普通本科批,https://zsb.bua.edu.cn/info/1007/1986.htm,https://zsb.bua.edu.cn/info/1007/1986.htm,,school_verified
578,北京农学院,002,,物理类,物理,化学,499,135920,,普通本科批,https://zsb.bua.edu.cn/info/1007/1986.htm,https://zsb.bua.edu.cn/info/1007/1986.htm,,school_verified
579,中国劳动关系学院,003,,历史类,历史,不限,552,13474,,普通本科批,https://www.culr.edu.cn/xxgk/xxzc/index.htm,https://www.culr.edu.cn/xxgk/xxzc/index.htm,,school_verified
579,中国劳动关系学院,004,,历史类,历史,思想政治,546,15091,,普通本科批,https://www.culr.edu.cn/xxgk/xxzc/index.htm,https://www.culr.edu.cn/xxgk/xxzc/index.htm,,school_verified
579,中国劳动关系学院,004,,物理类,物理,化学,535,86797,,普通本科批,https://www.culr.edu.cn/xxgk/xxzc/index.htm,https://www.culr.edu.cn/xxgk/xxzc/index.htm,,school_verified
579,中国劳动关系学院,003,,物理类,物理,不限,535,86718,,普通本科批,https://www.culr.edu.cn/xxgk/xxzc/index.htm,https://www.culr.edu.cn/xxgk/xxzc/index.htm,,school_verified
580,北京石油化工学院,001,,物理类,物理,化学,538,83092,,普通本科批,http://zhaosheng.bipt.edu.cn/,http://zhaosheng.bipt.edu.cn/,,school_verified
580,北京石油化工学院,001,,历史类,历史,不限,527,21606,,普通本科批,http://zhaosheng.bipt.edu.cn/,http://zhaosheng.bipt.edu.cn/,,school_verified
584,首都医科大学,003,,物理类,物理,化学,639,7376,,普通本科批,https://www.ccmu.edu.cn/xxgk_6443/xxzc_7877/index.htm,https://www.ccmu.edu.cn/xxgk_6443/xxzc_7877/index.htm,,school_verified
584,首都医科大学,004,,物理类,物理,化学,594,30703,,普通本科批,https://www.ccmu.edu.cn/xxgk_6443/xxzc_7877/index.htm,https://www.ccmu.edu.cn/xxgk_6443/xxzc_7877/index.htm,,school_verified
586,北京物资学院,004,,物理类,物理,化学,568,52205,,普通本科批,https://www.bwu.edu.cn/,https://www.bwu.edu.cn/,,school_verified
586,北京物资学院,001,,物理类,物理,不限,566,54004,,普通本科批,https://www.bwu.edu.cn/,https://www.bwu.edu.cn/,,school_verified
586,北京物资学院,002,,物理类,物理,不限,555,64645,,普通本科批,https://www.bwu.edu.cn/,https://www.bwu.edu.cn/,,school_verified
586,北京物资学院,001,,历史类,历史,不限,548,14446,,普通本科批,https://www.bwu.edu.cn/,https://www.bwu.edu.cn/,,school_verified
586,北京物资学院,003,,物理类,物理,不限,513,116325,,普通本科批,https://www.bwu.edu.cn/,https://www.bwu.edu.cn/,,school_verified
586,北京物资学院,051,,物理类,物理,不限,484,158412,,普通本科批,https://www.bwu.edu.cn/,https://www.bwu.edu.cn/,,school_verified
589,首都师范大学,002,,物理类,物理,化学,618,15846,,普通本科批,https://www.cnu.edu.cn/zsjy/index.htm,https://www.cnu.edu.cn/zsjy/index.htm,,school_verified
589,首都师范大学,001,,物理类,物理,不限,608,21883,,普通本科批,https://www.cnu.edu.cn/zsjy/index.htm,https://www.cnu.edu.cn/zsjy/index.htm,,school_verified
589,首都师范大学,002,,历史类,历史,不限,600,3286,,普通本科批,https://www.cnu.edu.cn/zsjy/index.htm,https://www.cnu.edu.cn/zsjy/index.htm,,school_verified
590,北京印刷学院,001,,历史类,历史,不限,546,15298,,普通本科批,https://zhaosheng.bigc.edu.cn/zsxx/zszx/zcfb/b9f69bb24fcc48ee8b06be01c5a58e89.htm,https://zhaosheng.bigc.edu.cn/zsxx/zszx/zcfb/b9f69bb24fcc48ee8b06be01c5a58e89.htm,,school_verified
590,北京印刷学院,003,,物理类,物理,化学,543,77775,,普通本科批,https://zhaosheng.bigc.edu.cn/zsxx/zszx/zcfb/b9f69bb24fcc48ee8b06be01c5a58e89.htm,https://zhaosheng.bigc.edu.cn/zsxx/zszx/zcfb/b9f69bb24fcc48ee8b06be01c5a58e89.htm,,school_verified
590,北京印刷学院,002,,物理类,物理,不限,541,79759,,普通本科批,https://zhaosheng.bigc.edu.cn/zsxx/zszx/zcfb/b9f69bb24fcc48ee8b06be01c5a58e89.htm,https://zhaosheng.bigc.edu.cn/zsxx/zszx/zcfb/b9f69bb24fcc48ee8b06be01c5a58e89.htm,,school_verified
591,华北电力大学（保定）,005,,物理类,物理,化学,624,13170,,普通本科批,https://net.ncepu.edu.cn/zsjy/index.htm,https://net.ncepu.edu.cn/zsjy/index.htm,,school_verified
591,华北电力大学（保定）,004,,物理类,物理,不限,603,24569,,普通本科批,https://net.ncepu.edu.cn/zsjy/index.htm,https://net.ncepu.edu.cn/zsjy/index.htm,,school_verified
591,华北电力大学（保定）,001,,历史类,历史,不限,586,5424,,普通本科批,https://net.ncepu.edu.cn/zsjy/index.htm,https://net.ncepu.edu.cn/zsjy/index.htm,,school_verified
592,北京语言大学,007,,物理类,物理,化学,597,28665,,普通本科批,https://zsb.blcu.edu.cn/info/1061/1531.htm,https://zsb.blcu.edu.cn/info/1061/1531.htm,,school_verified
592,北京语言大学,005,,历史类,历史,思想政治,591,4703,,普通本科批,https://zsb.blcu.edu.cn/info/1061/1531.htm,https://zsb.blcu.edu.cn/info/1061/1531.htm,,school_verified
592,北京语言大学,003,,历史类,历史,不限,591,4702,,普通本科批,https://zsb.blcu.edu.cn/info/1061/1531.htm,https://zsb.blcu.edu.cn/info/1061/1531.htm,,school_verified
592,北京语言大学,008,,物理类,物理,思想政治,582,40019,,普通本科批,https://zsb.blcu.edu.cn/info/1061/1531.htm,https://zsb.blcu.edu.cn/info/1061/1531.htm,,school_verified
592,北京语言大学,004,,物理类,物理,不限,581,40387,,普通本科批,https://zsb.blcu.edu.cn/info/1061/1531.htm,https://zsb.blcu.edu.cn/info/1061/1531.htm,,school_verified
592,北京语言大学,006,,物理类,物理,化学,578,43049,,普通本科批,https://zsb.blcu.edu.cn/info/1061/1531.htm,https://zsb.blcu.edu.cn/info/1061/1531.htm,,school_verified
592,北京语言大学,005,,物理类,物理,不限,515,112987,,普通本科批,https://zsb.blcu.edu.cn/info/1061/1531.htm,https://zsb.blcu.edu.cn/info/1061/1531.htm,,school_verified
595,河北师范大学,004,,历史类,历史,思想政治,563,10260,,普通本科批,https://www.hebtu.edu.cn/a/zsjy/bkszs/index.html,https://www.hebtu.edu.cn/a/zsjy/bkszs/index.html,,school_verified
595,河北师范大学,008,,物理类,物理,化学,562,57179,,普通本科批,https://www.hebtu.edu.cn/a/zsjy/bkszs/index.html,https://www.hebtu.edu.cn/a/zsjy/bkszs/index.html,,school_verified
595,河北师范大学,006,,物理类,物理,化学,560,59254,,普通本科批,https://www.hebtu.edu.cn/a/zsjy/bkszs/index.html,https://www.hebtu.edu.cn/a/zsjy/bkszs/index.html,,school_verified
595,河北师范大学,007,,物理类,物理,化学,556,63710,,普通本科批,https://www.hebtu.edu.cn/a/zsjy/bkszs/index.html,https://www.hebtu.edu.cn/a/zsjy/bkszs/index.html,,school_verified
595,河北师范大学,005,,物理类,物理,化学,556,63885,,普通本科批,https://www.hebtu.edu.cn/a/zsjy/bkszs/index.html,https://www.hebtu.edu.cn/a/zsjy/bkszs/index.html,,school_verified
595,河北师范大学,001,,物理类,物理,不限,542,79514,,普通本科批,https://www.hebtu.edu.cn/a/zsjy/bkszs/index.html,https://www.hebtu.edu.cn/a/zsjy/bkszs/index.html,,school_verified
595,河北师范大学,001,,历史类,历史,不限,539,17284,,普通本科批,https://www.hebtu.edu.cn/a/zsjy/bkszs/index.html,https://www.hebtu.edu.cn/a/zsjy/bkszs/index.html,,school_verified
595,河北师范大学,002,,物理类,物理,不限,535,86873,,普通本科批,https://www.hebtu.edu.cn/a/zsjy/bkszs/index.html,https://www.hebtu.edu.cn/a/zsjy/bkszs/index.html,,school_verified
595,河北师范大学,002,,历史类,历史,不限,513,27466,,普通本科批,https://www.hebtu.edu.cn/a/zsjy/bkszs/index.html,https://www.hebtu.edu.cn/a/zsjy/bkszs/index.html,,school_verified
595,河北师范大学,003,,历史类,历史,不限,492,37149,,普通本科批,https://www.hebtu.edu.cn/a/zsjy/bkszs/index.html,https://www.hebtu.edu.cn/a/zsjy/bkszs/index.html,,school_verified
596,河北医科大学,001,,物理类,物理,化学,541,79886,,普通本科批,https://www.hebmu.edu.cn/a/xxgk/xxzc/index.html,https://www.hebmu.edu.cn/a/xxgk/xxzc/index.html,,school_verified
596,河北医科大学,002,,物理类,物理,化学、生物(2科必选),540,81713,,普通本科批,https://www.hebmu.edu.cn/a/xxgk/xxzc/index.html,https://www.hebmu.edu.cn/a/xxgk/xxzc/index.html,,school_verified
597,华北理工大学,005,,物理类,物理,化学,568,52382,,普通本科批,https://zsjyc.ncst.edu.cn/,https://zsjyc.ncst.edu.cn/,,school_verified
597,华北理工大学,001,,历史类,历史,不限,545,15577,,普通本科批,https://zsjyc.ncst.edu.cn/,https://zsjyc.ncst.edu.cn/,,school_verified
597,华北理工大学,002,,历史类,历史,不限,543,15987,,普通本科批,https://zsjyc.ncst.edu.cn/,https://zsjyc.ncst.edu.cn/,,school_verified
597,华北理工大学,009,,物理类,物理,化学、生物(2科必选),541,79916,,普通本科批,https://zsjyc.ncst.edu.cn/,https://zsjyc.ncst.edu.cn/,,school_verified
597,华北理工大学,003,,历史类,历史,不限,540,16934,,普通本科批,https://zsjyc.ncst.edu.cn/,https://zsjyc.ncst.edu.cn/,,school_verified
597,华北理工大学,004,,物理类,物理,化学,538,83349,,普通本科批,https://zsjyc.ncst.edu.cn/,https://zsjyc.ncst.edu.cn/,,school_verified
597,华北理工大学,003,,物理类,物理,不限,535,87638,,普通本科批,https://zsjyc.ncst.edu.cn/,https://zsjyc.ncst.edu.cn/,,school_verified
597,华北理工大学,002,,物理类,物理,不限,533,89882,,普通本科批,https://zsjyc.ncst.edu.cn/,https://zsjyc.ncst.edu.cn/,,school_verified
597,华北理工大学,007,,物理类,物理,化学,531,92434,,普通本科批,https://zsjyc.ncst.edu.cn/,https://zsjyc.ncst.edu.cn/,,school_verified
597,华北理工大学,001,,物理类,物理,不限,531,91903,,普通本科批,https://zsjyc.ncst.edu.cn/,https://zsjyc.ncst.edu.cn/,,school_verified
599,燕山大学,004,,物理类,物理,化学,594,30938,,普通本科批,https://www.ysu.edu.cn/xxgk/xxzc1.htm,https://www.ysu.edu.cn/xxgk/xxzc1.htm,,school_verified
599,燕山大学,005,,物理类,物理,化学,575,45450,,普通本科批,https://www.ysu.edu.cn/xxgk/xxzc1.htm,https://www.ysu.edu.cn/xxgk/xxzc1.htm,,school_verified
599,燕山大学,001,,物理类,物理,不限,566,53806,,普通本科批,https://www.ysu.edu.cn/xxgk/xxzc1.htm,https://www.ysu.edu.cn/xxgk/xxzc1.htm,,school_verified
599,燕山大学,002,,物理类,物理,不限,558,61360,,普通本科批,https://www.ysu.edu.cn/xxgk/xxzc1.htm,https://www.ysu.edu.cn/xxgk/xxzc1.htm,,school_verified
599,燕山大学,001,,历史类,历史,不限,555,12363,,普通本科批,https://www.ysu.edu.cn/xxgk/xxzc1.htm,https://www.ysu.edu.cn/xxgk/xxzc1.htm,,school_verified
599,燕山大学,003,,物理类,物理,不限,549,71467,,普通本科批,https://www.ysu.edu.cn/xxgk/xxzc1.htm,https://www.ysu.edu.cn/xxgk/xxzc1.htm,,school_verified
600,承德医学院,001,,物理类,物理,化学,558,61411,,普通本科批,https://www.cdmc.edu.cn/col/col380/index.html,https://www.cdmc.edu.cn/col/col380/index.html,,school_verified
600,承德医学院,002,,物理类,物理,化学,540,81805,,普通本科批,https://www.cdmc.edu.cn/col/col380/index.html,https://www.cdmc.edu.cn/col/col380/index.html,,school_verified
600,承德医学院,003,,物理类,物理,生物,511,118651,,普通本科批,https://www.cdmc.edu.cn/col/col380/index.html,https://www.cdmc.edu.cn/col/col380/index.html,,school_verified
601,河北北方学院,001,,物理类,物理,化学,551,68537,,普通本科批,https://www1.hebeinu.edu.cn/index.php?s=/List/index/cid/5.html,https://www1.hebeinu.edu.cn/index.php?s=/List/index/cid/5.html,,school_verified
601,河北北方学院,002,,物理类,物理,化学,514,113617,,普通本科批,https://www1.hebeinu.edu.cn/index.php?s=/List/index/cid/5.html,https://www1.hebeinu.edu.cn/index.php?s=/List/index/cid/5.html,,school_verified
602,河北工程大学,004,,物理类,物理,化学,553,67298,,普通本科批,https://zhaosheng.hebeu.edu.cn/info/1071/19954.htm,https://zhaosheng.hebeu.edu.cn/info/1071/19954.htm,,school_verified
602,河北工程大学,003,,物理类,物理,化学,540,80844,,普通本科批,https://zhaosheng.hebeu.edu.cn/info/1071/19954.htm,https://zhaosheng.hebeu.edu.cn/info/1071/19954.htm,,school_verified
602,河北工程大学,002,,历史类,历史,不限,539,17488,,普通本科批,https://zhaosheng.hebeu.edu.cn/info/1071/19954.htm,https://zhaosheng.hebeu.edu.cn/info/1071/19954.htm,,school_verified
602,河北工程大学,001,,物理类,物理,不限,533,89768,,普通本科批,https://zhaosheng.hebeu.edu.cn/info/1071/19954.htm,https://zhaosheng.hebeu.edu.cn/info/1071/19954.htm,,school_verified
602,河北工程大学,002,,物理类,物理,不限,526,98515,,普通本科批,https://zhaosheng.hebeu.edu.cn/info/1071/19954.htm,https://zhaosheng.hebeu.edu.cn/info/1071/19954.htm,,school_verified
602,河北工程大学,006,,物理类,物理,生物,518,108291,,普通本科批,https://zhaosheng.hebeu.edu.cn/info/1071/19954.htm,https://zhaosheng.hebeu.edu.cn/info/1071/19954.htm,,school_verified
602,河北工程大学,005,,物理类,物理,化学,518,108323,,普通本科批,https://zhaosheng.hebeu.edu.cn/info/1071/19954.htm,https://zhaosheng.hebeu.edu.cn/info/1071/19954.htm,,school_verified
602,河北工程大学,003,,历史类,历史,不限,512,27891,,普通本科批,https://zhaosheng.hebeu.edu.cn/info/1071/19954.htm,https://zhaosheng.hebeu.edu.cn/info/1071/19954.htm,,school_verified
603,河北建筑工程学院,001,,历史类,历史,不限,502,32433,,普通本科批,https://zs.hebiace.edu.cn/info/1003/1554.htm,https://zs.hebiace.edu.cn/info/1003/1554.htm,,school_verified
603,河北建筑工程学院,002,,物理类,物理,不限,499,135637,,普通本科批,https://zs.hebiace.edu.cn/info/1003/1554.htm,https://zs.hebiace.edu.cn/info/1003/1554.htm,,school_verified
603,河北建筑工程学院,001,,物理类,物理,不限,494,142481,,普通本科批,https://zs.hebiace.edu.cn/info/1003/1554.htm,https://zs.hebiace.edu.cn/info/1003/1554.htm,,school_verified
603,河北建筑工程学院,003,,物理类,物理,化学,492,146426,,普通本科批,https://zs.hebiace.edu.cn/info/1003/1554.htm,https://zs.hebiace.edu.cn/info/1003/1554.htm,,school_verified
604,应急管理大学,001,,历史类,历史,不限,508,29774,,普通本科批,https://www.ncist.edu.cn/index.htm,https://www.ncist.edu.cn/index.htm,,school_verified
604,应急管理大学,003,,物理类,物理,化学,508,123111,,普通本科批,https://www.ncist.edu.cn/index.htm,https://www.ncist.edu.cn/index.htm,,school_verified
604,应急管理大学,004,,物理类,物理,化学,503,129272,,普通本科批,https://www.ncist.edu.cn/index.htm,https://www.ncist.edu.cn/index.htm,,school_verified
604,应急管理大学,005,,物理类,物理,化学,502,131892,,普通本科批,https://www.ncist.edu.cn/index.htm,https://www.ncist.edu.cn/index.htm,,school_verified
604,应急管理大学,002,,物理类,物理,不限,500,133623,,普通本科批,https://www.ncist.edu.cn/index.htm,https://www.ncist.edu.cn/index.htm,,school_verified
606,河北地质大学,003,,物理类,物理,化学,531,91793,,普通本科批,https://www.hgu.edu.cn/xqzl/xxzc.htm,https://www.hgu.edu.cn/xqzl/xxzc.htm,,school_verified
606,河北地质大学,002,,物理类,物理,化学,524,101362,,普通本科批,https://www.hgu.edu.cn/xqzl/xxzc.htm,https://www.hgu.edu.cn/xqzl/xxzc.htm,,school_verified
606,河北地质大学,001,,历史类,历史,不限,522,23640,,普通本科批,https://www.hgu.edu.cn/xqzl/xxzc.htm,https://www.hgu.edu.cn/xqzl/xxzc.htm,,school_verified
606,河北地质大学,001,,物理类,物理,不限,521,104469,,普通本科批,https://www.hgu.edu.cn/xqzl/xxzc.htm,https://www.hgu.edu.cn/xqzl/xxzc.htm,,school_verified
606,河北地质大学,002,,历史类,历史,不限,504,31423,,普通本科批,https://www.hgu.edu.cn/xqzl/xxzc.htm,https://www.hgu.edu.cn/xqzl/xxzc.htm,,school_verified
607,石家庄铁道大学,004,,物理类,物理,化学,564,55618,,普通本科批,https://zs.stdu.edu.cn/,https://zs.stdu.edu.cn/,,school_verified
607,石家庄铁道大学,001,,历史类,历史,不限,561,10717,,普通本科批,https://zs.stdu.edu.cn/,https://zs.stdu.edu.cn/,,school_verified
607,石家庄铁道大学,002,,历史类,历史,不限,558,11713,,普通本科批,https://zs.stdu.edu.cn/,https://zs.stdu.edu.cn/,,school_verified
607,石家庄铁道大学,003,,物理类,物理,化学,556,63344,,普通本科批,https://zs.stdu.edu.cn/,https://zs.stdu.edu.cn/,,school_verified
607,石家庄铁道大学,001,,物理类,物理,不限,542,78796,,普通本科批,https://zs.stdu.edu.cn/,https://zs.stdu.edu.cn/,,school_verified
607,石家庄铁道大学,002,,物理类,物理,不限,538,84059,,普通本科批,https://zs.stdu.edu.cn/,https://zs.stdu.edu.cn/,,school_verified
609,邢台学院,001,,物理类,物理,化学,509,121153,,普通本科批,http://jwc.xttc.edu.cn/info/1481/13552.htm,http://jwc.xttc.edu.cn/info/1481/13552.htm,,school_verified
609,邢台学院,001,,历史类,历史,不限,505,30989,,普通本科批,http://jwc.xttc.edu.cn/info/1481/13552.htm,http://jwc.xttc.edu.cn/info/1481/13552.htm,,school_verified
609,邢台学院,003,,历史类,历史,不限,504,31221,,普通本科批,http://jwc.xttc.edu.cn/info/1481/13552.htm,http://jwc.xttc.edu.cn/info/1481/13552.htm,,school_verified
609,邢台学院,002,,历史类,历史,不限,502,32179,,普通本科批,http://jwc.xttc.edu.cn/info/1481/13552.htm,http://jwc.xttc.edu.cn/info/1481/13552.htm,,school_verified
609,邢台学院,002,,物理类,物理,化学,493,143979,,普通本科批,http://jwc.xttc.edu.cn/info/1481/13552.htm,http://jwc.xttc.edu.cn/info/1481/13552.htm,,school_verified
610,中国人民警察大学,005,,物理类,物理,化学,563,56603,,普通本科批,https://www.cppu.edu.cn/info/1036/3805.htm,https://www.cppu.edu.cn/info/1036/3805.htm,,school_verified
610,中国人民警察大学,004,,物理类,物理,不限,561,58682,,普通本科批,https://www.cppu.edu.cn/info/1036/3805.htm,https://www.cppu.edu.cn/info/1036/3805.htm,,school_verified
610,中国人民警察大学,006,,物理类,物理,思想政治,552,68384,,普通本科批,https://www.cppu.edu.cn/info/1036/3805.htm,https://www.cppu.edu.cn/info/1036/3805.htm,,school_verified
622,山东师范大学,004,,历史类,历史,地理,578,6904,,普通本科批,http://www.zsb.sdnu.edu.cn/info/1003/4642.htm,http://www.zsb.sdnu.edu.cn/info/1003/4642.htm,,school_verified
622,山东师范大学,007,,物理类,物理,地理,570,49686,,普通本科批,http://www.zsb.sdnu.edu.cn/info/1003/4642.htm,http://www.zsb.sdnu.edu.cn/info/1003/4642.htm,,school_verified
622,山东师范大学,002,,历史类,历史,不限,569,8867,,普通本科批,http://www.zsb.sdnu.edu.cn/info/1003/4642.htm,http://www.zsb.sdnu.edu.cn/info/1003/4642.htm,,school_verified
622,山东师范大学,006,,物理类,物理,化学,559,60974,,普通本科批,http://www.zsb.sdnu.edu.cn/info/1003/4642.htm,http://www.zsb.sdnu.edu.cn/info/1003/4642.htm,,school_verified
622,山东师范大学,003,,历史类,历史,不限,545,15534,,普通本科批,http://www.zsb.sdnu.edu.cn/info/1003/4642.htm,http://www.zsb.sdnu.edu.cn/info/1003/4642.htm,,school_verified
622,山东师范大学,004,,物理类,物理,不限,545,75858,,普通本科批,http://www.zsb.sdnu.edu.cn/info/1003/4642.htm,http://www.zsb.sdnu.edu.cn/info/1003/4642.htm,,school_verified
624,唐山师范学院,001,,历史类,历史,不限,503,31897,,普通本科批,https://www.tstc.edu.cn/xxgk/xxzc.htm,https://www.tstc.edu.cn/xxgk/xxzc.htm,,school_verified
624,唐山师范学院,001,,物理类,物理,不限,490,148400,,普通本科批,https://www.tstc.edu.cn/xxgk/xxzc.htm,https://www.tstc.edu.cn/xxgk/xxzc.htm,,school_verified
625,廊坊师范学院,002,,历史类,历史,思想政治,516,26259,,普通本科批,https://www.lfnu.edu.cn/zsk/col/1387947784458/2026/02/14/1771060799079.html,https://www.lfnu.edu.cn/zsk/col/1387947784458/2026/02/14/1771060799079.html,,school_verified
625,廊坊师范学院,003,,物理类,物理,思想政治,511,117933,,普通本科批,https://www.lfnu.edu.cn/zsk/col/1387947784458/2026/02/14/1771060799079.html,https://www.lfnu.edu.cn/zsk/col/1387947784458/2026/02/14/1771060799079.html,,school_verified
625,廊坊师范学院,001,,历史类,历史,不限,509,29265,,普通本科批,https://www.lfnu.edu.cn/zsk/col/1387947784458/2026/02/14/1771060799079.html,https://www.lfnu.edu.cn/zsk/col/1387947784458/2026/02/14/1771060799079.html,,school_verified
625,廊坊师范学院,001,,物理类,物理,不限,494,143847,,普通本科批,https://www.lfnu.edu.cn/zsk/col/1387947784458/2026/02/14/1771060799079.html,https://www.lfnu.edu.cn/zsk/col/1387947784458/2026/02/14/1771060799079.html,,school_verified
625,廊坊师范学院,002,,物理类,物理,化学,491,147132,,普通本科批,https://www.lfnu.edu.cn/zsk/col/1387947784458/2026/02/14/1771060799079.html,https://www.lfnu.edu.cn/zsk/col/1387947784458/2026/02/14/1771060799079.html,,school_verified
627,衡水学院,002,,历史类,历史,思想政治,508,29606,,普通本科批,https://www.hsnc.edu.cn/,https://www.hsnc.edu.cn/,,school_verified
627,衡水学院,001,,历史类,历史,不限,505,30876,,普通本科批,https://www.hsnc.edu.cn/,https://www.hsnc.edu.cn/,,school_verified
627,衡水学院,002,,物理类,物理,化学,495,141232,,普通本科批,https://www.hsnc.edu.cn/,https://www.hsnc.edu.cn/,,school_verified
627,衡水学院,001,,物理类,物理,不限,495,142230,,普通本科批,https://www.hsnc.edu.cn/,https://www.hsnc.edu.cn/,,school_verified
627,衡水学院,003,,物理类,物理,化学,485,156515,,普通本科批,https://www.hsnc.edu.cn/,https://www.hsnc.edu.cn/,,school_verified
629,邯郸学院,001,,历史类,历史,不限,515,26473,,普通本科批,https://www.hdc.edu.cn/,https://www.hdc.edu.cn/,,school_verified
629,邯郸学院,001,,物理类,物理,不限,496,139979,,普通本科批,https://www.hdc.edu.cn/,https://www.hdc.edu.cn/,,school_verified
629,邯郸学院,002,,物理类,物理,化学,492,146489,,普通本科批,https://www.hdc.edu.cn/,https://www.hdc.edu.cn/,,school_verified
629,邯郸学院,003,,物理类,物理,化学,485,157141,,普通本科批,https://www.hdc.edu.cn/,https://www.hdc.edu.cn/,,school_verified
633,广州工商学院,001,,历史类,历史,不限,493,36520,,普通本科批,https://www.gzgs.edu.cn/zsb/xia_jigk/zszc.htm,https://www.gzgs.edu.cn/zsb/xia_jigk/zszc.htm,,school_verified
633,广州工商学院,002,,物理类,物理,化学,462,189177,,普通本科批,https://www.gzgs.edu.cn/zsb/xia_jigk/zszc.htm,https://www.gzgs.edu.cn/zsb/xia_jigk/zszc.htm,,school_verified
633,广州工商学院,001,,物理类,物理,不限,461,191409,,普通本科批,https://www.gzgs.edu.cn/zsb/xia_jigk/zszc.htm,https://www.gzgs.edu.cn/zsb/xia_jigk/zszc.htm,,school_verified
650,保定学院,002,,历史类,历史,不限,517,25471,,普通本科批,http://zsxx.bdu.edu.cn/info/1076/1204.htm,http://zsxx.bdu.edu.cn/info/1076/1204.htm,,school_verified
650,保定学院,001,,历史类,历史,不限,507,30143,,普通本科批,http://zsxx.bdu.edu.cn/info/1076/1204.htm,http://zsxx.bdu.edu.cn/info/1076/1204.htm,,school_verified
650,保定学院,001,,物理类,物理,化学,505,126424,,普通本科批,http://zsxx.bdu.edu.cn/info/1076/1204.htm,http://zsxx.bdu.edu.cn/info/1076/1204.htm,,school_verified
655,上海海关学院,005,,物理类,物理,化学,600,26953,,普通本科批,https://www.shcc.edu.cn/,https://www.shcc.edu.cn/,,school_verified
655,上海海关学院,004,,物理类,物理,不限,593,31826,,普通本科批,https://www.shcc.edu.cn/,https://www.shcc.edu.cn/,,school_verified
661,电子科技大学,003,,物理类,物理,化学,661,1984,,普通本科批,https://en.uestc.edu.cn/admission.htm,https://en.uestc.edu.cn/admission.htm,,school_verified
661,电子科技大学,001,,物理类,物理,化学,654,3105,,普通本科批,https://en.uestc.edu.cn/admission.htm,https://en.uestc.edu.cn/admission.htm,,school_verified
661,电子科技大学,004,,物理类,物理,化学,651,3901,,普通本科批,https://en.uestc.edu.cn/admission.htm,https://en.uestc.edu.cn/admission.htm,,school_verified
661,电子科技大学,002,,物理类,物理,化学,636,8376,,普通本科批,https://en.uestc.edu.cn/admission.htm,https://en.uestc.edu.cn/admission.htm,,school_verified
661,电子科技大学,051,,物理类,物理,化学,635,8607,,普通本科批,https://en.uestc.edu.cn/admission.htm,https://en.uestc.edu.cn/admission.htm,,school_verified
661,电子科技大学,001,,历史类,历史,不限,620,1360,,普通本科批,https://en.uestc.edu.cn/admission.htm,https://en.uestc.edu.cn/admission.htm,,school_verified
676,上海建桥学院,002,,历史类,历史,生物,481,42415,,普通本科批,https://zsb.gench.edu.cn/2026/0415/c10744a180319/page.htm,https://zsb.gench.edu.cn/2026/0415/c10744a180319/page.htm,,school_verified
676,上海建桥学院,001,,历史类,历史,不限,478,44213,,普通本科批,https://zsb.gench.edu.cn/2026/0415/c10744a180319/page.htm,https://zsb.gench.edu.cn/2026/0415/c10744a180319/page.htm,,school_verified
676,上海建桥学院,001,,物理类,物理,不限,473,174447,,普通本科批,https://zsb.gench.edu.cn/2026/0415/c10744a180319/page.htm,https://zsb.gench.edu.cn/2026/0415/c10744a180319/page.htm,,school_verified
676,上海建桥学院,003,,物理类,物理,生物,463,188030,,普通本科批,https://zsb.gench.edu.cn/2026/0415/c10744a180319/page.htm,https://zsb.gench.edu.cn/2026/0415/c10744a180319/page.htm,,school_verified
676,上海建桥学院,002,,物理类,物理,化学,461,191212,,普通本科批,https://zsb.gench.edu.cn/2026/0415/c10744a180319/page.htm,https://zsb.gench.edu.cn/2026/0415/c10744a180319/page.htm,,school_verified
684,上海兴伟学院,001,,物理类,物理,不限,467,181987,,普通本科批,https://www.xingwei.edu.cn/cn/community/details&id=2248,https://www.xingwei.edu.cn/cn/community/details&id=2248,,school_verified
687,北华航天工业学院,001,,物理类,物理,化学,531,92552,,普通本科批,https://zb.nciae.edu.cn/info/1134/2500.htm,https://zb.nciae.edu.cn/info/1134/2500.htm,,school_verified
687,北华航天工业学院,001,,历史类,历史,不限,506,30415,,普通本科批,https://zb.nciae.edu.cn/info/1134/2500.htm,https://zb.nciae.edu.cn/info/1134/2500.htm,,school_verified
688,河北水利电力学院,002,,物理类,物理,化学,502,130781,,普通本科批,https://zsb.hbwe.edu.cn/info/1008/1094.htm,https://zsb.hbwe.edu.cn/info/1008/1094.htm,,school_verified
688,河北水利电力学院,001,,物理类,物理,不限,499,136284,,普通本科批,https://zsb.hbwe.edu.cn/info/1008/1094.htm,https://zsb.hbwe.edu.cn/info/1008/1094.htm,,school_verified
689,河北石油职业技术大学,001,,物理类,物理,不限,508,123257,,普通本科批,https://www.hebpu.edu.cn/info/1146/8690.htm,https://www.hebpu.edu.cn/info/1146/8690.htm,,school_verified
692,河北金融学院,001,,历史类,历史,不限,512,27836,,普通本科批,https://www.hbfu.edu.cn/info/xyjj?id=31,https://www.hbfu.edu.cn/info/xyjj?id=31,,school_verified
692,河北金融学院,002,,物理类,物理,不限,508,122830,,普通本科批,https://www.hbfu.edu.cn/info/xyjj?id=31,https://www.hbfu.edu.cn/info/xyjj?id=31,,school_verified
692,河北金融学院,001,,物理类,物理,不限,503,129919,,普通本科批,https://www.hbfu.edu.cn/info/xyjj?id=31,https://www.hbfu.edu.cn/info/xyjj?id=31,,school_verified
692,河北金融学院,004,,物理类,物理,化学,500,134262,,普通本科批,https://www.hbfu.edu.cn/info/xyjj?id=31,https://www.hbfu.edu.cn/info/xyjj?id=31,,school_verified
692,河北金融学院,002,,历史类,历史,不限,499,33801,,普通本科批,https://www.hbfu.edu.cn/info/xyjj?id=31,https://www.hbfu.edu.cn/info/xyjj?id=31,,school_verified
692,河北金融学院,003,,物理类,物理,不限,499,136281,,普通本科批,https://www.hbfu.edu.cn/info/xyjj?id=31,https://www.hbfu.edu.cn/info/xyjj?id=31,,school_verified
697,河北科技工程职业技术大学,001,,物理类,物理,不限,510,120164,,普通本科批,https://zs.hevute.edu.cn/tzgg/1f6c49eee1dc4f528825537d5e029f85.htm,https://zs.hevute.edu.cn/tzgg/1f6c49eee1dc4f528825537d5e029f85.htm,,school_verified
697,河北科技工程职业技术大学,001,,历史类,历史,不限,500,33044,,普通本科批,https://zs.hevute.edu.cn/tzgg/1f6c49eee1dc4f528825537d5e029f85.htm,https://zs.hevute.edu.cn/tzgg/1f6c49eee1dc4f528825537d5e029f85.htm,,school_verified
697,河北科技工程职业技术大学,002,,物理类,物理,化学,492,146756,,普通本科批,https://zs.hevute.edu.cn/tzgg/1f6c49eee1dc4f528825537d5e029f85.htm,https://zs.hevute.edu.cn/tzgg/1f6c49eee1dc4f528825537d5e029f85.htm,,school_verified
698,河北工业职业技术大学,002,,物理类,物理,不限,515,112283,,普通本科批,https://www.hbcit.edu.cn/zsjy/jy.htm,https://www.hbcit.edu.cn/zsjy/jy.htm,,school_verified
698,河北工业职业技术大学,003,,物理类,物理,不限,510,119467,,普通本科批,https://www.hbcit.edu.cn/zsjy/jy.htm,https://www.hbcit.edu.cn/zsjy/jy.htm,,school_verified
698,河北工业职业技术大学,001,,物理类,物理,不限,506,125017,,普通本科批,https://www.hbcit.edu.cn/zsjy/jy.htm,https://www.hbcit.edu.cn/zsjy/jy.htm,,school_verified
698,河北工业职业技术大学,004,,物理类,物理,化学,495,141582,,普通本科批,https://www.hbcit.edu.cn/zsjy/jy.htm,https://www.hbcit.edu.cn/zsjy/jy.htm,,school_verified
698,河北工业职业技术大学,005,,物理类,物理,化学,489,151248,,普通本科批,https://www.hbcit.edu.cn/zsjy/jy.htm,https://www.hbcit.edu.cn/zsjy/jy.htm,,school_verified
706,上海中侨职业技术大学,001,,历史类,历史,不限,463,51836,,普通本科批,https://zsb.shzq.edu.cn/2025/0507/c1396a47271/page.htm,https://zsb.shzq.edu.cn/2025/0507/c1396a47271/page.htm,,school_verified
706,上海中侨职业技术大学,001,,物理类,物理,不限,451,204450,,普通本科批,https://zsb.shzq.edu.cn/2025/0507/c1396a47271/page.htm,https://zsb.shzq.edu.cn/2025/0507/c1396a47271/page.htm,,school_verified
711,哈尔滨金融学院,003,,物理类,物理,化学,511,118214,,普通本科批,https://zs.hrbfu.edu.cn/info/1003/1072.htm,https://zs.hrbfu.edu.cn/info/1003/1072.htm,,school_verified
711,哈尔滨金融学院,001,,历史类,历史,不限,505,30888,,普通本科批,https://zs.hrbfu.edu.cn/info/1003/1072.htm,https://zs.hrbfu.edu.cn/info/1003/1072.htm,,school_verified
711,哈尔滨金融学院,002,,物理类,物理,不限,495,141159,,普通本科批,https://zs.hrbfu.edu.cn/info/1003/1072.htm,https://zs.hrbfu.edu.cn/info/1003/1072.htm,,school_verified
711,哈尔滨金融学院,001,,物理类,物理,不限,495,142387,,普通本科批,https://zs.hrbfu.edu.cn/info/1003/1072.htm,https://zs.hrbfu.edu.cn/info/1003/1072.htm,,school_verified
713,哈尔滨职业技术大学,001,,历史类,历史,不限,501,32745,,普通本科批,http://www.hrbzy.edu.cn/,http://www.hrbzy.edu.cn/,,school_verified
713,哈尔滨职业技术大学,001,,物理类,物理,不限,490,148855,,普通本科批,http://www.hrbzy.edu.cn/,http://www.hrbzy.edu.cn/,,school_verified
748,河北外国语学院,002,,历史类,历史,不限,504,31561,,普通本科批,https://www.hbwgydx.com/,https://www.hbwgydx.com/,,school_verified
748,河北外国语学院,001,,历史类,历史,不限,484,40834,,普通本科批,https://www.hbwgydx.com/,https://www.hbwgydx.com/,,school_verified
748,河北外国语学院,001,,物理类,物理,不限,473,174466,,普通本科批,https://www.hbwgydx.com/,https://www.hbwgydx.com/,,school_verified
748,河北外国语学院,002,,物理类,物理,不限,459,194128,,普通本科批,https://www.hbwgydx.com/,https://www.hbwgydx.com/,,school_verified
765,黑龙江工业学院,002,,历史类,历史,思想政治,501,32528,,普通本科批,https://www.hljut.edu.cn/a/zsjy/zs/zhaoshengzhangcheng/,https://www.hljut.edu.cn/a/zsjy/zs/zhaoshengzhangcheng/,,school_verified
765,黑龙江工业学院,001,,历史类,历史,不限,500,33199,,普通本科批,https://www.hljut.edu.cn/a/zsjy/zs/zhaoshengzhangcheng/,https://www.hljut.edu.cn/a/zsjy/zs/zhaoshengzhangcheng/,,school_verified
765,黑龙江工业学院,002,,物理类,物理,化学,489,150136,,普通本科批,https://www.hljut.edu.cn/a/zsjy/zs/zhaoshengzhangcheng/,https://www.hljut.edu.cn/a/zsjy/zs/zhaoshengzhangcheng/,,school_verified
765,黑龙江工业学院,001,,物理类,物理,不限,489,151263,,普通本科批,https://www.hljut.edu.cn/a/zsjy/zs/zhaoshengzhangcheng/,https://www.hljut.edu.cn/a/zsjy/zs/zhaoshengzhangcheng/,,school_verified
767,齐齐哈尔工程学院,001,,历史类,历史,不限,491,37496,,普通本科批,https://zsb.qqhrit.com/info/1021/1967.htm,https://zsb.qqhrit.com/info/1021/1967.htm,,school_verified
767,齐齐哈尔工程学院,002,,物理类,物理,生物,461,191158,,普通本科批,https://zsb.qqhrit.com/info/1021/1967.htm,https://zsb.qqhrit.com/info/1021/1967.htm,,school_verified
767,齐齐哈尔工程学院,001,,物理类,物理,化学,461,191391,,普通本科批,https://zsb.qqhrit.com/info/1021/1967.htm,https://zsb.qqhrit.com/info/1021/1967.htm,,school_verified
769,成都工业学院,003,,物理类,物理,化学,548,72781,,普通本科批,https://www.cdtu.edu.cn/,https://www.cdtu.edu.cn/,,school_verified
769,成都工业学院,001,,物理类,物理,化学,548,71856,,普通本科批,https://www.cdtu.edu.cn/,https://www.cdtu.edu.cn/,,school_verified
769,成都工业学院,002,,物理类,物理,化学,544,76335,,普通本科批,https://www.cdtu.edu.cn/,https://www.cdtu.edu.cn/,,school_verified
769,成都工业学院,004,,物理类,物理,化学,542,79497,,普通本科批,https://www.cdtu.edu.cn/,https://www.cdtu.edu.cn/,,school_verified
769,成都工业学院,005,,物理类,物理,化学,527,96494,,普通本科批,https://www.cdtu.edu.cn/,https://www.cdtu.edu.cn/,,school_verified
770,成都东软学院,001,,历史类,历史,不限,488,38861,,普通本科批,https://zs.nsu.edu.cn/Html/ZSZC.html,https://zs.nsu.edu.cn/Html/ZSZC.html,,school_verified
770,成都东软学院,001,,物理类,物理,不限,485,157167,,普通本科批,https://zs.nsu.edu.cn/Html/ZSZC.html,https://zs.nsu.edu.cn/Html/ZSZC.html,,school_verified
770,成都东软学院,002,,物理类,物理,化学,480,164109,,普通本科批,https://zs.nsu.edu.cn/Html/ZSZC.html,https://zs.nsu.edu.cn/Html/ZSZC.html,,school_verified
782,四川旅游学院,001,,历史类,历史,不限,509,29290,,普通本科批,https://www.sctu.edu.cn/xxgk2/xxzc1.htm,https://www.sctu.edu.cn/xxgk2/xxzc1.htm,,school_verified
782,四川旅游学院,001,,物理类,物理,不限,500,135005,,普通本科批,https://www.sctu.edu.cn/xxgk2/xxzc1.htm,https://www.sctu.edu.cn/xxgk2/xxzc1.htm,,school_verified
782,四川旅游学院,002,,物理类,物理,化学,493,145062,,普通本科批,https://www.sctu.edu.cn/xxgk2/xxzc1.htm,https://www.sctu.edu.cn/xxgk2/xxzc1.htm,,school_verified
782,四川旅游学院,003,,物理类,物理,化学,482,160523,,普通本科批,https://www.sctu.edu.cn/xxgk2/xxzc1.htm,https://www.sctu.edu.cn/xxgk2/xxzc1.htm,,school_verified
786,辽宁工程技术大学,003,,物理类,物理,化学,523,102791,,普通本科批,https://www.lntu.edu.cn/info/1028/20481.htm,https://www.lntu.edu.cn/info/1028/20481.htm,,school_verified
786,辽宁工程技术大学,002,,物理类,物理,不限,521,105379,,普通本科批,https://www.lntu.edu.cn/info/1028/20481.htm,https://www.lntu.edu.cn/info/1028/20481.htm,,school_verified
786,辽宁工程技术大学,001,,历史类,历史,不限,521,24184,,普通本科批,https://www.lntu.edu.cn/info/1028/20481.htm,https://www.lntu.edu.cn/info/1028/20481.htm,,school_verified
787,南通大学,004,,物理类,物理,地理,584,38463,,普通本科批,https://www.ntu.edu.cn/ntdxzc/list.htm,https://www.ntu.edu.cn/ntdxzc/list.htm,,school_verified
787,南通大学,002,,物理类,物理,化学,584,38314,,普通本科批,https://www.ntu.edu.cn/ntdxzc/list.htm,https://www.ntu.edu.cn/ntdxzc/list.htm,,school_verified
787,南通大学,002,,历史类,历史,不限,576,7418,,普通本科批,https://www.ntu.edu.cn/ntdxzc/list.htm,https://www.ntu.edu.cn/ntdxzc/list.htm,,school_verified
787,南通大学,001,,物理类,物理,不限,562,57566,,普通本科批,https://www.ntu.edu.cn/ntdxzc/list.htm,https://www.ntu.edu.cn/ntdxzc/list.htm,,school_verified
787,南通大学,003,,物理类,物理,化学,545,75907,,普通本科批,https://www.ntu.edu.cn/ntdxzc/list.htm,https://www.ntu.edu.cn/ntdxzc/list.htm,,school_verified
795,四川工程职业技术大学,001,,物理类,物理,不限,491,148238,,普通本科批,https://www.scpu.edu.cn/zsjy/zszc1.htm,https://www.scpu.edu.cn/zsjy/zszc1.htm,,school_verified
798,四川文理学院,002,,历史类,历史,思想政治,520,24493,,普通本科批,https://zjc.sasu.edu.cn/info/1026/5201.htm,https://zjc.sasu.edu.cn/info/1026/5201.htm,,school_verified
798,四川文理学院,001,,历史类,历史,不限,504,31417,,普通本科批,https://zjc.sasu.edu.cn/info/1026/5201.htm,https://zjc.sasu.edu.cn/info/1026/5201.htm,,school_verified
798,四川文理学院,001,,物理类,物理,不限,502,131787,,普通本科批,https://zjc.sasu.edu.cn/info/1026/5201.htm,https://zjc.sasu.edu.cn/info/1026/5201.htm,,school_verified
798,四川文理学院,002,,物理类,物理,化学,498,136770,,普通本科批,https://zjc.sasu.edu.cn/info/1026/5201.htm,https://zjc.sasu.edu.cn/info/1026/5201.htm,,school_verified
801,四川工业科技学院,001,,历史类,历史,不限,489,38482,,普通本科批,https://www.scit.edu.cn/zszxnewsli86_76065.htm,https://www.scit.edu.cn/zszxnewsli86_76065.htm,,school_verified
801,四川工业科技学院,001,,物理类,物理,化学,480,163842,,普通本科批,https://www.scit.edu.cn/zszxnewsli86_76065.htm,https://www.scit.edu.cn/zszxnewsli86_76065.htm,,school_verified
815,武汉商学院,001,,历史类,历史,不限,537,18155,,普通本科批,https://zs.wbu.edu.cn/2025/0717/c1348a82218/page.htm,https://zs.wbu.edu.cn/2025/0717/c1348a82218/page.htm,,school_verified
816,武汉职业技术大学,001,,物理类,物理,不限,515,113478,,普通本科批,https://www.wtc.edu.cn/5911/list.htm,https://www.wtc.edu.cn/5911/list.htm,,school_verified
817,汉江师范学院,001,,历史类,历史,不限,523,23212,,普通本科批,https://www.hjnu.edu.cn/xxgk1/xxzc.htm,https://www.hjnu.edu.cn/xxgk1/xxzc.htm,,school_verified
817,汉江师范学院,001,,物理类,物理,化学,519,106733,,普通本科批,https://www.hjnu.edu.cn/xxgk1/xxzc.htm,https://www.hjnu.edu.cn/xxgk1/xxzc.htm,,school_verified
822,吉利学院,001,,历史类,历史,不限,477,44286,,普通本科批,https://www.guc.edu.cn/,https://www.guc.edu.cn/,,school_verified
822,吉利学院,002,,物理类,物理,化学,477,167471,,普通本科批,https://www.guc.edu.cn/,https://www.guc.edu.cn/,,school_verified
822,吉利学院,001,,物理类,物理,不限,476,169005,,普通本科批,https://www.guc.edu.cn/,https://www.guc.edu.cn/,,school_verified
830,中国地质大学（北京）,003,,物理类,物理,不限,603,24512,,普通本科批,https://bm.cugb.edu.cn/gjhzyjl-en/c/2025-10-13/833802.shtml,https://bm.cugb.edu.cn/gjhzyjl-en/c/2025-10-13/833802.shtml,,school_verified
830,中国地质大学（北京）,004,,物理类,物理,化学,602,25591,,普通本科批,https://bm.cugb.edu.cn/gjhzyjl-en/c/2025-10-13/833802.shtml,https://bm.cugb.edu.cn/gjhzyjl-en/c/2025-10-13/833802.shtml,,school_verified
830,中国地质大学（北京）,001,,历史类,历史,不限,599,3477,,普通本科批,https://bm.cugb.edu.cn/gjhzyjl-en/c/2025-10-13/833802.shtml,https://bm.cugb.edu.cn/gjhzyjl-en/c/2025-10-13/833802.shtml,,school_verified
831,华北电力大学（北京）,005,,物理类,物理,化学,628,11540,,普通本科批,https://www.ncepu.edu.cn/xxgk/xxzc/index.htm,https://www.ncepu.edu.cn/xxgk/xxzc/index.htm,,school_verified
831,华北电力大学（北京）,004,,物理类,物理,不限,603,24529,,普通本科批,https://www.ncepu.edu.cn/xxgk/xxzc/index.htm,https://www.ncepu.edu.cn/xxgk/xxzc/index.htm,,school_verified
831,华北电力大学（北京）,002,,历史类,历史,不限,600,3309,,普通本科批,https://www.ncepu.edu.cn/xxgk/xxzc/index.htm,https://www.ncepu.edu.cn/xxgk/xxzc/index.htm,,school_verified
832,中国石油大学（北京）,003,,物理类,物理,化学,611,20184,,普通本科批,https://www.cup.edu.cn/xxgk/xxzc/index.htm,https://www.cup.edu.cn/xxgk/xxzc/index.htm,,school_verified
832,中国石油大学（北京）,002,,物理类,物理,不限,607,22637,,普通本科批,https://www.cup.edu.cn/xxgk/xxzc/index.htm,https://www.cup.edu.cn/xxgk/xxzc/index.htm,,school_verified
832,中国石油大学（北京）,002,,历史类,历史,思想政治,606,2700,,普通本科批,https://www.cup.edu.cn/xxgk/xxzc/index.htm,https://www.cup.edu.cn/xxgk/xxzc/index.htm,,school_verified
832,中国石油大学（北京）,001,,历史类,历史,不限,603,3034,,普通本科批,https://www.cup.edu.cn/xxgk/xxzc/index.htm,https://www.cup.edu.cn/xxgk/xxzc/index.htm,,school_verified
833,河南师范大学,002,,历史类,历史,不限,554,12606,,普通本科批,https://www.htu.edu.cn/2024/0219/c21036a297779/page.htm,https://www.htu.edu.cn/2024/0219/c21036a297779/page.htm,,school_verified
833,河南师范大学,002,,物理类,物理,化学,527,96843,,普通本科批,https://www.htu.edu.cn/2024/0219/c21036a297779/page.htm,https://www.htu.edu.cn/2024/0219/c21036a297779/page.htm,,school_verified
833,河南师范大学,001,,历史类,历史,不限,526,21921,,普通本科批,https://www.htu.edu.cn/2024/0219/c21036a297779/page.htm,https://www.htu.edu.cn/2024/0219/c21036a297779/page.htm,,school_verified
833,河南师范大学,001,,物理类,物理,不限,473,173812,,普通本科批,https://www.htu.edu.cn/2024/0219/c21036a297779/page.htm,https://www.htu.edu.cn/2024/0219/c21036a297779/page.htm,,school_verified
834,安阳工学院,001,,历史类,历史,不限,504,31245,,普通本科批,http://zs.ayit.edu.cn/,http://zs.ayit.edu.cn/,,school_verified
834,安阳工学院,001,,物理类,物理,化学,501,132220,,普通本科批,http://zs.ayit.edu.cn/,http://zs.ayit.edu.cn/,,school_verified
834,安阳工学院,002,,物理类,物理,化学,480,164038,,普通本科批,http://zs.ayit.edu.cn/,http://zs.ayit.edu.cn/,,school_verified
853,南阳理工学院,005,,物理类,物理,化学,519,107047,,普通本科批,https://www.nyist.edu.cn/xxgk/xxzc.htm,https://www.nyist.edu.cn/xxgk/xxzc.htm,,school_verified
853,南阳理工学院,006,,物理类,物理,化学,516,110948,,普通本科批,https://www.nyist.edu.cn/xxgk/xxzc.htm,https://www.nyist.edu.cn/xxgk/xxzc.htm,,school_verified
853,南阳理工学院,004,,物理类,物理,不限,512,117019,,普通本科批,https://www.nyist.edu.cn/xxgk/xxzc.htm,https://www.nyist.edu.cn/xxgk/xxzc.htm,,school_verified
853,南阳理工学院,004,,历史类,历史,不限,511,28266,,普通本科批,https://www.nyist.edu.cn/xxgk/xxzc.htm,https://www.nyist.edu.cn/xxgk/xxzc.htm,,school_verified
853,南阳理工学院,010,,物理类,物理,化学,511,118919,,普通本科批,https://www.nyist.edu.cn/xxgk/xxzc.htm,https://www.nyist.edu.cn/xxgk/xxzc.htm,,school_verified
853,南阳理工学院,001,,历史类,历史,不限,510,28437,,普通本科批,https://www.nyist.edu.cn/xxgk/xxzc.htm,https://www.nyist.edu.cn/xxgk/xxzc.htm,,school_verified
853,南阳理工学院,002,,历史类,历史,不限,508,29698,,普通本科批,https://www.nyist.edu.cn/xxgk/xxzc.htm,https://www.nyist.edu.cn/xxgk/xxzc.htm,,school_verified
853,南阳理工学院,011,,物理类,物理,化学,508,123308,,普通本科批,https://www.nyist.edu.cn/xxgk/xxzc.htm,https://www.nyist.edu.cn/xxgk/xxzc.htm,,school_verified
853,南阳理工学院,003,,历史类,历史,不限,506,30375,,普通本科批,https://www.nyist.edu.cn/xxgk/xxzc.htm,https://www.nyist.edu.cn/xxgk/xxzc.htm,,school_verified
853,南阳理工学院,009,,物理类,物理,化学,506,125014,,普通本科批,https://www.nyist.edu.cn/xxgk/xxzc.htm,https://www.nyist.edu.cn/xxgk/xxzc.htm,,school_verified
858,天津中德应用技术大学,001,,历史类,历史,不限,531,20246,,普通本科批,https://zs.tsguas.edu.cn/info/1003/1826.htm,https://zs.tsguas.edu.cn/info/1003/1826.htm,,school_verified
858,天津中德应用技术大学,002,,物理类,物理,化学,523,101686,,普通本科批,https://zs.tsguas.edu.cn/info/1003/1826.htm,https://zs.tsguas.edu.cn/info/1003/1826.htm,,school_verified
858,天津中德应用技术大学,001,,物理类,物理,不限,511,118233,,普通本科批,https://zs.tsguas.edu.cn/info/1003/1826.htm,https://zs.tsguas.edu.cn/info/1003/1826.htm,,school_verified
862,西安外事学院,001,,历史类,历史,不限,477,44652,,普通本科批,https://www.xaiu.edu.cn/,https://www.xaiu.edu.cn/,,school_verified
862,西安外事学院,003,,物理类,物理,生物,473,174549,,普通本科批,https://www.xaiu.edu.cn/,https://www.xaiu.edu.cn/,,school_verified
862,西安外事学院,001,,物理类,物理,不限,465,185035,,普通本科批,https://www.xaiu.edu.cn/,https://www.xaiu.edu.cn/,,school_verified
862,西安外事学院,002,,物理类,物理,化学,464,186740,,普通本科批,https://www.xaiu.edu.cn/,https://www.xaiu.edu.cn/,,school_verified
863,西安思源学院,001,,历史类,历史,不限,479,43583,,普通本科批,https://zb.xasyu.cn/web/?path=newsshow&bm=1&newsid=2448,https://zb.xasyu.cn/web/?path=newsshow&bm=1&newsid=2448,,school_verified
863,西安思源学院,002,,历史类,历史,生物,478,44071,,普通本科批,https://zb.xasyu.cn/web/?path=newsshow&bm=1&newsid=2448,https://zb.xasyu.cn/web/?path=newsshow&bm=1&newsid=2448,,school_verified
863,西安思源学院,003,,物理类,物理,生物,471,176300,,普通本科批,https://zb.xasyu.cn/web/?path=newsshow&bm=1&newsid=2448,https://zb.xasyu.cn/web/?path=newsshow&bm=1&newsid=2448,,school_verified
863,西安思源学院,001,,物理类,物理,不限,471,176545,,普通本科批,https://zb.xasyu.cn/web/?path=newsshow&bm=1&newsid=2448,https://zb.xasyu.cn/web/?path=newsshow&bm=1&newsid=2448,,school_verified
863,西安思源学院,002,,物理类,物理,化学,463,187759,,普通本科批,https://zb.xasyu.cn/web/?path=newsshow&bm=1&newsid=2448,https://zb.xasyu.cn/web/?path=newsshow&bm=1&newsid=2448,,school_verified
866,北京体育大学,005,,物理类,物理,不限,608,21658,,普通本科批,http://zs.bsu.edu.cn/,http://zs.bsu.edu.cn/,,school_verified
866,北京体育大学,008,,物理类,物理,化学,605,23300,,普通本科批,http://zs.bsu.edu.cn/,http://zs.bsu.edu.cn/,,school_verified
866,北京体育大学,004,,物理类,物理,不限,598,28024,,普通本科批,http://zs.bsu.edu.cn/,http://zs.bsu.edu.cn/,,school_verified
866,北京体育大学,004,,历史类,历史,不限,596,3967,,普通本科批,http://zs.bsu.edu.cn/,http://zs.bsu.edu.cn/,,school_verified
866,北京体育大学,006,,物理类,物理,不限,591,32872,,普通本科批,http://zs.bsu.edu.cn/,http://zs.bsu.edu.cn/,,school_verified
866,北京体育大学,009,,物理类,物理,化学,590,33405,,普通本科批,http://zs.bsu.edu.cn/,http://zs.bsu.edu.cn/,,school_verified
866,北京体育大学,003,,历史类,历史,不限,589,4963,,普通本科批,http://zs.bsu.edu.cn/,http://zs.bsu.edu.cn/,,school_verified
866,北京体育大学,006,,历史类,历史,思想政治,588,5042,,普通本科批,http://zs.bsu.edu.cn/,http://zs.bsu.edu.cn/,,school_verified
867,江西水利电力大学,004,,物理类,物理,化学,533,90108,,普通本科批,https://envo.juwp.edu.cn/info/1186/3962.htm,https://envo.juwp.edu.cn/info/1186/3962.htm,,school_verified
867,江西水利电力大学,005,,物理类,物理,化学,526,98420,,普通本科批,https://envo.juwp.edu.cn/info/1186/3962.htm,https://envo.juwp.edu.cn/info/1186/3962.htm,,school_verified
867,江西水利电力大学,001,,历史类,历史,不限,521,23794,,普通本科批,https://envo.juwp.edu.cn/info/1186/3962.htm,https://envo.juwp.edu.cn/info/1186/3962.htm,,school_verified
867,江西水利电力大学,003,,物理类,物理,不限,521,105098,,普通本科批,https://envo.juwp.edu.cn/info/1186/3962.htm,https://envo.juwp.edu.cn/info/1186/3962.htm,,school_verified
867,江西水利电力大学,006,,物理类,物理,生物,512,116504,,普通本科批,https://envo.juwp.edu.cn/info/1186/3962.htm,https://envo.juwp.edu.cn/info/1186/3962.htm,,school_verified
868,南昌理工学院,001,,历史类,历史,不限,490,37920,,普通本科批,https://zsb.nut.edu.cn/index.php/cms/item-view-id-3264.shtml,https://zsb.nut.edu.cn/index.php/cms/item-view-id-3264.shtml,,school_verified
868,南昌理工学院,004,,物理类,物理,化学,483,159560,,普通本科批,https://zsb.nut.edu.cn/index.php/cms/item-view-id-3264.shtml,https://zsb.nut.edu.cn/index.php/cms/item-view-id-3264.shtml,,school_verified
868,南昌理工学院,001,,物理类,物理,不限,480,164520,,普通本科批,https://zsb.nut.edu.cn/index.php/cms/item-view-id-3264.shtml,https://zsb.nut.edu.cn/index.php/cms/item-view-id-3264.shtml,,school_verified
868,南昌理工学院,003,,物理类,物理,化学,479,165397,,普通本科批,https://zsb.nut.edu.cn/index.php/cms/item-view-id-3264.shtml,https://zsb.nut.edu.cn/index.php/cms/item-view-id-3264.shtml,,school_verified
869,江西科技学院,001,,历史类,历史,不限,488,39076,,普通本科批,https://zjc.jxut.edu.cn/ygzsw.htm,https://zjc.jxut.edu.cn/ygzsw.htm,,school_verified
869,江西科技学院,001,,物理类,物理,化学,483,159636,,普通本科批,https://zjc.jxut.edu.cn/ygzsw.htm,https://zjc.jxut.edu.cn/ygzsw.htm,,school_verified
869,江西科技学院,002,,物理类,物理,生物,482,161487,,普通本科批,https://zjc.jxut.edu.cn/ygzsw.htm,https://zjc.jxut.edu.cn/ygzsw.htm,,school_verified
873,河南中医药大学,002,,历史类,历史,不限,563,10334,,普通本科批,https://www.hactcm.edu.cn/zsjy.htm,https://www.hactcm.edu.cn/zsjy.htm,,school_verified
873,河南中医药大学,002,,物理类,物理,不限,549,70813,,普通本科批,https://www.hactcm.edu.cn/zsjy.htm,https://www.hactcm.edu.cn/zsjy.htm,,school_verified
873,河南中医药大学,003,,物理类,物理,化学,545,76096,,普通本科批,https://www.hactcm.edu.cn/zsjy.htm,https://www.hactcm.edu.cn/zsjy.htm,,school_verified
873,河南中医药大学,003,,历史类,历史,生物,543,16216,,普通本科批,https://www.hactcm.edu.cn/zsjy.htm,https://www.hactcm.edu.cn/zsjy.htm,,school_verified
873,河南中医药大学,004,,物理类,物理,化学,536,85989,,普通本科批,https://www.hactcm.edu.cn/zsjy.htm,https://www.hactcm.edu.cn/zsjy.htm,,school_verified
873,河南中医药大学,005,,物理类,物理,生物,532,90645,,普通本科批,https://www.hactcm.edu.cn/zsjy.htm,https://www.hactcm.edu.cn/zsjy.htm,,school_verified
873,河南中医药大学,001,,历史类,历史,不限,529,21061,,普通本科批,https://www.hactcm.edu.cn/zsjy.htm,https://www.hactcm.edu.cn/zsjy.htm,,school_verified
873,河南中医药大学,001,,物理类,物理,不限,520,105430,,普通本科批,https://www.hactcm.edu.cn/zsjy.htm,https://www.hactcm.edu.cn/zsjy.htm,,school_verified
875,首都经济贸易大学,003,,物理类,物理,化学,599,27453,,普通本科批,https://www.cueb.edu.cn/,https://www.cueb.edu.cn/,,school_verified
875,首都经济贸易大学,002,,物理类,物理,不限,594,30849,,普通本科批,https://www.cueb.edu.cn/,https://www.cueb.edu.cn/,,school_verified
875,首都经济贸易大学,001,,历史类,历史,不限,586,5479,,普通本科批,https://www.cueb.edu.cn/,https://www.cueb.edu.cn/,,school_verified
875,首都经济贸易大学,004,,物理类,物理,化学,577,43751,,普通本科批,https://www.cueb.edu.cn/,https://www.cueb.edu.cn/,,school_verified
876,信阳师范大学,002,,历史类,历史,思想政治,534,19133,,普通本科批,https://www.xynu.edu.cn/xxgk/dxzc.htm,https://www.xynu.edu.cn/xxgk/dxzc.htm,,school_verified
876,信阳师范大学,003,,历史类,历史,地理,527,21851,,普通本科批,https://www.xynu.edu.cn/xxgk/dxzc.htm,https://www.xynu.edu.cn/xxgk/dxzc.htm,,school_verified
876,信阳师范大学,001,,历史类,历史,不限,524,22981,,普通本科批,https://www.xynu.edu.cn/xxgk/dxzc.htm,https://www.xynu.edu.cn/xxgk/dxzc.htm,,school_verified
876,信阳师范大学,002,,物理类,物理,化学,519,107746,,普通本科批,https://www.xynu.edu.cn/xxgk/dxzc.htm,https://www.xynu.edu.cn/xxgk/dxzc.htm,,school_verified
876,信阳师范大学,001,,物理类,物理,不限,515,113306,,普通本科批,https://www.xynu.edu.cn/xxgk/dxzc.htm,https://www.xynu.edu.cn/xxgk/dxzc.htm,,school_verified
879,北京信息科技大学,002,,物理类,物理,化学,602,25673,,普通本科批,https://www.bistu.edu.cn/xxgk/dxzc/index.html,https://www.bistu.edu.cn/xxgk/dxzc/index.html,,school_verified
879,北京信息科技大学,001,,物理类,物理,不限,601,26266,,普通本科批,https://www.bistu.edu.cn/xxgk/dxzc/index.html,https://www.bistu.edu.cn/xxgk/dxzc/index.html,,school_verified
879,北京信息科技大学,003,,物理类,物理,化学,583,39375,,普通本科批,https://www.bistu.edu.cn/xxgk/dxzc/index.html,https://www.bistu.edu.cn/xxgk/dxzc/index.html,,school_verified
880,平顶山学院,001,,历史类,历史,不限,504,31250,,普通本科批,https://zsxx.pdsu.edu.cn/info/1059/2736.htm,https://zsxx.pdsu.edu.cn/info/1059/2736.htm,,school_verified
880,平顶山学院,002,,物理类,物理,化学,494,142789,,普通本科批,https://zsxx.pdsu.edu.cn/info/1059/2736.htm,https://zsxx.pdsu.edu.cn/info/1059/2736.htm,,school_verified
880,平顶山学院,001,,物理类,物理,不限,494,142880,,普通本科批,https://zsxx.pdsu.edu.cn/info/1059/2736.htm,https://zsxx.pdsu.edu.cn/info/1059/2736.htm,,school_verified
883,河南科技学院,001,,历史类,历史,不限,518,25403,,普通本科批,https://www.hist.edu.cn/xxgk1/xxzc.htm,https://www.hist.edu.cn/xxgk1/xxzc.htm,,school_verified
883,河南科技学院,001,,物理类,物理,不限,499,136381,,普通本科批,https://www.hist.edu.cn/xxgk1/xxzc.htm,https://www.hist.edu.cn/xxgk1/xxzc.htm,,school_verified
883,河南科技学院,002,,物理类,物理,化学,496,140250,,普通本科批,https://www.hist.edu.cn/xxgk1/xxzc.htm,https://www.hist.edu.cn/xxgk1/xxzc.htm,,school_verified
884,黄淮学院,001,,历史类,历史,不限,507,30006,,普通本科批,https://zhaosheng.huanghuai.edu.cn/bkzn/c9c6d29265f64ba296a758ed59e093dd.htm,https://zhaosheng.huanghuai.edu.cn/bkzn/c9c6d29265f64ba296a758ed59e093dd.htm,,school_verified
884,黄淮学院,003,,物理类,物理,生物,498,136515,,普通本科批,https://zhaosheng.huanghuai.edu.cn/bkzn/c9c6d29265f64ba296a758ed59e093dd.htm,https://zhaosheng.huanghuai.edu.cn/bkzn/c9c6d29265f64ba296a758ed59e093dd.htm,,school_verified
884,黄淮学院,001,,物理类,物理,不限,491,147445,,普通本科批,https://zhaosheng.huanghuai.edu.cn/bkzn/c9c6d29265f64ba296a758ed59e093dd.htm,https://zhaosheng.huanghuai.edu.cn/bkzn/c9c6d29265f64ba296a758ed59e093dd.htm,,school_verified
884,黄淮学院,002,,物理类,物理,化学,490,149070,,普通本科批,https://zhaosheng.huanghuai.edu.cn/bkzn/c9c6d29265f64ba296a758ed59e093dd.htm,https://zhaosheng.huanghuai.edu.cn/bkzn/c9c6d29265f64ba296a758ed59e093dd.htm,,school_verified
888,萍乡学院,001,,历史类,历史,不限,504,31452,,普通本科批,https://zsw.pxc.jx.cn/info/1103/3335.htm,https://zsw.pxc.jx.cn/info/1103/3335.htm,,school_verified
888,萍乡学院,001,,物理类,物理,不限,497,138321,,普通本科批,https://zsw.pxc.jx.cn/info/1103/3335.htm,https://zsw.pxc.jx.cn/info/1103/3335.htm,,school_verified
888,萍乡学院,002,,物理类,物理,化学,493,144592,,普通本科批,https://zsw.pxc.jx.cn/info/1103/3335.htm,https://zsw.pxc.jx.cn/info/1103/3335.htm,,school_verified
889,景德镇学院,001,,物理类,物理,化学,524,100175,,普通本科批,http://zsw.jdzu.edu.cn/info/1012/1711.htm,http://zsw.jdzu.edu.cn/info/1012/1711.htm,,school_verified
889,景德镇学院,001,,历史类,历史,不限,523,23269,,普通本科批,http://zsw.jdzu.edu.cn/info/1012/1711.htm,http://zsw.jdzu.edu.cn/info/1012/1711.htm,,school_verified
891,新余学院,001,,历史类,历史,不限,511,28313,,普通本科批,http://zb.xyc.edu.cn/info/1016/2241.htm,http://zb.xyc.edu.cn/info/1016/2241.htm,,school_verified
891,新余学院,002,,历史类,历史,不限,509,29096,,普通本科批,http://zb.xyc.edu.cn/info/1016/2241.htm,http://zb.xyc.edu.cn/info/1016/2241.htm,,school_verified
891,新余学院,005,,物理类,物理,生物,506,125211,,普通本科批,http://zb.xyc.edu.cn/info/1016/2241.htm,http://zb.xyc.edu.cn/info/1016/2241.htm,,school_verified
891,新余学院,004,,物理类,物理,化学,505,127015,,普通本科批,http://zb.xyc.edu.cn/info/1016/2241.htm,http://zb.xyc.edu.cn/info/1016/2241.htm,,school_verified
891,新余学院,003,,物理类,物理,化学,501,132586,,普通本科批,http://zb.xyc.edu.cn/info/1016/2241.htm,http://zb.xyc.edu.cn/info/1016/2241.htm,,school_verified
891,新余学院,001,,物理类,物理,不限,498,137696,,普通本科批,http://zb.xyc.edu.cn/info/1016/2241.htm,http://zb.xyc.edu.cn/info/1016/2241.htm,,school_verified
891,新余学院,002,,物理类,物理,不限,497,138887,,普通本科批,http://zb.xyc.edu.cn/info/1016/2241.htm,http://zb.xyc.edu.cn/info/1016/2241.htm,,school_verified
893,江西职业技术大学,001,,物理类,物理,不限,493,145234,,普通本科批,https://zsw.jxpu.edu.cn/zszc.htm,https://zsw.jxpu.edu.cn/zszc.htm,,school_verified
894,河南工学院,001,,物理类,物理,化学,512,116530,,普通本科批,https://zsxx.hait.edu.cn/,https://zsxx.hait.edu.cn/,,school_verified
909,南昌职业大学,001,,历史类,历史,不限,482,41772,,普通本科批,https://zsb.nvu.edu.cn/zhaoshengzixun/zuixinxiaoxi/html.php?c-6162.html,https://zsb.nvu.edu.cn/zhaoshengzixun/zuixinxiaoxi/html.php?c-6162.html,,school_verified
909,南昌职业大学,001,,物理类,物理,不限,478,167291,,普通本科批,https://zsb.nvu.edu.cn/zhaoshengzixun/zuixinxiaoxi/html.php?c-6162.html,https://zsb.nvu.edu.cn/zhaoshengzixun/zuixinxiaoxi/html.php?c-6162.html,,school_verified
919,山西中医药大学,001,,历史类,历史,不限,553,13005,,普通本科批,https://bkzs.sxtcm.edu.cn/info/1004/1680.htm,https://bkzs.sxtcm.edu.cn/info/1004/1680.htm,,school_verified
919,山西中医药大学,001,,物理类,物理,不限,534,88681,,普通本科批,https://bkzs.sxtcm.edu.cn/info/1004/1680.htm,https://bkzs.sxtcm.edu.cn/info/1004/1680.htm,,school_verified
919,山西中医药大学,005,,物理类,物理,生物,533,89137,,普通本科批,https://bkzs.sxtcm.edu.cn/info/1004/1680.htm,https://bkzs.sxtcm.edu.cn/info/1004/1680.htm,,school_verified
919,山西中医药大学,002,,物理类,物理,不限,527,97060,,普通本科批,https://bkzs.sxtcm.edu.cn/info/1004/1680.htm,https://bkzs.sxtcm.edu.cn/info/1004/1680.htm,,school_verified
919,山西中医药大学,002,,历史类,历史,生物,523,23300,,普通本科批,https://bkzs.sxtcm.edu.cn/info/1004/1680.htm,https://bkzs.sxtcm.edu.cn/info/1004/1680.htm,,school_verified
919,山西中医药大学,006,,物理类,物理,生物,523,102024,,普通本科批,https://bkzs.sxtcm.edu.cn/info/1004/1680.htm,https://bkzs.sxtcm.edu.cn/info/1004/1680.htm,,school_verified
919,山西中医药大学,003,,物理类,物理,不限,518,108229,,普通本科批,https://bkzs.sxtcm.edu.cn/info/1004/1680.htm,https://bkzs.sxtcm.edu.cn/info/1004/1680.htm,,school_verified
919,山西中医药大学,004,,物理类,物理,化学,509,120521,,普通本科批,https://bkzs.sxtcm.edu.cn/info/1004/1680.htm,https://bkzs.sxtcm.edu.cn/info/1004/1680.htm,,school_verified
920,运城学院,001,,物理类,物理,不限,488,151540,,普通本科批,https://www.ycu.edu.cn,https://www.ycu.edu.cn,,school_verified
921,晋中学院,001,,历史类,历史,不限,509,28961,,普通本科批,http://www.jzxy.edu.cn/xyzc.html,http://www.jzxy.edu.cn/xyzc.html,,school_verified
921,晋中学院,001,,物理类,物理,化学,490,149236,,普通本科批,http://www.jzxy.edu.cn/xyzc.html,http://www.jzxy.edu.cn/xyzc.html,,school_verified
928,江西应用科技学院,001,,历史类,历史,不限,477,44682,,普通本科批,https://www.jxuas.edu.cn/zhaosheng/info/1065/1888.htm,https://www.jxuas.edu.cn/zhaosheng/info/1065/1888.htm,,school_verified
928,江西应用科技学院,002,,物理类,物理,不限,472,175922,,普通本科批,https://www.jxuas.edu.cn/zhaosheng/info/1065/1888.htm,https://www.jxuas.edu.cn/zhaosheng/info/1065/1888.htm,,school_verified
928,江西应用科技学院,001,,物理类,物理,不限,464,186493,,普通本科批,https://www.jxuas.edu.cn/zhaosheng/info/1065/1888.htm,https://www.jxuas.edu.cn/zhaosheng/info/1065/1888.htm,,school_verified
928,江西应用科技学院,003,,物理类,物理,化学,461,191253,,普通本科批,https://www.jxuas.edu.cn/zhaosheng/info/1065/1888.htm,https://www.jxuas.edu.cn/zhaosheng/info/1065/1888.htm,,school_verified
929,西昌学院,001,,历史类,历史,不限,504,31180,,普通本科批,https://zszhpt.xcc.edu.cn/f/newsCenter/articles/4faa2102b15f4a539ab8f205b3bdbda4,https://zszhpt.xcc.edu.cn/f/newsCenter/articles/4faa2102b15f4a539ab8f205b3bdbda4,,school_verified
929,西昌学院,002,,历史类,历史,不限,502,32287,,普通本科批,https://zszhpt.xcc.edu.cn/f/newsCenter/articles/4faa2102b15f4a539ab8f205b3bdbda4,https://zszhpt.xcc.edu.cn/f/newsCenter/articles/4faa2102b15f4a539ab8f205b3bdbda4,,school_verified
929,西昌学院,002,,物理类,物理,化学,502,131817,,普通本科批,https://zszhpt.xcc.edu.cn/f/newsCenter/articles/4faa2102b15f4a539ab8f205b3bdbda4,https://zszhpt.xcc.edu.cn/f/newsCenter/articles/4faa2102b15f4a539ab8f205b3bdbda4,,school_verified
929,西昌学院,004,,物理类,物理,化学,500,134869,,普通本科批,https://zszhpt.xcc.edu.cn/f/newsCenter/articles/4faa2102b15f4a539ab8f205b3bdbda4,https://zszhpt.xcc.edu.cn/f/newsCenter/articles/4faa2102b15f4a539ab8f205b3bdbda4,,school_verified
929,西昌学院,005,,物理类,物理,化学,492,146016,,普通本科批,https://zszhpt.xcc.edu.cn/f/newsCenter/articles/4faa2102b15f4a539ab8f205b3bdbda4,https://zszhpt.xcc.edu.cn/f/newsCenter/articles/4faa2102b15f4a539ab8f205b3bdbda4,,school_verified
929,西昌学院,003,,物理类,物理,化学,490,148451,,普通本科批,https://zszhpt.xcc.edu.cn/f/newsCenter/articles/4faa2102b15f4a539ab8f205b3bdbda4,https://zszhpt.xcc.edu.cn/f/newsCenter/articles/4faa2102b15f4a539ab8f205b3bdbda4,,school_verified
929,西昌学院,001,,物理类,物理,不限,489,150414,,普通本科批,https://zszhpt.xcc.edu.cn/f/newsCenter/articles/4faa2102b15f4a539ab8f205b3bdbda4,https://zszhpt.xcc.edu.cn/f/newsCenter/articles/4faa2102b15f4a539ab8f205b3bdbda4,,school_verified
932,攀枝花学院,002,,物理类,物理,化学,549,71563,,普通本科批,https://zsw.pzhu.cn/info/1259/2287.htm,https://zsw.pzhu.cn/info/1259/2287.htm,,school_verified
932,攀枝花学院,001,,历史类,历史,不限,515,26381,,普通本科批,https://zsw.pzhu.cn/info/1259/2287.htm,https://zsw.pzhu.cn/info/1259/2287.htm,,school_verified
932,攀枝花学院,001,,物理类,物理,不限,497,138959,,普通本科批,https://zsw.pzhu.cn/info/1259/2287.htm,https://zsw.pzhu.cn/info/1259/2287.htm,,school_verified
934,西南大学,013,,物理类,物理,化学,627,11947,,普通本科批,https://www.swu.edu.cn/xxgk/dxzc.htm,https://www.swu.edu.cn/xxgk/dxzc.htm,,school_verified
934,西南大学,015,,物理类,物理,化学、生物(2科必选),620,14896,,普通本科批,https://www.swu.edu.cn/xxgk/dxzc.htm,https://www.swu.edu.cn/xxgk/dxzc.htm,,school_verified
935,贵州大学,004,,物理类,物理,化学,607,22232,,普通本科批,https://rso.gzu.edu.cn/2025/0513/c17366a250006/page.htm,https://rso.gzu.edu.cn/2025/0513/c17366a250006/page.htm,,school_verified
935,贵州大学,052,,物理类,物理,化学,595,29952,,普通本科批,https://rso.gzu.edu.cn/2025/0513/c17366a250006/page.htm,https://rso.gzu.edu.cn/2025/0513/c17366a250006/page.htm,,school_verified
935,贵州大学,005,,物理类,物理,化学,595,30105,,普通本科批,https://rso.gzu.edu.cn/2025/0513/c17366a250006/page.htm,https://rso.gzu.edu.cn/2025/0513/c17366a250006/page.htm,,school_verified
935,贵州大学,006,,物理类,物理,化学,592,32106,,普通本科批,https://rso.gzu.edu.cn/2025/0513/c17366a250006/page.htm,https://rso.gzu.edu.cn/2025/0513/c17366a250006/page.htm,,school_verified
935,贵州大学,003,,历史类,历史,不限,589,4974,,普通本科批,https://rso.gzu.edu.cn/2025/0513/c17366a250006/page.htm,https://rso.gzu.edu.cn/2025/0513/c17366a250006/page.htm,,school_verified
935,贵州大学,003,,物理类,物理,不限,586,36693,,普通本科批,https://rso.gzu.edu.cn/2025/0513/c17366a250006/page.htm,https://rso.gzu.edu.cn/2025/0513/c17366a250006/page.htm,,school_verified
935,贵州大学,002,,历史类,历史,不限,584,5755,,普通本科批,https://rso.gzu.edu.cn/2025/0513/c17366a250006/page.htm,https://rso.gzu.edu.cn/2025/0513/c17366a250006/page.htm,,school_verified
935,贵州大学,002,,物理类,物理,不限,584,38373,,普通本科批,https://rso.gzu.edu.cn/2025/0513/c17366a250006/page.htm,https://rso.gzu.edu.cn/2025/0513/c17366a250006/page.htm,,school_verified
937,中国人民解放军空军军医大学,001,,物理类,物理,化学,622,14317,,普通本科批,https://www.fmmu.edu.cn/zhaosheng/info/1016/1692.htm,https://www.fmmu.edu.cn/zhaosheng/info/1016/1692.htm,,school_verified
937,中国人民解放军空军军医大学,002,,物理类,物理,化学,604,24101,,普通本科批,https://www.fmmu.edu.cn/zhaosheng/info/1016/1692.htm,https://www.fmmu.edu.cn/zhaosheng/info/1016/1692.htm,,school_verified
937,中国人民解放军空军军医大学,003,,物理类,物理,化学,592,32334,,普通本科批,https://www.fmmu.edu.cn/zhaosheng/info/1016/1692.htm,https://www.fmmu.edu.cn/zhaosheng/info/1016/1692.htm,,school_verified
957,江西工程学院,001,,历史类,历史,不限,489,38544,,普通本科批,https://zsc.jxue.edu.cn/2026/0301/c228a44355/page.htm,https://zsc.jxue.edu.cn/2026/0301/c228a44355/page.htm,,school_verified
957,江西工程学院,001,,物理类,物理,化学,486,154474,,普通本科批,https://zsc.jxue.edu.cn/2026/0301/c228a44355/page.htm,https://zsc.jxue.edu.cn/2026/0301/c228a44355/page.htm,,school_verified
960,南方医科大学,001,,物理类,物理,化学,596,29660,,普通本科批,https://portal.smu.edu.cn/bkzs/info/1022/4354.htm,https://portal.smu.edu.cn/bkzs/info/1022/4354.htm,,school_verified
960,南方医科大学,001,,历史类,历史,不限,580,6464,,普通本科批,https://portal.smu.edu.cn/bkzs/info/1022/4354.htm,https://portal.smu.edu.cn/bkzs/info/1022/4354.htm,,school_verified
961,肇庆学院,002,,物理类,物理,化学,520,105385,,普通本科批,https://www.zqu.edu.cn/xxgk/xxzc.htm,https://www.zqu.edu.cn/xxgk/xxzc.htm,,school_verified
961,肇庆学院,005,,物理类,物理,化学,517,110744,,普通本科批,https://www.zqu.edu.cn/xxgk/xxzc.htm,https://www.zqu.edu.cn/xxgk/xxzc.htm,,school_verified
961,肇庆学院,004,,物理类,物理,化学,500,133626,,普通本科批,https://www.zqu.edu.cn/xxgk/xxzc.htm,https://www.zqu.edu.cn/xxgk/xxzc.htm,,school_verified
961,肇庆学院,001,,物理类,物理,化学,495,141557,,普通本科批,https://www.zqu.edu.cn/xxgk/xxzc.htm,https://www.zqu.edu.cn/xxgk/xxzc.htm,,school_verified
961,肇庆学院,003,,物理类,物理,化学,491,148258,,普通本科批,https://www.zqu.edu.cn/xxgk/xxzc.htm,https://www.zqu.edu.cn/xxgk/xxzc.htm,,school_verified
964,广东技术师范大学,001,,历史类,历史,不限,536,18304,,普通本科批,https://www.gpnu.edu.cn/xxgk/xxzc.htm,https://www.gpnu.edu.cn/xxgk/xxzc.htm,,school_verified
964,广东技术师范大学,001,,物理类,物理,化学,530,92807,,普通本科批,https://www.gpnu.edu.cn/xxgk/xxzc.htm,https://www.gpnu.edu.cn/xxgk/xxzc.htm,,school_verified
966,广东白云学院,001,,历史类,历史,不限,477,44664,,普通本科批,https://zsb.baiyunu.edu.cn/info/10571/23671.htm,https://zsb.baiyunu.edu.cn/info/10571/23671.htm,,school_verified
966,广东白云学院,001,,物理类,物理,不限,463,187596,,普通本科批,https://zsb.baiyunu.edu.cn/info/10571/23671.htm,https://zsb.baiyunu.edu.cn/info/10571/23671.htm,,school_verified
966,广东白云学院,003,,物理类,物理,化学,461,190944,,普通本科批,https://zsb.baiyunu.edu.cn/info/10571/23671.htm,https://zsb.baiyunu.edu.cn/info/10571/23671.htm,,school_verified
967,广州航海学院,002,,物理类,物理,化学,522,103396,,普通本科批,https://zsb.gzmtu.edu.cn/info/1165/1835.htm,https://zsb.gzmtu.edu.cn/info/1165/1835.htm,,school_verified
968,肇庆医学院,001,,物理类,物理,化学,504,127961,,普通本科批,https://zhaosheng.zqmc.edu.cn/info/1223/1882.htm,https://zhaosheng.zqmc.edu.cn/info/1223/1882.htm,,school_verified
976,广东工商职业技术大学,001,,物理类,物理,不限,473,174642,,普通本科批,https://zsb.gdbtu.edu.cn/contents/775/45543.html,https://zsb.gdbtu.edu.cn/contents/775/45543.html,,school_verified
1006,中国矿业大学（北京）,006,,物理类,物理,化学,597,28889,,普通本科批,https://www.cumtb.edu.cn/zsjy.htm,https://www.cumtb.edu.cn/zsjy.htm,,school_verified
1006,中国矿业大学（北京）,001,,历史类,历史,不限,596,3879,,普通本科批,https://www.cumtb.edu.cn/zsjy.htm,https://www.cumtb.edu.cn/zsjy.htm,,school_verified
1006,中国矿业大学（北京）,005,,物理类,物理,不限,595,30209,,普通本科批,https://www.cumtb.edu.cn/zsjy.htm,https://www.cumtb.edu.cn/zsjy.htm,,school_verified
1007,武汉科技大学,002,,物理类,物理,化学,594,31261,,普通本科批,http://zs.wust.edu.cn/info/1071/7641.htm,http://zs.wust.edu.cn/info/1071/7641.htm,,school_verified
1007,武汉科技大学,001,,物理类,物理,不限,582,40231,,普通本科批,http://zs.wust.edu.cn/info/1071/7641.htm,http://zs.wust.edu.cn/info/1071/7641.htm,,school_verified
1007,武汉科技大学,001,,历史类,历史,不限,573,8046,,普通本科批,http://zs.wust.edu.cn/info/1071/7641.htm,http://zs.wust.edu.cn/info/1071/7641.htm,,school_verified
1007,武汉科技大学,003,,物理类,物理,化学,572,48779,,普通本科批,http://zs.wust.edu.cn/info/1071/7641.htm,http://zs.wust.edu.cn/info/1071/7641.htm,,school_verified
1009,重庆科技大学,005,,物理类,物理,化学,542,79348,,普通本科批,https://www.cqust.edu.cn/,https://www.cqust.edu.cn/,,school_verified
1009,重庆科技大学,003,,物理类,物理,化学,542,78746,,普通本科批,https://www.cqust.edu.cn/,https://www.cqust.edu.cn/,,school_verified
1009,重庆科技大学,004,,物理类,物理,化学,535,86686,,普通本科批,https://www.cqust.edu.cn/,https://www.cqust.edu.cn/,,school_verified
1009,重庆科技大学,001,,历史类,历史,不限,534,19209,,普通本科批,https://www.cqust.edu.cn/,https://www.cqust.edu.cn/,,school_verified
1009,重庆科技大学,001,,物理类,物理,不限,533,89761,,普通本科批,https://www.cqust.edu.cn/,https://www.cqust.edu.cn/,,school_verified
1009,重庆科技大学,002,,物理类,物理,不限,515,112738,,普通本科批,https://www.cqust.edu.cn/,https://www.cqust.edu.cn/,,school_verified
1010,上海商学院,001,,历史类,历史,不限,553,13143,,普通本科批,https://zsw.sbs.edu.cn/webrecruit/getNewsContent.do?id=c515a7a3-1b7e-426c-96aa-7bc8f7c30a0c&type=%E6%8B%9B%E7%94%9F%E6%94%BF%E7%AD%96,https://zsw.sbs.edu.cn/webrecruit/getNewsContent.do?id=c515a7a3-1b7e-426c-96aa-7bc8f7c30a0c&type=%E6%8B%9B%E7%94%9F%E6%94%BF%E7%AD%96,,school_verified
1010,上海商学院,003,,物理类,物理,化学,548,71824,,普通本科批,https://zsw.sbs.edu.cn/webrecruit/getNewsContent.do?id=c515a7a3-1b7e-426c-96aa-7bc8f7c30a0c&type=%E6%8B%9B%E7%94%9F%E6%94%BF%E7%AD%96,https://zsw.sbs.edu.cn/webrecruit/getNewsContent.do?id=c515a7a3-1b7e-426c-96aa-7bc8f7c30a0c&type=%E6%8B%9B%E7%94%9F%E6%94%BF%E7%AD%96,,school_verified
1010,上海商学院,002,,历史类,历史,不限,542,16303,,普通本科批,https://zsw.sbs.edu.cn/webrecruit/getNewsContent.do?id=c515a7a3-1b7e-426c-96aa-7bc8f7c30a0c&type=%E6%8B%9B%E7%94%9F%E6%94%BF%E7%AD%96,https://zsw.sbs.edu.cn/webrecruit/getNewsContent.do?id=c515a7a3-1b7e-426c-96aa-7bc8f7c30a0c&type=%E6%8B%9B%E7%94%9F%E6%94%BF%E7%AD%96,,school_verified
1010,上海商学院,001,,物理类,物理,不限,533,89898,,普通本科批,https://zsw.sbs.edu.cn/webrecruit/getNewsContent.do?id=c515a7a3-1b7e-426c-96aa-7bc8f7c30a0c&type=%E6%8B%9B%E7%94%9F%E6%94%BF%E7%AD%96,https://zsw.sbs.edu.cn/webrecruit/getNewsContent.do?id=c515a7a3-1b7e-426c-96aa-7bc8f7c30a0c&type=%E6%8B%9B%E7%94%9F%E6%94%BF%E7%AD%96,,school_verified
1010,上海商学院,002,,物理类,物理,不限,506,125832,,普通本科批,https://zsw.sbs.edu.cn/webrecruit/getNewsContent.do?id=c515a7a3-1b7e-426c-96aa-7bc8f7c30a0c&type=%E6%8B%9B%E7%94%9F%E6%94%BF%E7%AD%96,https://zsw.sbs.edu.cn/webrecruit/getNewsContent.do?id=c515a7a3-1b7e-426c-96aa-7bc8f7c30a0c&type=%E6%8B%9B%E7%94%9F%E6%94%BF%E7%AD%96,,school_verified
1011,上海政法学院,001,,历史类,历史,不限,601,3183,,普通本科批,https://zs.shupl.edu.cn/Default.aspx?DetailId=4b161e0b-db94-4af4-8a00-31380ff636b4,https://zs.shupl.edu.cn/Default.aspx?DetailId=4b161e0b-db94-4af4-8a00-31380ff636b4,,school_verified
1011,上海政法学院,001,,物理类,物理,不限,600,26736,,普通本科批,https://zs.shupl.edu.cn/Default.aspx?DetailId=4b161e0b-db94-4af4-8a00-31380ff636b4,https://zs.shupl.edu.cn/Default.aspx?DetailId=4b161e0b-db94-4af4-8a00-31380ff636b4,,school_verified
1011,上海政法学院,002,,历史类,历史,不限,582,6137,,普通本科批,https://zs.shupl.edu.cn/Default.aspx?DetailId=4b161e0b-db94-4af4-8a00-31380ff636b4,https://zs.shupl.edu.cn/Default.aspx?DetailId=4b161e0b-db94-4af4-8a00-31380ff636b4,,school_verified
1011,上海政法学院,004,,历史类,历史,思想政治,580,6415,,普通本科批,https://zs.shupl.edu.cn/Default.aspx?DetailId=4b161e0b-db94-4af4-8a00-31380ff636b4,https://zs.shupl.edu.cn/Default.aspx?DetailId=4b161e0b-db94-4af4-8a00-31380ff636b4,,school_verified
1011,上海政法学院,002,,物理类,物理,不限,572,48165,,普通本科批,https://zs.shupl.edu.cn/Default.aspx?DetailId=4b161e0b-db94-4af4-8a00-31380ff636b4,https://zs.shupl.edu.cn/Default.aspx?DetailId=4b161e0b-db94-4af4-8a00-31380ff636b4,,school_verified
1011,上海政法学院,003,,历史类,历史,不限,564,10011,,普通本科批,https://zs.shupl.edu.cn/Default.aspx?DetailId=4b161e0b-db94-4af4-8a00-31380ff636b4,https://zs.shupl.edu.cn/Default.aspx?DetailId=4b161e0b-db94-4af4-8a00-31380ff636b4,,school_verified
1011,上海政法学院,003,,物理类,物理,不限,549,71187,,普通本科批,https://zs.shupl.edu.cn/Default.aspx?DetailId=4b161e0b-db94-4af4-8a00-31380ff636b4,https://zs.shupl.edu.cn/Default.aspx?DetailId=4b161e0b-db94-4af4-8a00-31380ff636b4,,school_verified
1012,大庆师范学院,001,,历史类,历史,不限,506,30406,,普通本科批,https://www.dqsy.net/zsjy.htm,https://www.dqsy.net/zsjy.htm,,school_verified
1012,大庆师范学院,005,,历史类,历史,思想政治、地理(2科必选),504,31127,,普通本科批,https://www.dqsy.net/zsjy.htm,https://www.dqsy.net/zsjy.htm,,school_verified
1012,大庆师范学院,004,,历史类,历史,不限,502,32157,,普通本科批,https://www.dqsy.net/zsjy.htm,https://www.dqsy.net/zsjy.htm,,school_verified
1012,大庆师范学院,002,,历史类,历史,不限,501,32935,,普通本科批,https://www.dqsy.net/zsjy.htm,https://www.dqsy.net/zsjy.htm,,school_verified
1012,大庆师范学院,003,,历史类,历史,不限,500,33233,,普通本科批,https://www.dqsy.net/zsjy.htm,https://www.dqsy.net/zsjy.htm,,school_verified
1012,大庆师范学院,001,,物理类,物理,不限,497,138752,,普通本科批,https://www.dqsy.net/zsjy.htm,https://www.dqsy.net/zsjy.htm,,school_verified
1012,大庆师范学院,005,,物理类,物理,化学,491,148170,,普通本科批,https://www.dqsy.net/zsjy.htm,https://www.dqsy.net/zsjy.htm,,school_verified
1012,大庆师范学院,004,,物理类,物理,化学,491,147864,,普通本科批,https://www.dqsy.net/zsjy.htm,https://www.dqsy.net/zsjy.htm,,school_verified
1012,大庆师范学院,006,,物理类,物理,化学,490,148932,,普通本科批,https://www.dqsy.net/zsjy.htm,https://www.dqsy.net/zsjy.htm,,school_verified
1012,大庆师范学院,003,,物理类,物理,不限,488,151810,,普通本科批,https://www.dqsy.net/zsjy.htm,https://www.dqsy.net/zsjy.htm,,school_verified
1014,吉林农业科技学院,001,,历史类,历史,不限,501,32786,,普通本科批,https://zs.jlnku.edu.cn/info/1040/1723.htm,https://zs.jlnku.edu.cn/info/1040/1723.htm,,school_verified
1014,吉林农业科技学院,001,,物理类,物理,化学,490,149395,,普通本科批,https://zs.jlnku.edu.cn/info/1040/1723.htm,https://zs.jlnku.edu.cn/info/1040/1723.htm,,school_verified
1018,重庆交通大学,004,,物理类,物理,化学,574,46394,,普通本科批,https://news.cqjtu.edu.cn/zsjy.htm,https://news.cqjtu.edu.cn/zsjy.htm,,school_verified
1018,重庆交通大学,003,,物理类,物理,化学,574,46353,,普通本科批,https://news.cqjtu.edu.cn/zsjy.htm,https://news.cqjtu.edu.cn/zsjy.htm,,school_verified
1018,重庆交通大学,001,,历史类,历史,不限,552,13466,,普通本科批,https://news.cqjtu.edu.cn/zsjy.htm,https://news.cqjtu.edu.cn/zsjy.htm,,school_verified
1018,重庆交通大学,002,,物理类,物理,不限,551,68684,,普通本科批,https://news.cqjtu.edu.cn/zsjy.htm,https://news.cqjtu.edu.cn/zsjy.htm,,school_verified
1020,福建医科大学,003,,物理类,物理,化学、生物(2科必选),549,71693,,普通本科批,https://www.fjmu.edu.cn/zs/2023/0510/c4186a180740/page.htm,https://www.fjmu.edu.cn/zs/2023/0510/c4186a180740/page.htm,,school_verified
1020,福建医科大学,001,,物理类,物理,不限,538,84178,,普通本科批,https://www.fjmu.edu.cn/zs/2023/0510/c4186a180740/page.htm,https://www.fjmu.edu.cn/zs/2023/0510/c4186a180740/page.htm,,school_verified
1020,福建医科大学,002,,物理类,物理,化学,533,90129,,普通本科批,https://www.fjmu.edu.cn/zs/2023/0510/c4186a180740/page.htm,https://www.fjmu.edu.cn/zs/2023/0510/c4186a180740/page.htm,,school_verified
1021,福建中医药大学,002,,物理类,物理,化学,543,77867,,普通本科批,https://www.fjtcm.edu.cn/2024/0517/c1324a96492/page.htm,https://www.fjtcm.edu.cn/2024/0517/c1324a96492/page.htm,,school_verified
1021,福建中医药大学,003,,物理类,物理,生物,541,80073,,普通本科批,https://www.fjtcm.edu.cn/2024/0517/c1324a96492/page.htm,https://www.fjtcm.edu.cn/2024/0517/c1324a96492/page.htm,,school_verified
1021,福建中医药大学,001,,历史类,历史,不限,534,19034,,普通本科批,https://www.fjtcm.edu.cn/2024/0517/c1324a96492/page.htm,https://www.fjtcm.edu.cn/2024/0517/c1324a96492/page.htm,,school_verified
1021,福建中医药大学,001,,物理类,物理,不限,522,103930,,普通本科批,https://www.fjtcm.edu.cn/2024/0517/c1324a96492/page.htm,https://www.fjtcm.edu.cn/2024/0517/c1324a96492/page.htm,,school_verified
1022,蚌埠医科大学,005,,物理类,物理,化学,559,60484,,普通本科批,https://www.bbmu.edu.cn/info/1038/79313.htm,https://www.bbmu.edu.cn/info/1038/79313.htm,,school_verified
1022,蚌埠医科大学,001,,历史类,历史,不限,527,21737,,普通本科批,https://www.bbmu.edu.cn/info/1038/79313.htm,https://www.bbmu.edu.cn/info/1038/79313.htm,,school_verified
1022,蚌埠医科大学,006,,物理类,物理,化学,522,103165,,普通本科批,https://www.bbmu.edu.cn/info/1038/79313.htm,https://www.bbmu.edu.cn/info/1038/79313.htm,,school_verified
1022,蚌埠医科大学,004,,物理类,物理,不限,516,112111,,普通本科批,https://www.bbmu.edu.cn/info/1038/79313.htm,https://www.bbmu.edu.cn/info/1038/79313.htm,,school_verified
1022,蚌埠医科大学,007,,物理类,物理,化学,514,114332,,普通本科批,https://www.bbmu.edu.cn/info/1038/79313.htm,https://www.bbmu.edu.cn/info/1038/79313.htm,,school_verified
1023,阜阳师范大学,007,,历史类,历史,思想政治,538,17693,,普通本科批,https://www.fynu.edu.cn/xxgk/xxzc.htm,https://www.fynu.edu.cn/xxgk/xxzc.htm,,school_verified
1023,阜阳师范大学,008,,物理类,物理,地理,533,89857,,普通本科批,https://www.fynu.edu.cn/xxgk/xxzc.htm,https://www.fynu.edu.cn/xxgk/xxzc.htm,,school_verified
1023,阜阳师范大学,008,,历史类,历史,地理,532,19768,,普通本科批,https://www.fynu.edu.cn/xxgk/xxzc.htm,https://www.fynu.edu.cn/xxgk/xxzc.htm,,school_verified
1023,阜阳师范大学,003,,历史类,历史,不限,532,19697,,普通本科批,https://www.fynu.edu.cn/xxgk/xxzc.htm,https://www.fynu.edu.cn/xxgk/xxzc.htm,,school_verified
1023,阜阳师范大学,004,,历史类,历史,不限,528,21454,,普通本科批,https://www.fynu.edu.cn/xxgk/xxzc.htm,https://www.fynu.edu.cn/xxgk/xxzc.htm,,school_verified
1023,阜阳师范大学,006,,历史类,历史,生物,526,22065,,普通本科批,https://www.fynu.edu.cn/xxgk/xxzc.htm,https://www.fynu.edu.cn/xxgk/xxzc.htm,,school_verified
1024,安庆师范大学,010,,历史类,历史,地理,554,12804,,普通本科批,https://zsw.aqnu.edu.cn/info/2201/23649.htm,https://zsw.aqnu.edu.cn/info/2201/23649.htm,,school_verified
1024,安庆师范大学,009,,历史类,历史,思想政治,550,13890,,普通本科批,https://zsw.aqnu.edu.cn/info/2201/23649.htm,https://zsw.aqnu.edu.cn/info/2201/23649.htm,,school_verified
1024,安庆师范大学,007,,历史类,历史,不限,539,17484,,普通本科批,https://zsw.aqnu.edu.cn/info/2201/23649.htm,https://zsw.aqnu.edu.cn/info/2201/23649.htm,,school_verified
1024,安庆师范大学,009,,物理类,物理,地理,538,83091,,普通本科批,https://zsw.aqnu.edu.cn/info/2201/23649.htm,https://zsw.aqnu.edu.cn/info/2201/23649.htm,,school_verified
1026,湖北理工学院,002,,物理类,物理,化学,527,96665,,普通本科批,https://www.hbpu.edu.cn/xxgk/xxzc.htm,https://www.hbpu.edu.cn/xxgk/xxzc.htm,,school_verified
1026,湖北理工学院,001,,物理类,物理,不限,520,106646,,普通本科批,https://www.hbpu.edu.cn/xxgk/xxzc.htm,https://www.hbpu.edu.cn/xxgk/xxzc.htm,,school_verified
1026,湖北理工学院,001,,历史类,历史,不限,509,29239,,普通本科批,https://www.hbpu.edu.cn/xxgk/xxzc.htm,https://www.hbpu.edu.cn/xxgk/xxzc.htm,,school_verified
1027,湖北警官学院,001,,历史类,历史,不限,541,16589,,普通本科批,https://www.hbpa.edu.cn/zsjy.htm,https://www.hbpa.edu.cn/zsjy.htm,,school_verified
1027,湖北警官学院,001,,物理类,物理,不限,535,87311,,普通本科批,https://www.hbpa.edu.cn/zsjy.htm,https://www.hbpa.edu.cn/zsjy.htm,,school_verified
1027,湖北警官学院,002,,物理类,物理,化学,531,91643,,普通本科批,https://www.hbpa.edu.cn/zsjy.htm,https://www.hbpa.edu.cn/zsjy.htm,,school_verified
1029,长沙学院,004,,物理类,物理,化学,533,89386,,普通本科批,http://zsjy.ccsu.cn/,http://zsjy.ccsu.cn/,,school_verified
1029,长沙学院,006,,物理类,物理,化学,531,92475,,普通本科批,http://zsjy.ccsu.cn/,http://zsjy.ccsu.cn/,,school_verified
1029,长沙学院,002,,历史类,历史,不限,529,20877,,普通本科批,http://zsjy.ccsu.cn/,http://zsjy.ccsu.cn/,,school_verified
1029,长沙学院,007,,物理类,物理,思想政治,519,107792,,普通本科批,http://zsjy.ccsu.cn/,http://zsjy.ccsu.cn/,,school_verified
1029,长沙学院,002,,物理类,物理,不限,516,111854,,普通本科批,http://zsjy.ccsu.cn/,http://zsjy.ccsu.cn/,,school_verified
1031,广东金融学院,003,,物理类,物理,化学,570,50581,,普通本科批,https://www.gduf.edu.cn/,https://www.gduf.edu.cn/,,school_verified
1031,广东金融学院,001,,历史类,历史,不限,548,14455,,普通本科批,https://www.gduf.edu.cn/,https://www.gduf.edu.cn/,,school_verified
1031,广东金融学院,001,,物理类,物理,不限,544,76460,,普通本科批,https://www.gduf.edu.cn/,https://www.gduf.edu.cn/,,school_verified
1031,广东金融学院,002,,物理类,物理,不限,540,81334,,普通本科批,https://www.gduf.edu.cn/,https://www.gduf.edu.cn/,,school_verified
1033,右江民族医学院,002,,物理类,物理,化学,548,71852,,普通本科批,http://www.ymun.edu.cn/info/1212/37770.htm,http://www.ymun.edu.cn/info/1212/37770.htm,,school_verified
1033,右江民族医学院,003,,物理类,物理,化学,540,81652,,普通本科批,http://www.ymun.edu.cn/info/1212/37770.htm,http://www.ymun.edu.cn/info/1212/37770.htm,,school_verified
1033,右江民族医学院,005,,物理类,物理,化学,534,87730,,普通本科批,http://www.ymun.edu.cn/info/1212/37770.htm,http://www.ymun.edu.cn/info/1212/37770.htm,,school_verified
1033,右江民族医学院,006,,物理类,物理,生物,508,122996,,普通本科批,http://www.ymun.edu.cn/info/1212/37770.htm,http://www.ymun.edu.cn/info/1212/37770.htm,,school_verified
1033,右江民族医学院,001,,历史类,历史,生物,504,31459,,普通本科批,http://www.ymun.edu.cn/info/1212/37770.htm,http://www.ymun.edu.cn/info/1212/37770.htm,,school_verified
1033,右江民族医学院,004,,物理类,物理,化学,488,151770,,普通本科批,http://www.ymun.edu.cn/info/1212/37770.htm,http://www.ymun.edu.cn/info/1212/37770.htm,,school_verified
1033,右江民族医学院,001,,物理类,物理,不限,483,159767,,普通本科批,http://www.ymun.edu.cn/info/1212/37770.htm,http://www.ymun.edu.cn/info/1212/37770.htm,,school_verified
1034,广西中医药大学,001,,历史类,历史,不限,556,12179,,普通本科批,https://www.gxtcmu.edu.cn/zs/zszc/content_80450,https://www.gxtcmu.edu.cn/zs/zszc/content_80450,,school_verified
1034,广西中医药大学,001,,物理类,物理,不限,540,80939,,普通本科批,https://www.gxtcmu.edu.cn/zs/zszc/content_80450,https://www.gxtcmu.edu.cn/zs/zszc/content_80450,,school_verified
1034,广西中医药大学,003,,物理类,物理,化学,537,85051,,普通本科批,https://www.gxtcmu.edu.cn/zs/zszc/content_80450,https://www.gxtcmu.edu.cn/zs/zszc/content_80450,,school_verified
1034,广西中医药大学,002,,物理类,物理,化学,527,96967,,普通本科批,https://www.gxtcmu.edu.cn/zs/zszc/content_80450,https://www.gxtcmu.edu.cn/zs/zszc/content_80450,,school_verified
1035,河池学院,001,,历史类,历史,不限,501,32982,,普通本科批,http://zs.hcnu.edu.cn/info/1011/1684.htm,http://zs.hcnu.edu.cn/info/1011/1684.htm,,school_verified
1035,河池学院,001,,物理类,物理,化学,494,143937,,普通本科批,http://zs.hcnu.edu.cn/info/1011/1684.htm,http://zs.hcnu.edu.cn/info/1011/1684.htm,,school_verified
1036,伊犁师范大学,002,,历史类,历史,思想政治,503,31955,,普通本科批,https://www.ylnu.edu.cn/,https://www.ylnu.edu.cn/,,school_verified
1036,伊犁师范大学,001,,历史类,历史,不限,501,32599,,普通本科批,https://www.ylnu.edu.cn/,https://www.ylnu.edu.cn/,,school_verified
1036,伊犁师范大学,003,,历史类,历史,地理,499,33553,,普通本科批,https://www.ylnu.edu.cn/,https://www.ylnu.edu.cn/,,school_verified
1036,伊犁师范大学,003,,物理类,物理,地理,491,147263,,普通本科批,https://www.ylnu.edu.cn/,https://www.ylnu.edu.cn/,,school_verified
1036,伊犁师范大学,002,,物理类,物理,化学,488,152683,,普通本科批,https://www.ylnu.edu.cn/,https://www.ylnu.edu.cn/,,school_verified
1036,伊犁师范大学,001,,物理类,物理,不限,487,153420,,普通本科批,https://www.ylnu.edu.cn/,https://www.ylnu.edu.cn/,,school_verified
1038,重庆文理学院,001,,历史类,历史,不限,519,24572,,普通本科批,https://zb.cqwu.edu.cn/article_421971.html,https://zb.cqwu.edu.cn/article_421971.html,,school_verified
1038,重庆文理学院,002,,物理类,物理,化学,518,109355,,普通本科批,https://zb.cqwu.edu.cn/article_421971.html,https://zb.cqwu.edu.cn/article_421971.html,,school_verified
1038,重庆文理学院,001,,物理类,物理,不限,515,112672,,普通本科批,https://zb.cqwu.edu.cn/article_421971.html,https://zb.cqwu.edu.cn/article_421971.html,,school_verified
1038,重庆文理学院,003,,物理类,物理,化学,484,157836,,普通本科批,https://zb.cqwu.edu.cn/article_421971.html,https://zb.cqwu.edu.cn/article_421971.html,,school_verified
1041,沈阳工程学院,001,,物理类,物理,化学,564,55319,,普通本科批,https://zhaosheng.sie.edu.cn/zszc1.htm,https://zhaosheng.sie.edu.cn/zszc1.htm,,school_verified
1042,赤峰大学,003,,物理类,物理,化学,491,147663,,普通本科批,https://www.cfxy.cn/zs/zszhc/b673237aaf1e40dbb0e062c6d20f3a43.htm,https://www.cfxy.cn/zs/zszhc/b673237aaf1e40dbb0e062c6d20f3a43.htm,,school_verified
1042,赤峰大学,002,,物理类,物理,化学,489,151242,,普通本科批,https://www.cfxy.cn/zs/zszhc/b673237aaf1e40dbb0e062c6d20f3a43.htm,https://www.cfxy.cn/zs/zszhc/b673237aaf1e40dbb0e062c6d20f3a43.htm,,school_verified
1042,赤峰大学,001,,物理类,物理,化学,489,150127,,普通本科批,https://www.cfxy.cn/zs/zszhc/b673237aaf1e40dbb0e062c6d20f3a43.htm,https://www.cfxy.cn/zs/zszhc/b673237aaf1e40dbb0e062c6d20f3a43.htm,,school_verified
1043,西安文理学院,002,,历史类,历史,不限,519,24734,,普通本科批,http://zsb.xawl.edu.cn/zszc.htm,http://zsb.xawl.edu.cn/zszc.htm,,school_verified
1043,西安文理学院,001,,历史类,历史,不限,517,25686,,普通本科批,http://zsb.xawl.edu.cn/zszc.htm,http://zsb.xawl.edu.cn/zszc.htm,,school_verified
1043,西安文理学院,001,,物理类,物理,不限,506,125800,,普通本科批,http://zsb.xawl.edu.cn/zszc.htm,http://zsb.xawl.edu.cn/zszc.htm,,school_verified
1043,西安文理学院,003,,物理类,物理,化学,504,129133,,普通本科批,http://zsb.xawl.edu.cn/zszc.htm,http://zsb.xawl.edu.cn/zszc.htm,,school_verified
1043,西安文理学院,002,,物理类,物理,化学,503,129942,,普通本科批,http://zsb.xawl.edu.cn/zszc.htm,http://zsb.xawl.edu.cn/zszc.htm,,school_verified
1043,西安文理学院,004,,物理类,物理,化学、生物(2科必选),501,132523,,普通本科批,http://zsb.xawl.edu.cn/zszc.htm,http://zsb.xawl.edu.cn/zszc.htm,,school_verified
1044,昆明学院,001,,物理类,物理,不限,520,105734,,普通本科批,https://bkzs.kmu.edu.cn/contents/10/218.html,https://bkzs.kmu.edu.cn/contents/10/218.html,,school_verified
1044,昆明学院,002,,历史类,历史,思想政治,519,24652,,普通本科批,https://bkzs.kmu.edu.cn/contents/10/218.html,https://bkzs.kmu.edu.cn/contents/10/218.html,,school_verified
1044,昆明学院,001,,历史类,历史,不限,516,26152,,普通本科批,https://bkzs.kmu.edu.cn/contents/10/218.html,https://bkzs.kmu.edu.cn/contents/10/218.html,,school_verified
1044,昆明学院,003,,物理类,物理,化学、生物(2科必选),512,117406,,普通本科批,https://bkzs.kmu.edu.cn/contents/10/218.html,https://bkzs.kmu.edu.cn/contents/10/218.html,,school_verified
1044,昆明学院,002,,物理类,物理,化学,506,126164,,普通本科批,https://bkzs.kmu.edu.cn/contents/10/218.html,https://bkzs.kmu.edu.cn/contents/10/218.html,,school_verified
1045,黑河学院,001,,历史类,历史,不限,502,32294,,普通本科批,https://zsxx.hhxy.edu.cn/info/1027/2072.htm,https://zsxx.hhxy.edu.cn/info/1027/2072.htm,,school_verified
1045,黑河学院,003,,物理类,物理,化学,497,138409,,普通本科批,https://zsxx.hhxy.edu.cn/info/1027/2072.htm,https://zsxx.hhxy.edu.cn/info/1027/2072.htm,,school_verified
1045,黑河学院,002,,物理类,物理,不限,490,149086,,普通本科批,https://zsxx.hhxy.edu.cn/info/1027/2072.htm,https://zsxx.hhxy.edu.cn/info/1027/2072.htm,,school_verified
1045,黑河学院,001,,物理类,物理,不限,489,150143,,普通本科批,https://zsxx.hhxy.edu.cn/info/1027/2072.htm,https://zsxx.hhxy.edu.cn/info/1027/2072.htm,,school_verified
1046,广西财经学院,001,,历史类,历史,不限,522,23788,,普通本科批,https://www.gxufe.edu.cn/www/myweb/column.html?informationid=1101562&typeid=www3034&typeid0=www30&typeid=www3034&typeid0=www30,https://www.gxufe.edu.cn/www/myweb/column.html?informationid=1101562&typeid=www3034&typeid0=www30&typeid=www3034&typeid0=www30,,school_verified
1046,广西财经学院,003,,物理类,物理,化学,512,117743,,普通本科批,https://www.gxufe.edu.cn/www/myweb/column.html?informationid=1101562&typeid=www3034&typeid0=www30&typeid=www3034&typeid0=www30,https://www.gxufe.edu.cn/www/myweb/column.html?informationid=1101562&typeid=www3034&typeid0=www30&typeid=www3034&typeid0=www30,,school_verified
1046,广西财经学院,001,,物理类,物理,不限,500,135050,,普通本科批,https://www.gxufe.edu.cn/www/myweb/column.html?informationid=1101562&typeid=www3034&typeid0=www30&typeid=www3034&typeid0=www30,https://www.gxufe.edu.cn/www/myweb/column.html?informationid=1101562&typeid=www3034&typeid0=www30&typeid=www3034&typeid0=www30,,school_verified
1046,广西财经学院,004,,物理类,物理,化学,495,142426,,普通本科批,https://www.gxufe.edu.cn/www/myweb/column.html?informationid=1101562&typeid=www3034&typeid0=www30&typeid=www3034&typeid0=www30,https://www.gxufe.edu.cn/www/myweb/column.html?informationid=1101562&typeid=www3034&typeid0=www30&typeid=www3034&typeid0=www30,,school_verified
1046,广西财经学院,002,,历史类,历史,不限,494,36355,,普通本科批,https://www.gxufe.edu.cn/www/myweb/column.html?informationid=1101562&typeid=www3034&typeid0=www30&typeid=www3034&typeid0=www30,https://www.gxufe.edu.cn/www/myweb/column.html?informationid=1101562&typeid=www3034&typeid0=www30&typeid=www3034&typeid0=www30,,school_verified
1046,广西财经学院,002,,物理类,物理,不限,492,146903,,普通本科批,https://www.gxufe.edu.cn/www/myweb/column.html?informationid=1101562&typeid=www3034&typeid0=www30&typeid=www3034&typeid0=www30,https://www.gxufe.edu.cn/www/myweb/column.html?informationid=1101562&typeid=www3034&typeid0=www30&typeid=www3034&typeid0=www30,,school_verified
1046,广西财经学院,005,,物理类,物理,化学,488,152846,,普通本科批,https://www.gxufe.edu.cn/www/myweb/column.html?informationid=1101562&typeid=www3034&typeid0=www30&typeid=www3034&typeid0=www30,https://www.gxufe.edu.cn/www/myweb/column.html?informationid=1101562&typeid=www3034&typeid0=www30&typeid=www3034&typeid0=www30,,school_verified
1047,吉林医药学院,001,,物理类,物理,不限,506,126105,,普通本科批,https://www.jlmu.edu.cn/zsjy1.htm,https://www.jlmu.edu.cn/zsjy1.htm,,school_verified
1047,吉林医药学院,001,,历史类,历史,不限,504,31317,,普通本科批,https://www.jlmu.edu.cn/zsjy1.htm,https://www.jlmu.edu.cn/zsjy1.htm,,school_verified
1047,吉林医药学院,003,,物理类,物理,化学、生物(2科必选),503,130442,,普通本科批,https://www.jlmu.edu.cn/zsjy1.htm,https://www.jlmu.edu.cn/zsjy1.htm,,school_verified
1047,吉林医药学院,002,,物理类,物理,化学,502,131760,,普通本科批,https://www.jlmu.edu.cn/zsjy1.htm,https://www.jlmu.edu.cn/zsjy1.htm,,school_verified
1047,吉林医药学院,004,,物理类,物理,化学、生物(2科必选),488,152426,,普通本科批,https://www.jlmu.edu.cn/zsjy1.htm,https://www.jlmu.edu.cn/zsjy1.htm,,school_verified
1048,金陵科技学院,002,,物理类,物理,化学,541,80247,,普通本科批,https://www.jit.edu.cn/zsjy.htm,https://www.jit.edu.cn/zsjy.htm,,school_verified
1048,金陵科技学院,001,,历史类,历史,不限,536,18381,,普通本科批,https://www.jit.edu.cn/zsjy.htm,https://www.jit.edu.cn/zsjy.htm,,school_verified
1048,金陵科技学院,001,,物理类,物理,不限,530,93023,,普通本科批,https://www.jit.edu.cn/zsjy.htm,https://www.jit.edu.cn/zsjy.htm,,school_verified
1049,徐州工程学院,002,,物理类,物理,化学,534,88254,,普通本科批,https://www.xzit.edu.cn/1e/b5/c1245a204469/page.htm,https://www.xzit.edu.cn/1e/b5/c1245a204469/page.htm,,school_verified
1049,徐州工程学院,001,,历史类,历史,不限,530,20628,,普通本科批,https://www.xzit.edu.cn/1e/b5/c1245a204469/page.htm,https://www.xzit.edu.cn/1e/b5/c1245a204469/page.htm,,school_verified
1049,徐州工程学院,001,,物理类,物理,不限,530,92694,,普通本科批,https://www.xzit.edu.cn/1e/b5/c1245a204469/page.htm,https://www.xzit.edu.cn/1e/b5/c1245a204469/page.htm,,school_verified
1052,湖北经济学院法商学院,001,,历史类,历史,不限,489,38335,,普通本科批,https://www.hbfs.edu.cn/zs/4405/list.htm,https://www.hbfs.edu.cn/zs/4405/list.htm,,school_verified
1052,湖北经济学院法商学院,001,,物理类,物理,不限,478,166246,,普通本科批,https://www.hbfs.edu.cn/zs/4405/list.htm,https://www.hbfs.edu.cn/zs/4405/list.htm,,school_verified
1061,厦门理工学院,002,,物理类,物理,化学,550,70267,,普通本科批,https://zsb.xmut.edu.cn/info/1056/2825.htm,https://zsb.xmut.edu.cn/info/1056/2825.htm,,school_verified
1061,厦门理工学院,001,,物理类,物理,化学,543,77902,,普通本科批,https://zsb.xmut.edu.cn/info/1056/2825.htm,https://zsb.xmut.edu.cn/info/1056/2825.htm,,school_verified
1061,厦门理工学院,002,,历史类,历史,不限,532,19952,,普通本科批,https://zsb.xmut.edu.cn/info/1056/2825.htm,https://zsb.xmut.edu.cn/info/1056/2825.htm,,school_verified
1061,厦门理工学院,001,,历史类,历史,不限,532,19600,,普通本科批,https://zsb.xmut.edu.cn/info/1056/2825.htm,https://zsb.xmut.edu.cn/info/1056/2825.htm,,school_verified
1062,哈尔滨师范大学,005,,物理类,物理,地理,539,81965,,普通本科批,http://www.hrbnu.edu.cn/info/1329/50645.htm,http://www.hrbnu.edu.cn/info/1329/50645.htm,,school_verified
1062,哈尔滨师范大学,001,,历史类,历史,不限,523,23276,,普通本科批,http://www.hrbnu.edu.cn/info/1329/50645.htm,http://www.hrbnu.edu.cn/info/1329/50645.htm,,school_verified
1062,哈尔滨师范大学,004,,物理类,物理,化学,523,101556,,普通本科批,http://www.hrbnu.edu.cn/info/1329/50645.htm,http://www.hrbnu.edu.cn/info/1329/50645.htm,,school_verified
1062,哈尔滨师范大学,003,,物理类,物理,化学,508,123153,,普通本科批,http://www.hrbnu.edu.cn/info/1329/50645.htm,http://www.hrbnu.edu.cn/info/1329/50645.htm,,school_verified
1062,哈尔滨师范大学,001,,物理类,物理,不限,508,122745,,普通本科批,http://www.hrbnu.edu.cn/info/1329/50645.htm,http://www.hrbnu.edu.cn/info/1329/50645.htm,,school_verified
1062,哈尔滨师范大学,002,,历史类,历史,不限,507,29912,,普通本科批,http://www.hrbnu.edu.cn/info/1329/50645.htm,http://www.hrbnu.edu.cn/info/1329/50645.htm,,school_verified
1062,哈尔滨师范大学,002,,物理类,物理,不限,505,126641,,普通本科批,http://www.hrbnu.edu.cn/info/1329/50645.htm,http://www.hrbnu.edu.cn/info/1329/50645.htm,,school_verified
1063,绥化学院,002,,历史类,历史,不限,502,32245,,普通本科批,http://zs.shxy.edu.cn/info/1062/3123.htm,http://zs.shxy.edu.cn/info/1062/3123.htm,,school_verified
1063,绥化学院,001,,历史类,历史,不限,501,32741,,普通本科批,http://zs.shxy.edu.cn/info/1062/3123.htm,http://zs.shxy.edu.cn/info/1062/3123.htm,,school_verified
1063,绥化学院,003,,物理类,物理,化学,493,144820,,普通本科批,http://zs.shxy.edu.cn/info/1062/3123.htm,http://zs.shxy.edu.cn/info/1062/3123.htm,,school_verified
1063,绥化学院,004,,物理类,物理,化学,490,149493,,普通本科批,http://zs.shxy.edu.cn/info/1062/3123.htm,http://zs.shxy.edu.cn/info/1062/3123.htm,,school_verified
1063,绥化学院,001,,物理类,物理,不限,490,149407,,普通本科批,http://zs.shxy.edu.cn/info/1062/3123.htm,http://zs.shxy.edu.cn/info/1062/3123.htm,,school_verified
1063,绥化学院,002,,物理类,物理,不限,489,150594,,普通本科批,http://zs.shxy.edu.cn/info/1062/3123.htm,http://zs.shxy.edu.cn/info/1062/3123.htm,,school_verified
1064,淮阴师范学院,001,,历史类,历史,不限,545,15470,,普通本科批,https://www.hytc.edu.cn/,https://www.hytc.edu.cn/,,school_verified
1064,淮阴师范学院,001,,物理类,物理,化学,511,118272,,普通本科批,https://www.hytc.edu.cn/,https://www.hytc.edu.cn/,,school_verified
1065,南京工业职业技术大学,001,,物理类,物理,不限,544,76661,,普通本科批,http://zs.niit.edu.cn/0c/e6/c8293a68838/page.htm,http://zs.niit.edu.cn/0c/e6/c8293a68838/page.htm,,school_verified
1065,南京工业职业技术大学,001,,历史类,历史,不限,529,20800,,普通本科批,http://zs.niit.edu.cn/0c/e6/c8293a68838/page.htm,http://zs.niit.edu.cn/0c/e6/c8293a68838/page.htm,,school_verified
1066,浙江传媒学院,004,,物理类,物理,化学,562,57247,,普通本科批,https://www.cuz.edu.cn/xxgk/xxzc.htm,https://www.cuz.edu.cn/xxgk/xxzc.htm,,school_verified
1066,浙江传媒学院,002,,历史类,历史,不限,558,11662,,普通本科批,https://www.cuz.edu.cn/xxgk/xxzc.htm,https://www.cuz.edu.cn/xxgk/xxzc.htm,,school_verified
1066,浙江传媒学院,001,,物理类,物理,不限,549,71487,,普通本科批,https://www.cuz.edu.cn/xxgk/xxzc.htm,https://www.cuz.edu.cn/xxgk/xxzc.htm,,school_verified
1066,浙江传媒学院,003,,历史类,历史,不限,548,14531,,普通本科批,https://www.cuz.edu.cn/xxgk/xxzc.htm,https://www.cuz.edu.cn/xxgk/xxzc.htm,,school_verified
1066,浙江传媒学院,001,,历史类,历史,不限,548,14483,,普通本科批,https://www.cuz.edu.cn/xxgk/xxzc.htm,https://www.cuz.edu.cn/xxgk/xxzc.htm,,school_verified
1066,浙江传媒学院,002,,物理类,物理,不限,548,72281,,普通本科批,https://www.cuz.edu.cn/xxgk/xxzc.htm,https://www.cuz.edu.cn/xxgk/xxzc.htm,,school_verified
1066,浙江传媒学院,003,,物理类,物理,化学,530,92701,,普通本科批,https://www.cuz.edu.cn/xxgk/xxzc.htm,https://www.cuz.edu.cn/xxgk/xxzc.htm,,school_verified
1067,辽宁科技学院,001,,物理类,物理,化学,496,139694,,普通本科批,https://www.lnist.edu.cn/zsjy/zsgl.htm,https://www.lnist.edu.cn/zsjy/zsgl.htm,,school_verified
1070,湖南人文科技学院,001,,历史类,历史,不限,510,28710,,普通本科批,https://www.huhst.edu.cn/info/1260/185515.htm,https://www.huhst.edu.cn/info/1260/185515.htm,,school_verified
1070,湖南人文科技学院,001,,物理类,物理,化学,487,153790,,普通本科批,https://www.huhst.edu.cn/info/1260/185515.htm,https://www.huhst.edu.cn/info/1260/185515.htm,,school_verified
1073,重庆工商大学,004,,物理类,物理,化学,552,67940,,普通本科批,https://www.ctbu.edu.cn/xxgk/xxzc.htm,https://www.ctbu.edu.cn/xxgk/xxzc.htm,,school_verified
1073,重庆工商大学,001,,历史类,历史,不限,547,14800,,普通本科批,https://www.ctbu.edu.cn/xxgk/xxzc.htm,https://www.ctbu.edu.cn/xxgk/xxzc.htm,,school_verified
1073,重庆工商大学,001,,物理类,物理,不限,537,84703,,普通本科批,https://www.ctbu.edu.cn/xxgk/xxzc.htm,https://www.ctbu.edu.cn/xxgk/xxzc.htm,,school_verified
1073,重庆工商大学,002,,历史类,历史,不限,534,18912,,普通本科批,https://www.ctbu.edu.cn/xxgk/xxzc.htm,https://www.ctbu.edu.cn/xxgk/xxzc.htm,,school_verified
1073,重庆工商大学,005,,物理类,物理,生物,530,92705,,普通本科批,https://www.ctbu.edu.cn/xxgk/xxzc.htm,https://www.ctbu.edu.cn/xxgk/xxzc.htm,,school_verified
1073,重庆工商大学,003,,物理类,物理,不限,523,102120,,普通本科批,https://www.ctbu.edu.cn/xxgk/xxzc.htm,https://www.ctbu.edu.cn/xxgk/xxzc.htm,,school_verified
1075,成都医学院,001,,物理类,物理,化学,511,118619,,普通本科批,https://www.cmc.edu.cn/xxbs.html#cdyxyzc,https://www.cmc.edu.cn/xxbs.html#cdyxyzc,,school_verified
1077,文华学院,001,,历史类,历史,不限,493,36684,,普通本科批,https://zhaosheng.hustwenhua.net/info/1101/2371.htm,https://zhaosheng.hustwenhua.net/info/1101/2371.htm,,school_verified
1077,文华学院,002,,物理类,物理,化学,482,161044,,普通本科批,https://zhaosheng.hustwenhua.net/info/1101/2371.htm,https://zhaosheng.hustwenhua.net/info/1101/2371.htm,,school_verified
1077,文华学院,001,,物理类,物理,不限,475,171384,,普通本科批,https://zhaosheng.hustwenhua.net/info/1101/2371.htm,https://zhaosheng.hustwenhua.net/info/1101/2371.htm,,school_verified
1082,绵阳师范学院,001,,历史类,历史,不限,516,25858,,普通本科批,https://zs.mtc.edu.cn/showarticle_zs.php?actiontype=17&id=8,https://zs.mtc.edu.cn/showarticle_zs.php?actiontype=17&id=8,,school_verified
1082,绵阳师范学院,002,,物理类,物理,化学,506,126111,,普通本科批,https://zs.mtc.edu.cn/showarticle_zs.php?actiontype=17&id=8,https://zs.mtc.edu.cn/showarticle_zs.php?actiontype=17&id=8,,school_verified
1082,绵阳师范学院,001,,物理类,物理,不限,497,138363,,普通本科批,https://zs.mtc.edu.cn/showarticle_zs.php?actiontype=17&id=8,https://zs.mtc.edu.cn/showarticle_zs.php?actiontype=17&id=8,,school_verified
1082,绵阳师范学院,003,,物理类,物理,生物,492,146050,,普通本科批,https://zs.mtc.edu.cn/showarticle_zs.php?actiontype=17&id=8,https://zs.mtc.edu.cn/showarticle_zs.php?actiontype=17&id=8,,school_verified
1083,内江师范学院,002,,历史类,历史,思想政治,531,20124,,普通本科批,https://xxgk.njtc.edu.cn/info/1231/1121.htm,https://xxgk.njtc.edu.cn/info/1231/1121.htm,,school_verified
1083,内江师范学院,001,,历史类,历史,不限,522,23683,,普通本科批,https://xxgk.njtc.edu.cn/info/1231/1121.htm,https://xxgk.njtc.edu.cn/info/1231/1121.htm,,school_verified
1083,内江师范学院,003,,物理类,物理,地理,521,104659,,普通本科批,https://xxgk.njtc.edu.cn/info/1231/1121.htm,https://xxgk.njtc.edu.cn/info/1231/1121.htm,,school_verified
1083,内江师范学院,003,,历史类,历史,地理,519,24866,,普通本科批,https://xxgk.njtc.edu.cn/info/1231/1121.htm,https://xxgk.njtc.edu.cn/info/1231/1121.htm,,school_verified
1083,内江师范学院,002,,物理类,物理,化学,513,115700,,普通本科批,https://xxgk.njtc.edu.cn/info/1231/1121.htm,https://xxgk.njtc.edu.cn/info/1231/1121.htm,,school_verified
1083,内江师范学院,001,,物理类,物理,不限,506,125771,,普通本科批,https://xxgk.njtc.edu.cn/info/1231/1121.htm,https://xxgk.njtc.edu.cn/info/1231/1121.htm,,school_verified
1084,宜宾学院,001,,历史类,历史,不限,514,26804,,普通本科批,https://zsw.yibinu.edu.cn/info/1043/2099.htm,https://zsw.yibinu.edu.cn/info/1043/2099.htm,,school_verified
1084,宜宾学院,001,,物理类,物理,化学,514,113990,,普通本科批,https://zsw.yibinu.edu.cn/info/1043/2099.htm,https://zsw.yibinu.edu.cn/info/1043/2099.htm,,school_verified
1085,乐山师范学院,001,,历史类,历史,不限,502,32358,,普通本科批,https://zs.lsnu.edu.cn/info/1155/1959.htm,https://zs.lsnu.edu.cn/info/1155/1959.htm,,school_verified
1085,乐山师范学院,003,,物理类,物理,地理,500,134023,,普通本科批,https://zs.lsnu.edu.cn/info/1155/1959.htm,https://zs.lsnu.edu.cn/info/1155/1959.htm,,school_verified
1085,乐山师范学院,002,,物理类,物理,化学,500,133797,,普通本科批,https://zs.lsnu.edu.cn/info/1155/1959.htm,https://zs.lsnu.edu.cn/info/1155/1959.htm,,school_verified
1085,乐山师范学院,001,,物理类,物理,不限,489,150150,,普通本科批,https://zs.lsnu.edu.cn/info/1155/1959.htm,https://zs.lsnu.edu.cn/info/1155/1959.htm,,school_verified
1086,成都体育学院,003,,历史类,历史,不限,549,14142,,普通本科批,https://www.cdsu.edu.cn/,https://www.cdsu.edu.cn/,,school_verified
1086,成都体育学院,001,,物理类,物理,不限,532,91054,,普通本科批,https://www.cdsu.edu.cn/,https://www.cdsu.edu.cn/,,school_verified
1086,成都体育学院,003,,物理类,物理,化学,512,116698,,普通本科批,https://www.cdsu.edu.cn/,https://www.cdsu.edu.cn/,,school_verified
1086,成都体育学院,002,,历史类,历史,不限,511,28170,,普通本科批,https://www.cdsu.edu.cn/,https://www.cdsu.edu.cn/,,school_verified
1086,成都体育学院,001,,历史类,历史,不限,511,28152,,普通本科批,https://www.cdsu.edu.cn/,https://www.cdsu.edu.cn/,,school_verified
1086,成都体育学院,002,,物理类,物理,不限,510,120420,,普通本科批,https://www.cdsu.edu.cn/,https://www.cdsu.edu.cn/,,school_verified
1089,曲靖师范学院,001,,历史类,历史,不限,503,31805,,普通本科批,https://zs.qjnu.edu.cn/zsxt-web/index.do,https://zs.qjnu.edu.cn/zsxt-web/index.do,,school_verified
1089,曲靖师范学院,002,,物理类,物理,化学,493,144024,,普通本科批,https://zs.qjnu.edu.cn/zsxt-web/index.do,https://zs.qjnu.edu.cn/zsxt-web/index.do,,school_verified
1089,曲靖师范学院,001,,物理类,物理,不限,492,146639,,普通本科批,https://zs.qjnu.edu.cn/zsxt-web/index.do,https://zs.qjnu.edu.cn/zsxt-web/index.do,,school_verified
1090,榆林大学,001,,历史类,历史,不限,506,30697,,普通本科批,https://zsgw.yulinu.edu.cn/info/1026/2892.htm,https://zsgw.yulinu.edu.cn/info/1026/2892.htm,,school_verified
1090,榆林大学,001,,物理类,物理,化学,495,141926,,普通本科批,https://zsgw.yulinu.edu.cn/info/1026/2892.htm,https://zsgw.yulinu.edu.cn/info/1026/2892.htm,,school_verified
1091,塔里木大学,002,,历史类,历史,思想政治,504,31255,,普通本科批,https://zsc.taru.edu.cn/yjszs/ssszs/zsjz.htm,https://zsc.taru.edu.cn/yjszs/ssszs/zsjz.htm,,school_verified
1091,塔里木大学,001,,历史类,历史,不限,502,32408,,普通本科批,https://zsc.taru.edu.cn/yjszs/ssszs/zsjz.htm,https://zsc.taru.edu.cn/yjszs/ssszs/zsjz.htm,,school_verified
1091,塔里木大学,003,,物理类,物理,化学,491,147580,,普通本科批,https://zsc.taru.edu.cn/yjszs/ssszs/zsjz.htm,https://zsc.taru.edu.cn/yjszs/ssszs/zsjz.htm,,school_verified
1091,塔里木大学,004,,物理类,物理,生物,489,150376,,普通本科批,https://zsc.taru.edu.cn/yjszs/ssszs/zsjz.htm,https://zsc.taru.edu.cn/yjszs/ssszs/zsjz.htm,,school_verified
1091,塔里木大学,002,,物理类,物理,不限,489,151152,,普通本科批,https://zsc.taru.edu.cn/yjszs/ssszs/zsjz.htm,https://zsc.taru.edu.cn/yjszs/ssszs/zsjz.htm,,school_verified
1092,上海电机学院,004,,物理类,物理,化学,555,65014,,普通本科批,https://www.sdju.edu.cn/xxzc/list.htm,https://www.sdju.edu.cn/xxzc/list.htm,,school_verified
1092,上海电机学院,003,,物理类,物理,化学,555,64518,,普通本科批,https://www.sdju.edu.cn/xxzc/list.htm,https://www.sdju.edu.cn/xxzc/list.htm,,school_verified
1092,上海电机学院,002,,物理类,物理,不限,547,73551,,普通本科批,https://www.sdju.edu.cn/xxzc/list.htm,https://www.sdju.edu.cn/xxzc/list.htm,,school_verified
1092,上海电机学院,001,,历史类,历史,不限,532,19909,,普通本科批,https://www.sdju.edu.cn/xxzc/list.htm,https://www.sdju.edu.cn/xxzc/list.htm,,school_verified
1094,陇东学院,004,,历史类,历史,地理,504,31216,,普通本科批,https://www.ldxy.edu.cn/719/list.htm,https://www.ldxy.edu.cn/719/list.htm,,school_verified
1094,陇东学院,003,,历史类,历史,思想政治,504,31475,,普通本科批,https://www.ldxy.edu.cn/719/list.htm,https://www.ldxy.edu.cn/719/list.htm,,school_verified
1094,陇东学院,004,,物理类,物理,地理,504,127783,,普通本科批,https://www.ldxy.edu.cn/719/list.htm,https://www.ldxy.edu.cn/719/list.htm,,school_verified
1094,陇东学院,001,,历史类,历史,不限,503,31885,,普通本科批,https://www.ldxy.edu.cn/719/list.htm,https://www.ldxy.edu.cn/719/list.htm,,school_verified
1094,陇东学院,003,,物理类,物理,化学、生物(2科必选),501,132540,,普通本科批,https://www.ldxy.edu.cn/719/list.htm,https://www.ldxy.edu.cn/719/list.htm,,school_verified
1094,陇东学院,002,,历史类,历史,化学、生物(2科必选),491,37366,,普通本科批,https://www.ldxy.edu.cn/719/list.htm,https://www.ldxy.edu.cn/719/list.htm,,school_verified
1094,陇东学院,001,,物理类,物理,不限,491,147845,,普通本科批,https://www.ldxy.edu.cn/719/list.htm,https://www.ldxy.edu.cn/719/list.htm,,school_verified
1094,陇东学院,002,,物理类,物理,化学,490,149764,,普通本科批,https://www.ldxy.edu.cn/719/list.htm,https://www.ldxy.edu.cn/719/list.htm,,school_verified
1095,天水师范大学,001,,历史类,历史,不限,517,25687,,普通本科批,https://zjc.tsnu.edu.cn/,https://zjc.tsnu.edu.cn/,,school_verified
1095,天水师范大学,002,,历史类,历史,地理,511,28300,,普通本科批,https://zjc.tsnu.edu.cn/,https://zjc.tsnu.edu.cn/,,school_verified
1095,天水师范大学,002,,物理类,物理,化学,502,131167,,普通本科批,https://zjc.tsnu.edu.cn/,https://zjc.tsnu.edu.cn/,,school_verified
1095,天水师范大学,001,,物理类,物理,不限,500,134692,,普通本科批,https://zjc.tsnu.edu.cn/,https://zjc.tsnu.edu.cn/,,school_verified
1096,广州南方学院,002,,物理类,物理,化学,486,154585,,普通本科批,https://zsb.nfu.edu.cn/info/1231/7661.htm,https://zsb.nfu.edu.cn/info/1231/7661.htm,,school_verified
1096,广州南方学院,001,,历史类,历史,不限,477,44497,,普通本科批,https://zsb.nfu.edu.cn/info/1231/7661.htm,https://zsb.nfu.edu.cn/info/1231/7661.htm,,school_verified
1096,广州南方学院,004,,物理类,物理,化学,470,178515,,普通本科批,https://zsb.nfu.edu.cn/info/1231/7661.htm,https://zsb.nfu.edu.cn/info/1231/7661.htm,,school_verified
1096,广州南方学院,001,,物理类,物理,不限,468,180971,,普通本科批,https://zsb.nfu.edu.cn/info/1231/7661.htm,https://zsb.nfu.edu.cn/info/1231/7661.htm,,school_verified
1096,广州南方学院,003,,物理类,物理,化学,465,185229,,普通本科批,https://zsb.nfu.edu.cn/info/1231/7661.htm,https://zsb.nfu.edu.cn/info/1231/7661.htm,,school_verified
1099,武汉华夏理工学院,001,,历史类,历史,不限,487,39472,,普通本科批,https://zs.whhxit.edu.cn/zsjz.htm,https://zs.whhxit.edu.cn/zsjz.htm,,school_verified
1099,武汉华夏理工学院,002,,物理类,物理,化学,481,161996,,普通本科批,https://zs.whhxit.edu.cn/zsjz.htm,https://zs.whhxit.edu.cn/zsjz.htm,,school_verified
1099,武汉华夏理工学院,001,,物理类,物理,不限,480,163245,,普通本科批,https://zs.whhxit.edu.cn/zsjz.htm,https://zs.whhxit.edu.cn/zsjz.htm,,school_verified
1102,西安航空学院,003,,物理类,物理,化学,530,93129,,普通本科批,https://zb.xaau.edu.cn/info/1036/2679.htm,https://zb.xaau.edu.cn/info/1036/2679.htm,,school_verified
1102,西安航空学院,005,,物理类,物理,化学,514,114675,,普通本科批,https://zb.xaau.edu.cn/info/1036/2679.htm,https://zb.xaau.edu.cn/info/1036/2679.htm,,school_verified
1102,西安航空学院,004,,物理类,物理,化学,512,116582,,普通本科批,https://zb.xaau.edu.cn/info/1036/2679.htm,https://zb.xaau.edu.cn/info/1036/2679.htm,,school_verified
1104,武昌首义学院,001,,历史类,历史,不限,492,37096,,普通本科批,https://www.wsyu.edu.cn/2026/0429/c2438a131311/page.htm,https://www.wsyu.edu.cn/2026/0429/c2438a131311/page.htm,,school_verified
1104,武昌首义学院,001,,物理类,物理,化学,481,162835,,普通本科批,https://www.wsyu.edu.cn/2026/0429/c2438a131311/page.htm,https://www.wsyu.edu.cn/2026/0429/c2438a131311/page.htm,,school_verified
1105,汉口学院,001,,历史类,历史,不限,497,34637,,普通本科批,https://www.hkxy.edu.cn/html/990/2026-01-30/content-33464.html,https://www.hkxy.edu.cn/html/990/2026-01-30/content-33464.html,,school_verified
1105,汉口学院,001,,物理类,物理,化学,480,164139,,普通本科批,https://www.hkxy.edu.cn/html/990/2026-01-30/content-33464.html,https://www.hkxy.edu.cn/html/990/2026-01-30/content-33464.html,,school_verified
1124,三峡大学科技学院,001,,历史类,历史,不限,497,34461,,普通本科批,https://kjxy.ctgu.edu.cn/info/1521/134811.htm,https://kjxy.ctgu.edu.cn/info/1521/134811.htm,,school_verified
1124,三峡大学科技学院,001,,物理类,物理,化学,487,153842,,普通本科批,https://kjxy.ctgu.edu.cn/info/1521/134811.htm,https://kjxy.ctgu.edu.cn/info/1521/134811.htm,,school_verified
1125,郑州财经学院,001,,历史类,历史,不限,495,35762,,普通本科批,http://zb.zzife.edu.cn/,http://zb.zzife.edu.cn/,,school_verified
1125,郑州财经学院,001,,物理类,物理,不限,483,159356,,普通本科批,http://zb.zzife.edu.cn/,http://zb.zzife.edu.cn/,,school_verified
1125,郑州财经学院,002,,物理类,物理,化学,482,161387,,普通本科批,http://zb.zzife.edu.cn/,http://zb.zzife.edu.cn/,,school_verified
1129,中国矿业大学徐海学院,001,,历史类,历史,不限,497,34570,,普通本科批,https://xhxy.cumt.edu.cn/zsjy/list.htm,https://xhxy.cumt.edu.cn/zsjy/list.htm,,school_verified
1129,中国矿业大学徐海学院,003,,物理类,物理,化学,489,150557,,普通本科批,https://xhxy.cumt.edu.cn/zsjy/list.htm,https://xhxy.cumt.edu.cn/zsjy/list.htm,,school_verified
1129,中国矿业大学徐海学院,001,,物理类,物理,不限,489,150815,,普通本科批,https://xhxy.cumt.edu.cn/zsjy/list.htm,https://xhxy.cumt.edu.cn/zsjy/list.htm,,school_verified
1129,中国矿业大学徐海学院,002,,物理类,物理,化学,484,157993,,普通本科批,https://xhxy.cumt.edu.cn/zsjy/list.htm,https://xhxy.cumt.edu.cn/zsjy/list.htm,,school_verified
1131,电子科技大学成都学院,001,,物理类,物理,化学,506,125928,,普通本科批,https://www.cduestc.cn/cduestc/init_1040100/list-enrollment-job,https://www.cduestc.cn/cduestc/init_1040100/list-enrollment-job,,school_verified
1131,电子科技大学成都学院,001,,历史类,历史,不限,491,37626,,普通本科批,https://www.cduestc.cn/cduestc/init_1040100/list-enrollment-job,https://www.cduestc.cn/cduestc/init_1040100/list-enrollment-job,,school_verified
1133,中南林业科技大学涉外学院,001,,历史类,历史,不限,495,35422,,普通本科批,https://swxy.csuft.edu.cn/zsw/info/1050/6371.htm,https://swxy.csuft.edu.cn/zsw/info/1050/6371.htm,,school_verified
1133,中南林业科技大学涉外学院,002,,物理类,物理,化学,490,149680,,普通本科批,https://swxy.csuft.edu.cn/zsw/info/1050/6371.htm,https://swxy.csuft.edu.cn/zsw/info/1050/6371.htm,,school_verified
1133,中南林业科技大学涉外学院,001,,物理类,物理,不限,487,153162,,普通本科批,https://swxy.csuft.edu.cn/zsw/info/1050/6371.htm,https://swxy.csuft.edu.cn/zsw/info/1050/6371.htm,,school_verified
1134,太原工业学院,002,,物理类,物理,化学,513,116043,,普通本科批,https://zsxx.tit.edu.cn/info/1005/2875.htm,https://zsxx.tit.edu.cn/info/1005/2875.htm,,school_verified
1134,太原工业学院,003,,物理类,物理,化学,506,125943,,普通本科批,https://zsxx.tit.edu.cn/info/1005/2875.htm,https://zsxx.tit.edu.cn/info/1005/2875.htm,,school_verified
1134,太原工业学院,001,,物理类,物理,不限,496,140744,,普通本科批,https://zsxx.tit.edu.cn/info/1005/2875.htm,https://zsxx.tit.edu.cn/info/1005/2875.htm,,school_verified
1140,南京特殊教育师范学院,002,,历史类,历史,思想政治,532,19854,,普通本科批,http://bkzs.njts.edu.cn/2025/0512/c4970a92338/page.htm,http://bkzs.njts.edu.cn/2025/0512/c4970a92338/page.htm,,school_verified
1140,南京特殊教育师范学院,001,,历史类,历史,不限,527,21578,,普通本科批,http://bkzs.njts.edu.cn/2025/0512/c4970a92338/page.htm,http://bkzs.njts.edu.cn/2025/0512/c4970a92338/page.htm,,school_verified
1140,南京特殊教育师范学院,001,,物理类,物理,不限,509,121142,,普通本科批,http://bkzs.njts.edu.cn/2025/0512/c4970a92338/page.htm,http://bkzs.njts.edu.cn/2025/0512/c4970a92338/page.htm,,school_verified
1140,南京特殊教育师范学院,003,,物理类,物理,化学,508,122412,,普通本科批,http://bkzs.njts.edu.cn/2025/0512/c4970a92338/page.htm,http://bkzs.njts.edu.cn/2025/0512/c4970a92338/page.htm,,school_verified
1140,南京特殊教育师范学院,002,,物理类,物理,不限,507,123460,,普通本科批,http://bkzs.njts.edu.cn/2025/0512/c4970a92338/page.htm,http://bkzs.njts.edu.cn/2025/0512/c4970a92338/page.htm,,school_verified
1142,山东中医药大学,001,,物理类,物理,不限,538,84171,,普通本科批,https://zhaosheng.sdutcm.edu.cn/info/1035/2641.htm,https://zhaosheng.sdutcm.edu.cn/info/1035/2641.htm,,school_verified
1142,山东中医药大学,001,,历史类,历史,不限,532,19714,,普通本科批,https://zhaosheng.sdutcm.edu.cn/info/1035/2641.htm,https://zhaosheng.sdutcm.edu.cn/info/1035/2641.htm,,school_verified
1142,山东中医药大学,002,,物理类,物理,化学,522,103957,,普通本科批,https://zhaosheng.sdutcm.edu.cn/info/1035/2641.htm,https://zhaosheng.sdutcm.edu.cn/info/1035/2641.htm,,school_verified
1143,南京理工大学泰州科技学院,001,,物理类,物理,化学,489,151336,,普通本科批,https://zs.nustti.edu.cn/page/?2855%252.html,https://zs.nustti.edu.cn/page/?2855%252.html,,school_verified
1144,武汉工程科技学院,001,,历史类,历史,不限,491,37625,,普通本科批,https://zs.wuhues.com/zsjz/B1803index_1.htm,https://zs.wuhues.com/zsjz/B1803index_1.htm,,school_verified
1144,武汉工程科技学院,001,,物理类,物理,化学,479,164681,,普通本科批,https://zs.wuhues.com/zsjz/B1803index_1.htm,https://zs.wuhues.com/zsjz/B1803index_1.htm,,school_verified
1145,东南大学成贤学院,001,,历史类,历史,不限,498,34110,,普通本科批,http://zs.cxxy.seu.edu.cn/1340/list.htm,http://zs.cxxy.seu.edu.cn/1340/list.htm,,school_verified
1145,东南大学成贤学院,001,,物理类,物理,不限,491,148302,,普通本科批,http://zs.cxxy.seu.edu.cn/1340/list.htm,http://zs.cxxy.seu.edu.cn/1340/list.htm,,school_verified
1145,东南大学成贤学院,002,,物理类,物理,化学,488,152237,,普通本科批,http://zs.cxxy.seu.edu.cn/1340/list.htm,http://zs.cxxy.seu.edu.cn/1340/list.htm,,school_verified
1147,郑州师范学院,001,,历史类,历史,不限,522,23490,,普通本科批,https://zsb.zznu.edu.cn/bkzn/zsjz1.htm,https://zsb.zznu.edu.cn/bkzn/zsjz1.htm,,school_verified
1157,武昌理工学院,001,,历史类,历史,不限,489,38571,,普通本科批,https://www.wut.edu.cn/info/1069/351581.htm,https://www.wut.edu.cn/info/1069/351581.htm,,school_verified
1157,武昌理工学院,002,,物理类,物理,化学,489,150897,,普通本科批,https://www.wut.edu.cn/info/1069/351581.htm,https://www.wut.edu.cn/info/1069/351581.htm,,school_verified
1157,武昌理工学院,001,,物理类,物理,化学,488,151694,,普通本科批,https://www.wut.edu.cn/info/1069/351581.htm,https://www.wut.edu.cn/info/1069/351581.htm,,school_verified
1158,湖北医药学院药护学院,001,,物理类,物理,化学,488,152537,,普通本科批,https://yhgj.hbmu.edu.cn/2025/1113/c2639a124444/page.htm,https://yhgj.hbmu.edu.cn/2025/1113/c2639a124444/page.htm,,school_verified
1159,武汉东湖学院,001,,历史类,历史,不限,494,35880,,普通本科批,https://www.wdu.edu.cn/xwzx/tzgg/202601/t4803255.shtml,https://www.wdu.edu.cn/xwzx/tzgg/202601/t4803255.shtml,,school_verified
1159,武汉东湖学院,001,,物理类,物理,不限,484,158243,,普通本科批,https://www.wdu.edu.cn/xwzx/tzgg/202601/t4803255.shtml,https://www.wdu.edu.cn/xwzx/tzgg/202601/t4803255.shtml,,school_verified
1159,武汉东湖学院,002,,物理类,物理,化学,479,165998,,普通本科批,https://www.wdu.edu.cn/xwzx/tzgg/202601/t4803255.shtml,https://www.wdu.edu.cn/xwzx/tzgg/202601/t4803255.shtml,,school_verified
1161,商丘工学院,001,,物理类,物理,化学,477,167604,,普通本科批,https://www.sqgxy.edu.cn/22/list.htm,https://www.sqgxy.edu.cn/22/list.htm,,school_verified
1166,辽宁理工学院,001,,历史类,历史,不限,482,41845,,普通本科批,https://www.lise.edu.cn/sites/html/zhaosheng/2026_03/04_09/content-40849.html,https://www.lise.edu.cn/sites/html/zhaosheng/2026_03/04_09/content-40849.html,,school_verified
1166,辽宁理工学院,001,,物理类,物理,不限,463,188287,,普通本科批,https://www.lise.edu.cn/sites/html/zhaosheng/2026_03/04_09/content-40849.html,https://www.lise.edu.cn/sites/html/zhaosheng/2026_03/04_09/content-40849.html,,school_verified
1166,辽宁理工学院,002,,物理类,物理,化学,461,190417,,普通本科批,https://www.lise.edu.cn/sites/html/zhaosheng/2026_03/04_09/content-40849.html,https://www.lise.edu.cn/sites/html/zhaosheng/2026_03/04_09/content-40849.html,,school_verified
1169,武汉学院,002,,物理类,物理,化学,497,139333,,普通本科批,https://zs.whxy.edu.cn/zszc1.htm,https://zs.whxy.edu.cn/zszc1.htm,,school_verified
1169,武汉学院,001,,历史类,历史,不限,494,35935,,普通本科批,https://zs.whxy.edu.cn/zszc1.htm,https://zs.whxy.edu.cn/zszc1.htm,,school_verified
1169,武汉学院,001,,物理类,物理,不限,483,159142,,普通本科批,https://zs.whxy.edu.cn/zszc1.htm,https://zs.whxy.edu.cn/zszc1.htm,,school_verified
1170,宿迁学院,001,,历史类,历史,不限,523,23076,,普通本科批,https://zb.squ.edu.cn/info/1069/2157.htm,https://zb.squ.edu.cn/info/1069/2157.htm,,school_verified
1170,宿迁学院,002,,物理类,物理,化学,523,102602,,普通本科批,https://zb.squ.edu.cn/info/1069/2157.htm,https://zb.squ.edu.cn/info/1069/2157.htm,,school_verified
1170,宿迁学院,001,,物理类,物理,不限,517,109462,,普通本科批,https://zb.squ.edu.cn/info/1069/2157.htm,https://zb.squ.edu.cn/info/1069/2157.htm,,school_verified
1176,武汉城市学院,001,,历史类,历史,不限,491,37306,,普通本科批,https://www.wic.edu.cn/zsw/list_395.html#mm-0,https://www.wic.edu.cn/zsw/list_395.html#mm-0,,school_verified
1176,武汉城市学院,002,,物理类,物理,化学,483,159405,,普通本科批,https://www.wic.edu.cn/zsw/list_395.html#mm-0,https://www.wic.edu.cn/zsw/list_395.html#mm-0,,school_verified
1176,武汉城市学院,001,,物理类,物理,不限,483,159894,,普通本科批,https://www.wic.edu.cn/zsw/list_395.html#mm-0,https://www.wic.edu.cn/zsw/list_395.html#mm-0,,school_verified
1178,洛阳理工学院,002,,物理类,物理,化学,519,107015,,普通本科批,https://zs.lit.edu.cn/info/1019/4461.htm,https://zs.lit.edu.cn/info/1019/4461.htm,,school_verified
1178,洛阳理工学院,001,,历史类,历史,不限,515,26446,,普通本科批,https://zs.lit.edu.cn/info/1019/4461.htm,https://zs.lit.edu.cn/info/1019/4461.htm,,school_verified
1178,洛阳理工学院,001,,物理类,物理,不限,512,117013,,普通本科批,https://zs.lit.edu.cn/info/1019/4461.htm,https://zs.lit.edu.cn/info/1019/4461.htm,,school_verified
1179,三江学院,001,,历史类,历史,不限,494,36216,,普通本科批,https://zsb.sju.edu.cn/2860/list.htm,https://zsb.sju.edu.cn/2860/list.htm,,school_verified
1179,三江学院,002,,物理类,物理,化学,482,160937,,普通本科批,https://zsb.sju.edu.cn/2860/list.htm,https://zsb.sju.edu.cn/2860/list.htm,,school_verified
1179,三江学院,001,,物理类,物理,不限,482,161575,,普通本科批,https://zsb.sju.edu.cn/2860/list.htm,https://zsb.sju.edu.cn/2860/list.htm,,school_verified
1180,宿州学院,003,,历史类,历史,地理,515,26562,,普通本科批,https://www.ahszu.edu.cn/xygk/xxzc.htm,https://www.ahszu.edu.cn/xygk/xxzc.htm,,school_verified
1180,宿州学院,002,,历史类,历史,不限,507,30069,,普通本科批,https://www.ahszu.edu.cn/xygk/xxzc.htm,https://www.ahszu.edu.cn/xygk/xxzc.htm,,school_verified
1180,宿州学院,004,,物理类,物理,地理,501,132777,,普通本科批,https://www.ahszu.edu.cn/xygk/xxzc.htm,https://www.ahszu.edu.cn/xygk/xxzc.htm,,school_verified
1180,宿州学院,003,,物理类,物理,化学,493,144858,,普通本科批,https://www.ahszu.edu.cn/xygk/xxzc.htm,https://www.ahszu.edu.cn/xygk/xxzc.htm,,school_verified
1180,宿州学院,002,,物理类,物理,不限,491,147005,,普通本科批,https://www.ahszu.edu.cn/xygk/xxzc.htm,https://www.ahszu.edu.cn/xygk/xxzc.htm,,school_verified
1182,苏州工学院,001,,历史类,历史,不限,544,15751,,普通本科批,https://zsb.szut.edu.cn/info/1081/4221.htm,https://zsb.szut.edu.cn/info/1081/4221.htm,,school_verified
1182,苏州工学院,002,,物理类,物理,化学,540,81073,,普通本科批,https://zsb.szut.edu.cn/info/1081/4221.htm,https://zsb.szut.edu.cn/info/1081/4221.htm,,school_verified
1182,苏州工学院,003,,物理类,物理,化学,533,89429,,普通本科批,https://zsb.szut.edu.cn/info/1081/4221.htm,https://zsb.szut.edu.cn/info/1081/4221.htm,,school_verified
1182,苏州工学院,001,,物理类,物理,不限,530,92608,,普通本科批,https://zsb.szut.edu.cn/info/1081/4221.htm,https://zsb.szut.edu.cn/info/1081/4221.htm,,school_verified
1184,西安翻译学院,001,,历史类,历史,不限,477,44301,,普通本科批,https://zs.xafu.edu.cn/bkzn_zszc/803.html,https://zs.xafu.edu.cn/bkzn_zszc/803.html,,school_verified
1184,西安翻译学院,001,,物理类,物理,不限,461,190837,,普通本科批,https://zs.xafu.edu.cn/bkzn_zszc/803.html,https://zs.xafu.edu.cn/bkzn_zszc/803.html,,school_verified
1188,湖南涉外经济学院,002,,历史类,历史,不限,481,42455,,普通本科批,http://zs.hieu.edu.cn/recruit/detail/news?article_id=22438&menu_id=7&sidebar_index=0,http://zs.hieu.edu.cn/recruit/detail/news?article_id=22438&menu_id=7&sidebar_index=0,,school_verified
1188,湖南涉外经济学院,001,,历史类,历史,不限,478,44067,,普通本科批,http://zs.hieu.edu.cn/recruit/detail/news?article_id=22438&menu_id=7&sidebar_index=0,http://zs.hieu.edu.cn/recruit/detail/news?article_id=22438&menu_id=7&sidebar_index=0,,school_verified
1188,湖南涉外经济学院,003,,物理类,物理,化学,462,189279,,普通本科批,http://zs.hieu.edu.cn/recruit/detail/news?article_id=22438&menu_id=7&sidebar_index=0,http://zs.hieu.edu.cn/recruit/detail/news?article_id=22438&menu_id=7&sidebar_index=0,,school_verified
1188,湖南涉外经济学院,002,,物理类,物理,不限,461,190605,,普通本科批,http://zs.hieu.edu.cn/recruit/detail/news?article_id=22438&menu_id=7&sidebar_index=0,http://zs.hieu.edu.cn/recruit/detail/news?article_id=22438&menu_id=7&sidebar_index=0,,school_verified
1188,湖南涉外经济学院,001,,物理类,物理,不限,461,190901,,普通本科批,http://zs.hieu.edu.cn/recruit/detail/news?article_id=22438&menu_id=7&sidebar_index=0,http://zs.hieu.edu.cn/recruit/detail/news?article_id=22438&menu_id=7&sidebar_index=0,,school_verified
1189,宁波工程学院,002,,物理类,物理,化学,539,82928,,普通本科批,https://www.nbut.edu.cn/xxgk/xxzc.htm,https://www.nbut.edu.cn/xxgk/xxzc.htm,,school_verified
1189,宁波工程学院,001,,历史类,历史,不限,533,19306,,普通本科批,https://www.nbut.edu.cn/xxgk/xxzc.htm,https://www.nbut.edu.cn/xxgk/xxzc.htm,,school_verified
1189,宁波工程学院,003,,物理类,物理,化学,532,91306,,普通本科批,https://www.nbut.edu.cn/xxgk/xxzc.htm,https://www.nbut.edu.cn/xxgk/xxzc.htm,,school_verified
1189,宁波工程学院,001,,物理类,物理,不限,530,92944,,普通本科批,https://www.nbut.edu.cn/xxgk/xxzc.htm,https://www.nbut.edu.cn/xxgk/xxzc.htm,,school_verified
1189,宁波工程学院,002,,历史类,历史,不限,527,21531,,普通本科批,https://www.nbut.edu.cn/xxgk/xxzc.htm,https://www.nbut.edu.cn/xxgk/xxzc.htm,,school_verified
1189,宁波工程学院,004,,物理类,物理,化学,521,105142,,普通本科批,https://www.nbut.edu.cn/xxgk/xxzc.htm,https://www.nbut.edu.cn/xxgk/xxzc.htm,,school_verified
1190,南京财经大学红山学院,001,,历史类,历史,不限,499,33628,,普通本科批,http://hs.nufe.edu.cn/zsxx/2025/0603/c471a23650/page.htm,http://hs.nufe.edu.cn/zsxx/2025/0603/c471a23650/page.htm,,school_verified
1190,南京财经大学红山学院,001,,物理类,物理,不限,486,155462,,普通本科批,http://hs.nufe.edu.cn/zsxx/2025/0603/c471a23650/page.htm,http://hs.nufe.edu.cn/zsxx/2025/0603/c471a23650/page.htm,,school_verified
1196,安徽中医药大学,006,,物理类,物理,不限,591,33386,,普通本科批,https://www.ahtcm.edu.cn/xxgk/xxzc.htm,https://www.ahtcm.edu.cn/xxgk/xxzc.htm,,school_verified
1196,安徽中医药大学,004,,历史类,历史,不限,559,11479,,普通本科批,https://www.ahtcm.edu.cn/xxgk/xxzc.htm,https://www.ahtcm.edu.cn/xxgk/xxzc.htm,,school_verified
1196,安徽中医药大学,007,,物理类,物理,不限,540,81872,,普通本科批,https://www.ahtcm.edu.cn/xxgk/xxzc.htm,https://www.ahtcm.edu.cn/xxgk/xxzc.htm,,school_verified
1196,安徽中医药大学,005,,历史类,历史,不限,529,21104,,普通本科批,https://www.ahtcm.edu.cn/xxgk/xxzc.htm,https://www.ahtcm.edu.cn/xxgk/xxzc.htm,,school_verified
1210,山东航空学院,002,,物理类,物理,化学,538,83986,,普通本科批,https://www.sdua.edu.cn/,https://www.sdua.edu.cn/,,school_verified
1210,山东航空学院,001,,物理类,物理,不限,530,93497,,普通本科批,https://www.sdua.edu.cn/,https://www.sdua.edu.cn/,,school_verified
1210,山东航空学院,001,,历史类,历史,不限,516,26166,,普通本科批,https://www.sdua.edu.cn/,https://www.sdua.edu.cn/,,school_verified
1210,山东航空学院,003,,物理类,物理,化学,504,127868,,普通本科批,https://www.sdua.edu.cn/,https://www.sdua.edu.cn/,,school_verified
1214,集美大学诚毅学院,001,,历史类,历史,不限,496,34847,,普通本科批,https://cyzsb.jmu.edu.cn/bkzn/zszc.htm,https://cyzsb.jmu.edu.cn/bkzn/zszc.htm,,school_verified
1214,集美大学诚毅学院,003,,物理类,物理,化学,483,158907,,普通本科批,https://cyzsb.jmu.edu.cn/bkzn/zszc.htm,https://cyzsb.jmu.edu.cn/bkzn/zszc.htm,,school_verified
1214,集美大学诚毅学院,002,,物理类,物理,不限,479,164747,,普通本科批,https://cyzsb.jmu.edu.cn/bkzn/zszc.htm,https://cyzsb.jmu.edu.cn/bkzn/zszc.htm,,school_verified
1215,上海师范大学天华学院,002,,历史类,历史,不限,478,43937,,普通本科批,https://www.sthu.cn/,https://www.sthu.cn/,,school_verified
1215,上海师范大学天华学院,001,,历史类,历史,不限,477,44667,,普通本科批,https://www.sthu.cn/,https://www.sthu.cn/,,school_verified
1215,上海师范大学天华学院,004,,物理类,物理,化学,463,188359,,普通本科批,https://www.sthu.cn/,https://www.sthu.cn/,,school_verified
1215,上海师范大学天华学院,002,,物理类,物理,不限,462,189558,,普通本科批,https://www.sthu.cn/,https://www.sthu.cn/,,school_verified
1215,上海师范大学天华学院,003,,物理类,物理,化学,461,190612,,普通本科批,https://www.sthu.cn/,https://www.sthu.cn/,,school_verified
1215,上海师范大学天华学院,001,,物理类,物理,不限,461,190952,,普通本科批,https://www.sthu.cn/,https://www.sthu.cn/,,school_verified
1216,宁波诺丁汉大学,001,,物理类,物理,不限,556,63888,,普通本科批,https://www.nottingham.edu.cn/cn/index.aspx,https://www.nottingham.edu.cn/cn/index.aspx,,school_verified
1216,宁波诺丁汉大学,002,,历史类,历史,思想政治,553,12914,,普通本科批,https://www.nottingham.edu.cn/cn/index.aspx,https://www.nottingham.edu.cn/cn/index.aspx,,school_verified
1216,宁波诺丁汉大学,002,,物理类,物理,化学,552,67836,,普通本科批,https://www.nottingham.edu.cn/cn/index.aspx,https://www.nottingham.edu.cn/cn/index.aspx,,school_verified
1216,宁波诺丁汉大学,001,,历史类,历史,不限,543,16160,,普通本科批,https://www.nottingham.edu.cn/cn/index.aspx,https://www.nottingham.edu.cn/cn/index.aspx,,school_verified
1217,北京大学医学部,002,,物理类,物理,化学,680,285,,普通本科批,https://bkzs.bjmu.edu.cn/zszc/index.htm,https://bkzs.bjmu.edu.cn/zszc/index.htm,,school_verified
1217,北京大学医学部,003,,物理类,物理,化学,674,599,,普通本科批,https://bkzs.bjmu.edu.cn/zszc/index.htm,https://bkzs.bjmu.edu.cn/zszc/index.htm,,school_verified
1217,北京大学医学部,001,,历史类,历史,不限,663,42,,普通本科批,https://bkzs.bjmu.edu.cn/zszc/index.htm,https://bkzs.bjmu.edu.cn/zszc/index.htm,,school_verified
1218,东北大学秦皇岛分校,002,,物理类,物理,化学,632,9614,,普通本科批,https://www.neuq.edu.cn/,https://www.neuq.edu.cn/,,school_verified
1218,东北大学秦皇岛分校,003,,物理类,物理,化学,616,17343,,普通本科批,https://www.neuq.edu.cn/,https://www.neuq.edu.cn/,,school_verified
1218,东北大学秦皇岛分校,001,,物理类,物理,不限,612,19111,,普通本科批,https://www.neuq.edu.cn/,https://www.neuq.edu.cn/,,school_verified
1218,东北大学秦皇岛分校,001,,历史类,历史,不限,608,2486,,普通本科批,https://www.neuq.edu.cn/,https://www.neuq.edu.cn/,,school_verified
1219,山东大学（威海）,004,,物理类,物理,化学,638,7715,,普通本科批,https://www.wh.sdu.edu.cn/,https://www.wh.sdu.edu.cn/,,school_verified
1219,山东大学（威海）,003,,物理类,物理,不限,632,9960,,普通本科批,https://www.wh.sdu.edu.cn/,https://www.wh.sdu.edu.cn/,,school_verified
1219,山东大学（威海）,004,,历史类,历史,思想政治,620,1345,,普通本科批,https://www.wh.sdu.edu.cn/,https://www.wh.sdu.edu.cn/,,school_verified
1219,山东大学（威海）,003,,历史类,历史,不限,618,1515,,普通本科批,https://www.wh.sdu.edu.cn/,https://www.wh.sdu.edu.cn/,,school_verified
1227,中国人民解放军陆军军医大学,002,,物理类,物理,化学,588,35532,,普通本科批,https://zs.tmmu.edu.cn/zsjy/news_show.aspx?newsid=3186,https://zs.tmmu.edu.cn/zsjy/news_show.aspx?newsid=3186,,school_verified
1227,中国人民解放军陆军军医大学,001,,物理类,物理,化学,571,49685,,普通本科批,https://zs.tmmu.edu.cn/zsjy/news_show.aspx?newsid=3186,https://zs.tmmu.edu.cn/zsjy/news_show.aspx?newsid=3186,,school_verified
1232,重庆人文科技学院,001,,历史类,历史,不限,500,33022,,普通本科批,https://zsw.cqrk.edu.cn/html/809/2026-04-24/content-3318.html,https://zsw.cqrk.edu.cn/html/809/2026-04-24/content-3318.html,,school_verified
1232,重庆人文科技学院,002,,历史类,历史,不限,496,35048,,普通本科批,https://zsw.cqrk.edu.cn/html/809/2026-04-24/content-3318.html,https://zsw.cqrk.edu.cn/html/809/2026-04-24/content-3318.html,,school_verified
1232,重庆人文科技学院,002,,物理类,物理,化学,482,160933,,普通本科批,https://zsw.cqrk.edu.cn/html/809/2026-04-24/content-3318.html,https://zsw.cqrk.edu.cn/html/809/2026-04-24/content-3318.html,,school_verified
1232,重庆人文科技学院,001,,物理类,物理,不限,477,167658,,普通本科批,https://zsw.cqrk.edu.cn/html/809/2026-04-24/content-3318.html,https://zsw.cqrk.edu.cn/html/809/2026-04-24/content-3318.html,,school_verified
1236,贵州工程应用技术学院,001,,历史类,历史,不限,500,33230,,普通本科批,https://www.gues.edu.cn/xxgk/xxzc.htm,https://www.gues.edu.cn/xxgk/xxzc.htm,,school_verified
1236,贵州工程应用技术学院,001,,物理类,物理,化学,489,150789,,普通本科批,https://www.gues.edu.cn/xxgk/xxzc.htm,https://www.gues.edu.cn/xxgk/xxzc.htm,,school_verified
1238,济宁医学院,002,,物理类,物理,不限,511,118809,,普通本科批,https://www.jnmc.edu.cn/,https://www.jnmc.edu.cn/,,school_verified
1238,济宁医学院,001,,物理类,物理,不限,505,126940,,普通本科批,https://www.jnmc.edu.cn/,https://www.jnmc.edu.cn/,,school_verified
1238,济宁医学院,003,,物理类,物理,化学,502,130863,,普通本科批,https://www.jnmc.edu.cn/,https://www.jnmc.edu.cn/,,school_verified
1241,宁夏师范大学,001,,历史类,历史,不限,524,23021,,普通本科批,https://www.nxnu.edu.cn/,https://www.nxnu.edu.cn/,,school_verified
1241,宁夏师范大学,003,,物理类,物理,化学,518,108513,,普通本科批,https://www.nxnu.edu.cn/,https://www.nxnu.edu.cn/,,school_verified
1241,宁夏师范大学,004,,历史类,历史,思想政治,514,27096,,普通本科批,https://www.nxnu.edu.cn/,https://www.nxnu.edu.cn/,,school_verified
1241,宁夏师范大学,002,,历史类,历史,不限,512,27994,,普通本科批,https://www.nxnu.edu.cn/,https://www.nxnu.edu.cn/,,school_verified
1241,宁夏师范大学,003,,历史类,历史,不限,510,28906,,普通本科批,https://www.nxnu.edu.cn/,https://www.nxnu.edu.cn/,,school_verified
1241,宁夏师范大学,002,,物理类,物理,化学,508,122517,,普通本科批,https://www.nxnu.edu.cn/,https://www.nxnu.edu.cn/,,school_verified
1241,宁夏师范大学,001,,物理类,物理,不限,493,145402,,普通本科批,https://www.nxnu.edu.cn/,https://www.nxnu.edu.cn/,,school_verified
1242,呼伦贝尔学院,002,,历史类,历史,不限,498,33972,,普通本科批,https://zsjy.hlbec.edu.cn/info/1013/2186.htm,https://zsjy.hlbec.edu.cn/info/1013/2186.htm,,school_verified
1242,呼伦贝尔学院,001,,历史类,历史,不限,498,34076,,普通本科批,https://zsjy.hlbec.edu.cn/info/1013/2186.htm,https://zsjy.hlbec.edu.cn/info/1013/2186.htm,,school_verified
1242,呼伦贝尔学院,001,,物理类,物理,不限,486,155469,,普通本科批,https://zsjy.hlbec.edu.cn/info/1013/2186.htm,https://zsjy.hlbec.edu.cn/info/1013/2186.htm,,school_verified
1243,长沙医学院,001,,物理类,物理,化学,517,110381,,普通本科批,https://www.csmu.edu.cn/zjcys.html?id=1765650997369147394,https://www.csmu.edu.cn/zjcys.html?id=1765650997369147394,,school_verified
1244,辽宁对外经贸学院,001,,历史类,历史,不限,480,42834,,普通本科批,https://www.luibe.edu.cn/,https://www.luibe.edu.cn/,,school_verified
1244,辽宁对外经贸学院,001,,物理类,物理,不限,441,216809,,普通本科批,https://www.luibe.edu.cn/,https://www.luibe.edu.cn/,,school_verified
1245,青岛滨海学院,001,,历史类,历史,不限,482,41807,,普通本科批,https://zsb.qdbhu.edu.cn/info/1151/2791.htm,https://zsb.qdbhu.edu.cn/info/1151/2791.htm,,school_verified
1245,青岛滨海学院,002,,历史类,历史,不限,478,43939,,普通本科批,https://zsb.qdbhu.edu.cn/info/1151/2791.htm,https://zsb.qdbhu.edu.cn/info/1151/2791.htm,,school_verified
1245,青岛滨海学院,002,,物理类,物理,化学,472,174968,,普通本科批,https://zsb.qdbhu.edu.cn/info/1151/2791.htm,https://zsb.qdbhu.edu.cn/info/1151/2791.htm,,school_verified
1245,青岛滨海学院,003,,物理类,物理,化学,471,177362,,普通本科批,https://zsb.qdbhu.edu.cn/info/1151/2791.htm,https://zsb.qdbhu.edu.cn/info/1151/2791.htm,,school_verified
1245,青岛滨海学院,001,,物理类,物理,不限,467,183028,,普通本科批,https://zsb.qdbhu.edu.cn/info/1151/2791.htm,https://zsb.qdbhu.edu.cn/info/1151/2791.htm,,school_verified
1246,枣庄学院,001,,物理类,物理,不限,496,139954,,普通本科批,http://zsb.uzz.edu.cn/showarticle_zs.php?actiontype=1&id=70,http://zsb.uzz.edu.cn/showarticle_zs.php?actiontype=1&id=70,,school_verified
1246,枣庄学院,002,,物理类,物理,化学,493,144661,,普通本科批,http://zsb.uzz.edu.cn/showarticle_zs.php?actiontype=1&id=70,http://zsb.uzz.edu.cn/showarticle_zs.php?actiontype=1&id=70,,school_verified
1249,海南热带海洋学院,003,,历史类,历史,思想政治,503,32050,,普通本科批,http://zs.hntou.edu.cn/bkzn/zszc/202506/t20250609_96568.html,http://zs.hntou.edu.cn/bkzn/zszc/202506/t20250609_96568.html,,school_verified
1249,海南热带海洋学院,001,,历史类,历史,不限,503,32050,,普通本科批,http://zs.hntou.edu.cn/bkzn/zszc/202506/t20250609_96568.html,http://zs.hntou.edu.cn/bkzn/zszc/202506/t20250609_96568.html,,school_verified
1249,海南热带海洋学院,002,,物理类,物理,不限,502,132119,,普通本科批,http://zs.hntou.edu.cn/bkzn/zszc/202506/t20250609_96568.html,http://zs.hntou.edu.cn/bkzn/zszc/202506/t20250609_96568.html,,school_verified
1249,海南热带海洋学院,004,,物理类,物理,化学,489,151358,,普通本科批,http://zs.hntou.edu.cn/bkzn/zszc/202506/t20250609_96568.html,http://zs.hntou.edu.cn/bkzn/zszc/202506/t20250609_96568.html,,school_verified
1249,海南热带海洋学院,002,,历史类,历史,不限,482,42281,,普通本科批,http://zs.hntou.edu.cn/bkzn/zszc/202506/t20250609_96568.html,http://zs.hntou.edu.cn/bkzn/zszc/202506/t20250609_96568.html,,school_verified
1249,海南热带海洋学院,003,,物理类,物理,不限,478,167466,,普通本科批,http://zs.hntou.edu.cn/bkzn/zszc/202506/t20250609_96568.html,http://zs.hntou.edu.cn/bkzn/zszc/202506/t20250609_96568.html,,school_verified
1250,龙岩学院,001,,历史类,历史,不限,504,31505,,普通本科批,https://www.lyun.edu.cn/xuexiaogaik/xxzc.htm,https://www.lyun.edu.cn/xuexiaogaik/xxzc.htm,,school_verified
1250,龙岩学院,002,,物理类,物理,化学,496,139905,,普通本科批,https://www.lyun.edu.cn/xuexiaogaik/xxzc.htm,https://www.lyun.edu.cn/xuexiaogaik/xxzc.htm,,school_verified
1250,龙岩学院,001,,物理类,物理,不限,493,145224,,普通本科批,https://www.lyun.edu.cn/xuexiaogaik/xxzc.htm,https://www.lyun.edu.cn/xuexiaogaik/xxzc.htm,,school_verified
1251,梧州学院,001,,历史类,历史,不限,503,31907,,普通本科批,https://zsw.gxuwz.edu.cn/info/1004/1506.htm,https://zsw.gxuwz.edu.cn/info/1004/1506.htm,,school_verified
1251,梧州学院,002,,物理类,物理,化学,491,147231,,普通本科批,https://zsw.gxuwz.edu.cn/info/1004/1506.htm,https://zsw.gxuwz.edu.cn/info/1004/1506.htm,,school_verified
1251,梧州学院,001,,物理类,物理,不限,490,148729,,普通本科批,https://zsw.gxuwz.edu.cn/info/1004/1506.htm,https://zsw.gxuwz.edu.cn/info/1004/1506.htm,,school_verified
1255,丽水学院,003,,物理类,物理,化学,556,63530,,普通本科批,https://zsw.lsu.edu.cn/2021/0303/c589a299891/page.htm,https://zsw.lsu.edu.cn/2021/0303/c589a299891/page.htm,,school_verified
1255,丽水学院,001,,物理类,物理,不限,534,87961,,普通本科批,https://zsw.lsu.edu.cn/2021/0303/c589a299891/page.htm,https://zsw.lsu.edu.cn/2021/0303/c589a299891/page.htm,,school_verified
1255,丽水学院,001,,历史类,历史,不限,526,21912,,普通本科批,https://zsw.lsu.edu.cn/2021/0303/c589a299891/page.htm,https://zsw.lsu.edu.cn/2021/0303/c589a299891/page.htm,,school_verified
1255,丽水学院,004,,物理类,物理,化学,519,107163,,普通本科批,https://zsw.lsu.edu.cn/2021/0303/c589a299891/page.htm,https://zsw.lsu.edu.cn/2021/0303/c589a299891/page.htm,,school_verified
1255,丽水学院,002,,物理类,物理,化学,510,119727,,普通本科批,https://zsw.lsu.edu.cn/2021/0303/c589a299891/page.htm,https://zsw.lsu.edu.cn/2021/0303/c589a299891/page.htm,,school_verified
1256,北部湾大学,006,,物理类,物理,化学,521,105169,,普通本科批,https://zsw.bbgu.edu.cn/info/1003/2443.htm,https://zsw.bbgu.edu.cn/info/1003/2443.htm,,school_verified
1256,北部湾大学,002,,物理类,物理,化学,521,104310,,普通本科批,https://zsw.bbgu.edu.cn/info/1003/2443.htm,https://zsw.bbgu.edu.cn/info/1003/2443.htm,,school_verified
1256,北部湾大学,001,,历史类,历史,不限,517,25425,,普通本科批,https://zsw.bbgu.edu.cn/info/1003/2443.htm,https://zsw.bbgu.edu.cn/info/1003/2443.htm,,school_verified
1256,北部湾大学,007,,物理类,物理,化学,515,113345,,普通本科批,https://zsw.bbgu.edu.cn/info/1003/2443.htm,https://zsw.bbgu.edu.cn/info/1003/2443.htm,,school_verified
1256,北部湾大学,003,,物理类,物理,化学,510,119997,,普通本科批,https://zsw.bbgu.edu.cn/info/1003/2443.htm,https://zsw.bbgu.edu.cn/info/1003/2443.htm,,school_verified
1256,北部湾大学,004,,物理类,物理,化学,508,121985,,普通本科批,https://zsw.bbgu.edu.cn/info/1003/2443.htm,https://zsw.bbgu.edu.cn/info/1003/2443.htm,,school_verified
1256,北部湾大学,008,,物理类,物理,化学,505,126629,,普通本科批,https://zsw.bbgu.edu.cn/info/1003/2443.htm,https://zsw.bbgu.edu.cn/info/1003/2443.htm,,school_verified
1256,北部湾大学,005,,物理类,物理,化学,505,126915,,普通本科批,https://zsw.bbgu.edu.cn/info/1003/2443.htm,https://zsw.bbgu.edu.cn/info/1003/2443.htm,,school_verified
1257,长治学院,003,,历史类,历史,思想政治,513,27251,,普通本科批,http://jwc.czc.edu.cn/zsxx.htm,http://jwc.czc.edu.cn/zsxx.htm,,school_verified
1257,长治学院,001,,历史类,历史,不限,509,29327,,普通本科批,http://jwc.czc.edu.cn/zsxx.htm,http://jwc.czc.edu.cn/zsxx.htm,,school_verified
1257,长治学院,002,,历史类,历史,不限,501,32775,,普通本科批,http://jwc.czc.edu.cn/zsxx.htm,http://jwc.czc.edu.cn/zsxx.htm,,school_verified
1257,长治学院,001,,物理类,物理,不限,496,140327,,普通本科批,http://jwc.czc.edu.cn/zsxx.htm,http://jwc.czc.edu.cn/zsxx.htm,,school_verified
1257,长治学院,002,,物理类,物理,化学,493,144082,,普通本科批,http://jwc.czc.edu.cn/zsxx.htm,http://jwc.czc.edu.cn/zsxx.htm,,school_verified
1258,河北科技师范学院,002,,物理类,物理,化学,494,143711,,普通本科批,https://zhaosheng.hevttc.edu.cn/info/1073/2700.htm,https://zhaosheng.hevttc.edu.cn/info/1073/2700.htm,,school_verified
1258,河北科技师范学院,001,,物理类,物理,不限,491,148353,,普通本科批,https://zhaosheng.hevttc.edu.cn/info/1073/2700.htm,https://zhaosheng.hevttc.edu.cn/info/1073/2700.htm,,school_verified
1259,贺州学院,001,,物理类,物理,化学,492,146235,,普通本科批,https://www.hzxy.edu.cn/info/1032/258983.htm,https://www.hzxy.edu.cn/info/1032/258983.htm,,school_verified
1261,三明学院,002,,物理类,物理,化学,512,117075,,普通本科批,https://zjc.fjsmu.edu.cn/2026/0416/c3328a179919/page.htm,https://zjc.fjsmu.edu.cn/2026/0416/c3328a179919/page.htm,,school_verified
1261,三明学院,001,,历史类,历史,不限,504,31201,,普通本科批,https://zjc.fjsmu.edu.cn/2026/0416/c3328a179919/page.htm,https://zjc.fjsmu.edu.cn/2026/0416/c3328a179919/page.htm,,school_verified
1261,三明学院,001,,物理类,物理,不限,493,145423,,普通本科批,https://zjc.fjsmu.edu.cn/2026/0416/c3328a179919/page.htm,https://zjc.fjsmu.edu.cn/2026/0416/c3328a179919/page.htm,,school_verified
1262,商洛学院,001,,历史类,历史,地理,514,27061,,普通本科批,http://www.slxy.edu.cn/xxgk1/xxzc.htm,http://www.slxy.edu.cn/xxgk1/xxzc.htm,,school_verified
1262,商洛学院,002,,物理类,物理,生物,502,131791,,普通本科批,http://www.slxy.edu.cn/xxgk1/xxzc.htm,http://www.slxy.edu.cn/xxgk1/xxzc.htm,,school_verified
1262,商洛学院,001,,物理类,物理,不限,495,141686,,普通本科批,http://www.slxy.edu.cn/xxgk1/xxzc.htm,http://www.slxy.edu.cn/xxgk1/xxzc.htm,,school_verified
1263,安康学院,001,,物理类,物理,化学,504,128396,,普通本科批,https://zsb.aku.edu.cn/info/1048/2194.htm,https://zsb.aku.edu.cn/info/1048/2194.htm,,school_verified
1263,安康学院,001,,历史类,历史,不限,503,31694,,普通本科批,https://zsb.aku.edu.cn/info/1048/2194.htm,https://zsb.aku.edu.cn/info/1048/2194.htm,,school_verified
1264,菏泽学院,001,,历史类,历史,不限,524,22825,,普通本科批,https://zsxxw.hezeu.edu.cn/info/1052/3933.htm,https://zsxxw.hezeu.edu.cn/info/1052/3933.htm,,school_verified
1264,菏泽学院,001,,物理类,物理,不限,514,114903,,普通本科批,https://zsxxw.hezeu.edu.cn/info/1052/3933.htm,https://zsxxw.hezeu.edu.cn/info/1052/3933.htm,,school_verified
1264,菏泽学院,002,,物理类,物理,化学,500,134213,,普通本科批,https://zsxxw.hezeu.edu.cn/info/1052/3933.htm,https://zsxxw.hezeu.edu.cn/info/1052/3933.htm,,school_verified
1265,西安医学院,002,,历史类,历史,生物,516,26218,,普通本科批,http://zs.xiyi.edu.cn/,http://zs.xiyi.edu.cn/,,school_verified
1265,西安医学院,001,,历史类,历史,不限,504,31258,,普通本科批,http://zs.xiyi.edu.cn/,http://zs.xiyi.edu.cn/,,school_verified
1265,西安医学院,002,,物理类,物理,生物,503,130488,,普通本科批,http://zs.xiyi.edu.cn/,http://zs.xiyi.edu.cn/,,school_verified
1265,西安医学院,001,,物理类,物理,化学,502,130936,,普通本科批,http://zs.xiyi.edu.cn/,http://zs.xiyi.edu.cn/,,school_verified
1269,兰州城市学院,001,,历史类,历史,不限,501,32570,,普通本科批,https://www.lzcu.edu.cn/xygk/xxzc.htm,https://www.lzcu.edu.cn/xygk/xxzc.htm,,school_verified
1269,兰州城市学院,002,,历史类,历史,思想政治,499,33448,,普通本科批,https://www.lzcu.edu.cn/xygk/xxzc.htm,https://www.lzcu.edu.cn/xygk/xxzc.htm,,school_verified
1269,兰州城市学院,002,,物理类,物理,化学,489,150957,,普通本科批,https://www.lzcu.edu.cn/xygk/xxzc.htm,https://www.lzcu.edu.cn/xygk/xxzc.htm,,school_verified
1269,兰州城市学院,001,,物理类,物理,不限,489,150459,,普通本科批,https://www.lzcu.edu.cn/xygk/xxzc.htm,https://www.lzcu.edu.cn/xygk/xxzc.htm,,school_verified
1274,长春科技学院,001,,历史类,历史,不限,480,42893,,普通本科批,http://www.jlaudev.com.cn/xxgkx/xxzc.htm,http://www.jlaudev.com.cn/xxgkx/xxzc.htm,,school_verified
1274,长春科技学院,002,,物理类,物理,化学,462,189350,,普通本科批,http://www.jlaudev.com.cn/xxgkx/xxzc.htm,http://www.jlaudev.com.cn/xxgkx/xxzc.htm,,school_verified
1274,长春科技学院,001,,物理类,物理,不限,461,190791,,普通本科批,http://www.jlaudev.com.cn/xxgkx/xxzc.htm,http://www.jlaudev.com.cn/xxgkx/xxzc.htm,,school_verified
1275,北师香港浸会大学,002,,物理类,物理,化学,547,73478,,普通本科批,https://www.bnbu.edu.cn/admissions_and_placement.htm,https://www.bnbu.edu.cn/admissions_and_placement.htm,,school_verified
1275,北师香港浸会大学,001,,物理类,物理,不限,540,81574,,普通本科批,https://www.bnbu.edu.cn/admissions_and_placement.htm,https://www.bnbu.edu.cn/admissions_and_placement.htm,,school_verified
1275,北师香港浸会大学,001,,历史类,历史,不限,538,17876,,普通本科批,https://www.bnbu.edu.cn/admissions_and_placement.htm,https://www.bnbu.edu.cn/admissions_and_placement.htm,,school_verified
1276,吉林师范大学博达学院,002,,历史类,历史,地理,487,39328,,普通本科批,https://zsb.bdxy.com.cn/xsjh/zszc2.htm,https://zsb.bdxy.com.cn/xsjh/zszc2.htm,,school_verified
1276,吉林师范大学博达学院,001,,历史类,历史,不限,477,44540,,普通本科批,https://zsb.bdxy.com.cn/xsjh/zszc2.htm,https://zsb.bdxy.com.cn/xsjh/zszc2.htm,,school_verified
1276,吉林师范大学博达学院,003,,物理类,物理,地理,477,168518,,普通本科批,https://zsb.bdxy.com.cn/xsjh/zszc2.htm,https://zsb.bdxy.com.cn/xsjh/zszc2.htm,,school_verified
1276,吉林师范大学博达学院,001,,物理类,物理,不限,464,186553,,普通本科批,https://zsb.bdxy.com.cn/xsjh/zszc2.htm,https://zsb.bdxy.com.cn/xsjh/zszc2.htm,,school_verified
1276,吉林师范大学博达学院,002,,物理类,物理,化学,461,190630,,普通本科批,https://zsb.bdxy.com.cn/xsjh/zszc2.htm,https://zsb.bdxy.com.cn/xsjh/zszc2.htm,,school_verified
1277,昆明医科大学海源学院,001,,物理类,物理,化学,485,156958,,普通本科批,https://zs.kyhyxy.com/KyhyxyZS/WebB/Home/NewsDetail?AWw13-cjjKjt1u6zDQFlJ3CD9JBobIT9cN_66FCewbU=.shtml,https://zs.kyhyxy.com/KyhyxyZS/WebB/Home/NewsDetail?AWw13-cjjKjt1u6zDQFlJ3CD9JBobIT9cN_66FCewbU=.shtml,,school_verified
1277,昆明医科大学海源学院,002,,物理类,物理,生物,479,164930,,普通本科批,https://zs.kyhyxy.com/KyhyxyZS/WebB/Home/NewsDetail?AWw13-cjjKjt1u6zDQFlJ3CD9JBobIT9cN_66FCewbU=.shtml,https://zs.kyhyxy.com/KyhyxyZS/WebB/Home/NewsDetail?AWw13-cjjKjt1u6zDQFlJ3CD9JBobIT9cN_66FCewbU=.shtml,,school_verified
1279,山东政法学院,001,,物理类,物理,不限,562,57093,,普通本科批,https://www.sdupsl.edu.cn/,https://www.sdupsl.edu.cn/,,school_verified
1279,山东政法学院,001,,历史类,历史,不限,553,12930,,普通本科批,https://www.sdupsl.edu.cn/,https://www.sdupsl.edu.cn/,,school_verified
1279,山东政法学院,002,,历史类,历史,思想政治,552,13340,,普通本科批,https://www.sdupsl.edu.cn/,https://www.sdupsl.edu.cn/,,school_verified
1279,山东政法学院,002,,物理类,物理,化学,536,85514,,普通本科批,https://www.sdupsl.edu.cn/,https://www.sdupsl.edu.cn/,,school_verified
1281,武汉体育学院体育科技学院,001,,历史类,历史,不限,492,37141,,普通本科批,https://kjxy.whsu.edu.cn/info/1011/30261.htm,https://kjxy.whsu.edu.cn/info/1011/30261.htm,,school_verified
1281,武汉体育学院体育科技学院,002,,历史类,历史,不限,487,39715,,普通本科批,https://kjxy.whsu.edu.cn/info/1011/30261.htm,https://kjxy.whsu.edu.cn/info/1011/30261.htm,,school_verified
1281,武汉体育学院体育科技学院,001,,物理类,物理,不限,474,173184,,普通本科批,https://kjxy.whsu.edu.cn/info/1011/30261.htm,https://kjxy.whsu.edu.cn/info/1011/30261.htm,,school_verified
1281,武汉体育学院体育科技学院,002,,物理类,物理,不限,468,180661,,普通本科批,https://kjxy.whsu.edu.cn/info/1011/30261.htm,https://kjxy.whsu.edu.cn/info/1011/30261.htm,,school_verified
1285,广州新华学院,001,,历史类,历史,不限,480,43019,,普通本科批,https://zsb.xhsysu.edu.cn/info/1008/4609.htm,https://zsb.xhsysu.edu.cn/info/1008/4609.htm,,school_verified
1285,广州新华学院,002,,物理类,物理,化学,468,181163,,普通本科批,https://zsb.xhsysu.edu.cn/info/1008/4609.htm,https://zsb.xhsysu.edu.cn/info/1008/4609.htm,,school_verified
1285,广州新华学院,003,,物理类,物理,化学,462,189595,,普通本科批,https://zsb.xhsysu.edu.cn/info/1008/4609.htm,https://zsb.xhsysu.edu.cn/info/1008/4609.htm,,school_verified
1285,广州新华学院,001,,物理类,物理,不限,462,189095,,普通本科批,https://zsb.xhsysu.edu.cn/info/1008/4609.htm,https://zsb.xhsysu.edu.cn/info/1008/4609.htm,,school_verified
1288,大连工业大学艺术与信息工程学院,002,,物理类,物理,化学,484,157927,,普通本科批,https://www.caie.edu.cn/,https://www.caie.edu.cn/,,school_verified
1288,大连工业大学艺术与信息工程学院,001,,历史类,历史,不限,483,41395,,普通本科批,https://www.caie.edu.cn/,https://www.caie.edu.cn/,,school_verified
1288,大连工业大学艺术与信息工程学院,001,,物理类,物理,不限,462,189016,,普通本科批,https://www.caie.edu.cn/,https://www.caie.edu.cn/,,school_verified
1304,上海外国语大学贤达经济人文学院,001,,历史类,历史,不限,478,43869,,普通本科批,https://zhaoban.xdsisu.edu.cn/2026/0313/c965a55551/page.htm,https://zhaoban.xdsisu.edu.cn/2026/0313/c965a55551/page.htm,,school_verified
1304,上海外国语大学贤达经济人文学院,001,,物理类,物理,不限,461,191368,,普通本科批,https://zhaoban.xdsisu.edu.cn/2026/0313/c965a55551/page.htm,https://zhaoban.xdsisu.edu.cn/2026/0313/c965a55551/page.htm,,school_verified
1305,大连理工大学城市学院,001,,历史类,历史,不限,479,43465,,普通本科批,https://zhaosheng.dlutci.edu.cn/info/1014/2127.htm,https://zhaosheng.dlutci.edu.cn/info/1014/2127.htm,,school_verified
1305,大连理工大学城市学院,002,,物理类,物理,化学,461,190146,,普通本科批,https://zhaosheng.dlutci.edu.cn/info/1014/2127.htm,https://zhaosheng.dlutci.edu.cn/info/1014/2127.htm,,school_verified
1305,大连理工大学城市学院,001,,物理类,物理,不限,461,190991,,普通本科批,https://zhaosheng.dlutci.edu.cn/info/1014/2127.htm,https://zhaosheng.dlutci.edu.cn/info/1014/2127.htm,,school_verified
1308,广州软件学院,006,,物理类,物理,化学,491,148204,,普通本科批,http://news.seig.edu.cn/info/1031/90071.htm,http://news.seig.edu.cn/info/1031/90071.htm,,school_verified
1308,广州软件学院,001,,物理类,物理,化学,484,158741,,普通本科批,http://news.seig.edu.cn/info/1031/90071.htm,http://news.seig.edu.cn/info/1031/90071.htm,,school_verified
1308,广州软件学院,002,,物理类,物理,化学,483,160158,,普通本科批,http://news.seig.edu.cn/info/1031/90071.htm,http://news.seig.edu.cn/info/1031/90071.htm,,school_verified
1308,广州软件学院,003,,物理类,物理,化学,481,163093,,普通本科批,http://news.seig.edu.cn/info/1031/90071.htm,http://news.seig.edu.cn/info/1031/90071.htm,,school_verified
1308,广州软件学院,005,,物理类,物理,化学,480,164584,,普通本科批,http://news.seig.edu.cn/info/1031/90071.htm,http://news.seig.edu.cn/info/1031/90071.htm,,school_verified
1308,广州软件学院,004,,物理类,物理,化学,480,163274,,普通本科批,http://news.seig.edu.cn/info/1031/90071.htm,http://news.seig.edu.cn/info/1031/90071.htm,,school_verified
1314,长春电子科技学院,001,,物理类,物理,化学,467,183207,,普通本科批,https://www3.changdian2001.com/html/zs/wzkx/2025/0512/5372.html,https://www3.changdian2001.com/html/zs/wzkx/2025/0512/5372.html,,school_verified
1316,武汉纺织大学外经贸学院,001,,历史类,历史,不限,488,39151,,普通本科批,https://zjc.whcibe.com/info/1008/1993.htm,https://zjc.whcibe.com/info/1008/1993.htm,,school_verified
1316,武汉纺织大学外经贸学院,003,,物理类,物理,化学,480,163941,,普通本科批,https://zjc.whcibe.com/info/1008/1993.htm,https://zjc.whcibe.com/info/1008/1993.htm,,school_verified
1316,武汉纺织大学外经贸学院,002,,物理类,物理,不限,479,165389,,普通本科批,https://zjc.whcibe.com/info/1008/1993.htm,https://zjc.whcibe.com/info/1008/1993.htm,,school_verified
1316,武汉纺织大学外经贸学院,001,,物理类,物理,不限,475,171486,,普通本科批,https://zjc.whcibe.com/info/1008/1993.htm,https://zjc.whcibe.com/info/1008/1993.htm,,school_verified
1323,河南工程学院,001,,历史类,历史,不限,514,27053,,普通本科批,https://hauezs.university-hr.com/index.php?sys=home&module=article&param=29&act=view&article_id=932G1QaMGEL6,https://hauezs.university-hr.com/index.php?sys=home&module=article&param=29&act=view&article_id=932G1QaMGEL6,,school_verified
1323,河南工程学院,003,,物理类,物理,化学,512,117241,,普通本科批,https://hauezs.university-hr.com/index.php?sys=home&module=article&param=29&act=view&article_id=932G1QaMGEL6,https://hauezs.university-hr.com/index.php?sys=home&module=article&param=29&act=view&article_id=932G1QaMGEL6,,school_verified
1323,河南工程学院,001,,物理类,物理,不限,511,118753,,普通本科批,https://hauezs.university-hr.com/index.php?sys=home&module=article&param=29&act=view&article_id=932G1QaMGEL6,https://hauezs.university-hr.com/index.php?sys=home&module=article&param=29&act=view&article_id=932G1QaMGEL6,,school_verified
1323,河南工程学院,002,,物理类,物理,化学,506,125940,,普通本科批,https://hauezs.university-hr.com/index.php?sys=home&module=article&param=29&act=view&article_id=932G1QaMGEL6,https://hauezs.university-hr.com/index.php?sys=home&module=article&param=29&act=view&article_id=932G1QaMGEL6,,school_verified
1323,河南工程学院,004,,物理类,物理,化学、地理(2科必选),502,131833,,普通本科批,https://hauezs.university-hr.com/index.php?sys=home&module=article&param=29&act=view&article_id=932G1QaMGEL6,https://hauezs.university-hr.com/index.php?sys=home&module=article&param=29&act=view&article_id=932G1QaMGEL6,,school_verified
1328,黑龙江外国语学院,001,,物理类,物理,不限,466,184133,,普通本科批,https://zs.hiu.edu.cn/zszc.htm,https://zs.hiu.edu.cn/zszc.htm,,school_verified
1328,黑龙江外国语学院,002,,物理类,物理,化学,464,187150,,普通本科批,https://zs.hiu.edu.cn/zszc.htm,https://zs.hiu.edu.cn/zszc.htm,,school_verified
1329,三亚学院,004,,物理类,物理,化学,482,160746,,普通本科批,https://zhaosheng.sanyau.edu.cn/2025/0609/c2383a399798/page.htm,https://zhaosheng.sanyau.edu.cn/2025/0609/c2383a399798/page.htm,,school_verified
1329,三亚学院,003,,历史类,历史,思想政治,480,43031,,普通本科批,https://zhaosheng.sanyau.edu.cn/2025/0609/c2383a399798/page.htm,https://zhaosheng.sanyau.edu.cn/2025/0609/c2383a399798/page.htm,,school_verified
1329,三亚学院,001,,历史类,历史,不限,477,44552,,普通本科批,https://zhaosheng.sanyau.edu.cn/2025/0609/c2383a399798/page.htm,https://zhaosheng.sanyau.edu.cn/2025/0609/c2383a399798/page.htm,,school_verified
1329,三亚学院,002,,物理类,物理,不限,462,189173,,普通本科批,https://zhaosheng.sanyau.edu.cn/2025/0609/c2383a399798/page.htm,https://zhaosheng.sanyau.edu.cn/2025/0609/c2383a399798/page.htm,,school_verified
1329,三亚学院,003,,物理类,物理,化学,461,190410,,普通本科批,https://zhaosheng.sanyau.edu.cn/2025/0609/c2383a399798/page.htm,https://zhaosheng.sanyau.edu.cn/2025/0609/c2383a399798/page.htm,,school_verified
1329,三亚学院,001,,物理类,物理,不限,461,191372,,普通本科批,https://zhaosheng.sanyau.edu.cn/2025/0609/c2383a399798/page.htm,https://zhaosheng.sanyau.edu.cn/2025/0609/c2383a399798/page.htm,,school_verified
1343,西交利物浦大学,002,,物理类,物理,化学,569,51040,,普通本科批,https://www.xjtlu.edu.cn/zh/admissions/ug,https://www.xjtlu.edu.cn/zh/admissions/ug,,school_verified
1343,西交利物浦大学,001,,物理类,物理,不限,566,53868,,普通本科批,https://www.xjtlu.edu.cn/zh/admissions/ug,https://www.xjtlu.edu.cn/zh/admissions/ug,,school_verified
1343,西交利物浦大学,001,,历史类,历史,不限,559,11321,,普通本科批,https://www.xjtlu.edu.cn/zh/admissions/ug,https://www.xjtlu.edu.cn/zh/admissions/ug,,school_verified
1355,浙江机电职业技术大学,001,,物理类,物理,不限,513,116244,,普通本科批,https://zs.zime.edu.cn/content/detail.php?sid=4&cid=683&id=2244,https://zs.zime.edu.cn/content/detail.php?sid=4&cid=683&id=2244,,school_verified
1355,浙江机电职业技术大学,001,,历史类,历史,不限,502,32437,,普通本科批,https://zs.zime.edu.cn/content/detail.php?sid=4&cid=683&id=2244,https://zs.zime.edu.cn/content/detail.php?sid=4&cid=683&id=2244,,school_verified
1356,湖北第二师范学院,002,,历史类,历史,思想政治,531,20283,,普通本科批,https://www.hue.edu.cn/eszc/list.htm,https://www.hue.edu.cn/eszc/list.htm,,school_verified
1356,湖北第二师范学院,001,,历史类,历史,不限,526,22258,,普通本科批,https://www.hue.edu.cn/eszc/list.htm,https://www.hue.edu.cn/eszc/list.htm,,school_verified
1356,湖北第二师范学院,002,,物理类,物理,化学,516,111343,,普通本科批,https://www.hue.edu.cn/eszc/list.htm,https://www.hue.edu.cn/eszc/list.htm,,school_verified
1356,湖北第二师范学院,001,,物理类,物理,不限,512,116458,,普通本科批,https://www.hue.edu.cn/eszc/list.htm,https://www.hue.edu.cn/eszc/list.htm,,school_verified
1364,浙江水利水电学院,003,,物理类,物理,地理,540,81671,,普通本科批,https://zhaosheng.zuwe.edu.cn/newstudent/view/aid/1226/tag/zskx,https://zhaosheng.zuwe.edu.cn/newstudent/view/aid/1226/tag/zskx,,school_verified
1364,浙江水利水电学院,002,,物理类,物理,化学,538,83821,,普通本科批,https://zhaosheng.zuwe.edu.cn/newstudent/view/aid/1226/tag/zskx,https://zhaosheng.zuwe.edu.cn/newstudent/view/aid/1226/tag/zskx,,school_verified
1364,浙江水利水电学院,001,,物理类,物理,不限,534,88381,,普通本科批,https://zhaosheng.zuwe.edu.cn/newstudent/view/aid/1226/tag/zskx,https://zhaosheng.zuwe.edu.cn/newstudent/view/aid/1226/tag/zskx,,school_verified
1373,吉林动画学院,002,,物理类,物理,化学,470,178328,,普通本科批,http://zs.jlai.edu.cn/info/1011/1103.htm,http://zs.jlai.edu.cn/info/1011/1103.htm,,school_verified
1373,吉林动画学院,001,,物理类,物理,不限,470,178828,,普通本科批,http://zs.jlai.edu.cn/info/1011/1103.htm,http://zs.jlai.edu.cn/info/1011/1103.htm,,school_verified
1391,海口经济学院,002,,物理类,物理,不限,472,175620,,普通本科批,https://www.hkc.edu.cn/,https://www.hkc.edu.cn/,,school_verified
1391,海口经济学院,003,,物理类,物理,化学,468,180714,,普通本科批,https://www.hkc.edu.cn/,https://www.hkc.edu.cn/,,school_verified
1391,海口经济学院,001,,历史类,历史,不限,457,54386,,普通本科批,https://www.hkc.edu.cn/,https://www.hkc.edu.cn/,,school_verified
1395,四川工商学院,001,,历史类,历史,不限,500,33161,,普通本科批,https://www.stbu.edu.cn/,https://www.stbu.edu.cn/,,school_verified
1395,四川工商学院,002,,物理类,物理,化学,489,151355,,普通本科批,https://www.stbu.edu.cn/,https://www.stbu.edu.cn/,,school_verified
1395,四川工商学院,001,,物理类,物理,不限,484,158216,,普通本科批,https://www.stbu.edu.cn/,https://www.stbu.edu.cn/,,school_verified
1400,青岛城市学院,002,,历史类,历史,不限,488,38942,,普通本科批,https://www.qdc.edu.cn/news/info/3601,https://www.qdc.edu.cn/news/info/3601,,school_verified
1400,青岛城市学院,001,,历史类,历史,不限,481,42315,,普通本科批,https://www.qdc.edu.cn/news/info/3601,https://www.qdc.edu.cn/news/info/3601,,school_verified
1400,青岛城市学院,003,,历史类,历史,不限,480,43179,,普通本科批,https://www.qdc.edu.cn/news/info/3601,https://www.qdc.edu.cn/news/info/3601,,school_verified
1400,青岛城市学院,004,,物理类,物理,化学,480,164514,,普通本科批,https://www.qdc.edu.cn/news/info/3601,https://www.qdc.edu.cn/news/info/3601,,school_verified
1400,青岛城市学院,005,,物理类,物理,化学,479,164931,,普通本科批,https://www.qdc.edu.cn/news/info/3601,https://www.qdc.edu.cn/news/info/3601,,school_verified
1400,青岛城市学院,001,,物理类,物理,不限,476,169280,,普通本科批,https://www.qdc.edu.cn/news/info/3601,https://www.qdc.edu.cn/news/info/3601,,school_verified
1400,青岛城市学院,003,,物理类,物理,不限,470,177925,,普通本科批,https://www.qdc.edu.cn/news/info/3601,https://www.qdc.edu.cn/news/info/3601,,school_verified
1400,青岛城市学院,002,,物理类,物理,不限,468,180823,,普通本科批,https://www.qdc.edu.cn/news/info/3601,https://www.qdc.edu.cn/news/info/3601,,school_verified
1400,青岛城市学院,006,,物理类,物理,化学,465,184988,,普通本科批,https://www.qdc.edu.cn/news/info/3601,https://www.qdc.edu.cn/news/info/3601,,school_verified
1401,北京中医药大学东方学院,001,,历史类,历史,不限,508,29689,,普通本科批,https://www.bucmdf.edu.cn/ZSXX_zszc.php,https://www.bucmdf.edu.cn/ZSXX_zszc.php,,school_verified
1401,北京中医药大学东方学院,001,,物理类,物理,不限,508,122422,,普通本科批,https://www.bucmdf.edu.cn/ZSXX_zszc.php,https://www.bucmdf.edu.cn/ZSXX_zszc.php,,school_verified
1401,北京中医药大学东方学院,003,,历史类,历史,生物,502,32474,,普通本科批,https://www.bucmdf.edu.cn/ZSXX_zszc.php,https://www.bucmdf.edu.cn/ZSXX_zszc.php,,school_verified
1401,北京中医药大学东方学院,003,,物理类,物理,生物,489,150366,,普通本科批,https://www.bucmdf.edu.cn/ZSXX_zszc.php,https://www.bucmdf.edu.cn/ZSXX_zszc.php,,school_verified
1401,北京中医药大学东方学院,002,,物理类,物理,化学,485,157252,,普通本科批,https://www.bucmdf.edu.cn/ZSXX_zszc.php,https://www.bucmdf.edu.cn/ZSXX_zszc.php,,school_verified
1402,河北地质大学华信学院,001,,历史类,历史,不限,492,36976,,普通本科批,http://www.hguhx.edu.cn/home/recruitwork/view.html?id=1901,http://www.hguhx.edu.cn/home/recruitwork/view.html?id=1901,,school_verified
1402,河北地质大学华信学院,001,,物理类,物理,不限,483,159154,,普通本科批,http://www.hguhx.edu.cn/home/recruitwork/view.html?id=1901,http://www.hguhx.edu.cn/home/recruitwork/view.html?id=1901,,school_verified
1402,河北地质大学华信学院,003,,物理类,物理,化学,480,163837,,普通本科批,http://www.hguhx.edu.cn/home/recruitwork/view.html?id=1901,http://www.hguhx.edu.cn/home/recruitwork/view.html?id=1901,,school_verified
1402,河北地质大学华信学院,004,,物理类,物理,生物,476,169374,,普通本科批,http://www.hguhx.edu.cn/home/recruitwork/view.html?id=1901,http://www.hguhx.edu.cn/home/recruitwork/view.html?id=1901,,school_verified
1402,河北地质大学华信学院,002,,物理类,物理,化学,467,181815,,普通本科批,http://www.hguhx.edu.cn/home/recruitwork/view.html?id=1901,http://www.hguhx.edu.cn/home/recruitwork/view.html?id=1901,,school_verified
1403,无锡学院,001,,历史类,历史,不限,558,11556,,普通本科批,https://zs.cwxu.edu.cn/info/1002/1583.htm,https://zs.cwxu.edu.cn/info/1002/1583.htm,,school_verified
1403,无锡学院,002,,物理类,物理,化学,552,68282,,普通本科批,https://zs.cwxu.edu.cn/info/1002/1583.htm,https://zs.cwxu.edu.cn/info/1002/1583.htm,,school_verified
1403,无锡学院,001,,物理类,物理,不限,544,76948,,普通本科批,https://zs.cwxu.edu.cn/info/1002/1583.htm,https://zs.cwxu.edu.cn/info/1002/1583.htm,,school_verified
1403,无锡学院,003,,物理类,物理,化学,526,97689,,普通本科批,https://zs.cwxu.edu.cn/info/1002/1583.htm,https://zs.cwxu.edu.cn/info/1002/1583.htm,,school_verified
1409,长春建筑学院,002,,物理类,物理,化学,461,191258,,普通本科批,http://zhaosheng.jladi.edu.cn/996/list.htm,http://zhaosheng.jladi.edu.cn/996/list.htm,,school_verified
1409,长春建筑学院,001,,物理类,物理,不限,461,191324,,普通本科批,http://zhaosheng.jladi.edu.cn/996/list.htm,http://zhaosheng.jladi.edu.cn/996/list.htm,,school_verified
1415,西安财经大学行知学院,002,,物理类,物理,不限,492,146540,,普通本科批,https://www.xacxz.edu.cn/,https://www.xacxz.edu.cn/,,school_verified
1415,西安财经大学行知学院,003,,物理类,物理,化学,488,152309,,普通本科批,https://www.xacxz.edu.cn/,https://www.xacxz.edu.cn/,,school_verified
1415,西安财经大学行知学院,001,,历史类,历史,不限,487,39622,,普通本科批,https://www.xacxz.edu.cn/,https://www.xacxz.edu.cn/,,school_verified
1415,西安财经大学行知学院,001,,物理类,物理,不限,481,163155,,普通本科批,https://www.xacxz.edu.cn/,https://www.xacxz.edu.cn/,,school_verified
1429,安徽第二医学院,022,,历史类,历史,生物,511,28374,,普通本科批,https://zsw.ahyz.edu.cn/f/newsCenter/article/6aa11da21c8944c5af861b4a93b1f774,https://zsw.ahyz.edu.cn/f/newsCenter/article/6aa11da21c8944c5af861b4a93b1f774,,school_verified
1429,安徽第二医学院,021,,历史类,历史,不限,510,28815,,普通本科批,https://zsw.ahyz.edu.cn/f/newsCenter/article/6aa11da21c8944c5af861b4a93b1f774,https://zsw.ahyz.edu.cn/f/newsCenter/article/6aa11da21c8944c5af861b4a93b1f774,,school_verified
1429,安徽第二医学院,023,,物理类,物理,生物,500,134721,,普通本科批,https://zsw.ahyz.edu.cn/f/newsCenter/article/6aa11da21c8944c5af861b4a93b1f774,https://zsw.ahyz.edu.cn/f/newsCenter/article/6aa11da21c8944c5af861b4a93b1f774,,school_verified
1429,安徽第二医学院,021,,物理类,物理,不限,498,137053,,普通本科批,https://zsw.ahyz.edu.cn/f/newsCenter/article/6aa11da21c8944c5af861b4a93b1f774,https://zsw.ahyz.edu.cn/f/newsCenter/article/6aa11da21c8944c5af861b4a93b1f774,,school_verified
1429,安徽第二医学院,022,,物理类,物理,化学,494,142650,,普通本科批,https://zsw.ahyz.edu.cn/f/newsCenter/article/6aa11da21c8944c5af861b4a93b1f774,https://zsw.ahyz.edu.cn/f/newsCenter/article/6aa11da21c8944c5af861b4a93b1f774,,school_verified
1432,海南科技职业大学,002,,历史类,历史,不限,483,41738,,普通本科批,http://zsb.hnkjedu.cn/newsshow.aspx?id=23693,http://zsb.hnkjedu.cn/newsshow.aspx?id=23693,,school_verified
1432,海南科技职业大学,003,,物理类,物理,不限,463,187364,,普通本科批,http://zsb.hnkjedu.cn/newsshow.aspx?id=23693,http://zsb.hnkjedu.cn/newsshow.aspx?id=23693,,school_verified
1432,海南科技职业大学,002,,物理类,物理,不限,461,191146,,普通本科批,http://zsb.hnkjedu.cn/newsshow.aspx?id=23693,http://zsb.hnkjedu.cn/newsshow.aspx?id=23693,,school_verified
1437,江苏大学京江学院,001,,物理类,物理,不限,592,32641,,普通本科批,https://jjxy.ujs.edu.cn/info/1512/17034.htm,https://jjxy.ujs.edu.cn/info/1512/17034.htm,,school_verified
1437,江苏大学京江学院,001,,历史类,历史,不限,512,27545,,普通本科批,https://jjxy.ujs.edu.cn/info/1512/17034.htm,https://jjxy.ujs.edu.cn/info/1512/17034.htm,,school_verified
1437,江苏大学京江学院,002,,历史类,历史,不限,499,33770,,普通本科批,https://jjxy.ujs.edu.cn/info/1512/17034.htm,https://jjxy.ujs.edu.cn/info/1512/17034.htm,,school_verified
1437,江苏大学京江学院,002,,物理类,物理,化学,496,140756,,普通本科批,https://jjxy.ujs.edu.cn/info/1512/17034.htm,https://jjxy.ujs.edu.cn/info/1512/17034.htm,,school_verified
1437,江苏大学京江学院,004,,物理类,物理,化学,491,147091,,普通本科批,https://jjxy.ujs.edu.cn/info/1512/17034.htm,https://jjxy.ujs.edu.cn/info/1512/17034.htm,,school_verified
1437,江苏大学京江学院,005,,物理类,物理,生物,490,148469,,普通本科批,https://jjxy.ujs.edu.cn/info/1512/17034.htm,https://jjxy.ujs.edu.cn/info/1512/17034.htm,,school_verified
1437,江苏大学京江学院,003,,物理类,物理,化学,489,150381,,普通本科批,https://jjxy.ujs.edu.cn/info/1512/17034.htm,https://jjxy.ujs.edu.cn/info/1512/17034.htm,,school_verified
1442,南京师范大学泰州学院,001,,历史类,历史,不限,497,34429,,普通本科批,https://bkzs.nnutc.edu.cn/info/1012/2772.htm,https://bkzs.nnutc.edu.cn/info/1012/2772.htm,,school_verified
1442,南京师范大学泰州学院,001,,物理类,物理,化学,485,156945,,普通本科批,https://bkzs.nnutc.edu.cn/info/1012/2772.htm,https://bkzs.nnutc.edu.cn/info/1012/2772.htm,,school_verified
1446,烟台理工学院,001,,历史类,历史,不限,494,36017,,普通本科批,https://www.yitsd.edu.cn/info/1034/19041.htm,https://www.yitsd.edu.cn/info/1034/19041.htm,,school_verified
1446,烟台理工学院,001,,物理类,物理,化学,487,154218,,普通本科批,https://www.yitsd.edu.cn/info/1034/19041.htm,https://www.yitsd.edu.cn/info/1034/19041.htm,,school_verified
1455,珠海科技学院,002,,物理类,物理,化学,496,139684,,普通本科批,http://zsb.zcst.edu.cn/2021/0619/c4655a161844/page.htm,http://zsb.zcst.edu.cn/2021/0619/c4655a161844/page.htm,,school_verified
1455,珠海科技学院,001,,历史类,历史,不限,495,35556,,普通本科批,http://zsb.zcst.edu.cn/2021/0619/c4655a161844/page.htm,http://zsb.zcst.edu.cn/2021/0619/c4655a161844/page.htm,,school_verified
1455,珠海科技学院,001,,物理类,物理,不限,490,149051,,普通本科批,http://zsb.zcst.edu.cn/2021/0619/c4655a161844/page.htm,http://zsb.zcst.edu.cn/2021/0619/c4655a161844/page.htm,,school_verified
1457,哈尔滨工业大学（威海）,003,,物理类,物理,化学,655,2943,,普通本科批,https://zsb.hitwh.edu.cn/home/article/details?id=1570,https://zsb.hitwh.edu.cn/home/article/details?id=1570,,school_verified
1457,哈尔滨工业大学（威海）,004,,物理类,物理,化学,651,3674,,普通本科批,https://zsb.hitwh.edu.cn/home/article/details?id=1570,https://zsb.hitwh.edu.cn/home/article/details?id=1570,,school_verified
1469,上海视觉艺术学院,001,,物理类,物理,不限,528,96328,,普通本科批,https://www.siva.edu.cn/2026/0415/c648a31419/page.htm,https://www.siva.edu.cn/2026/0415/c648a31419/page.htm,,school_verified
1469,上海视觉艺术学院,001,,历史类,历史,不限,517,25762,,普通本科批,https://www.siva.edu.cn/2026/0415/c648a31419/page.htm,https://www.siva.edu.cn/2026/0415/c648a31419/page.htm,,school_verified
1472,重庆对外经贸学院,001,,历史类,历史,不限,494,36104,,普通本科批,https://zs.ccibe.edu.cn/zsjz/zsjz.htm,https://zs.ccibe.edu.cn/zsjz/zsjz.htm,,school_verified
1472,重庆对外经贸学院,001,,物理类,物理,不限,481,162938,,普通本科批,https://zs.ccibe.edu.cn/zsjz/zsjz.htm,https://zs.ccibe.edu.cn/zsjz/zsjz.htm,,school_verified
1472,重庆对外经贸学院,002,,物理类,物理,化学,479,164851,,普通本科批,https://zs.ccibe.edu.cn/zsjz/zsjz.htm,https://zs.ccibe.edu.cn/zsjz/zsjz.htm,,school_verified
1473,重庆外语外事学院,001,,历史类,历史,不限,493,36568,,普通本科批,https://zsxx.cqifs.edu.cn/,https://zsxx.cqifs.edu.cn/,,school_verified
1473,重庆外语外事学院,001,,物理类,物理,不限,479,165481,,普通本科批,https://zsxx.cqifs.edu.cn/,https://zsxx.cqifs.edu.cn/,,school_verified
1475,重庆财经学院,001,,历史类,历史,不限,514,27067,,普通本科批,http://zs.cfec.edu.cn/,http://zs.cfec.edu.cn/,,school_verified
1475,重庆财经学院,001,,物理类,物理,不限,513,115408,,普通本科批,http://zs.cfec.edu.cn/,http://zs.cfec.edu.cn/,,school_verified
1475,重庆财经学院,003,,物理类,物理,化学,503,129591,,普通本科批,http://zs.cfec.edu.cn/,http://zs.cfec.edu.cn/,,school_verified
1475,重庆财经学院,002,,物理类,物理,不限,470,178340,,普通本科批,http://zs.cfec.edu.cn/,http://zs.cfec.edu.cn/,,school_verified
1476,重庆移通学院,001,,历史类,历史,不限,491,37321,,普通本科批,https://www.cqytxy.edu.cn/,https://www.cqytxy.edu.cn/,,school_verified
1476,重庆移通学院,001,,物理类,物理,不限,491,148264,,普通本科批,https://www.cqytxy.edu.cn/,https://www.cqytxy.edu.cn/,,school_verified
1476,重庆移通学院,002,,物理类,物理,化学,485,157022,,普通本科批,https://www.cqytxy.edu.cn/,https://www.cqytxy.edu.cn/,,school_verified
1477,重庆工商大学派斯学院,001,,历史类,历史,不限,492,37193,,普通本科批,https://www.paisi.edu.cn/zhaosheng/2026_04/24_08/content-41072.html,https://www.paisi.edu.cn/zhaosheng/2026_04/24_08/content-41072.html,,school_verified
1477,重庆工商大学派斯学院,001,,物理类,物理,不限,480,163507,,普通本科批,https://www.paisi.edu.cn/zhaosheng/2026_04/24_08/content-41072.html,https://www.paisi.edu.cn/zhaosheng/2026_04/24_08/content-41072.html,,school_verified
1485,重庆机电职业技术大学,002,,物理类,物理,不限,486,154597,,普通本科批,https://www.cqvtu.edu.cn/index.php?c=category&id=10,https://www.cqvtu.edu.cn/index.php?c=category&id=10,,school_verified
1488,重庆电子科技职业大学,001,,物理类,物理,不限,508,122067,,普通本科批,https://zjc.cquet.edu.cn/info/1330/6479.htm,https://zjc.cquet.edu.cn/info/1330/6479.htm,,school_verified
1489,重庆第二师范学院,002,,物理类,物理,化学,524,100496,,普通本科批,https://www.cque.edu.cn/xqzl/xxzc.htm,https://www.cque.edu.cn/xqzl/xxzc.htm,,school_verified
1489,重庆第二师范学院,003,,物理类,物理,化学,522,103746,,普通本科批,https://www.cque.edu.cn/xqzl/xxzc.htm,https://www.cque.edu.cn/xqzl/xxzc.htm,,school_verified
1489,重庆第二师范学院,001,,历史类,历史,不限,516,25862,,普通本科批,https://www.cque.edu.cn/xqzl/xxzc.htm,https://www.cque.edu.cn/xqzl/xxzc.htm,,school_verified
1489,重庆第二师范学院,001,,物理类,物理,不限,512,116956,,普通本科批,https://www.cque.edu.cn/xqzl/xxzc.htm,https://www.cque.edu.cn/xqzl/xxzc.htm,,school_verified
1499,重庆工程学院,001,,历史类,历史,不限,496,35294,,普通本科批,http://zs.cqie.edu.cn/html/7/content/26/03/74273.shtml,http://zs.cqie.edu.cn/html/7/content/26/03/74273.shtml,,school_verified
1499,重庆工程学院,001,,物理类,物理,化学,491,148126,,普通本科批,http://zs.cqie.edu.cn/html/7/content/26/03/74273.shtml,http://zs.cqie.edu.cn/html/7/content/26/03/74273.shtml,,school_verified
1505,荆楚理工学院,001,,历史类,历史,不限,506,30413,,普通本科批,https://zsxx.jcut.edu.cn/info/1054/2155.htm,https://zsxx.jcut.edu.cn/info/1054/2155.htm,,school_verified
1505,荆楚理工学院,001,,物理类,物理,化学,506,125936,,普通本科批,https://zsxx.jcut.edu.cn/info/1054/2155.htm,https://zsxx.jcut.edu.cn/info/1054/2155.htm,,school_verified
1512,郑州工业应用技术学院,001,,历史类,历史,不限,489,38288,,普通本科批,https://www.zzuit.edu.cn/info/1020/8308.htm,https://www.zzuit.edu.cn/info/1020/8308.htm,,school_verified
1512,郑州工业应用技术学院,002,,物理类,物理,化学、生物(2科必选),479,164727,,普通本科批,https://www.zzuit.edu.cn/info/1020/8308.htm,https://www.zzuit.edu.cn/info/1020/8308.htm,,school_verified
1512,郑州工业应用技术学院,001,,物理类,物理,不限,477,168081,,普通本科批,https://www.zzuit.edu.cn/info/1020/8308.htm,https://www.zzuit.edu.cn/info/1020/8308.htm,,school_verified
1518,河南城建学院,001,,历史类,历史,不限,503,31896,,普通本科批,https://zs.huuc.edu.cn/info/1103/4747.htm,https://zs.huuc.edu.cn/info/1103/4747.htm,,school_verified
1518,河南城建学院,002,,物理类,物理,化学,490,149124,,普通本科批,https://zs.huuc.edu.cn/info/1103/4747.htm,https://zs.huuc.edu.cn/info/1103/4747.htm,,school_verified
1518,河南城建学院,001,,物理类,物理,不限,490,149431,,普通本科批,https://zs.huuc.edu.cn/info/1103/4747.htm,https://zs.huuc.edu.cn/info/1103/4747.htm,,school_verified
1519,亳州学院,002,,历史类,历史,思想政治、地理(2科必选),506,30416,,普通本科批,http://www.bzuu.edu.cn/zzxx/2026/0318/c130a102034/page.htm,http://www.bzuu.edu.cn/zzxx/2026/0318/c130a102034/page.htm,,school_verified
1519,亳州学院,001,,历史类,历史,不限,505,31107,,普通本科批,http://www.bzuu.edu.cn/zzxx/2026/0318/c130a102034/page.htm,http://www.bzuu.edu.cn/zzxx/2026/0318/c130a102034/page.htm,,school_verified
1519,亳州学院,004,,物理类,物理,化学,491,146916,,普通本科批,http://www.bzuu.edu.cn/zzxx/2026/0318/c130a102034/page.htm,http://www.bzuu.edu.cn/zzxx/2026/0318/c130a102034/page.htm,,school_verified
1519,亳州学院,003,,物理类,物理,不限,491,147450,,普通本科批,http://www.bzuu.edu.cn/zzxx/2026/0318/c130a102034/page.htm,http://www.bzuu.edu.cn/zzxx/2026/0318/c130a102034/page.htm,,school_verified
1519,亳州学院,002,,物理类,物理,不限,491,147766,,普通本科批,http://www.bzuu.edu.cn/zzxx/2026/0318/c130a102034/page.htm,http://www.bzuu.edu.cn/zzxx/2026/0318/c130a102034/page.htm,,school_verified
1521,琼台师范学院,004,,历史类,历史,思想政治,506,30698,,普通本科批,https://zhaosheng.qtnu.edu.cn/zszc.htm,https://zhaosheng.qtnu.edu.cn/zszc.htm,,school_verified
1521,琼台师范学院,001,,历史类,历史,不限,503,32050,,普通本科批,https://zhaosheng.qtnu.edu.cn/zszc.htm,https://zhaosheng.qtnu.edu.cn/zszc.htm,,school_verified
1521,琼台师范学院,002,,历史类,历史,不限,502,32521,,普通本科批,https://zhaosheng.qtnu.edu.cn/zszc.htm,https://zhaosheng.qtnu.edu.cn/zszc.htm,,school_verified
1521,琼台师范学院,001,,物理类,物理,不限,491,148355,,普通本科批,https://zhaosheng.qtnu.edu.cn/zszc.htm,https://zhaosheng.qtnu.edu.cn/zszc.htm,,school_verified
1521,琼台师范学院,004,,物理类,物理,化学,490,149816,,普通本科批,https://zhaosheng.qtnu.edu.cn/zszc.htm,https://zhaosheng.qtnu.edu.cn/zszc.htm,,school_verified
1521,琼台师范学院,002,,物理类,物理,不限,490,149816,,普通本科批,https://zhaosheng.qtnu.edu.cn/zszc.htm,https://zhaosheng.qtnu.edu.cn/zszc.htm,,school_verified
1521,琼台师范学院,003,,物理类,物理,不限,473,174666,,普通本科批,https://zhaosheng.qtnu.edu.cn/zszc.htm,https://zhaosheng.qtnu.edu.cn/zszc.htm,,school_verified
1521,琼台师范学院,003,,历史类,历史,不限,462,52356,,普通本科批,https://zhaosheng.qtnu.edu.cn/zszc.htm,https://zhaosheng.qtnu.edu.cn/zszc.htm,,school_verified
1532,信阳学院,001,,历史类,历史,不限,502,32107,,普通本科批,https://www.xyu.edu.cn/xxgk/xxzc.htm,https://www.xyu.edu.cn/xxgk/xxzc.htm,,school_verified
1532,信阳学院,001,,物理类,物理,化学,484,158637,,普通本科批,https://www.xyu.edu.cn/xxgk/xxzc.htm,https://www.xyu.edu.cn/xxgk/xxzc.htm,,school_verified
1539,河北东方学院,001,,历史类,历史,不限,491,37361,,普通本科批,https://www.hbdfxy.cn/,https://www.hbdfxy.cn/,,school_verified
1539,河北东方学院,002,,物理类,物理,化学,477,167716,,普通本科批,https://www.hbdfxy.cn/,https://www.hbdfxy.cn/,,school_verified
1539,河北东方学院,003,,物理类,物理,生物,475,170771,,普通本科批,https://www.hbdfxy.cn/,https://www.hbdfxy.cn/,,school_verified
1539,河北东方学院,001,,物理类,物理,不限,474,172632,,普通本科批,https://www.hbdfxy.cn/,https://www.hbdfxy.cn/,,school_verified
1542,连云港师范学院,001,,历史类,历史,不限,517,25770,,普通本科批,https://zs.lygsf.edu.cn/article/1928375458375352320,https://zs.lygsf.edu.cn/article/1928375458375352320,,school_verified
1542,连云港师范学院,001,,物理类,物理,化学,512,116428,,普通本科批,https://zs.lygsf.edu.cn/article/1928375458375352320,https://zs.lygsf.edu.cn/article/1928375458375352320,,school_verified
1544,南通理工学院,001,,历史类,历史,不限,489,38518,,普通本科批,https://www.ntit.edu.cn/,https://www.ntit.edu.cn/,,school_verified
1544,南通理工学院,001,,物理类,物理,化学,477,168222,,普通本科批,https://www.ntit.edu.cn/,https://www.ntit.edu.cn/,,school_verified
1546,长春汽车职业技术大学,001,,物理类,物理,不限,488,151361,,普通本科批,https://zs.caii.edu.cn/2025/0512/c4282a69722/page.htm,https://zs.caii.edu.cn/2025/0512/c4282a69722/page.htm,,school_verified
1549,大连财经学院,001,,历史类,历史,不限,486,39830,,普通本科批,https://www.dlufe.edu.cn/,https://www.dlufe.edu.cn/,,school_verified
1549,大连财经学院,001,,物理类,物理,不限,472,175049,,普通本科批,https://www.dlufe.edu.cn/,https://www.dlufe.edu.cn/,,school_verified
1553,常州大学怀德学院,001,,历史类,历史,不限,495,35773,,普通本科批,https://hdc.cczu.edu.cn/,https://hdc.cczu.edu.cn/,,school_verified
1553,常州大学怀德学院,001,,物理类,物理,化学,484,157300,,普通本科批,https://hdc.cczu.edu.cn/,https://hdc.cczu.edu.cn/,,school_verified
1557,武汉设计工程学院,001,,物理类,物理,化学,479,166018,,普通本科批,https://zb.wids.edu.cn/view/27251.html,https://zb.wids.edu.cn/view/27251.html,,school_verified
1558,延安大学西安创新学院,003,,物理类,物理,化学、生物(2科必选),472,175022,,普通本科批,http://zsb.xacxxy.com/info/1003/2015.htm,http://zsb.xacxxy.com/info/1003/2015.htm,,school_verified
1558,延安大学西安创新学院,001,,物理类,物理,不限,465,185751,,普通本科批,http://zsb.xacxxy.com/info/1003/2015.htm,http://zsb.xacxxy.com/info/1003/2015.htm,,school_verified
1558,延安大学西安创新学院,002,,物理类,物理,化学,461,191408,,普通本科批,http://zsb.xacxxy.com/info/1003/2015.htm,http://zsb.xacxxy.com/info/1003/2015.htm,,school_verified
1559,兰州博文科技学院,001,,历史类,历史,不限,479,43359,,普通本科批,https://www.bowenedu.cn/zsxxw/zszc.htm,https://www.bowenedu.cn/zsxxw/zszc.htm,,school_verified
1559,兰州博文科技学院,002,,物理类,物理,化学,467,182278,,普通本科批,https://www.bowenedu.cn/zsxxw/zszc.htm,https://www.bowenedu.cn/zsxxw/zszc.htm,,school_verified
1559,兰州博文科技学院,001,,物理类,物理,不限,467,182490,,普通本科批,https://www.bowenedu.cn/zsxxw/zszc.htm,https://www.bowenedu.cn/zsxxw/zszc.htm,,school_verified
1564,贵州商学院,004,,物理类,物理,化学,523,102546,,普通本科批,https://www.gzcc.edu.cn/zsjyc/contents/620/6618.html,https://www.gzcc.edu.cn/zsjyc/contents/620/6618.html,,school_verified
1564,贵州商学院,001,,历史类,历史,不限,502,32053,,普通本科批,https://www.gzcc.edu.cn/zsjyc/contents/620/6618.html,https://www.gzcc.edu.cn/zsjyc/contents/620/6618.html,,school_verified
1564,贵州商学院,003,,物理类,物理,化学,496,140135,,普通本科批,https://www.gzcc.edu.cn/zsjyc/contents/620/6618.html,https://www.gzcc.edu.cn/zsjyc/contents/620/6618.html,,school_verified
1564,贵州商学院,002,,历史类,历史,不限,493,36580,,普通本科批,https://www.gzcc.edu.cn/zsjyc/contents/620/6618.html,https://www.gzcc.edu.cn/zsjyc/contents/620/6618.html,,school_verified
1564,贵州商学院,001,,物理类,物理,不限,491,147700,,普通本科批,https://www.gzcc.edu.cn/zsjyc/contents/620/6618.html,https://www.gzcc.edu.cn/zsjyc/contents/620/6618.html,,school_verified
1564,贵州商学院,002,,物理类,物理,不限,489,151245,,普通本科批,https://www.gzcc.edu.cn/zsjyc/contents/620/6618.html,https://www.gzcc.edu.cn/zsjyc/contents/620/6618.html,,school_verified
1569,青海职业技术大学,001,,物理类,物理,不限,490,149763,,普通本科批,http://www.qhvu.edu.cn/xxgk2/xxzc1.htm,http://www.qhvu.edu.cn/xxgk2/xxzc1.htm,,school_verified
1570,贵州师范学院,001,,物理类,物理,化学,519,107839,,普通本科批,https://www.gznc.edu.cn/xxgk/xxzc.htm,https://www.gznc.edu.cn/xxgk/xxzc.htm,,school_verified
1570,贵州师范学院,002,,物理类,物理,化学、生物(2科必选),514,114725,,普通本科批,https://www.gznc.edu.cn/xxgk/xxzc.htm,https://www.gznc.edu.cn/xxgk/xxzc.htm,,school_verified
1570,贵州师范学院,004,,历史类,历史,思想政治、地理(2科必选),511,28262,,普通本科批,https://www.gznc.edu.cn/xxgk/xxzc.htm,https://www.gznc.edu.cn/xxgk/xxzc.htm,,school_verified
1570,贵州师范学院,001,,历史类,历史,不限,511,28280,,普通本科批,https://www.gznc.edu.cn/xxgk/xxzc.htm,https://www.gznc.edu.cn/xxgk/xxzc.htm,,school_verified
1570,贵州师范学院,003,,历史类,历史,不限,510,28819,,普通本科批,https://www.gznc.edu.cn/xxgk/xxzc.htm,https://www.gznc.edu.cn/xxgk/xxzc.htm,,school_verified
1570,贵州师范学院,002,,历史类,历史,不限,506,30441,,普通本科批,https://www.gznc.edu.cn/xxgk/xxzc.htm,https://www.gznc.edu.cn/xxgk/xxzc.htm,,school_verified
1578,石家庄铁道大学四方学院,001,,物理类,物理,不限,502,131631,,普通本科批,https://zs.stdusfc.edu.cn/index.php?option=com_content&view=article&id=273:shi-jia-zhuang-tie-dao-da-xue-si-fang-xue-yuan2026nian-pu-tong-zhuan-sheng-ben-zhao-sheng-zhang-cheng&catid=35&Itemid=639,https://zs.stdusfc.edu.cn/index.php?option=com_content&view=article&id=273:shi-jia-zhuang-tie-dao-da-xue-si-fang-xue-yuan2026nian-pu-tong-zhuan-sheng-ben-zhao-sheng-zhang-cheng&catid=35&Itemid=639,,school_verified
1578,石家庄铁道大学四方学院,001,,历史类,历史,不限,500,33029,,普通本科批,https://zs.stdusfc.edu.cn/index.php?option=com_content&view=article&id=273:shi-jia-zhuang-tie-dao-da-xue-si-fang-xue-yuan2026nian-pu-tong-zhuan-sheng-ben-zhao-sheng-zhang-cheng&catid=35&Itemid=639,https://zs.stdusfc.edu.cn/index.php?option=com_content&view=article&id=273:shi-jia-zhuang-tie-dao-da-xue-si-fang-xue-yuan2026nian-pu-tong-zhuan-sheng-ben-zhao-sheng-zhang-cheng&catid=35&Itemid=639,,school_verified
1578,石家庄铁道大学四方学院,002,,物理类,物理,化学,487,153465,,普通本科批,https://zs.stdusfc.edu.cn/index.php?option=com_content&view=article&id=273:shi-jia-zhuang-tie-dao-da-xue-si-fang-xue-yuan2026nian-pu-tong-zhuan-sheng-ben-zhao-sheng-zhang-cheng&catid=35&Itemid=639,https://zs.stdusfc.edu.cn/index.php?option=com_content&view=article&id=273:shi-jia-zhuang-tie-dao-da-xue-si-fang-xue-yuan2026nian-pu-tong-zhuan-sheng-ben-zhao-sheng-zhang-cheng&catid=35&Itemid=639,,school_verified
1586,河北工程大学科信学院,001,,历史类,历史,不限,497,34765,,普通本科批,https://kexin.hebeu.edu.cn/zsjy/zsxx/zszc.htm,https://kexin.hebeu.edu.cn/zsjy/zsxx/zszc.htm,,school_verified
1586,河北工程大学科信学院,001,,物理类,物理,不限,487,153733,,普通本科批,https://kexin.hebeu.edu.cn/zsjy/zsxx/zszc.htm,https://kexin.hebeu.edu.cn/zsjy/zsxx/zszc.htm,,school_verified
1586,河北工程大学科信学院,002,,物理类,物理,化学,483,158962,,普通本科批,https://kexin.hebeu.edu.cn/zsjy/zsxx/zszc.htm,https://kexin.hebeu.edu.cn/zsjy/zsxx/zszc.htm,,school_verified
1596,六盘水师范学院,001,,物理类,物理,化学,506,125304,,普通本科批,https://www.lpssy.edu.cn/2026/0402/c5908a91268/page.htm,https://www.lpssy.edu.cn/2026/0402/c5908a91268/page.htm,,school_verified
1596,六盘水师范学院,001,,历史类,历史,不限,504,31350,,普通本科批,https://www.lpssy.edu.cn/2026/0402/c5908a91268/page.htm,https://www.lpssy.edu.cn/2026/0402/c5908a91268/page.htm,,school_verified
1596,六盘水师范学院,002,,物理类,物理,化学,501,132795,,普通本科批,https://www.lpssy.edu.cn/2026/0402/c5908a91268/page.htm,https://www.lpssy.edu.cn/2026/0402/c5908a91268/page.htm,,school_verified
1596,六盘水师范学院,003,,物理类,物理,化学,496,140939,,普通本科批,https://www.lpssy.edu.cn/2026/0402/c5908a91268/page.htm,https://www.lpssy.edu.cn/2026/0402/c5908a91268/page.htm,,school_verified
1601,天津仁爱学院,002,,历史类,历史,思想政治,496,35073,,普通本科批,http://www.tjrac.edu.cn/zs,http://www.tjrac.edu.cn/zs,,school_verified
1601,天津仁爱学院,001,,历史类,历史,不限,478,44252,,普通本科批,http://www.tjrac.edu.cn/zs,http://www.tjrac.edu.cn/zs,,school_verified
1601,天津仁爱学院,002,,物理类,物理,不限,465,184917,,普通本科批,http://www.tjrac.edu.cn/zs,http://www.tjrac.edu.cn/zs,,school_verified
1601,天津仁爱学院,001,,物理类,物理,不限,463,188291,,普通本科批,http://www.tjrac.edu.cn/zs,http://www.tjrac.edu.cn/zs,,school_verified
1601,天津仁爱学院,003,,物理类,物理,化学,461,190799,,普通本科批,http://www.tjrac.edu.cn/zs,http://www.tjrac.edu.cn/zs,,school_verified
1604,吉林工商学院,001,,历史类,历史,不限,502,32084,,普通本科批,https://zsxxw.jlbtc.edu.cn/f/newsCenter/article/69fcabcc34174e2096f9f0014d0be279,https://zsxxw.jlbtc.edu.cn/f/newsCenter/article/69fcabcc34174e2096f9f0014d0be279,,school_verified
1604,吉林工商学院,002,,物理类,物理,化学,489,150733,,普通本科批,https://zsxxw.jlbtc.edu.cn/f/newsCenter/article/69fcabcc34174e2096f9f0014d0be279,https://zsxxw.jlbtc.edu.cn/f/newsCenter/article/69fcabcc34174e2096f9f0014d0be279,,school_verified
1604,吉林工商学院,001,,物理类,物理,不限,488,151962,,普通本科批,https://zsxxw.jlbtc.edu.cn/f/newsCenter/article/69fcabcc34174e2096f9f0014d0be279,https://zsxxw.jlbtc.edu.cn/f/newsCenter/article/69fcabcc34174e2096f9f0014d0be279,,school_verified
1606,吉林警察学院,001,,历史类,历史,不限,525,22639,,普通本科批,https://zsw.jljcxy.com/info/1010/4131.htm,https://zsw.jljcxy.com/info/1010/4131.htm,,school_verified
1606,吉林警察学院,001,,物理类,物理,不限,519,108036,,普通本科批,https://zsw.jljcxy.com/info/1010/4131.htm,https://zsw.jljcxy.com/info/1010/4131.htm,,school_verified
1616,长春职业技术大学,002,,物理类,物理,化学,488,152043,,普通本科批,http://zs.cvit.edu.cn/info/1018/2428.htm,http://zs.cvit.edu.cn/info/1018/2428.htm,,school_verified
1616,长春职业技术大学,003,,物理类,物理,化学、生物(2科必选),486,154522,,普通本科批,http://zs.cvit.edu.cn/info/1018/2428.htm,http://zs.cvit.edu.cn/info/1018/2428.htm,,school_verified
1618,吉林铁道职业技术大学,001,,物理类,物理,不限,514,113770,,普通本科批,https://zsw.jty.edu.cn/info/1017/1555.htm,https://zsw.jty.edu.cn/info/1017/1555.htm,,school_verified
1621,长春人文学院,001,,历史类,历史,不限,491,37337,,普通本科批,https://www.ccrw.edu.cn/,https://www.ccrw.edu.cn/,,school_verified
1621,长春人文学院,001,,物理类,物理,不限,461,190287,,普通本科批,https://www.ccrw.edu.cn/,https://www.ccrw.edu.cn/,,school_verified
1638,吕梁学院,002,,历史类,历史,不限,510,28770,,普通本科批,https://llxyzs.llu.edu.cn/info/1057/23407.htm,https://llxyzs.llu.edu.cn/info/1057/23407.htm,,school_verified
1638,吕梁学院,004,,历史类,历史,思想政治,509,29294,,普通本科批,https://llxyzs.llu.edu.cn/info/1057/23407.htm,https://llxyzs.llu.edu.cn/info/1057/23407.htm,,school_verified
1638,吕梁学院,003,,历史类,历史,不限,508,29560,,普通本科批,https://llxyzs.llu.edu.cn/info/1057/23407.htm,https://llxyzs.llu.edu.cn/info/1057/23407.htm,,school_verified
1638,吕梁学院,001,,历史类,历史,不限,500,33359,,普通本科批,https://llxyzs.llu.edu.cn/info/1057/23407.htm,https://llxyzs.llu.edu.cn/info/1057/23407.htm,,school_verified
1638,吕梁学院,001,,物理类,物理,不限,500,134208,,普通本科批,https://llxyzs.llu.edu.cn/info/1057/23407.htm,https://llxyzs.llu.edu.cn/info/1057/23407.htm,,school_verified
1638,吕梁学院,004,,物理类,物理,化学,491,147731,,普通本科批,https://llxyzs.llu.edu.cn/info/1057/23407.htm,https://llxyzs.llu.edu.cn/info/1057/23407.htm,,school_verified
1638,吕梁学院,003,,物理类,物理,不限,491,148098,,普通本科批,https://llxyzs.llu.edu.cn/info/1057/23407.htm,https://llxyzs.llu.edu.cn/info/1057/23407.htm,,school_verified
1638,吕梁学院,002,,物理类,物理,不限,490,148962,,普通本科批,https://llxyzs.llu.edu.cn/info/1057/23407.htm,https://llxyzs.llu.edu.cn/info/1057/23407.htm,,school_verified
1638,吕梁学院,005,,物理类,物理,化学、生物(2科必选),489,150031,,普通本科批,https://llxyzs.llu.edu.cn/info/1057/23407.htm,https://llxyzs.llu.edu.cn/info/1057/23407.htm,,school_verified
1642,太原学院,001,,历史类,历史,不限,503,31985,,普通本科批,https://www.tyu.edu.cn/info/1221/1831.htm,https://www.tyu.edu.cn/info/1221/1831.htm,,school_verified
1642,太原学院,002,,物理类,物理,不限,494,142461,,普通本科批,https://www.tyu.edu.cn/info/1221/1831.htm,https://www.tyu.edu.cn/info/1221/1831.htm,,school_verified
1642,太原学院,003,,物理类,物理,化学,492,145672,,普通本科批,https://www.tyu.edu.cn/info/1221/1831.htm,https://www.tyu.edu.cn/info/1221/1831.htm,,school_verified
1642,太原学院,004,,物理类,物理,生物,491,147166,,普通本科批,https://www.tyu.edu.cn/info/1221/1831.htm,https://www.tyu.edu.cn/info/1221/1831.htm,,school_verified
1642,太原学院,001,,物理类,物理,不限,490,148503,,普通本科批,https://www.tyu.edu.cn/info/1221/1831.htm,https://www.tyu.edu.cn/info/1221/1831.htm,,school_verified
1642,太原学院,071,,物理类,物理,不限,401,256696,,普通本科批,https://www.tyu.edu.cn/info/1221/1831.htm,https://www.tyu.edu.cn/info/1221/1831.htm,,school_verified
1650,山西工程技术学院,003,,物理类,物理,地理,524,100161,,普通本科批,https://www.sxit.edu.cn/zsjyc/info/1004/2211.htm,https://www.sxit.edu.cn/zsjyc/info/1004/2211.htm,,school_verified
1650,山西工程技术学院,002,,物理类,物理,化学,495,141066,,普通本科批,https://www.sxit.edu.cn/zsjyc/info/1004/2211.htm,https://www.sxit.edu.cn/zsjyc/info/1004/2211.htm,,school_verified
1650,山西工程技术学院,001,,物理类,物理,不限,489,149932,,普通本科批,https://www.sxit.edu.cn/zsjyc/info/1004/2211.htm,https://www.sxit.edu.cn/zsjyc/info/1004/2211.htm,,school_verified
1671,朝阳师范学院,001,,历史类,历史,不限,498,34102,,普通本科批,https://www.cynu.edu.cn/zsb.htm,https://www.cynu.edu.cn/zsb.htm,,school_verified
1671,朝阳师范学院,002,,物理类,物理,化学,490,148724,,普通本科批,https://www.cynu.edu.cn/zsb.htm,https://www.cynu.edu.cn/zsb.htm,,school_verified
1671,朝阳师范学院,001,,物理类,物理,不限,487,153645,,普通本科批,https://www.cynu.edu.cn/zsb.htm,https://www.cynu.edu.cn/zsb.htm,,school_verified
1697,沈阳工学院,001,,历史类,历史,不限,477,44335,,普通本科批,https://zsxx.situ.edu.cn/info/1002/2392.htm,https://zsxx.situ.edu.cn/info/1002/2392.htm,,school_verified
1697,沈阳工学院,002,,物理类,物理,化学,461,190560,,普通本科批,https://zsxx.situ.edu.cn/info/1002/2392.htm,https://zsxx.situ.edu.cn/info/1002/2392.htm,,school_verified
1697,沈阳工学院,001,,物理类,物理,不限,461,191177,,普通本科批,https://zsxx.situ.edu.cn/info/1002/2392.htm,https://zsxx.situ.edu.cn/info/1002/2392.htm,,school_verified
1701,辽宁传媒学院,001,,历史类,历史,不限,489,38584,,普通本科批,https://www.lncu.edu.cn/go.php?url=https://mini.admission.lncu.cn/,https://www.lncu.edu.cn/go.php?url=https://mini.admission.lncu.cn/,,school_verified
1701,辽宁传媒学院,002,,物理类,物理,化学,465,184719,,普通本科批,https://www.lncu.edu.cn/go.php?url=https://mini.admission.lncu.cn/,https://www.lncu.edu.cn/go.php?url=https://mini.admission.lncu.cn/,,school_verified
1701,辽宁传媒学院,001,,物理类,物理,不限,462,189694,,普通本科批,https://www.lncu.edu.cn/go.php?url=https://mini.admission.lncu.cn/,https://www.lncu.edu.cn/go.php?url=https://mini.admission.lncu.cn/,,school_verified
1702,辽宁理工职业大学,002,,物理类,物理,化学,469,179732,,普通本科批,http://www.lnvut.edu.cn/enro/,http://www.lnvut.edu.cn/enro/,,school_verified
1702,辽宁理工职业大学,001,,物理类,物理,不限,462,189623,,普通本科批,http://www.lnvut.edu.cn/enro/,http://www.lnvut.edu.cn/enro/,,school_verified
1705,甘肃医学院,001,,物理类,物理,化学,540,81849,,普通本科批,https://www.gsmc.edu.cn/zsw/info/1083/1747.htm,https://www.gsmc.edu.cn/zsw/info/1083/1747.htm,,school_verified
1705,甘肃医学院,002,,物理类,物理,化学,492,145947,,普通本科批,https://www.gsmc.edu.cn/zsw/info/1083/1747.htm,https://www.gsmc.edu.cn/zsw/info/1083/1747.htm,,school_verified
1710,兰州石化职业技术大学,001,,物理类,物理,不限,502,131151,,普通本科批,https://zjc.lzpuvt.edu.cn/zsxxw/show/id/2122.html,https://zjc.lzpuvt.edu.cn/zsxxw/show/id/2122.html,,school_verified
1710,兰州石化职业技术大学,002,,物理类,物理,化学,499,135507,,普通本科批,https://zjc.lzpuvt.edu.cn/zsxxw/show/id/2122.html,https://zjc.lzpuvt.edu.cn/zsxxw/show/id/2122.html,,school_verified
1711,兰州文理学院,001,,历史类,历史,不限,504,31222,,普通本科批,https://zs.luas.edu.cn/2025/0603/c2719a125081/page.htm,https://zs.luas.edu.cn/2025/0603/c2719a125081/page.htm,,school_verified
1711,兰州文理学院,001,,物理类,物理,化学,493,144762,,普通本科批,https://zs.luas.edu.cn/2025/0603/c2719a125081/page.htm,https://zs.luas.edu.cn/2025/0603/c2719a125081/page.htm,,school_verified
1716,甘肃林业职业技术大学,001,,物理类,物理,不限,488,151966,,普通本科批,https://www.gsfc.edu.cn/info/1095/8734.htm,https://www.gsfc.edu.cn/info/1095/8734.htm,,school_verified
1720,兰州资源环境职业技术大学,002,,物理类,物理,不限,495,142112,,普通本科批,https://www.lzre.edu.cn/,https://www.lzre.edu.cn/,,school_verified
1729,广西科技师范学院,001,,物理类,物理,化学,504,127848,,普通本科批,https://zsw.gxstnu.edu.cn/info/1329/3818.htm,https://zsw.gxstnu.edu.cn/info/1329/3818.htm,,school_verified
1731,桂林航天工业学院,002,,物理类,物理,化学,516,112112,,普通本科批,https://zsw.guat.edu.cn/zszc1.htm,https://zsw.guat.edu.cn/zszc1.htm,,school_verified
1731,桂林航天工业学院,003,,物理类,物理,化学,509,121836,,普通本科批,https://zsw.guat.edu.cn/zszc1.htm,https://zsw.guat.edu.cn/zszc1.htm,,school_verified
1731,桂林航天工业学院,001,,历史类,历史,不限,507,30070,,普通本科批,https://zsw.guat.edu.cn/zszc1.htm,https://zsw.guat.edu.cn/zszc1.htm,,school_verified
1731,桂林航天工业学院,001,,物理类,物理,不限,503,129658,,普通本科批,https://zsw.guat.edu.cn/zszc1.htm,https://zsw.guat.edu.cn/zszc1.htm,,school_verified
1732,桂林旅游学院,002,,物理类,物理,化学,499,136419,,普通本科批,https://zsbgs.gltu.edu.cn/zszc/content_95697,https://zsbgs.gltu.edu.cn/zszc/content_95697,,school_verified
1732,桂林旅游学院,003,,物理类,物理,生物,489,150621,,普通本科批,https://zsbgs.gltu.edu.cn/zszc/content_95697,https://zsbgs.gltu.edu.cn/zszc/content_95697,,school_verified
1732,桂林旅游学院,001,,历史类,历史,不限,481,42728,,普通本科批,https://zsbgs.gltu.edu.cn/zszc/content_95697,https://zsbgs.gltu.edu.cn/zszc/content_95697,,school_verified
1732,桂林旅游学院,001,,物理类,物理,不限,467,182800,,普通本科批,https://zsbgs.gltu.edu.cn/zszc/content_95697,https://zsbgs.gltu.edu.cn/zszc/content_95697,,school_verified
1734,广西警察学院,001,,历史类,历史,不限,496,35140,,普通本科批,https://www.gxjcxy.edu.cn/zsxx1/zszc/content_15162,https://www.gxjcxy.edu.cn/zsxx1/zszc/content_15162,,school_verified
1734,广西警察学院,001,,物理类,物理,不限,495,142084,,普通本科批,https://www.gxjcxy.edu.cn/zsxx1/zszc/content_15162,https://www.gxjcxy.edu.cn/zsxx1/zszc/content_15162,,school_verified
1736,南宁职业技术大学,001,,历史类,历史,不限,495,35748,,普通本科批,https://zs.nnvtu.edu.cn/info/1093/7888.htm,https://zs.nnvtu.edu.cn/info/1093/7888.htm,,school_verified
1736,南宁职业技术大学,001,,物理类,物理,不限,488,151680,,普通本科批,https://zs.nnvtu.edu.cn/info/1093/7888.htm,https://zs.nnvtu.edu.cn/info/1093/7888.htm,,school_verified
1744,广西农业职业技术大学,001,,物理类,物理,不限,489,150612,,普通本科批,https://www.gxnzd.edu.cn/zs/zszc1.htm,https://www.gxnzd.edu.cn/zs/zszc1.htm,,school_verified
1756,广西城市职业大学,001,,历史类,历史,不限,477,44705,,普通本科批,http://www.gxcvuedu.com/zsjy/zsxx/zszc/content_8520,http://www.gxcvuedu.com/zsjy/zsxx/zszc/content_8520,,school_verified
1756,广西城市职业大学,001,,物理类,物理,不限,461,191396,,普通本科批,http://www.gxcvuedu.com/zsjy/zsxx/zszc/content_8520,http://www.gxcvuedu.com/zsjy/zsxx/zszc/content_8520,,school_verified
1762,南宁学院,001,,历史类,历史,不限,486,40042,,普通本科批,https://zs.unn.edu.cn/bkzn/zszc.htm,https://zs.unn.edu.cn/bkzn/zszc.htm,,school_verified
1762,南宁学院,002,,物理类,物理,化学,477,168321,,普通本科批,https://zs.unn.edu.cn/bkzn/zszc.htm,https://zs.unn.edu.cn/bkzn/zszc.htm,,school_verified
1762,南宁学院,001,,物理类,物理,不限,468,180829,,普通本科批,https://zs.unn.edu.cn/bkzn/zszc.htm,https://zs.unn.edu.cn/bkzn/zszc.htm,,school_verified
1765,浙江药科职业大学,001,,物理类,物理,不限,509,121778,,普通本科批,https://zs.zjpc.net.cn/info/1011/1918.htm,https://zs.zjpc.net.cn/info/1011/1918.htm,,school_verified
1766,杭州医学院,001,,物理类,物理,化学,563,56534,,普通本科批,https://www.hmc.edu.cn/col/col9009/index.html,https://www.hmc.edu.cn/col/col9009/index.html,,school_verified
1770,金华职业技术大学,001,,历史类,历史,不限,503,31580,,普通本科批,https://zsw.jhc.edu.cn/2026/0427/c5197a192445/page.htm,https://zsw.jhc.edu.cn/2026/0427/c5197a192445/page.htm,,school_verified
1770,金华职业技术大学,001,,物理类,物理,不限,498,136898,,普通本科批,https://zsw.jhc.edu.cn/2026/0427/c5197a192445/page.htm,https://zsw.jhc.edu.cn/2026/0427/c5197a192445/page.htm,,school_verified
1791,浙江树人学院,001,,历史类,历史,不限,489,38588,,普通本科批,https://www.zjsru.edu.cn/,https://www.zjsru.edu.cn/,,school_verified
1791,浙江树人学院,003,,物理类,物理,生物,481,162585,,普通本科批,https://www.zjsru.edu.cn/,https://www.zjsru.edu.cn/,,school_verified
1791,浙江树人学院,002,,物理类,物理,化学,478,166411,,普通本科批,https://www.zjsru.edu.cn/,https://www.zjsru.edu.cn/,,school_verified
1791,浙江树人学院,001,,物理类,物理,不限,477,168118,,普通本科批,https://www.zjsru.edu.cn/,https://www.zjsru.edu.cn/,,school_verified
1794,浙江广厦建设职业技术大学,001,,历史类,历史,不限,482,42223,,普通本科批,https://zs.guangshaxy.com/zsgg/content_68217,https://zs.guangshaxy.com/zsgg/content_68217,,school_verified
1794,浙江广厦建设职业技术大学,001,,物理类,物理,不限,461,190891,,普通本科批,https://zs.guangshaxy.com/zsgg/content_68217,https://zs.guangshaxy.com/zsgg/content_68217,,school_verified
1858,武夷学院,001,,历史类,历史,不限,506,30563,,普通本科批,https://www.wuyiu.edu.cn/3216/main.htm,https://www.wuyiu.edu.cn/3216/main.htm,,school_verified
1858,武夷学院,002,,物理类,物理,化学,499,135745,,普通本科批,https://www.wuyiu.edu.cn/3216/main.htm,https://www.wuyiu.edu.cn/3216/main.htm,,school_verified
1858,武夷学院,001,,物理类,物理,不限,494,142768,,普通本科批,https://www.wuyiu.edu.cn/3216/main.htm,https://www.wuyiu.edu.cn/3216/main.htm,,school_verified
1860,宁德师范学院,001,,历史类,历史,不限,505,30866,,普通本科批,http://zsb.ndnu.edu.cn/info/1007/2593.htm,http://zsb.ndnu.edu.cn/info/1007/2593.htm,,school_verified
1860,宁德师范学院,002,,物理类,物理,生物,502,131672,,普通本科批,http://zsb.ndnu.edu.cn/info/1007/2593.htm,http://zsb.ndnu.edu.cn/info/1007/2593.htm,,school_verified
1860,宁德师范学院,001,,物理类,物理,化学,500,133772,,普通本科批,http://zsb.ndnu.edu.cn/info/1007/2593.htm,http://zsb.ndnu.edu.cn/info/1007/2593.htm,,school_verified
1861,福建商学院,001,,历史类,历史,不限,514,26899,,普通本科批,https://zsb.fjbu.edu.cn/info/1161/7481.htm,https://zsb.fjbu.edu.cn/info/1161/7481.htm,,school_verified
1861,福建商学院,002,,物理类,物理,化学,514,113925,,普通本科批,https://zsb.fjbu.edu.cn/info/1161/7481.htm,https://zsb.fjbu.edu.cn/info/1161/7481.htm,,school_verified
1861,福建商学院,001,,物理类,物理,不限,504,128045,,普通本科批,https://zsb.fjbu.edu.cn/info/1161/7481.htm,https://zsb.fjbu.edu.cn/info/1161/7481.htm,,school_verified
1861,福建商学院,071,,历史类,历史,不限,502,32369,,普通本科批,https://zsb.fjbu.edu.cn/info/1161/7481.htm,https://zsb.fjbu.edu.cn/info/1161/7481.htm,,school_verified
1861,福建商学院,071,,物理类,物理,不限,436,222331,,普通本科批,https://zsb.fjbu.edu.cn/info/1161/7481.htm,https://zsb.fjbu.edu.cn/info/1161/7481.htm,,school_verified
1862,厦门医学院,001,,物理类,物理,不限,557,63100,,普通本科批,https://www.xmmc.edu.cn/zsxx/info/1012/6225.htm,https://www.xmmc.edu.cn/zsxx/info/1012/6225.htm,,school_verified
1862,厦门医学院,002,,物理类,物理,化学,548,72608,,普通本科批,https://www.xmmc.edu.cn/zsxx/info/1012/6225.htm,https://www.xmmc.edu.cn/zsxx/info/1012/6225.htm,,school_verified
1862,厦门医学院,003,,物理类,物理,生物,495,141079,,普通本科批,https://www.xmmc.edu.cn/zsxx/info/1012/6225.htm,https://www.xmmc.edu.cn/zsxx/info/1012/6225.htm,,school_verified
1888,厦门大学嘉庚学院,001,,历史类,历史,不限,498,34280,,普通本科批,https://zsb.xujc.com/2025/0421/c3374a159539/page.htm,https://zsb.xujc.com/2025/0421/c3374a159539/page.htm,,school_verified
1888,厦门大学嘉庚学院,002,,物理类,物理,不限,490,149661,,普通本科批,https://zsb.xujc.com/2025/0421/c3374a159539/page.htm,https://zsb.xujc.com/2025/0421/c3374a159539/page.htm,,school_verified
1888,厦门大学嘉庚学院,001,,物理类,物理,不限,489,149838,,普通本科批,https://zsb.xujc.com/2025/0421/c3374a159539/page.htm,https://zsb.xujc.com/2025/0421/c3374a159539/page.htm,,school_verified
1888,厦门大学嘉庚学院,003,,物理类,物理,化学,486,155371,,普通本科批,https://zsb.xujc.com/2025/0421/c3374a159539/page.htm,https://zsb.xujc.com/2025/0421/c3374a159539/page.htm,,school_verified
1889,阳光学院,001,,历史类,历史,不限,480,42878,,普通本科批,https://zsb.ygu.edu.cn/info/1072/4177.htm,https://zsb.ygu.edu.cn/info/1072/4177.htm,,school_verified
1889,阳光学院,002,,物理类,物理,不限,462,189895,,普通本科批,https://zsb.ygu.edu.cn/info/1072/4177.htm,https://zsb.ygu.edu.cn/info/1072/4177.htm,,school_verified
1889,阳光学院,003,,物理类,物理,化学,461,190789,,普通本科批,https://zsb.ygu.edu.cn/info/1072/4177.htm,https://zsb.ygu.edu.cn/info/1072/4177.htm,,school_verified
1890,福建师范大学协和学院,001,,历史类,历史,不限,493,36815,,普通本科批,https://cuc.fjnu.edu.cn/xyzc/list.htm,https://cuc.fjnu.edu.cn/xyzc/list.htm,,school_verified
1890,福建师范大学协和学院,002,,历史类,历史,不限,491,37574,,普通本科批,https://cuc.fjnu.edu.cn/xyzc/list.htm,https://cuc.fjnu.edu.cn/xyzc/list.htm,,school_verified
1890,福建师范大学协和学院,003,,历史类,历史,不限,490,38006,,普通本科批,https://cuc.fjnu.edu.cn/xyzc/list.htm,https://cuc.fjnu.edu.cn/xyzc/list.htm,,school_verified
1890,福建师范大学协和学院,005,,物理类,物理,化学,482,160573,,普通本科批,https://cuc.fjnu.edu.cn/xyzc/list.htm,https://cuc.fjnu.edu.cn/xyzc/list.htm,,school_verified
1890,福建师范大学协和学院,003,,物理类,物理,不限,482,161274,,普通本科批,https://cuc.fjnu.edu.cn/xyzc/list.htm,https://cuc.fjnu.edu.cn/xyzc/list.htm,,school_verified
1890,福建师范大学协和学院,002,,物理类,物理,不限,481,162471,,普通本科批,https://cuc.fjnu.edu.cn/xyzc/list.htm,https://cuc.fjnu.edu.cn/xyzc/list.htm,,school_verified
1890,福建师范大学协和学院,001,,物理类,物理,不限,479,165388,,普通本科批,https://cuc.fjnu.edu.cn/xyzc/list.htm,https://cuc.fjnu.edu.cn/xyzc/list.htm,,school_verified
1890,福建师范大学协和学院,004,,物理类,物理,不限,475,171249,,普通本科批,https://cuc.fjnu.edu.cn/xyzc/list.htm,https://cuc.fjnu.edu.cn/xyzc/list.htm,,school_verified
1891,福州工商学院,001,,历史类,历史,不限,477,44612,,普通本科批,https://zhaosheng.fzgsxy.edu.cn/index.php?m=content&c=index&a=show&catid=47&id=255,https://zhaosheng.fzgsxy.edu.cn/index.php?m=content&c=index&a=show&catid=47&id=255,,school_verified
1891,福州工商学院,001,,物理类,物理,不限,461,190936,,普通本科批,https://zhaosheng.fzgsxy.edu.cn/index.php?m=content&c=index&a=show&catid=47&id=255,https://zhaosheng.fzgsxy.edu.cn/index.php?m=content&c=index&a=show&catid=47&id=255,,school_verified
1892,闽南科技学院,001,,历史类,历史,不限,477,44387,,普通本科批,https://zsw.mku.edu.cn/info/1003/2332.htm,https://zsw.mku.edu.cn/info/1003/2332.htm,,school_verified
1892,闽南科技学院,003,,物理类,物理,化学,462,189684,,普通本科批,https://zsw.mku.edu.cn/info/1003/2332.htm,https://zsw.mku.edu.cn/info/1003/2332.htm,,school_verified
1892,闽南科技学院,002,,物理类,物理,不限,461,190363,,普通本科批,https://zsw.mku.edu.cn/info/1003/2332.htm,https://zsw.mku.edu.cn/info/1003/2332.htm,,school_verified
1892,闽南科技学院,001,,物理类,物理,不限,461,190368,,普通本科批,https://zsw.mku.edu.cn/info/1003/2332.htm,https://zsw.mku.edu.cn/info/1003/2332.htm,,school_verified
1893,福州大学至诚学院,001,,历史类,历史,不限,493,36773,,普通本科批,https://zsb.fdzcxy.edu.cn/article/1283.html,https://zsb.fdzcxy.edu.cn/article/1283.html,,school_verified
1893,福州大学至诚学院,001,,物理类,物理,不限,481,162854,,普通本科批,https://zsb.fdzcxy.edu.cn/article/1283.html,https://zsb.fdzcxy.edu.cn/article/1283.html,,school_verified
1893,福州大学至诚学院,002,,物理类,物理,化学,475,171423,,普通本科批,https://zsb.fdzcxy.edu.cn/article/1283.html,https://zsb.fdzcxy.edu.cn/article/1283.html,,school_verified
1894,福建农林大学金山学院,001,,历史类,历史,不限,484,41027,,普通本科批,http://jsxy.fafu.edu.cn/jszsb,http://jsxy.fafu.edu.cn/jszsb,,school_verified
1894,福建农林大学金山学院,002,,历史类,历史,不限,483,41686,,普通本科批,http://jsxy.fafu.edu.cn/jszsb,http://jsxy.fafu.edu.cn/jszsb,,school_verified
1894,福建农林大学金山学院,004,,物理类,物理,生物,480,163454,,普通本科批,http://jsxy.fafu.edu.cn/jszsb,http://jsxy.fafu.edu.cn/jszsb,,school_verified
1894,福建农林大学金山学院,003,,物理类,物理,化学,478,166762,,普通本科批,http://jsxy.fafu.edu.cn/jszsb,http://jsxy.fafu.edu.cn/jszsb,,school_verified
1894,福建农林大学金山学院,002,,物理类,物理,不限,476,169338,,普通本科批,http://jsxy.fafu.edu.cn/jszsb,http://jsxy.fafu.edu.cn/jszsb,,school_verified
1894,福建农林大学金山学院,001,,物理类,物理,不限,475,170770,,普通本科批,http://jsxy.fafu.edu.cn/jszsb,http://jsxy.fafu.edu.cn/jszsb,,school_verified
1895,闽南理工学院,001,,历史类,历史,不限,477,44473,,普通本科批,https://zs.mnust.edu.cn/info/1003/2696.htm,https://zs.mnust.edu.cn/info/1003/2696.htm,,school_verified
1895,闽南理工学院,002,,物理类,物理,化学,461,191281,,普通本科批,https://zs.mnust.edu.cn/info/1003/2696.htm,https://zs.mnust.edu.cn/info/1003/2696.htm,,school_verified
1895,闽南理工学院,001,,物理类,物理,不限,461,190655,,普通本科批,https://zs.mnust.edu.cn/info/1003/2696.htm,https://zs.mnust.edu.cn/info/1003/2696.htm,,school_verified
1897,厦门华厦学院,001,,物理类,物理,不限,464,186639,,普通本科批,https://zsb.hxxy.edu.cn/zszc1.htm,https://zsb.hxxy.edu.cn/zszc1.htm,,school_verified
1897,厦门华厦学院,002,,物理类,物理,化学,463,188504,,普通本科批,https://zsb.hxxy.edu.cn/zszc1.htm,https://zsb.hxxy.edu.cn/zszc1.htm,,school_verified
1909,泉州信息工程学院,001,,历史类,历史,不限,477,44566,,普通本科批,https://zsb.qzuie.edu.cn/news-list-zszc84.html,https://zsb.qzuie.edu.cn/news-list-zszc84.html,,school_verified
1909,泉州信息工程学院,003,,物理类,物理,化学,471,176419,,普通本科批,https://zsb.qzuie.edu.cn/news-list-zszc84.html,https://zsb.qzuie.edu.cn/news-list-zszc84.html,,school_verified
1909,泉州信息工程学院,004,,物理类,物理,化学,461,191020,,普通本科批,https://zsb.qzuie.edu.cn/news-list-zszc84.html,https://zsb.qzuie.edu.cn/news-list-zszc84.html,,school_verified
1909,泉州信息工程学院,002,,物理类,物理,化学,461,191404,,普通本科批,https://zsb.qzuie.edu.cn/news-list-zszc84.html,https://zsb.qzuie.edu.cn/news-list-zszc84.html,,school_verified
1909,泉州信息工程学院,001,,物理类,物理,不限,461,190670,,普通本科批,https://zsb.qzuie.edu.cn/news-list-zszc84.html,https://zsb.qzuie.edu.cn/news-list-zszc84.html,,school_verified
1913,福州理工学院,001,,历史类,历史,不限,478,43929,,普通本科批,https://admissions.fit.edu.cn/html/7463102937.html,https://admissions.fit.edu.cn/html/7463102937.html,,school_verified
1913,福州理工学院,003,,物理类,物理,化学,463,188169,,普通本科批,https://admissions.fit.edu.cn/html/7463102937.html,https://admissions.fit.edu.cn/html/7463102937.html,,school_verified
1913,福州理工学院,001,,物理类,物理,不限,463,187374,,普通本科批,https://admissions.fit.edu.cn/html/7463102937.html,https://admissions.fit.edu.cn/html/7463102937.html,,school_verified
1913,福州理工学院,004,,物理类,物理,化学,461,191159,,普通本科批,https://admissions.fit.edu.cn/html/7463102937.html,https://admissions.fit.edu.cn/html/7463102937.html,,school_verified
1913,福州理工学院,002,,物理类,物理,不限,461,190722,,普通本科批,https://admissions.fit.edu.cn/html/7463102937.html,https://admissions.fit.edu.cn/html/7463102937.html,,school_verified
1917,拉萨师范学院,001,,历史类,历史,不限,493,36633,,普通本科批,http://www.xzlssf.org/zhaosheng/2024/0630/4753.html,http://www.xzlssf.org/zhaosheng/2024/0630/4753.html,,school_verified
1919,新乡学院,001,,历史类,历史,不限,502,32196,,普通本科批,http://zj.xxu.edu.cn/,http://zj.xxu.edu.cn/,,school_verified
1919,新乡学院,001,,物理类,物理,化学,496,140383,,普通本科批,http://zj.xxu.edu.cn/,http://zj.xxu.edu.cn/,,school_verified
1920,河南财政金融学院,001,,历史类,历史,不限,517,25811,,普通本科批,https://zsjyc.hafu.edu.cn/info/1753/2573.htm,https://zsjyc.hafu.edu.cn/info/1753/2573.htm,,school_verified
1920,河南财政金融学院,002,,物理类,物理,化学,511,118037,,普通本科批,https://zsjyc.hafu.edu.cn/info/1753/2573.htm,https://zsjyc.hafu.edu.cn/info/1753/2573.htm,,school_verified
1920,河南财政金融学院,001,,物理类,物理,不限,504,128020,,普通本科批,https://zsjyc.hafu.edu.cn/info/1753/2573.htm,https://zsjyc.hafu.edu.cn/info/1753/2573.htm,,school_verified
1922,郑州工程技术学院,001,,历史类,历史,不限,502,32357,,普通本科批,https://www.zzut.edu.cn/zsjy.htm,https://www.zzut.edu.cn/zsjy.htm,,school_verified
1922,郑州工程技术学院,001,,物理类,物理,化学,491,148106,,普通本科批,https://www.zzut.edu.cn/zsjy.htm,https://www.zzut.edu.cn/zsjy.htm,,school_verified
1942,郑州健康学院,001,,物理类,物理,化学,482,161694,,普通本科批,https://www.zzsqmc.edu.cn/zsc/info/1131/8422.htm,https://www.zzsqmc.edu.cn/zsc/info/1131/8422.htm,,school_verified
1963,湖北大学知行学院,001,,历史类,历史,不限,504,31494,,普通本科批,https://www.hudazx.edu.cn/,https://www.hudazx.edu.cn/,,school_verified
1963,湖北大学知行学院,001,,物理类,物理,化学,484,157481,,普通本科批,https://www.hudazx.edu.cn/,https://www.hudazx.edu.cn/,,school_verified
1964,武汉工商学院,001,,历史类,历史,不限,494,36250,,普通本科批,https://goto.wtbu.edu.cn/,https://goto.wtbu.edu.cn/,,school_verified
1964,武汉工商学院,002,,历史类,历史,不限,488,38839,,普通本科批,https://goto.wtbu.edu.cn/,https://goto.wtbu.edu.cn/,,school_verified
1964,武汉工商学院,003,,物理类,物理,化学,488,152010,,普通本科批,https://goto.wtbu.edu.cn/,https://goto.wtbu.edu.cn/,,school_verified
1964,武汉工商学院,002,,物理类,物理,不限,488,152721,,普通本科批,https://goto.wtbu.edu.cn/,https://goto.wtbu.edu.cn/,,school_verified
1964,武汉工商学院,001,,物理类,物理,不限,484,157676,,普通本科批,https://goto.wtbu.edu.cn/,https://goto.wtbu.edu.cn/,,school_verified
1964,武汉工商学院,004,,物理类,物理,化学,471,176453,,普通本科批,https://goto.wtbu.edu.cn/,https://goto.wtbu.edu.cn/,,school_verified
1965,湖北工业大学工程技术学院,001,,历史类,历史,不限,492,37297,,普通本科批,https://gcxy.hbut.edu.cn/,https://gcxy.hbut.edu.cn/,,school_verified
1965,湖北工业大学工程技术学院,001,,物理类,物理,化学,485,156531,,普通本科批,https://gcxy.hbut.edu.cn/,https://gcxy.hbut.edu.cn/,,school_verified
1966,湖北商贸学院,001,,历史类,历史,不限,488,39098,,普通本科批,https://bkzs.hbc.edu.cn/zszc/zszc.htm,https://bkzs.hbc.edu.cn/zszc/zszc.htm,,school_verified
1966,湖北商贸学院,001,,物理类,物理,不限,477,168142,,普通本科批,https://bkzs.hbc.edu.cn/zszc/zszc.htm,https://bkzs.hbc.edu.cn/zszc/zszc.htm,,school_verified
1967,武昌工学院,001,,历史类,历史,不限,486,40246,,普通本科批,http://zsb.wuit.cn/info/1147/10902.htm,http://zsb.wuit.cn/info/1147/10902.htm,,school_verified
1967,武昌工学院,002,,物理类,物理,化学,486,155807,,普通本科批,http://zsb.wuit.cn/info/1147/10902.htm,http://zsb.wuit.cn/info/1147/10902.htm,,school_verified
1967,武昌工学院,001,,物理类,物理,不限,479,166052,,普通本科批,http://zsb.wuit.cn/info/1147/10902.htm,http://zsb.wuit.cn/info/1147/10902.htm,,school_verified
1968,武汉工程大学邮电与信息工程学院,001,,物理类,物理,化学,483,159212,,普通本科批,https://zsjy.witpt.edu.cn/NewsSt_xyyw.html,https://zsjy.witpt.edu.cn/NewsSt_xyyw.html,,school_verified
1970,湖北师范大学文理学院,001,,历史类,历史,不限,485,40724,,普通本科批,https://wlxy.hbnu.edu.cn/zsxx/2025/0521/c3220a177990/page.htm,https://wlxy.hbnu.edu.cn/zsxx/2025/0521/c3220a177990/page.htm,,school_verified
1970,湖北师范大学文理学院,002,,物理类,物理,化学,475,170315,,普通本科批,https://wlxy.hbnu.edu.cn/zsxx/2025/0521/c3220a177990/page.htm,https://wlxy.hbnu.edu.cn/zsxx/2025/0521/c3220a177990/page.htm,,school_verified
1970,湖北师范大学文理学院,001,,物理类,物理,不限,470,177784,,普通本科批,https://wlxy.hbnu.edu.cn/zsxx/2025/0521/c3220a177990/page.htm,https://wlxy.hbnu.edu.cn/zsxx/2025/0521/c3220a177990/page.htm,,school_verified
1971,湖北文理学院理工学院,001,,历史类,历史,不限,516,25866,,普通本科批,https://yz.chsi.com.cn/kyzx/zsjz/202510/20251021/2293439903.html,https://yz.chsi.com.cn/kyzx/zsjz/202510/20251021/2293439903.html,,school_verified
1971,湖北文理学院理工学院,001,,物理类,物理,化学,503,130083,,普通本科批,https://yz.chsi.com.cn/kyzx/zsjz/202510/20251021/2293439903.html,https://yz.chsi.com.cn/kyzx/zsjz/202510/20251021/2293439903.html,,school_verified
1972,长江大学文理学院,001,,历史类,历史,不限,490,38099,,普通本科批,https://wlxy.yangtzeu.edu.cn/,https://wlxy.yangtzeu.edu.cn/,,school_verified
1972,长江大学文理学院,002,,物理类,物理,生物,485,156566,,普通本科批,https://wlxy.yangtzeu.edu.cn/,https://wlxy.yangtzeu.edu.cn/,,school_verified
1972,长江大学文理学院,001,,物理类,物理,化学,482,160832,,普通本科批,https://wlxy.yangtzeu.edu.cn/,https://wlxy.yangtzeu.edu.cn/,,school_verified
1974,武汉晴川学院,001,,历史类,历史,不限,490,37973,,普通本科批,https://www.qcuwh.edu.cn/,https://www.qcuwh.edu.cn/,,school_verified
1974,武汉晴川学院,001,,物理类,物理,化学,481,162313,,普通本科批,https://www.qcuwh.edu.cn/,https://www.qcuwh.edu.cn/,,school_verified
1975,武汉生物工程学院,001,,历史类,历史,不限,490,37878,,普通本科批,https://www.whsw.cn/zsw/info/1017/1834.htm,https://www.whsw.cn/zsw/info/1017/1834.htm,,school_verified
1975,武汉生物工程学院,001,,物理类,物理,化学,482,161058,,普通本科批,https://www.whsw.cn/zsw/info/1017/1834.htm,https://www.whsw.cn/zsw/info/1017/1834.htm,,school_verified
1983,湖南工学院,002,,物理类,物理,化学,517,109740,,普通本科批,https://www.hnit.edu.cn/zsjyc/,https://www.hnit.edu.cn/zsjyc/,,school_verified
1983,湖南工学院,001,,历史类,历史,不限,514,26915,,普通本科批,https://www.hnit.edu.cn/zsjyc/,https://www.hnit.edu.cn/zsjyc/,,school_verified
1983,湖南工学院,001,,物理类,物理,不限,513,114968,,普通本科批,https://www.hnit.edu.cn/zsjyc/,https://www.hnit.edu.cn/zsjyc/,,school_verified
1985,湖南财政经济学院,001,,历史类,历史,不限,536,18235,,普通本科批,https://www.hufe.edu.cn/zsw/info/1106/1321.htm,https://www.hufe.edu.cn/zsw/info/1106/1321.htm,,school_verified
1985,湖南财政经济学院,001,,物理类,物理,不限,524,100727,,普通本科批,https://www.hufe.edu.cn/zsw/info/1106/1321.htm,https://www.hufe.edu.cn/zsw/info/1106/1321.htm,,school_verified
1985,湖南财政经济学院,003,,物理类,物理,地理,520,105660,,普通本科批,https://www.hufe.edu.cn/zsw/info/1106/1321.htm,https://www.hufe.edu.cn/zsw/info/1106/1321.htm,,school_verified
1985,湖南财政经济学院,002,,物理类,物理,化学,518,108518,,普通本科批,https://www.hufe.edu.cn/zsw/info/1106/1321.htm,https://www.hufe.edu.cn/zsw/info/1106/1321.htm,,school_verified
1987,湖南医药学院,002,,物理类,物理,化学,551,69456,,普通本科批,http://zs.hnmu.com.cn/info/1058/4822.htm,http://zs.hnmu.com.cn/info/1058/4822.htm,,school_verified
1987,湖南医药学院,001,,物理类,物理,不限,535,86919,,普通本科批,http://zs.hnmu.com.cn/info/1058/4822.htm,http://zs.hnmu.com.cn/info/1058/4822.htm,,school_verified
1987,湖南医药学院,003,,物理类,物理,化学,512,116757,,普通本科批,http://zs.hnmu.com.cn/info/1058/4822.htm,http://zs.hnmu.com.cn/info/1058/4822.htm,,school_verified
1990,长沙师范学院,001,,历史类,历史,不限,524,22721,,普通本科批,http://zsxx.csnu.edu.cn/p212/zsdt/20260210/193336.html,http://zsxx.csnu.edu.cn/p212/zsdt/20260210/193336.html,,school_verified
1990,长沙师范学院,001,,物理类,物理,化学,518,108110,,普通本科批,http://zsxx.csnu.edu.cn/p212/zsdt/20260210/193336.html,http://zsxx.csnu.edu.cn/p212/zsdt/20260210/193336.html,,school_verified
1995,湖南女子学院,001,,历史类,历史,不限,503,31908,,普通本科批,http://www.hnwu.edu.cn/html/938/2023-02-13/content-11842.html,http://www.hnwu.edu.cn/html/938/2023-02-13/content-11842.html,,school_verified
2039,湖南应用技术学院,001,,历史类,历史,不限,486,40117,,普通本科批,https://zs.hatu.edu.cn,https://zs.hatu.edu.cn,,school_verified
2039,湖南应用技术学院,002,,物理类,物理,化学,476,170029,,普通本科批,https://zs.hatu.edu.cn,https://zs.hatu.edu.cn,,school_verified
2039,湖南应用技术学院,001,,物理类,物理,不限,475,170806,,普通本科批,https://zs.hatu.edu.cn,https://zs.hatu.edu.cn,,school_verified
2048,广东轻工职业技术大学,001,,历史类,历史,不限,511,28312,,普通本科批,https://www.gdipu.edu.cn/index.htm,https://www.gdipu.edu.cn/index.htm,,school_verified
2048,广东轻工职业技术大学,001,,物理类,物理,不限,511,117900,,普通本科批,https://www.gdipu.edu.cn/index.htm,https://www.gdipu.edu.cn/index.htm,,school_verified
2055,广州商学院,001,,历史类,历史,不限,485,40571,,普通本科批,https://zsb.gcc.edu.cn/zsdt/zszcn/dad5a4a3c28e47468763480c12252f7c.htm,https://zsb.gcc.edu.cn/zsdt/zszcn/dad5a4a3c28e47468763480c12252f7c.htm,,school_verified
2055,广州商学院,001,,物理类,物理,不限,476,169013,,普通本科批,https://zsb.gcc.edu.cn/zsdt/zszcn/dad5a4a3c28e47468763480c12252f7c.htm,https://zsb.gcc.edu.cn/zsdt/zszcn/dad5a4a3c28e47468763480c12252f7c.htm,,school_verified
2055,广州商学院,002,,物理类,物理,化学,473,173675,,普通本科批,https://zsb.gcc.edu.cn/zsdt/zszcn/dad5a4a3c28e47468763480c12252f7c.htm,https://zsb.gcc.edu.cn/zsdt/zszcn/dad5a4a3c28e47468763480c12252f7c.htm,,school_verified
2056,广州华立学院,001,,历史类,历史,不限,477,44579,,普通本科批,https://www.hualixy.edu.cn/zsb/pgzs/zszc,https://www.hualixy.edu.cn/zsb/pgzs/zszc,,school_verified
2056,广州华立学院,002,,物理类,物理,不限,471,176653,,普通本科批,https://www.hualixy.edu.cn/zsb/pgzs/zszc,https://www.hualixy.edu.cn/zsb/pgzs/zszc,,school_verified
2056,广州华立学院,004,,物理类,物理,化学,465,185179,,普通本科批,https://www.hualixy.edu.cn/zsb/pgzs/zszc,https://www.hualixy.edu.cn/zsb/pgzs/zszc,,school_verified
2056,广州华立学院,003,,物理类,物理,化学,462,189050,,普通本科批,https://www.hualixy.edu.cn/zsb/pgzs/zszc,https://www.hualixy.edu.cn/zsb/pgzs/zszc,,school_verified
2056,广州华立学院,001,,物理类,物理,不限,461,191279,,普通本科批,https://www.hualixy.edu.cn/zsb/pgzs/zszc,https://www.hualixy.edu.cn/zsb/pgzs/zszc,,school_verified
2059,广州城市理工学院,001,,历史类,历史,不限,479,43590,,普通本科批,http://www.gcut.edu.cn/2023/0407/c736a147506/page.htm,http://www.gcut.edu.cn/2023/0407/c736a147506/page.htm,,school_verified
2059,广州城市理工学院,002,,物理类,物理,化学,471,176460,,普通本科批,http://www.gcut.edu.cn/2023/0407/c736a147506/page.htm,http://www.gcut.edu.cn/2023/0407/c736a147506/page.htm,,school_verified
2059,广州城市理工学院,001,,物理类,物理,不限,462,189366,,普通本科批,http://www.gcut.edu.cn/2023/0407/c736a147506/page.htm,http://www.gcut.edu.cn/2023/0407/c736a147506/page.htm,,school_verified
2061,广东外语外贸大学南国商学院,001,,物理类,物理,不限,493,145140,,普通本科批,https://www.gwng.edu.cn/zsb/2026/0104/c562a104572/page.htm,https://www.gwng.edu.cn/zsb/2026/0104/c562a104572/page.htm,,school_verified
2061,广东外语外贸大学南国商学院,001,,历史类,历史,不限,481,42729,,普通本科批,https://www.gwng.edu.cn/zsb/2026/0104/c562a104572/page.htm,https://www.gwng.edu.cn/zsb/2026/0104/c562a104572/page.htm,,school_verified
2061,广东外语外贸大学南国商学院,002,,物理类,物理,化学,474,172873,,普通本科批,https://www.gwng.edu.cn/zsb/2026/0104/c562a104572/page.htm,https://www.gwng.edu.cn/zsb/2026/0104/c562a104572/page.htm,,school_verified
2066,新疆工程学院,001,,历史类,历史,不限,499,33731,,普通本科批,https://www.xjie.edu.cn/xxgk/xjxyzc.htm,https://www.xjie.edu.cn/xxgk/xjxyzc.htm,,school_verified
2066,新疆工程学院,001,,物理类,物理,不限,488,152764,,普通本科批,https://www.xjie.edu.cn/xxgk/xjxyzc.htm,https://www.xjie.edu.cn/xxgk/xjxyzc.htm,,school_verified
2066,新疆工程学院,002,,物理类,物理,化学,487,154146,,普通本科批,https://www.xjie.edu.cn/xxgk/xjxyzc.htm,https://www.xjie.edu.cn/xxgk/xjxyzc.htm,,school_verified
2068,新疆警察学院,001,,历史类,历史,不限,513,27299,,普通本科批,https://www.xjpcedu.cn/info/1763/21005.htm,https://www.xjpcedu.cn/info/1763/21005.htm,,school_verified
2068,新疆警察学院,001,,物理类,物理,不限,513,115733,,普通本科批,https://www.xjpcedu.cn/info/1763/21005.htm,https://www.xjpcedu.cn/info/1763/21005.htm,,school_verified
2068,新疆警察学院,002,,物理类,物理,化学,499,135800,,普通本科批,https://www.xjpcedu.cn/info/1763/21005.htm,https://www.xjpcedu.cn/info/1763/21005.htm,,school_verified
2070,乌鲁木齐职业大学,001,,物理类,物理,不限,485,157061,,普通本科批,http://zs.uvu.edu.cn/zsxx/zszc.htm,http://zs.uvu.edu.cn/zsxx/zszc.htm,,school_verified
2079,新疆天山职业技术大学,001,,历史类,历史,不限,488,38800,,普通本科批,http://www.xjtsxy.cn/news_view/46/399,http://www.xjtsxy.cn/news_view/46/399,,school_verified
2079,新疆天山职业技术大学,002,,历史类,历史,不限,481,42316,,普通本科批,http://www.xjtsxy.cn/news_view/46/399,http://www.xjtsxy.cn/news_view/46/399,,school_verified
2079,新疆天山职业技术大学,004,,历史类,历史,不限,480,42865,,普通本科批,http://www.xjtsxy.cn/news_view/46/399,http://www.xjtsxy.cn/news_view/46/399,,school_verified
2079,新疆天山职业技术大学,003,,历史类,历史,不限,479,43714,,普通本科批,http://www.xjtsxy.cn/news_view/46/399,http://www.xjtsxy.cn/news_view/46/399,,school_verified
2079,新疆天山职业技术大学,001,,物理类,物理,不限,473,173344,,普通本科批,http://www.xjtsxy.cn/news_view/46/399,http://www.xjtsxy.cn/news_view/46/399,,school_verified
2093,济宁学院,001,,历史类,历史,不限,505,30832,,普通本科批,https://www.jnxy.edu.cn/info/1127/17266.htm,https://www.jnxy.edu.cn/info/1127/17266.htm,,school_verified
2093,济宁学院,001,,物理类,物理,化学,498,136740,,普通本科批,https://www.jnxy.edu.cn/info/1127/17266.htm,https://www.jnxy.edu.cn/info/1127/17266.htm,,school_verified
2132,山东石油化工学院,001,,物理类,物理,化学,513,115676,,普通本科批,https://zs.sdipct.edu.cn/info/1051/4713.htm,https://zs.sdipct.edu.cn/info/1051/4713.htm,,school_verified
2133,山东英才学院,002,,历史类,历史,生物,478,43875,,普通本科批,https://zsw.sdycu.edu.cn/info/1011/3534.htm,https://zsw.sdycu.edu.cn/info/1011/3534.htm,,school_verified
2133,山东英才学院,001,,历史类,历史,不限,478,43824,,普通本科批,https://zsw.sdycu.edu.cn/info/1011/3534.htm,https://zsw.sdycu.edu.cn/info/1011/3534.htm,,school_verified
2133,山东英才学院,003,,物理类,物理,生物,469,179472,,普通本科批,https://zsw.sdycu.edu.cn/info/1011/3534.htm,https://zsw.sdycu.edu.cn/info/1011/3534.htm,,school_verified
2133,山东英才学院,002,,物理类,物理,化学,462,189739,,普通本科批,https://zsw.sdycu.edu.cn/info/1011/3534.htm,https://zsw.sdycu.edu.cn/info/1011/3534.htm,,school_verified
2134,潍坊科技学院,001,,历史类,历史,不限,493,36733,,普通本科批,https://www.wfust.edu.cn/,https://www.wfust.edu.cn/,,school_verified
2134,潍坊科技学院,002,,物理类,物理,化学,483,159715,,普通本科批,https://www.wfust.edu.cn/,https://www.wfust.edu.cn/,,school_verified
2134,潍坊科技学院,001,,物理类,物理,不限,480,163506,,普通本科批,https://www.wfust.edu.cn/,https://www.wfust.edu.cn/,,school_verified
2135,齐鲁医药学院,002,,历史类,历史,不限,492,37015,,普通本科批,https://www.qlmu.edu.cn/,https://www.qlmu.edu.cn/,,school_verified
2135,齐鲁医药学院,003,,历史类,历史,不限,491,37750,,普通本科批,https://www.qlmu.edu.cn/,https://www.qlmu.edu.cn/,,school_verified
2135,齐鲁医药学院,001,,历史类,历史,不限,491,37690,,普通本科批,https://www.qlmu.edu.cn/,https://www.qlmu.edu.cn/,,school_verified
2135,齐鲁医药学院,003,,物理类,物理,化学,484,157440,,普通本科批,https://www.qlmu.edu.cn/,https://www.qlmu.edu.cn/,,school_verified
2135,齐鲁医药学院,001,,物理类,物理,不限,484,157679,,普通本科批,https://www.qlmu.edu.cn/,https://www.qlmu.edu.cn/,,school_verified
2135,齐鲁医药学院,002,,物理类,物理,不限,483,159457,,普通本科批,https://www.qlmu.edu.cn/,https://www.qlmu.edu.cn/,,school_verified
2136,烟台南山学院,001,,历史类,历史,不限,487,39662,,普通本科批,https://zs.nanshan.edu.cn/info/1030/1157.htm,https://zs.nanshan.edu.cn/info/1030/1157.htm,,school_verified
2136,烟台南山学院,001,,物理类,物理,不限,480,164359,,普通本科批,https://zs.nanshan.edu.cn/info/1030/1157.htm,https://zs.nanshan.edu.cn/info/1030/1157.htm,,school_verified
2136,烟台南山学院,002,,物理类,物理,化学,477,168190,,普通本科批,https://zs.nanshan.edu.cn/info/1030/1157.htm,https://zs.nanshan.edu.cn/info/1030/1157.htm,,school_verified
2141,青岛恒星科技学院,002,,历史类,历史,不限,482,41843,,普通本科批,https://zs.hx.cn/content/zszc/0cac41865dcc400aae3b831c7f6a2c25,https://zs.hx.cn/content/zszc/0cac41865dcc400aae3b831c7f6a2c25,,school_verified
2141,青岛恒星科技学院,001,,历史类,历史,不限,482,41986,,普通本科批,https://zs.hx.cn/content/zszc/0cac41865dcc400aae3b831c7f6a2c25,https://zs.hx.cn/content/zszc/0cac41865dcc400aae3b831c7f6a2c25,,school_verified
2141,青岛恒星科技学院,003,,历史类,历史,生物,479,43360,,普通本科批,https://zs.hx.cn/content/zszc/0cac41865dcc400aae3b831c7f6a2c25,https://zs.hx.cn/content/zszc/0cac41865dcc400aae3b831c7f6a2c25,,school_verified
2141,青岛恒星科技学院,002,,物理类,物理,化学,467,182413,,普通本科批,https://zs.hx.cn/content/zszc/0cac41865dcc400aae3b831c7f6a2c25,https://zs.hx.cn/content/zszc/0cac41865dcc400aae3b831c7f6a2c25,,school_verified
2141,青岛恒星科技学院,001,,物理类,物理,不限,461,190812,,普通本科批,https://zs.hx.cn/content/zszc/0cac41865dcc400aae3b831c7f6a2c25,https://zs.hx.cn/content/zszc/0cac41865dcc400aae3b831c7f6a2c25,,school_verified
2144,山东外国语职业技术大学,001,,历史类,历史,不限,482,41981,,普通本科批,https://www.swut.edu.cn/,https://www.swut.edu.cn/,,school_verified
2144,山东外国语职业技术大学,001,,物理类,物理,不限,472,175793,,普通本科批,https://www.swut.edu.cn/,https://www.swut.edu.cn/,,school_verified
2146,山东工程职业技术大学,001,,历史类,历史,不限,479,43485,,普通本科批,https://www.suet.edu.cn/admission/info/1022/1779.htm,https://www.suet.edu.cn/admission/info/1022/1779.htm,,school_verified
2146,山东工程职业技术大学,001,,物理类,物理,不限,474,172078,,普通本科批,https://www.suet.edu.cn/admission/info/1022/1779.htm,https://www.suet.edu.cn/admission/info/1022/1779.htm,,school_verified
2155,青岛黄海学院,001,,历史类,历史,不限,484,41105,,普通本科批,https://www.qdhhc.edu.cn/downFile/20250626142436.pdf,https://www.qdhhc.edu.cn/downFile/20250626142436.pdf,,school_verified
2155,青岛黄海学院,001,,物理类,物理,化学,470,178631,,普通本科批,https://www.qdhhc.edu.cn/downFile/20250626142436.pdf,https://www.qdhhc.edu.cn/downFile/20250626142436.pdf,,school_verified
2155,青岛黄海学院,002,,物理类,物理,化学,464,187241,,普通本科批,https://www.qdhhc.edu.cn/downFile/20250626142436.pdf,https://www.qdhhc.edu.cn/downFile/20250626142436.pdf,,school_verified
2157,昭通学院,002,,历史类,历史,思想政治,502,32131,,普通本科批,https://www.ztu.edu.cn/xxgk/xxzc.htm,https://www.ztu.edu.cn/xxgk/xxzc.htm,,school_verified
2157,昭通学院,001,,历史类,历史,不限,502,32458,,普通本科批,https://www.ztu.edu.cn/xxgk/xxzc.htm,https://www.ztu.edu.cn/xxgk/xxzc.htm,,school_verified
2157,昭通学院,001,,物理类,物理,不限,493,145202,,普通本科批,https://www.ztu.edu.cn/xxgk/xxzc.htm,https://www.ztu.edu.cn/xxgk/xxzc.htm,,school_verified
2157,昭通学院,003,,物理类,物理,地理,490,149691,,普通本科批,https://www.ztu.edu.cn/xxgk/xxzc.htm,https://www.ztu.edu.cn/xxgk/xxzc.htm,,school_verified
2157,昭通学院,002,,物理类,物理,化学,489,150786,,普通本科批,https://www.ztu.edu.cn/xxgk/xxzc.htm,https://www.ztu.edu.cn/xxgk/xxzc.htm,,school_verified
2158,普洱学院,001,,物理类,物理,化学,488,151542,,普通本科批,https://www.peu.edu.cn/info/1181/9840.htm,https://www.peu.edu.cn/info/1181/9840.htm,,school_verified
2181,昆明文理学院,001,,历史类,历史,不限,489,38322,,普通本科批,https://www.caskm.edu.cn/index.php?c=category&id=53,https://www.caskm.edu.cn/index.php?c=category&id=53,,school_verified
2181,昆明文理学院,001,,物理类,物理,化学,474,172319,,普通本科批,https://www.caskm.edu.cn/index.php?c=category&id=53,https://www.caskm.edu.cn/index.php?c=category&id=53,,school_verified
2184,云南经济管理学院,001,,物理类,物理,化学,463,188636,,普通本科批,https://www.ynjgy.edu.cn/charter/,https://www.ynjgy.edu.cn/charter/,,school_verified
2222,无锡太湖学院,001,,历史类,历史,不限,491,37378,,普通本科批,http://zs.wxu.edu.cn/info/1311/1362.htm,http://zs.wxu.edu.cn/info/1311/1362.htm,,school_verified
2222,无锡太湖学院,002,,物理类,物理,不限,478,166377,,普通本科批,http://zs.wxu.edu.cn/info/1311/1362.htm,http://zs.wxu.edu.cn/info/1311/1362.htm,,school_verified
2222,无锡太湖学院,003,,物理类,物理,化学,474,173000,,普通本科批,http://zs.wxu.edu.cn/info/1311/1362.htm,http://zs.wxu.edu.cn/info/1311/1362.htm,,school_verified
2222,无锡太湖学院,004,,物理类,物理,生物,461,190000,,普通本科批,http://zs.wxu.edu.cn/info/1311/1362.htm,http://zs.wxu.edu.cn/info/1311/1362.htm,,school_verified
2253,西安建筑科技大学华清学院,001,,物理类,物理,化学,470,178588,,普通本科批,https://zs.xauat-hqc.com/index.php/zhaoshengzhangcheng/2026/03-19/539.html,https://zs.xauat-hqc.com/index.php/zhaoshengzhangcheng/2026/03-19/539.html,,school_verified
2255,陕西国际商贸学院,001,,历史类,历史,不限,479,43685,,普通本科批,https://zsjyc.csiic.com/2025/0605/c4868a118392/page.htm,https://zsjyc.csiic.com/2025/0605/c4868a118392/page.htm,,school_verified
2255,陕西国际商贸学院,001,,物理类,物理,不限,462,189574,,普通本科批,https://zsjyc.csiic.com/2025/0605/c4868a118392/page.htm,https://zsjyc.csiic.com/2025/0605/c4868a118392/page.htm,,school_verified
2255,陕西国际商贸学院,002,,物理类,物理,化学,461,191043,,普通本科批,https://zsjyc.csiic.com/2025/0605/c4868a118392/page.htm,https://zsjyc.csiic.com/2025/0605/c4868a118392/page.htm,,school_verified
2256,西安欧亚学院,001,,历史类,历史,不限,477,44518,,普通本科批,https://mp.weixin.qq.com/s/T5YPsonGXFafGpbN5eyBBg,https://mp.weixin.qq.com/s/T5YPsonGXFafGpbN5eyBBg,,school_verified
2256,西安欧亚学院,002,,物理类,物理,化学,461,190185,,普通本科批,https://mp.weixin.qq.com/s/T5YPsonGXFafGpbN5eyBBg,https://mp.weixin.qq.com/s/T5YPsonGXFafGpbN5eyBBg,,school_verified
2256,西安欧亚学院,001,,物理类,物理,不限,461,190833,,普通本科批,https://mp.weixin.qq.com/s/T5YPsonGXFafGpbN5eyBBg,https://mp.weixin.qq.com/s/T5YPsonGXFafGpbN5eyBBg,,school_verified
2257,西安汽车职业大学,001,,历史类,历史,不限,477,44570,,普通本科批,https://zhaosheng.xvua.edu.cn/ksbd/zszc/zszc.htm,https://zhaosheng.xvua.edu.cn/ksbd/zszc/zszc.htm,,school_verified
2257,西安汽车职业大学,001,,物理类,物理,不限,466,184612,,普通本科批,https://zhaosheng.xvua.edu.cn/ksbd/zszc/zszc.htm,https://zhaosheng.xvua.edu.cn/ksbd/zszc/zszc.htm,,school_verified
2259,西安信息职业大学,001,,物理类,物理,不限,475,170340,,普通本科批,http://www.xivuedu.com/info/1061/41601.htm,http://www.xivuedu.com/info/1061/41601.htm,,school_verified
2260,西安交通工程学院,001,,历史类,历史,不限,484,40859,,普通本科批,https://www.sneac.com/,https://www.sneac.com/,,school_verified
2260,西安交通工程学院,001,,物理类,物理,不限,480,163532,,普通本科批,https://www.sneac.com/,https://www.sneac.com/,,school_verified
2260,西安交通工程学院,002,,物理类,物理,化学,476,170289,,普通本科批,https://www.sneac.com/,https://www.sneac.com/,,school_verified
2275,贵州黔南科技学院,001,,历史类,历史,不限,485,40572,,普通本科批,http://gzucst.com/html/zsw/list/2643,http://gzucst.com/html/zsw/list/2643,,school_verified
2276,贵阳信息科技学院,001,,物理类,物理,化学,469,179139,,普通本科批,https://www.gyiist.edu.cn/zs/article.jsp?id=30831&itemId=301,https://www.gyiist.edu.cn/zs/article.jsp?id=30831&itemId=301,,school_verified
2288,宁夏理工学院,001,,历史类,历史,不限,477,44538,,普通本科批,https://mp.weixin.qq.com/s/W1I0d4O7-ZchwMMIpfZL8Q,https://mp.weixin.qq.com/s/W1I0d4O7-ZchwMMIpfZL8Q,,school_verified
2288,宁夏理工学院,001,,物理类,物理,不限,476,170234,,普通本科批,https://mp.weixin.qq.com/s/W1I0d4O7-ZchwMMIpfZL8Q,https://mp.weixin.qq.com/s/W1I0d4O7-ZchwMMIpfZL8Q,,school_verified
2288,宁夏理工学院,002,,物理类,物理,化学,461,191299,,普通本科批,https://mp.weixin.qq.com/s/W1I0d4O7-ZchwMMIpfZL8Q,https://mp.weixin.qq.com/s/W1I0d4O7-ZchwMMIpfZL8Q,,school_verified
2294,民政职业大学,001,,历史类,历史,不限,516,26111,,普通本科批,https://zs.bcsa.edu.cn/info/1018/4589.htm,https://zs.bcsa.edu.cn/info/1018/4589.htm,,school_verified
2294,民政职业大学,001,,物理类,物理,不限,503,129295,,普通本科批,https://zs.bcsa.edu.cn/info/1018/4589.htm,https://zs.bcsa.edu.cn/info/1018/4589.htm,,school_verified
2298,天津商业大学宝德学院,002,,历史类,历史,不限,492,37059,,普通本科批,https://zs.boustead.edu.cn/28372/,https://zs.boustead.edu.cn/28372/,,school_verified
2298,天津商业大学宝德学院,001,,历史类,历史,不限,489,38442,,普通本科批,https://zs.boustead.edu.cn/28372/,https://zs.boustead.edu.cn/28372/,,school_verified
2298,天津商业大学宝德学院,003,,历史类,历史,不限,485,40368,,普通本科批,https://zs.boustead.edu.cn/28372/,https://zs.boustead.edu.cn/28372/,,school_verified
2298,天津商业大学宝德学院,002,,物理类,物理,不限,480,164595,,普通本科批,https://zs.boustead.edu.cn/28372/,https://zs.boustead.edu.cn/28372/,,school_verified
2298,天津商业大学宝德学院,001,,物理类,物理,不限,476,170162,,普通本科批,https://zs.boustead.edu.cn/28372/,https://zs.boustead.edu.cn/28372/,,school_verified
2298,天津商业大学宝德学院,003,,物理类,物理,不限,474,172773,,普通本科批,https://zs.boustead.edu.cn/28372/,https://zs.boustead.edu.cn/28372/,,school_verified
2299,天津医科大学临床医学院,007,,物理类,物理,化学、生物(2科必选),551,68857,,普通本科批,http://www.tmucmc.edu.cn/zsxxw/2025/1204/c122a14632/page.htm,http://www.tmucmc.edu.cn/zsxxw/2025/1204/c122a14632/page.htm,,school_verified
2299,天津医科大学临床医学院,006,,物理类,物理,化学、生物(2科必选),537,84669,,普通本科批,http://www.tmucmc.edu.cn/zsxxw/2025/1204/c122a14632/page.htm,http://www.tmucmc.edu.cn/zsxxw/2025/1204/c122a14632/page.htm,,school_verified
2299,天津医科大学临床医学院,002,,历史类,历史,不限,499,33524,,普通本科批,http://www.tmucmc.edu.cn/zsxxw/2025/1204/c122a14632/page.htm,http://www.tmucmc.edu.cn/zsxxw/2025/1204/c122a14632/page.htm,,school_verified
2299,天津医科大学临床医学院,001,,历史类,历史,不限,495,35799,,普通本科批,http://www.tmucmc.edu.cn/zsxxw/2025/1204/c122a14632/page.htm,http://www.tmucmc.edu.cn/zsxxw/2025/1204/c122a14632/page.htm,,school_verified
2299,天津医科大学临床医学院,002,,物理类,物理,不限,492,146674,,普通本科批,http://www.tmucmc.edu.cn/zsxxw/2025/1204/c122a14632/page.htm,http://www.tmucmc.edu.cn/zsxxw/2025/1204/c122a14632/page.htm,,school_verified
2299,天津医科大学临床医学院,004,,物理类,物理,化学,485,157071,,普通本科批,http://www.tmucmc.edu.cn/zsxxw/2025/1204/c122a14632/page.htm,http://www.tmucmc.edu.cn/zsxxw/2025/1204/c122a14632/page.htm,,school_verified
2299,天津医科大学临床医学院,003,,物理类,物理,化学,485,157147,,普通本科批,http://www.tmucmc.edu.cn/zsxxw/2025/1204/c122a14632/page.htm,http://www.tmucmc.edu.cn/zsxxw/2025/1204/c122a14632/page.htm,,school_verified
2299,天津医科大学临床医学院,005,,物理类,物理,化学,484,157571,,普通本科批,http://www.tmucmc.edu.cn/zsxxw/2025/1204/c122a14632/page.htm,http://www.tmucmc.edu.cn/zsxxw/2025/1204/c122a14632/page.htm,,school_verified
2299,天津医科大学临床医学院,001,,物理类,物理,不限,479,164754,,普通本科批,http://www.tmucmc.edu.cn/zsxxw/2025/1204/c122a14632/page.htm,http://www.tmucmc.edu.cn/zsxxw/2025/1204/c122a14632/page.htm,,school_verified
2300,北京科技大学天津学院,001,,历史类,历史,不限,495,35825,,普通本科批,https://tj.ustb.edu.cn/zsw/info/1081/30691.htm,https://tj.ustb.edu.cn/zsw/info/1081/30691.htm,,school_verified
2300,北京科技大学天津学院,002,,物理类,物理,化学,482,161118,,普通本科批,https://tj.ustb.edu.cn/zsw/info/1081/30691.htm,https://tj.ustb.edu.cn/zsw/info/1081/30691.htm,,school_verified
2300,北京科技大学天津学院,001,,物理类,物理,不限,482,160349,,普通本科批,https://tj.ustb.edu.cn/zsw/info/1081/30691.htm,https://tj.ustb.edu.cn/zsw/info/1081/30691.htm,,school_verified
2302,天津理工大学中环信息学院,001,,历史类,历史,不限,491,37340,,普通本科批,https://www.tjzhic.edu.cn/,https://www.tjzhic.edu.cn/,,school_verified
2302,天津理工大学中环信息学院,001,,物理类,物理,不限,485,157188,,普通本科批,https://www.tjzhic.edu.cn/,https://www.tjzhic.edu.cn/,,school_verified
2302,天津理工大学中环信息学院,002,,物理类,物理,化学,481,162815,,普通本科批,https://www.tjzhic.edu.cn/,https://www.tjzhic.edu.cn/,,school_verified
2303,天津财经大学珠江学院,001,,历史类,历史,不限,491,37478,,普通本科批,https://zhujiang.tjufe.edu.cn/zsxjgl/2026/0415/c797a30076/page.htm,https://zhujiang.tjufe.edu.cn/zsxjgl/2026/0415/c797a30076/page.htm,,school_verified
2303,天津财经大学珠江学院,002,,物理类,物理,化学,481,162172,,普通本科批,https://zhujiang.tjufe.edu.cn/zsxjgl/2026/0415/c797a30076/page.htm,https://zhujiang.tjufe.edu.cn/zsxjgl/2026/0415/c797a30076/page.htm,,school_verified
2303,天津财经大学珠江学院,001,,物理类,物理,不限,479,164696,,普通本科批,https://zhujiang.tjufe.edu.cn/zsxjgl/2026/0415/c797a30076/page.htm,https://zhujiang.tjufe.edu.cn/zsxjgl/2026/0415/c797a30076/page.htm,,school_verified
2303,天津财经大学珠江学院,003,,物理类,物理,化学,462,189504,,普通本科批,https://zhujiang.tjufe.edu.cn/zsxjgl/2026/0415/c797a30076/page.htm,https://zhujiang.tjufe.edu.cn/zsxjgl/2026/0415/c797a30076/page.htm,,school_verified
2304,天津天狮学院,001,,历史类,历史,不限,477,44554,,普通本科批,https://www.tianshi.edu.cn/zsjy1.htm,https://www.tianshi.edu.cn/zsjy1.htm,,school_verified
2304,天津天狮学院,004,,物理类,物理,化学、生物(2科必选),465,185783,,普通本科批,https://www.tianshi.edu.cn/zsjy1.htm,https://www.tianshi.edu.cn/zsjy1.htm,,school_verified
2304,天津天狮学院,002,,物理类,物理,化学,465,185954,,普通本科批,https://www.tianshi.edu.cn/zsjy1.htm,https://www.tianshi.edu.cn/zsjy1.htm,,school_verified
2304,天津天狮学院,003,,物理类,物理,化学,462,189696,,普通本科批,https://www.tianshi.edu.cn/zsjy1.htm,https://www.tianshi.edu.cn/zsjy1.htm,,school_verified
2304,天津天狮学院,001,,物理类,物理,不限,461,191291,,普通本科批,https://www.tianshi.edu.cn/zsjy1.htm,https://www.tianshi.edu.cn/zsjy1.htm,,school_verified
2313,长春光华学院,001,,历史类,历史,不限,481,42752,,普通本科批,https://www.ghu.edu.cn/xxgk1/xxzc.htm,https://www.ghu.edu.cn/xxgk1/xxzc.htm,,school_verified
2313,长春光华学院,001,,物理类,物理,不限,466,183979,,普通本科批,https://www.ghu.edu.cn/xxgk1/xxzc.htm,https://www.ghu.edu.cn/xxgk1/xxzc.htm,,school_verified
2313,长春光华学院,002,,物理类,物理,化学,461,190328,,普通本科批,https://www.ghu.edu.cn/xxgk1/xxzc.htm,https://www.ghu.edu.cn/xxgk1/xxzc.htm,,school_verified
2314,长春财经学院,001,,历史类,历史,不限,477,44578,,普通本科批,https://zhaosheng.ccufe.edu.cn/solution/,https://zhaosheng.ccufe.edu.cn/solution/,,school_verified
2314,长春财经学院,002,,物理类,物理,化学,461,190061,,普通本科批,https://zhaosheng.ccufe.edu.cn/solution/,https://zhaosheng.ccufe.edu.cn/solution/,,school_verified
2314,长春财经学院,001,,物理类,物理,不限,461,190393,,普通本科批,https://zhaosheng.ccufe.edu.cn/solution/,https://zhaosheng.ccufe.edu.cn/solution/,,school_verified
2315,长春大学旅游学院,002,,物理类,物理,化学,464,187284,,普通本科批,https://www.tccu.edu.cn/zsc/2024zszc/list.htm,https://www.tccu.edu.cn/zsc/2024zszc/list.htm,,school_verified
2315,长春大学旅游学院,001,,物理类,物理,不限,461,190430,,普通本科批,https://www.tccu.edu.cn/zsc/2024zszc/list.htm,https://www.tccu.edu.cn/zsc/2024zszc/list.htm,,school_verified
2325,山西工学院,001,,物理类,物理,化学,509,121048,,普通本科批,https://www.sxct.edu.cn/zsjy.htm,https://www.sxct.edu.cn/zsjy.htm,,school_verified
2325,山西工学院,002,,物理类,物理,化学,506,125109,,普通本科批,https://www.sxct.edu.cn/zsjy.htm,https://www.sxct.edu.cn/zsjy.htm,,school_verified
2328,山西晋中理工学院,001,,历史类,历史,不限,490,38014,,普通本科批,https://www.sxjzit.edu.cn/,https://www.sxjzit.edu.cn/,,school_verified
2328,山西晋中理工学院,001,,物理类,物理,化学,484,158242,,普通本科批,https://www.sxjzit.edu.cn/,https://www.sxjzit.edu.cn/,,school_verified
2337,沈阳城市学院,002,,物理类,物理,化学,462,188716,,普通本科批,https://www.shenyangcu.edu.cn,https://www.shenyangcu.edu.cn,,school_verified
2337,沈阳城市学院,001,,物理类,物理,不限,462,188982,,普通本科批,https://www.shenyangcu.edu.cn,https://www.shenyangcu.edu.cn,,school_verified
2338,大连科技学院,001,,物理类,物理,化学,469,179698,,普通本科批,https://sub2.dlust.edu.cn/kjzs/channel-37.html,https://sub2.dlust.edu.cn/kjzs/channel-37.html,,school_verified
2342,辽宁师范大学海华学院,002,,历史类,历史,思想政治,497,34478,,普通本科批,http://zsb.lshhxy.edu.cn/zszc/zszc2021.htm,http://zsb.lshhxy.edu.cn/zszc/zszc2021.htm,,school_verified
2342,辽宁师范大学海华学院,001,,历史类,历史,不限,484,41238,,普通本科批,http://zsb.lshhxy.edu.cn/zszc/zszc2021.htm,http://zsb.lshhxy.edu.cn/zszc/zszc2021.htm,,school_verified
2342,辽宁师范大学海华学院,002,,物理类,物理,化学,469,179461,,普通本科批,http://zsb.lshhxy.edu.cn/zszc/zszc2021.htm,http://zsb.lshhxy.edu.cn/zszc/zszc2021.htm,,school_verified
2342,辽宁师范大学海华学院,001,,物理类,物理,不限,462,189330,,普通本科批,http://zsb.lshhxy.edu.cn/zszc/zszc2021.htm,http://zsb.lshhxy.edu.cn/zszc/zszc2021.htm,,school_verified
2343,沈阳城市建设学院,001,,历史类,历史,不限,482,42042,,普通本科批,https://www.syucu.edu.cn/,https://www.syucu.edu.cn/,,school_verified
2343,沈阳城市建设学院,002,,物理类,物理,化学,461,190298,,普通本科批,https://www.syucu.edu.cn/,https://www.syucu.edu.cn/,,school_verified
2344,辽宁中医药大学杏林学院,001,,物理类,物理,化学,480,163688,,普通本科批,https://zs.lncmxl.edu.cn/article/index/category_id/3.html,https://zs.lncmxl.edu.cn/article/index/category_id/3.html,,school_verified
2346,辽宁何氏医学院,002,,物理类,物理,化学,461,191229,,普通本科批,https://mp.weixin.qq.com/s/FyAPECnIWc428Dne02vexQ,https://mp.weixin.qq.com/s/FyAPECnIWc428Dne02vexQ,,school_verified
2347,锦州医科大学医疗学院,002,,物理类,物理,化学,509,121103,,普通本科批,https://zsjy.jymu.edu.cn/plus/view.php?aid=11228,https://zsjy.jymu.edu.cn/plus/view.php?aid=11228,,school_verified
2347,锦州医科大学医疗学院,004,,物理类,物理,化学,478,166952,,普通本科批,https://zsjy.jymu.edu.cn/plus/view.php?aid=11228,https://zsjy.jymu.edu.cn/plus/view.php?aid=11228,,school_verified
2347,锦州医科大学医疗学院,003,,物理类,物理,化学,461,190565,,普通本科批,https://zsjy.jymu.edu.cn/plus/view.php?aid=11228,https://zsjy.jymu.edu.cn/plus/view.php?aid=11228,,school_verified
2348,大连医科大学中山学院,002,,物理类,物理,化学,537,84538,,普通本科批,https://www.dmuzs.edu.cn/info/1035/11831.htm,https://www.dmuzs.edu.cn/info/1035/11831.htm,,school_verified
2348,大连医科大学中山学院,001,,物理类,物理,化学,507,123740,,普通本科批,https://www.dmuzs.edu.cn/info/1035/11831.htm,https://www.dmuzs.edu.cn/info/1035/11831.htm,,school_verified
2348,大连医科大学中山学院,001,,历史类,历史,不限,479,43327,,普通本科批,https://www.dmuzs.edu.cn/info/1035/11831.htm,https://www.dmuzs.edu.cn/info/1035/11831.htm,,school_verified
2348,大连医科大学中山学院,003,,物理类,物理,化学,478,166094,,普通本科批,https://www.dmuzs.edu.cn/info/1035/11831.htm,https://www.dmuzs.edu.cn/info/1035/11831.htm,,school_verified
2350,沈阳科技学院,001,,历史类,历史,不限,480,43078,,普通本科批,https://zhaosheng.syist.edu.cn/article/details/id/740.html,https://zhaosheng.syist.edu.cn/article/details/id/740.html,,school_verified
2350,沈阳科技学院,001,,物理类,物理,不限,462,189902,,普通本科批,https://zhaosheng.syist.edu.cn/article/details/id/740.html,https://zhaosheng.syist.edu.cn/article/details/id/740.html,,school_verified
2350,沈阳科技学院,002,,物理类,物理,化学,461,191238,,普通本科批,https://zhaosheng.syist.edu.cn/article/details/id/740.html,https://zhaosheng.syist.edu.cn/article/details/id/740.html,,school_verified
2351,大连东软信息学院,001,,历史类,历史,不限,477,44721,,普通本科批,https://zs.neusoft.edu.cn/attachment/sites/item/2025_06/05_09/5ede86243ad8c3a2.pdf,https://zs.neusoft.edu.cn/attachment/sites/item/2025_06/05_09/5ede86243ad8c3a2.pdf,,school_verified
2351,大连东软信息学院,003,,物理类,物理,化学,461,191098,,普通本科批,https://zs.neusoft.edu.cn/attachment/sites/item/2025_06/05_09/5ede86243ad8c3a2.pdf,https://zs.neusoft.edu.cn/attachment/sites/item/2025_06/05_09/5ede86243ad8c3a2.pdf,,school_verified
2351,大连东软信息学院,002,,物理类,物理,不限,461,190244,,普通本科批,https://zs.neusoft.edu.cn/attachment/sites/item/2025_06/05_09/5ede86243ad8c3a2.pdf,https://zs.neusoft.edu.cn/attachment/sites/item/2025_06/05_09/5ede86243ad8c3a2.pdf,,school_verified
2351,大连东软信息学院,001,,物理类,物理,不限,461,190731,,普通本科批,https://zs.neusoft.edu.cn/attachment/sites/item/2025_06/05_09/5ede86243ad8c3a2.pdf,https://zs.neusoft.edu.cn/attachment/sites/item/2025_06/05_09/5ede86243ad8c3a2.pdf,,school_verified
2352,辽宁财贸学院,002,,物理类,物理,化学,461,190685,,普通本科批,https://www.lncmxy.com,https://www.lncmxy.com,,school_verified
2352,辽宁财贸学院,001,,物理类,物理,不限,461,191343,,普通本科批,https://www.lncmxy.com,https://www.lncmxy.com,,school_verified
2358,甘肃民族师范学院,001,,物理类,物理,不限,491,148352,,普通本科批,https://www.gnun.edu.cn,https://www.gnun.edu.cn,,school_verified
2360,兰州工商学院,002,,历史类,历史,思想政治,490,38251,,普通本科批,http://www.lztbc.edu.cn/zsbgs/2025/0603/c212a44306/page.htm,http://www.lztbc.edu.cn/zsbgs/2025/0603/c212a44306/page.htm,,school_verified
2360,兰州工商学院,001,,历史类,历史,不限,485,40761,,普通本科批,http://www.lztbc.edu.cn/zsbgs/2025/0603/c212a44306/page.htm,http://www.lztbc.edu.cn/zsbgs/2025/0603/c212a44306/page.htm,,school_verified
2360,兰州工商学院,001,,物理类,物理,不限,460,192766,,普通本科批,http://www.lztbc.edu.cn/zsbgs/2025/0603/c212a44306/page.htm,http://www.lztbc.edu.cn/zsbgs/2025/0603/c212a44306/page.htm,,school_verified
2361,兰州信息科技学院,001,,物理类,物理,不限,466,183799,,普通本科批,https://zs.lzxk.edu.cn/info/1231/2674.htm,https://zs.lzxk.edu.cn/info/1231/2674.htm,,school_verified
2361,兰州信息科技学院,002,,物理类,物理,化学,465,184713,,普通本科批,https://zs.lzxk.edu.cn/info/1231/2674.htm,https://zs.lzxk.edu.cn/info/1231/2674.htm,,school_verified
2366,桂林学院,001,,历史类,历史,不限,487,39761,,普通本科批,https://www.glc.edu.cn/zsw/info/1007/1914.htm,https://www.glc.edu.cn/zsw/info/1007/1914.htm,,school_verified
2366,桂林学院,002,,物理类,物理,化学,477,168871,,普通本科批,https://www.glc.edu.cn/zsw/info/1007/1914.htm,https://www.glc.edu.cn/zsw/info/1007/1914.htm,,school_verified
2366,桂林学院,001,,物理类,物理,不限,472,176182,,普通本科批,https://www.glc.edu.cn/zsw/info/1007/1914.htm,https://www.glc.edu.cn/zsw/info/1007/1914.htm,,school_verified
2367,桂林信息科技学院,001,,历史类,历史,不限,477,44414,,普通本科批,http://www.guit.edu.cn/zs/bkzn/zszc.htm,http://www.guit.edu.cn/zs/bkzn/zszc.htm,,school_verified
2367,桂林信息科技学院,002,,物理类,物理,化学,461,191201,,普通本科批,http://www.guit.edu.cn/zs/bkzn/zszc.htm,http://www.guit.edu.cn/zs/bkzn/zszc.htm,,school_verified
2367,桂林信息科技学院,001,,物理类,物理,不限,461,191173,,普通本科批,http://www.guit.edu.cn/zs/bkzn/zszc.htm,http://www.guit.edu.cn/zs/bkzn/zszc.htm,,school_verified
2368,柳州工学院,001,,历史类,历史,不限,477,44659,,普通本科批,https://www.lzhit.edu.cn/xxgk1/xxzc.htm,https://www.lzhit.edu.cn/xxgk1/xxzc.htm,,school_verified
2368,柳州工学院,002,,物理类,物理,思想政治,461,190624,,普通本科批,https://www.lzhit.edu.cn/xxgk1/xxzc.htm,https://www.lzhit.edu.cn/xxgk1/xxzc.htm,,school_verified
2368,柳州工学院,001,,物理类,物理,化学,461,191152,,普通本科批,https://www.lzhit.edu.cn/xxgk1/xxzc.htm,https://www.lzhit.edu.cn/xxgk1/xxzc.htm,,school_verified
2370,广西民族大学相思湖学院,001,,历史类,历史,不限,487,39732,,普通本科批,http://zhao.xshxy.cn/info/1026/1508.htm,http://zhao.xshxy.cn/info/1026/1508.htm,,school_verified
2370,广西民族大学相思湖学院,001,,物理类,物理,不限,474,171993,,普通本科批,http://zhao.xshxy.cn/info/1026/1508.htm,http://zhao.xshxy.cn/info/1026/1508.htm,,school_verified
2370,广西民族大学相思湖学院,002,,物理类,物理,不限,469,180267,,普通本科批,http://zhao.xshxy.cn/info/1026/1508.htm,http://zhao.xshxy.cn/info/1026/1508.htm,,school_verified
2370,广西民族大学相思湖学院,003,,物理类,物理,化学,468,180681,,普通本科批,http://zhao.xshxy.cn/info/1026/1508.htm,http://zhao.xshxy.cn/info/1026/1508.htm,,school_verified
2372,广西中医药大学赛恩斯新医药学院,001,,物理类,物理,不限,497,138686,,普通本科批,http://zsb.gxzyxysy.com/info/1039/12714.htm,http://zsb.gxzyxysy.com/info/1039/12714.htm,,school_verified
2372,广西中医药大学赛恩斯新医药学院,003,,物理类,物理,生物,486,155319,,普通本科批,http://zsb.gxzyxysy.com/info/1039/12714.htm,http://zsb.gxzyxysy.com/info/1039/12714.htm,,school_verified
2372,广西中医药大学赛恩斯新医药学院,002,,物理类,物理,化学,484,158183,,普通本科批,http://zsb.gxzyxysy.com/info/1039/12714.htm,http://zsb.gxzyxysy.com/info/1039/12714.htm,,school_verified
2379,浙大城市学院,001,,历史类,历史,不限,558,11660,,普通本科批,https://www.hzcu.edu.cn,https://www.hzcu.edu.cn,,school_verified
2379,浙大城市学院,002,,物理类,物理,化学,550,69840,,普通本科批,https://www.hzcu.edu.cn,https://www.hzcu.edu.cn,,school_verified
2379,浙大城市学院,001,,物理类,物理,不限,543,77491,,普通本科批,https://www.hzcu.edu.cn,https://www.hzcu.edu.cn,,school_verified
2379,浙大城市学院,002,,历史类,历史,不限,538,17739,,普通本科批,https://www.hzcu.edu.cn,https://www.hzcu.edu.cn,,school_verified
2379,浙大城市学院,003,,物理类,物理,化学,532,91316,,普通本科批,https://www.hzcu.edu.cn,https://www.hzcu.edu.cn,,school_verified
2380,浙大宁波理工学院,002,,物理类,物理,化学,549,71231,,普通本科批,https://www.nbt.edu.cn/xqzl/xxzc.htm,https://www.nbt.edu.cn/xqzl/xxzc.htm,,school_verified
2380,浙大宁波理工学院,001,,历史类,历史,不限,548,14565,,普通本科批,https://www.nbt.edu.cn/xqzl/xxzc.htm,https://www.nbt.edu.cn/xqzl/xxzc.htm,,school_verified
2380,浙大宁波理工学院,001,,物理类,物理,不限,546,74475,,普通本科批,https://www.nbt.edu.cn/xqzl/xxzc.htm,https://www.nbt.edu.cn/xqzl/xxzc.htm,,school_verified
2381,浙江工业大学之江学院,001,,历史类,历史,不限,501,32705,,普通本科批,https://mp.weixin.qq.com/s/_9dChlPC7EnZ2hnYipXFiw,https://mp.weixin.qq.com/s/_9dChlPC7EnZ2hnYipXFiw,,school_verified
2381,浙江工业大学之江学院,001,,物理类,物理,化学,486,155726,,普通本科批,https://mp.weixin.qq.com/s/_9dChlPC7EnZ2hnYipXFiw,https://mp.weixin.qq.com/s/_9dChlPC7EnZ2hnYipXFiw,,school_verified
2382,浙江师范大学行知学院,001,,历史类,历史,不限,531,20155,,普通本科批,https://xzzs.zjxz.edu.cn/2025/0825/c1196a24552/page.htm,https://xzzs.zjxz.edu.cn/2025/0825/c1196a24552/page.htm,,school_verified
2382,浙江师范大学行知学院,001,,物理类,物理,化学,482,160577,,普通本科批,https://xzzs.zjxz.edu.cn/2025/0825/c1196a24552/page.htm,https://xzzs.zjxz.edu.cn/2025/0825/c1196a24552/page.htm,,school_verified
2382,浙江师范大学行知学院,002,,物理类,物理,生物,479,165676,,普通本科批,https://xzzs.zjxz.edu.cn/2025/0825/c1196a24552/page.htm,https://xzzs.zjxz.edu.cn/2025/0825/c1196a24552/page.htm,,school_verified
2383,宁波大学科学技术学院,001,,历史类,历史,不限,508,29725,,普通本科批,https://www.ndky.edu.cn/,https://www.ndky.edu.cn/,,school_verified
2383,宁波大学科学技术学院,001,,物理类,物理,不限,489,150067,,普通本科批,https://www.ndky.edu.cn/,https://www.ndky.edu.cn/,,school_verified
2383,宁波大学科学技术学院,002,,物理类,物理,化学,484,158740,,普通本科批,https://www.ndky.edu.cn/,https://www.ndky.edu.cn/,,school_verified
2384,杭州电子科技大学信息工程学院,001,,物理类,物理,化学,500,134694,,普通本科批,https://www.hziee.edu.cn/zs/2026/0311/c726a30438/page.htm,https://www.hziee.edu.cn/zs/2026/0311/c726a30438/page.htm,,school_verified
2384,杭州电子科技大学信息工程学院,001,,历史类,历史,不限,497,34815,,普通本科批,https://www.hziee.edu.cn/zs/2026/0311/c726a30438/page.htm,https://www.hziee.edu.cn/zs/2026/0311/c726a30438/page.htm,,school_verified
2385,浙江理工大学科技与艺术学院,003,,物理类,物理,化学,484,158524,,普通本科批,https://www.ky.zstu.edu.cn/,https://www.ky.zstu.edu.cn/,,school_verified
2385,浙江理工大学科技与艺术学院,001,,物理类,物理,不限,477,168812,,普通本科批,https://www.ky.zstu.edu.cn/,https://www.ky.zstu.edu.cn/,,school_verified
2387,浙江农林大学暨阳学院,001,,历史类,历史,不限,495,35352,,普通本科批,http://zs.zjyc.edu.cn/,http://zs.zjyc.edu.cn/,,school_verified
2387,浙江农林大学暨阳学院,002,,物理类,物理,化学,484,157859,,普通本科批,http://zs.zjyc.edu.cn/,http://zs.zjyc.edu.cn/,,school_verified
2387,浙江农林大学暨阳学院,003,,物理类,物理,化学,481,162501,,普通本科批,http://zs.zjyc.edu.cn/,http://zs.zjyc.edu.cn/,,school_verified
2387,浙江农林大学暨阳学院,004,,物理类,物理,化学,478,167279,,普通本科批,http://zs.zjyc.edu.cn/,http://zs.zjyc.edu.cn/,,school_verified
2387,浙江农林大学暨阳学院,001,,物理类,物理,不限,477,168736,,普通本科批,http://zs.zjyc.edu.cn/,http://zs.zjyc.edu.cn/,,school_verified
2387,浙江农林大学暨阳学院,005,,物理类,物理,生物,476,169637,,普通本科批,http://zs.zjyc.edu.cn/,http://zs.zjyc.edu.cn/,,school_verified
2388,温州医科大学仁济学院,001,,物理类,物理,化学,502,130912,,普通本科批,https://rjxy.wmu.edu.cn/info/1137/213689.htm,https://rjxy.wmu.edu.cn/info/1137/213689.htm,,school_verified
2388,温州医科大学仁济学院,003,,物理类,物理,化学,494,143770,,普通本科批,https://rjxy.wmu.edu.cn/info/1137/213689.htm,https://rjxy.wmu.edu.cn/info/1137/213689.htm,,school_verified
2388,温州医科大学仁济学院,002,,物理类,物理,化学,488,152822,,普通本科批,https://rjxy.wmu.edu.cn/info/1137/213689.htm,https://rjxy.wmu.edu.cn/info/1137/213689.htm,,school_verified
2394,浙江工商大学杭州商学院,001,,历史类,历史,不限,495,35646,,普通本科批,https://zs.zjhzcc.edu.cn/zs/1148.html,https://zs.zjhzcc.edu.cn/zs/1148.html,,school_verified
2394,浙江工商大学杭州商学院,003,,物理类,物理,化学,491,147577,,普通本科批,https://zs.zjhzcc.edu.cn/zs/1148.html,https://zs.zjhzcc.edu.cn/zs/1148.html,,school_verified
2394,浙江工商大学杭州商学院,002,,物理类,物理,不限,488,152710,,普通本科批,https://zs.zjhzcc.edu.cn/zs/1148.html,https://zs.zjhzcc.edu.cn/zs/1148.html,,school_verified
2394,浙江工商大学杭州商学院,001,,物理类,物理,不限,486,155472,,普通本科批,https://zs.zjhzcc.edu.cn/zs/1148.html,https://zs.zjhzcc.edu.cn/zs/1148.html,,school_verified
2395,中国计量大学现代科技学院,001,,物理类,物理,不限,487,154159,,普通本科批,https://zs.cjlu.edu.cn/zgjldxxdkjxy/zsxx.htm,https://zs.cjlu.edu.cn/zgjldxxdkjxy/zsxx.htm,,school_verified
2395,中国计量大学现代科技学院,002,,物理类,物理,化学,486,154600,,普通本科批,https://zs.cjlu.edu.cn/zgjldxxdkjxy/zsxx.htm,https://zs.cjlu.edu.cn/zgjldxxdkjxy/zsxx.htm,,school_verified
2396,浙江财经大学东方学院,001,,历史类,历史,不限,499,33697,,普通本科批,https://xg.zufedfc.edu.cn/zsjy/zsw.htm,https://xg.zufedfc.edu.cn/zsjy/zsw.htm,,school_verified
2396,浙江财经大学东方学院,003,,物理类,物理,化学,485,156430,,普通本科批,https://xg.zufedfc.edu.cn/zsjy/zsw.htm,https://xg.zufedfc.edu.cn/zsjy/zsw.htm,,school_verified
2396,浙江财经大学东方学院,002,,物理类,物理,不限,485,155918,,普通本科批,https://xg.zufedfc.edu.cn/zsjy/zsw.htm,https://xg.zufedfc.edu.cn/zsjy/zsw.htm,,school_verified
2396,浙江财经大学东方学院,001,,物理类,物理,不限,481,162923,,普通本科批,https://xg.zufedfc.edu.cn/zsjy/zsw.htm,https://xg.zufedfc.edu.cn/zsjy/zsw.htm,,school_verified
2397,嘉兴南湖学院,001,,历史类,历史,不限,542,16313,,普通本科批,https://zsb.jxnhu.edu.cn/bkzn/zszc1.htm,https://zsb.jxnhu.edu.cn/bkzn/zszc1.htm,,school_verified
2397,嘉兴南湖学院,002,,物理类,物理,化学,534,87844,,普通本科批,https://zsb.jxnhu.edu.cn/bkzn/zszc1.htm,https://zsb.jxnhu.edu.cn/bkzn/zszc1.htm,,school_verified
2397,嘉兴南湖学院,001,,物理类,物理,不限,527,96599,,普通本科批,https://zsb.jxnhu.edu.cn/bkzn/zszc1.htm,https://zsb.jxnhu.edu.cn/bkzn/zszc1.htm,,school_verified
2398,温州商学院,001,,历史类,历史,不限,481,42424,,普通本科批,https://zsw.wzbc.edu.cn/Art/Art_1740/Art_1740_135844.aspx,https://zsw.wzbc.edu.cn/Art/Art_1740/Art_1740_135844.aspx,,school_verified
2398,温州商学院,001,,物理类,物理,不限,473,174397,,普通本科批,https://zsw.wzbc.edu.cn/Art/Art_1740/Art_1740_135844.aspx,https://zsw.wzbc.edu.cn/Art/Art_1740/Art_1740_135844.aspx,,school_verified
2398,温州商学院,002,,物理类,物理,化学,472,175737,,普通本科批,https://zsw.wzbc.edu.cn/Art/Art_1740/Art_1740_135844.aspx,https://zsw.wzbc.edu.cn/Art/Art_1740/Art_1740_135844.aspx,,school_verified
2400,上海财经大学浙江学院,001,,历史类,历史,不限,498,34035,,普通本科批,https://zs.shufe-zj.edu.cn/info/1051/2465.htm,https://zs.shufe-zj.edu.cn/info/1051/2465.htm,,school_verified
2400,上海财经大学浙江学院,002,,物理类,物理,化学,493,144513,,普通本科批,https://zs.shufe-zj.edu.cn/info/1051/2465.htm,https://zs.shufe-zj.edu.cn/info/1051/2465.htm,,school_verified
2400,上海财经大学浙江学院,001,,物理类,物理,不限,486,155493,,普通本科批,https://zs.shufe-zj.edu.cn/info/1051/2465.htm,https://zs.shufe-zj.edu.cn/info/1051/2465.htm,,school_verified
2401,宁波财经学院,001,,历史类,历史,不限,485,40669,,普通本科批,https://www.nbufe.edu.cn/nbufe/xxzc.htm,https://www.nbufe.edu.cn/nbufe/xxzc.htm,,school_verified
2401,宁波财经学院,001,,物理类,物理,不限,479,166049,,普通本科批,https://www.nbufe.edu.cn/nbufe/xxzc.htm,https://www.nbufe.edu.cn/nbufe/xxzc.htm,,school_verified
2401,宁波财经学院,002,,物理类,物理,化学,478,166190,,普通本科批,https://www.nbufe.edu.cn/nbufe/xxzc.htm,https://www.nbufe.edu.cn/nbufe/xxzc.htm,,school_verified
2402,浙江越秀外国语学院,002,,历史类,历史,不限,477,44692,,普通本科批,https://www.zyufl.edu.cn/zsjy/list.htm,https://www.zyufl.edu.cn/zsjy/list.htm,,school_verified
2402,浙江越秀外国语学院,001,,历史类,历史,不限,477,44743,,普通本科批,https://www.zyufl.edu.cn/zsjy/list.htm,https://www.zyufl.edu.cn/zsjy/list.htm,,school_verified
2402,浙江越秀外国语学院,003,,物理类,物理,化学,471,177345,,普通本科批,https://www.zyufl.edu.cn/zsjy/list.htm,https://www.zyufl.edu.cn/zsjy/list.htm,,school_verified
2402,浙江越秀外国语学院,002,,物理类,物理,不限,463,188606,,普通本科批,https://www.zyufl.edu.cn/zsjy/list.htm,https://www.zyufl.edu.cn/zsjy/list.htm,,school_verified
2402,浙江越秀外国语学院,001,,物理类,物理,不限,461,191348,,普通本科批,https://www.zyufl.edu.cn/zsjy/list.htm,https://www.zyufl.edu.cn/zsjy/list.htm,,school_verified
2415,皖江工学院,001,,历史类,历史,不限,485,40263,,普通本科批,https://www.wjut.edu.cn/,https://www.wjut.edu.cn/,,school_verified
2415,皖江工学院,002,,物理类,物理,不限,467,181829,,普通本科批,https://www.wjut.edu.cn/,https://www.wjut.edu.cn/,,school_verified
2415,皖江工学院,001,,物理类,物理,不限,463,188545,,普通本科批,https://www.wjut.edu.cn/,https://www.wjut.edu.cn/,,school_verified
2415,皖江工学院,003,,物理类,物理,化学,461,191392,,普通本科批,https://www.wjut.edu.cn/,https://www.wjut.edu.cn/,,school_verified
2421,厦门工学院,001,,历史类,历史,不限,484,40895,,普通本科批,http://www.xit.edu.cn/zsw/zszc/list.htm,http://www.xit.edu.cn/zsw/zszc/list.htm,,school_verified
2421,厦门工学院,002,,物理类,物理,化学,469,180273,,普通本科批,http://www.xit.edu.cn/zsw/zszc/list.htm,http://www.xit.edu.cn/zsw/zszc/list.htm,,school_verified
2421,厦门工学院,001,,物理类,物理,不限,462,189876,,普通本科批,http://www.xit.edu.cn/zsw/zszc/list.htm,http://www.xit.edu.cn/zsw/zszc/list.htm,,school_verified
2427,南昌大学科学技术学院,001,,历史类,历史,不限,511,28407,,普通本科批,https://ncuky.edu.cn/zsw/info/1004/1559.htm,https://ncuky.edu.cn/zsw/info/1004/1559.htm,,school_verified
2427,南昌大学科学技术学院,002,,物理类,物理,化学,492,146240,,普通本科批,https://ncuky.edu.cn/zsw/info/1004/1559.htm,https://ncuky.edu.cn/zsw/info/1004/1559.htm,,school_verified
2427,南昌大学科学技术学院,001,,物理类,物理,不限,485,155896,,普通本科批,https://ncuky.edu.cn/zsw/info/1004/1559.htm,https://ncuky.edu.cn/zsw/info/1004/1559.htm,,school_verified
2428,江西农业大学南昌商学院,001,,历史类,历史,不限,495,35492,,普通本科批,https://ncbcjxau.edu.cn/news-show-16983.html,https://ncbcjxau.edu.cn/news-show-16983.html,,school_verified
2428,江西农业大学南昌商学院,002,,物理类,物理,化学,489,150198,,普通本科批,https://ncbcjxau.edu.cn/news-show-16983.html,https://ncbcjxau.edu.cn/news-show-16983.html,,school_verified
2428,江西农业大学南昌商学院,001,,物理类,物理,不限,484,158608,,普通本科批,https://ncbcjxau.edu.cn/news-show-16983.html,https://ncbcjxau.edu.cn/news-show-16983.html,,school_verified
2429,江西师范大学科学技术学院,001,,历史类,历史,不限,500,33298,,普通本科批,http://jxsfdxkjjsxy.zs.bysjy.com.cn/module/news_info.html?article_id=27372&,http://jxsfdxkjjsxy.zs.bysjy.com.cn/module/news_info.html?article_id=27372&,,school_verified
2429,江西师范大学科学技术学院,001,,物理类,物理,不限,484,158310,,普通本科批,http://jxsfdxkjjsxy.zs.bysjy.com.cn/module/news_info.html?article_id=27372&,http://jxsfdxkjjsxy.zs.bysjy.com.cn/module/news_info.html?article_id=27372&,,school_verified
2429,江西师范大学科学技术学院,002,,物理类,物理,化学,483,158963,,普通本科批,http://jxsfdxkjjsxy.zs.bysjy.com.cn/module/news_info.html?article_id=27372&,http://jxsfdxkjjsxy.zs.bysjy.com.cn/module/news_info.html?article_id=27372&,,school_verified
2430,南昌交通学院,001,,历史类,历史,不限,489,38381,,普通本科批,https://zsb.ncjti.edu.cn/info/1034/2045.htm,https://zsb.ncjti.edu.cn/info/1034/2045.htm,,school_verified
2430,南昌交通学院,002,,物理类,物理,化学,480,163702,,普通本科批,https://zsb.ncjti.edu.cn/info/1034/2045.htm,https://zsb.ncjti.edu.cn/info/1034/2045.htm,,school_verified
2430,南昌交通学院,001,,物理类,物理,不限,479,165315,,普通本科批,https://zsb.ncjti.edu.cn/info/1034/2045.htm,https://zsb.ncjti.edu.cn/info/1034/2045.htm,,school_verified
2431,赣南科技学院,001,,历史类,历史,不限,510,28670,,普通本科批,https://www.gnust.edu.cn,https://www.gnust.edu.cn,,school_verified
2431,赣南科技学院,001,,物理类,物理,不限,510,119887,,普通本科批,https://www.gnust.edu.cn,https://www.gnust.edu.cn,,school_verified
2431,赣南科技学院,002,,物理类,物理,化学,507,124084,,普通本科批,https://www.gnust.edu.cn,https://www.gnust.edu.cn,,school_verified
2432,赣东学院,001,,历史类,历史,不限,512,27698,,普通本科批,https://zs.gdc.edu.cn/2025/0512/c159a5888/page.htm,https://zs.gdc.edu.cn/2025/0512/c159a5888/page.htm,,school_verified
2432,赣东学院,002,,物理类,物理,化学,509,120906,,普通本科批,https://zs.gdc.edu.cn/2025/0512/c159a5888/page.htm,https://zs.gdc.edu.cn/2025/0512/c159a5888/page.htm,,school_verified
2432,赣东学院,001,,物理类,物理,不限,509,121421,,普通本科批,https://zs.gdc.edu.cn/2025/0512/c159a5888/page.htm,https://zs.gdc.edu.cn/2025/0512/c159a5888/page.htm,,school_verified
2433,南昌航空大学科技学院,001,,历史类,历史,不限,494,36026,,普通本科批,https://zs.stcnchu.edu.cn/zszc/content_30052,https://zs.stcnchu.edu.cn/zszc/content_30052,,school_verified
2433,南昌航空大学科技学院,002,,物理类,物理,化学,487,152882,,普通本科批,https://zs.stcnchu.edu.cn/zszc/content_30052,https://zs.stcnchu.edu.cn/zszc/content_30052,,school_verified
2433,南昌航空大学科技学院,001,,物理类,物理,不限,484,158271,,普通本科批,https://zs.stcnchu.edu.cn/zszc/content_30052,https://zs.stcnchu.edu.cn/zszc/content_30052,,school_verified
2434,南昌医学院,004,,物理类,物理,化学,576,45069,,普通本科批,https://zs.ncmc.edu.cn/info/1043/2499.htm,https://zs.ncmc.edu.cn/info/1043/2499.htm,,school_verified
2434,南昌医学院,003,,物理类,物理,化学,558,61726,,普通本科批,https://zs.ncmc.edu.cn/info/1043/2499.htm,https://zs.ncmc.edu.cn/info/1043/2499.htm,,school_verified
2434,南昌医学院,006,,物理类,物理,化学,550,69967,,普通本科批,https://zs.ncmc.edu.cn/info/1043/2499.htm,https://zs.ncmc.edu.cn/info/1043/2499.htm,,school_verified
2434,南昌医学院,008,,物理类,物理,生物,538,83763,,普通本科批,https://zs.ncmc.edu.cn/info/1043/2499.htm,https://zs.ncmc.edu.cn/info/1043/2499.htm,,school_verified
2434,南昌医学院,005,,物理类,物理,化学,526,98829,,普通本科批,https://zs.ncmc.edu.cn/info/1043/2499.htm,https://zs.ncmc.edu.cn/info/1043/2499.htm,,school_verified
2434,南昌医学院,007,,物理类,物理,生物,521,104905,,普通本科批,https://zs.ncmc.edu.cn/info/1043/2499.htm,https://zs.ncmc.edu.cn/info/1043/2499.htm,,school_verified
2434,南昌医学院,002,,物理类,物理,化学,521,104450,,普通本科批,https://zs.ncmc.edu.cn/info/1043/2499.htm,https://zs.ncmc.edu.cn/info/1043/2499.htm,,school_verified
2434,南昌医学院,001,,物理类,物理,化学,520,106048,,普通本科批,https://zs.ncmc.edu.cn/info/1043/2499.htm,https://zs.ncmc.edu.cn/info/1043/2499.htm,,school_verified
2434,南昌医学院,001,,历史类,历史,不限,513,27174,,普通本科批,https://zs.ncmc.edu.cn/info/1043/2499.htm,https://zs.ncmc.edu.cn/info/1043/2499.htm,,school_verified
2434,南昌医学院,002,,历史类,历史,生物,511,28381,,普通本科批,https://zs.ncmc.edu.cn/info/1043/2499.htm,https://zs.ncmc.edu.cn/info/1043/2499.htm,,school_verified
2435,江西财经大学现代经济管理学院,001,,历史类,历史,不限,498,34270,,普通本科批,https://www.jcxjg.edu.cn/news-list-zhaoshengjiuye.html,https://www.jcxjg.edu.cn/news-list-zhaoshengjiuye.html,,school_verified
2435,江西财经大学现代经济管理学院,001,,物理类,物理,不限,490,148704,,普通本科批,https://www.jcxjg.edu.cn/news-list-zhaoshengjiuye.html,https://www.jcxjg.edu.cn/news-list-zhaoshengjiuye.html,,school_verified
2435,江西财经大学现代经济管理学院,002,,物理类,物理,不限,489,150349,,普通本科批,https://www.jcxjg.edu.cn/news-list-zhaoshengjiuye.html,https://www.jcxjg.edu.cn/news-list-zhaoshengjiuye.html,,school_verified
2435,江西财经大学现代经济管理学院,003,,物理类,物理,化学,487,154187,,普通本科批,https://www.jcxjg.edu.cn/news-list-zhaoshengjiuye.html,https://www.jcxjg.edu.cn/news-list-zhaoshengjiuye.html,,school_verified
2437,景德镇艺术职业大学,002,,历史类,历史,思想政治,498,34135,,普通本科批,https://www.jdzvua.edu.cn/html/45/,https://www.jdzvua.edu.cn/html/45/,,school_verified
2437,景德镇艺术职业大学,001,,历史类,历史,不限,491,37408,,普通本科批,https://www.jdzvua.edu.cn/html/45/,https://www.jdzvua.edu.cn/html/45/,,school_verified
2437,景德镇艺术职业大学,001,,物理类,物理,不限,483,159653,,普通本科批,https://www.jdzvua.edu.cn/html/45/,https://www.jdzvua.edu.cn/html/45/,,school_verified
2451,郑州商学院,001,,历史类,历史,不限,495,35476,,普通本科批,https://www.zbu.edu.cn/,https://www.zbu.edu.cn/,,school_verified
2451,郑州商学院,002,,物理类,物理,化学,485,156685,,普通本科批,https://www.zbu.edu.cn/,https://www.zbu.edu.cn/,,school_verified
2451,郑州商学院,001,,物理类,物理,不限,482,160335,,普通本科批,https://www.zbu.edu.cn/,https://www.zbu.edu.cn/,,school_verified
2452,郑州科技学院,001,,历史类,历史,不限,493,36422,,普通本科批,https://zs.zit.edu.cn/info/1026/2050.htm,https://zs.zit.edu.cn/info/1026/2050.htm,,school_verified
2452,郑州科技学院,002,,物理类,物理,化学,490,149630,,普通本科批,https://zs.zit.edu.cn/info/1026/2050.htm,https://zs.zit.edu.cn/info/1026/2050.htm,,school_verified
2452,郑州科技学院,001,,物理类,物理,不限,485,156778,,普通本科批,https://zs.zit.edu.cn/info/1026/2050.htm,https://zs.zit.edu.cn/info/1026/2050.htm,,school_verified
2459,武汉文理学院,002,,历史类,历史,不限,497,34729,,普通本科批,https://zsjy.whwl.edu.cn/info/1004/1841.htm,https://zsjy.whwl.edu.cn/info/1004/1841.htm,,school_verified
2459,武汉文理学院,001,,历史类,历史,不限,496,34972,,普通本科批,https://zsjy.whwl.edu.cn/info/1004/1841.htm,https://zsjy.whwl.edu.cn/info/1004/1841.htm,,school_verified
2459,武汉文理学院,003,,历史类,历史,生物,495,35768,,普通本科批,https://zsjy.whwl.edu.cn/info/1004/1841.htm,https://zsjy.whwl.edu.cn/info/1004/1841.htm,,school_verified
2459,武汉文理学院,004,,物理类,物理,生物,493,144606,,普通本科批,https://zsjy.whwl.edu.cn/info/1004/1841.htm,https://zsjy.whwl.edu.cn/info/1004/1841.htm,,school_verified
2459,武汉文理学院,002,,物理类,物理,不限,490,149419,,普通本科批,https://zsjy.whwl.edu.cn/info/1004/1841.htm,https://zsjy.whwl.edu.cn/info/1004/1841.htm,,school_verified
2459,武汉文理学院,003,,物理类,物理,化学,486,155037,,普通本科批,https://zsjy.whwl.edu.cn/info/1004/1841.htm,https://zsjy.whwl.edu.cn/info/1004/1841.htm,,school_verified
2459,武汉文理学院,001,,物理类,物理,不限,486,155543,,普通本科批,https://zsjy.whwl.edu.cn/info/1004/1841.htm,https://zsjy.whwl.edu.cn/info/1004/1841.htm,,school_verified
2460,湖北工程学院新技术学院,001,,历史类,历史,不限,497,34737,,普通本科批,https://www.hbeutc.cn/info/1027/26192.htm,https://www.hbeutc.cn/info/1027/26192.htm,,school_verified
2460,湖北工程学院新技术学院,002,,物理类,物理,化学,485,156846,,普通本科批,https://www.hbeutc.cn/info/1027/26192.htm,https://www.hbeutc.cn/info/1027/26192.htm,,school_verified
2460,湖北工程学院新技术学院,001,,物理类,物理,不限,481,163033,,普通本科批,https://www.hbeutc.cn/info/1027/26192.htm,https://www.hbeutc.cn/info/1027/26192.htm,,school_verified
2461,湖北恩施学院,001,,物理类,物理,化学,502,131573,,普通本科批,https://zs.hbesxy.edu.cn/info/1029/5211.htm,https://zs.hbesxy.edu.cn/info/1029/5211.htm,,school_verified
2462,武汉传媒学院,001,,历史类,历史,不限,477,44738,,普通本科批,http://zsw.whmc.edu.cn/info/1018/4691.htm,http://zsw.whmc.edu.cn/info/1018/4691.htm,,school_verified
2463,湖南第一师范学院,001,,物理类,物理,化学,535,87599,,普通本科批,http://zhaosheng.hnfnu.edu.cn/info/1201/6091.htm,http://zhaosheng.hnfnu.edu.cn/info/1201/6091.htm,,school_verified
2468,湖南农业大学东方科技学院,001,,历史类,历史,不限,491,37680,,普通本科批,https://zhxy.hunau.edu.cn/zsjy/zsw/,https://zhxy.hunau.edu.cn/zsjy/zsw/,,school_verified
2468,湖南农业大学东方科技学院,001,,物理类,物理,化学,481,161857,,普通本科批,https://zhxy.hunau.edu.cn/zsjy/zsw/,https://zhxy.hunau.edu.cn/zsjy/zsw/,,school_verified
2470,湖南科技大学潇湘学院,001,,历史类,历史,不限,500,33376,,普通本科批,http://xxzs.hnust.cn/zszx/7e2cecaa26ff4610927a4355d8c58523.htm,http://xxzs.hnust.cn/zszx/7e2cecaa26ff4610927a4355d8c58523.htm,,school_verified
2470,湖南科技大学潇湘学院,001,,物理类,物理,化学,486,155712,,普通本科批,http://xxzs.hnust.cn/zszx/7e2cecaa26ff4610927a4355d8c58523.htm,http://xxzs.hnust.cn/zszx/7e2cecaa26ff4610927a4355d8c58523.htm,,school_verified
2474,常德学院,001,,历史类,历史,不限,487,39456,,普通本科批,https://www.changdecollege.cn/zsjy/zsw/zszc1.htm,https://www.changdecollege.cn/zsjy/zsw/zszc1.htm,,school_verified
2474,常德学院,001,,物理类,物理,化学,465,185353,,普通本科批,https://www.changdecollege.cn/zsjy/zsw/zszc1.htm,https://www.changdecollege.cn/zsjy/zsw/zszc1.htm,,school_verified
2475,岳阳学院,002,,历史类,历史,思想政治,497,34829,,普通本科批,https://zsw.yyu.edu.cn/p66/zszx/20250608/16132.html,https://zsw.yyu.edu.cn/p66/zszx/20250608/16132.html,,school_verified
2475,岳阳学院,002,,物理类,物理,化学,484,157414,,普通本科批,https://zsw.yyu.edu.cn/p66/zszx/20250608/16132.html,https://zsw.yyu.edu.cn/p66/zszx/20250608/16132.html,,school_verified
2475,岳阳学院,001,,历史类,历史,不限,477,44502,,普通本科批,https://zsw.yyu.edu.cn/p66/zszx/20250608/16132.html,https://zsw.yyu.edu.cn/p66/zszx/20250608/16132.html,,school_verified
2475,岳阳学院,003,,物理类,物理,化学,471,177561,,普通本科批,https://zsw.yyu.edu.cn/p66/zszx/20250608/16132.html,https://zsw.yyu.edu.cn/p66/zszx/20250608/16132.html,,school_verified
2475,岳阳学院,001,,物理类,物理,不限,464,186519,,普通本科批,https://zsw.yyu.edu.cn/p66/zszx/20250608/16132.html,https://zsw.yyu.edu.cn/p66/zszx/20250608/16132.html,,school_verified
2477,湖南工程学院应用技术学院,001,,历史类,历史,不限,496,35095,,普通本科批,https://hnieyy.hnie.edu.cn/info/1047/8416.htm,https://hnieyy.hnie.edu.cn/info/1047/8416.htm,,school_verified
2479,衡阳师范学院南岳学院,002,,历史类,历史,地理,515,26535,,普通本科批,http://nyzsjy.hynu.edu.cn/show.asp?typeid=2&sortid=99&id=7343,http://nyzsjy.hynu.edu.cn/show.asp?typeid=2&sortid=99&id=7343,,school_verified
2479,衡阳师范学院南岳学院,001,,历史类,历史,不限,495,35598,,普通本科批,http://nyzsjy.hynu.edu.cn/show.asp?typeid=2&sortid=99&id=7343,http://nyzsjy.hynu.edu.cn/show.asp?typeid=2&sortid=99&id=7343,,school_verified
2479,衡阳师范学院南岳学院,001,,物理类,物理,化学,488,152240,,普通本科批,http://nyzsjy.hynu.edu.cn/show.asp?typeid=2&sortid=99&id=7343,http://nyzsjy.hynu.edu.cn/show.asp?typeid=2&sortid=99&id=7343,,school_verified
2482,电子科技大学中山学院,001,,物理类,物理,化学,492,146784,,普通本科批,http://zsb.zsc.edu.cn/zx/zskx/1iplfs2tqoj8p.shtml,http://zsb.zsc.edu.cn/zx/zskx/1iplfs2tqoj8p.shtml,,school_verified
2482,电子科技大学中山学院,004,,物理类,物理,化学,487,153326,,普通本科批,http://zsb.zsc.edu.cn/zx/zskx/1iplfs2tqoj8p.shtml,http://zsb.zsc.edu.cn/zx/zskx/1iplfs2tqoj8p.shtml,,school_verified
2482,电子科技大学中山学院,002,,物理类,物理,化学,485,156889,,普通本科批,http://zsb.zsc.edu.cn/zx/zskx/1iplfs2tqoj8p.shtml,http://zsb.zsc.edu.cn/zx/zskx/1iplfs2tqoj8p.shtml,,school_verified
2482,电子科技大学中山学院,003,,物理类,物理,化学,472,174814,,普通本科批,http://zsb.zsc.edu.cn/zx/zskx/1iplfs2tqoj8p.shtml,http://zsb.zsc.edu.cn/zx/zskx/1iplfs2tqoj8p.shtml,,school_verified
2487,新疆理工学院,001,,历史类,历史,不限,499,33690,,普通本科批,https://zs.xjit.edu.cn/27688/,https://zs.xjit.edu.cn/27688/,,school_verified
2487,新疆理工学院,002,,物理类,物理,化学,487,153413,,普通本科批,https://zs.xjit.edu.cn/27688/,https://zs.xjit.edu.cn/27688/,,school_verified
2487,新疆理工学院,001,,物理类,物理,不限,487,152867,,普通本科批,https://zs.xjit.edu.cn/27688/,https://zs.xjit.edu.cn/27688/,,school_verified
2489,新疆科技学院,003,,历史类,历史,思想政治,503,31833,,普通本科批,https://www.xjust.edu.cn/cms/kjxy/document/show/31003,https://www.xjust.edu.cn/cms/kjxy/document/show/31003,,school_verified
2489,新疆科技学院,002,,历史类,历史,生物,500,33185,,普通本科批,https://www.xjust.edu.cn/cms/kjxy/document/show/31003,https://www.xjust.edu.cn/cms/kjxy/document/show/31003,,school_verified
2489,新疆科技学院,001,,历史类,历史,不限,500,32983,,普通本科批,https://www.xjust.edu.cn/cms/kjxy/document/show/31003,https://www.xjust.edu.cn/cms/kjxy/document/show/31003,,school_verified
2489,新疆科技学院,005,,物理类,物理,生物,489,151089,,普通本科批,https://www.xjust.edu.cn/cms/kjxy/document/show/31003,https://www.xjust.edu.cn/cms/kjxy/document/show/31003,,school_verified
2489,新疆科技学院,002,,物理类,物理,不限,487,153839,,普通本科批,https://www.xjust.edu.cn/cms/kjxy/document/show/31003,https://www.xjust.edu.cn/cms/kjxy/document/show/31003,,school_verified
2489,新疆科技学院,001,,物理类,物理,不限,486,154304,,普通本科批,https://www.xjust.edu.cn/cms/kjxy/document/show/31003,https://www.xjust.edu.cn/cms/kjxy/document/show/31003,,school_verified
2489,新疆科技学院,003,,物理类,物理,化学,485,156530,,普通本科批,https://www.xjust.edu.cn/cms/kjxy/document/show/31003,https://www.xjust.edu.cn/cms/kjxy/document/show/31003,,school_verified
2489,新疆科技学院,004,,物理类,物理,化学、生物(2科必选),484,157526,,普通本科批,https://www.xjust.edu.cn/cms/kjxy/document/show/31003,https://www.xjust.edu.cn/cms/kjxy/document/show/31003,,school_verified
2490,新疆第二医学院,001,,历史类,历史,生物、思想政治(2科必选),494,35923,,普通本科批,https://www.xjsmc.edu.cn/info/1053/3703.htm,https://www.xjsmc.edu.cn/info/1053/3703.htm,,school_verified
2490,新疆第二医学院,002,,物理类,物理,化学、生物(2科必选),492,146588,,普通本科批,https://www.xjsmc.edu.cn/info/1053/3703.htm,https://www.xjsmc.edu.cn/info/1053/3703.htm,,school_verified
2490,新疆第二医学院,001,,物理类,物理,化学,489,150528,,普通本科批,https://www.xjsmc.edu.cn/info/1053/3703.htm,https://www.xjsmc.edu.cn/info/1053/3703.htm,,school_verified
2491,成都大学,006,,物理类,物理,化学、生物(2科必选),582,39673,,普通本科批,https://zhaosheng.cdu.edu.cn/info/1323/5028.htm,https://zhaosheng.cdu.edu.cn/info/1323/5028.htm,,school_verified
2491,成都大学,004,,物理类,物理,化学,563,56097,,普通本科批,https://zhaosheng.cdu.edu.cn/info/1323/5028.htm,https://zhaosheng.cdu.edu.cn/info/1323/5028.htm,,school_verified
2491,成都大学,005,,历史类,历史,思想政治,559,11363,,普通本科批,https://zhaosheng.cdu.edu.cn/info/1323/5028.htm,https://zhaosheng.cdu.edu.cn/info/1323/5028.htm,,school_verified
2491,成都大学,003,,历史类,历史,不限,558,11581,,普通本科批,https://zhaosheng.cdu.edu.cn/info/1323/5028.htm,https://zhaosheng.cdu.edu.cn/info/1323/5028.htm,,school_verified
2491,成都大学,001,,历史类,历史,不限,556,12166,,普通本科批,https://zhaosheng.cdu.edu.cn/info/1323/5028.htm,https://zhaosheng.cdu.edu.cn/info/1323/5028.htm,,school_verified
2491,成都大学,007,,物理类,物理,思想政治,552,67649,,普通本科批,https://zhaosheng.cdu.edu.cn/info/1323/5028.htm,https://zhaosheng.cdu.edu.cn/info/1323/5028.htm,,school_verified
2491,成都大学,001,,物理类,物理,不限,550,69837,,普通本科批,https://zhaosheng.cdu.edu.cn/info/1323/5028.htm,https://zhaosheng.cdu.edu.cn/info/1323/5028.htm,,school_verified
2491,成都大学,003,,物理类,物理,不限,546,74492,,普通本科批,https://zhaosheng.cdu.edu.cn/info/1323/5028.htm,https://zhaosheng.cdu.edu.cn/info/1323/5028.htm,,school_verified
2491,成都大学,004,,历史类,历史,化学,517,25497,,普通本科批,https://zhaosheng.cdu.edu.cn/info/1323/5028.htm,https://zhaosheng.cdu.edu.cn/info/1323/5028.htm,,school_verified
2493,成都理工大学工程技术学院,001,,历史类,历史,不限,494,36317,,普通本科批,https://zsb.cdutetc.cn/c/af38f54d-4839-4371-a8fe-387a23034421.html,https://zsb.cdutetc.cn/c/af38f54d-4839-4371-a8fe-387a23034421.html,,school_verified
2493,成都理工大学工程技术学院,001,,物理类,物理,化学,485,157117,,普通本科批,https://zsb.cdutetc.cn/c/af38f54d-4839-4371-a8fe-387a23034421.html,https://zsb.cdutetc.cn/c/af38f54d-4839-4371-a8fe-387a23034421.html,,school_verified
2494,四川传媒学院,002,,历史类,历史,不限,492,36890,,普通本科批,https://zb.scmc.edu.cn/2026_03/03_11/content-53778.html,https://zb.scmc.edu.cn/2026_03/03_11/content-53778.html,,school_verified
2494,四川传媒学院,001,,历史类,历史,不限,485,40360,,普通本科批,https://zb.scmc.edu.cn/2026_03/03_11/content-53778.html,https://zb.scmc.edu.cn/2026_03/03_11/content-53778.html,,school_verified
2494,四川传媒学院,002,,物理类,物理,不限,477,168218,,普通本科批,https://zb.scmc.edu.cn/2026_03/03_11/content-53778.html,https://zb.scmc.edu.cn/2026_03/03_11/content-53778.html,,school_verified
2494,四川传媒学院,001,,物理类,物理,不限,477,168255,,普通本科批,https://zb.scmc.edu.cn/2026_03/03_11/content-53778.html,https://zb.scmc.edu.cn/2026_03/03_11/content-53778.html,,school_verified
2495,成都银杏酒店管理学院,001,,历史类,历史,不限,485,40432,,普通本科批,https://zs.gingkoc.edu.cn/news-separateenrollment-sort-18.html,https://zs.gingkoc.edu.cn/news-separateenrollment-sort-18.html,,school_verified
2495,成都银杏酒店管理学院,001,,物理类,物理,不限,471,177467,,普通本科批,https://zs.gingkoc.edu.cn/news-separateenrollment-sort-18.html,https://zs.gingkoc.edu.cn/news-separateenrollment-sort-18.html,,school_verified
2495,成都银杏酒店管理学院,002,,物理类,物理,生物,469,179355,,普通本科批,https://zs.gingkoc.edu.cn/news-separateenrollment-sort-18.html,https://zs.gingkoc.edu.cn/news-separateenrollment-sort-18.html,,school_verified
2497,成都外国语学院,001,,历史类,历史,不限,491,37707,,普通本科批,https://zsb.cdisu.edu.cn/pages/regulations/,https://zsb.cdisu.edu.cn/pages/regulations/,,school_verified
2497,成都外国语学院,001,,物理类,物理,不限,478,166678,,普通本科批,https://zsb.cdisu.edu.cn/pages/regulations/,https://zsb.cdisu.edu.cn/pages/regulations/,,school_verified
2498,成都锦城学院,001,,历史类,历史,不限,495,35380,,普通本科批,https://www.cdjcc.edu.cn/info/1074/11736.htm,https://www.cdjcc.edu.cn/info/1074/11736.htm,,school_verified
2498,成都锦城学院,001,,物理类,物理,不限,484,158209,,普通本科批,https://www.cdjcc.edu.cn/info/1074/11736.htm,https://www.cdjcc.edu.cn/info/1074/11736.htm,,school_verified
2498,成都锦城学院,002,,物理类,物理,化学,482,160697,,普通本科批,https://www.cdjcc.edu.cn/info/1074/11736.htm,https://www.cdjcc.edu.cn/info/1074/11736.htm,,school_verified
2499,绵阳城市学院,001,,历史类,历史,不限,490,38219,,普通本科批,https://zs.mycc.edu.cn/info/1003/2450.htm,https://zs.mycc.edu.cn/info/1003/2450.htm,,school_verified
2499,绵阳城市学院,002,,物理类,物理,化学,485,155921,,普通本科批,https://zs.mycc.edu.cn/info/1003/2450.htm,https://zs.mycc.edu.cn/info/1003/2450.htm,,school_verified
2499,绵阳城市学院,001,,物理类,物理,不限,478,166793,,普通本科批,https://zs.mycc.edu.cn/info/1003/2450.htm,https://zs.mycc.edu.cn/info/1003/2450.htm,,school_verified
2500,四川文化艺术学院,001,,历史类,历史,不限,487,39461,,普通本科批,https://www.sca.edu.cn/p/36/,https://www.sca.edu.cn/p/36/,,school_verified
2500,四川文化艺术学院,002,,物理类,物理,不限,481,162801,,普通本科批,https://www.sca.edu.cn/p/36/,https://www.sca.edu.cn/p/36/,,school_verified
2500,四川文化艺术学院,001,,物理类,物理,不限,476,169103,,普通本科批,https://www.sca.edu.cn/p/36/,https://www.sca.edu.cn/p/36/,,school_verified
2500,四川文化艺术学院,003,,物理类,物理,化学,473,174277,,普通本科批,https://www.sca.edu.cn/p/36/,https://www.sca.edu.cn/p/36/,,school_verified
2501,四川大学锦江学院,002,,历史类,历史,思想政治,535,18631,,普通本科批,https://www.scujj.edu.cn/,https://www.scujj.edu.cn/,,school_verified
2501,四川大学锦江学院,001,,历史类,历史,不限,493,36798,,普通本科批,https://www.scujj.edu.cn/,https://www.scujj.edu.cn/,,school_verified
2501,四川大学锦江学院,002,,物理类,物理,化学,483,160039,,普通本科批,https://www.scujj.edu.cn/,https://www.scujj.edu.cn/,,school_verified
2501,四川大学锦江学院,001,,物理类,物理,不限,481,162137,,普通本科批,https://www.scujj.edu.cn/,https://www.scujj.edu.cn/,,school_verified
2501,四川大学锦江学院,003,,物理类,物理,思想政治,477,168244,,普通本科批,https://www.scujj.edu.cn/,https://www.scujj.edu.cn/,,school_verified
2502,西南财经大学天府学院,002,,历史类,历史,不限,498,33995,,普通本科批,https://zs.tfswufe.edu.cn/index/gzdz/zsjz.htm,https://zs.tfswufe.edu.cn/index/gzdz/zsjz.htm,,school_verified
2502,西南财经大学天府学院,001,,历史类,历史,不限,493,36603,,普通本科批,https://zs.tfswufe.edu.cn/index/gzdz/zsjz.htm,https://zs.tfswufe.edu.cn/index/gzdz/zsjz.htm,,school_verified
2502,西南财经大学天府学院,003,,历史类,历史,不限,492,36847,,普通本科批,https://zs.tfswufe.edu.cn/index/gzdz/zsjz.htm,https://zs.tfswufe.edu.cn/index/gzdz/zsjz.htm,,school_verified
2502,西南财经大学天府学院,002,,物理类,物理,不限,486,154367,,普通本科批,https://zs.tfswufe.edu.cn/index/gzdz/zsjz.htm,https://zs.tfswufe.edu.cn/index/gzdz/zsjz.htm,,school_verified
2502,西南财经大学天府学院,004,,历史类,历史,化学,485,40482,,普通本科批,https://zs.tfswufe.edu.cn/index/gzdz/zsjz.htm,https://zs.tfswufe.edu.cn/index/gzdz/zsjz.htm,,school_verified
2502,西南财经大学天府学院,001,,物理类,物理,不限,484,158214,,普通本科批,https://zs.tfswufe.edu.cn/index/gzdz/zsjz.htm,https://zs.tfswufe.edu.cn/index/gzdz/zsjz.htm,,school_verified
2502,西南财经大学天府学院,006,,物理类,物理,化学,483,160134,,普通本科批,https://zs.tfswufe.edu.cn/index/gzdz/zsjz.htm,https://zs.tfswufe.edu.cn/index/gzdz/zsjz.htm,,school_verified
2502,西南财经大学天府学院,005,,物理类,物理,化学,480,164073,,普通本科批,https://zs.tfswufe.edu.cn/index/gzdz/zsjz.htm,https://zs.tfswufe.edu.cn/index/gzdz/zsjz.htm,,school_verified
2502,西南财经大学天府学院,003,,物理类,物理,不限,480,163547,,普通本科批,https://zs.tfswufe.edu.cn/index/gzdz/zsjz.htm,https://zs.tfswufe.edu.cn/index/gzdz/zsjz.htm,,school_verified
2502,西南财经大学天府学院,004,,物理类,物理,不限,479,164825,,普通本科批,https://zs.tfswufe.edu.cn/index/gzdz/zsjz.htm,https://zs.tfswufe.edu.cn/index/gzdz/zsjz.htm,,school_verified
2503,西南交通大学希望学院,001,,历史类,历史,不限,493,36626,,普通本科批,http://swjtuhc.university-hr.cn/showarticle_zs.php?actiontype=1&id=600,http://swjtuhc.university-hr.cn/showarticle_zs.php?actiontype=1&id=600,,school_verified
2503,西南交通大学希望学院,001,,物理类,物理,不限,485,156713,,普通本科批,http://swjtuhc.university-hr.cn/showarticle_zs.php?actiontype=1&id=600,http://swjtuhc.university-hr.cn/showarticle_zs.php?actiontype=1&id=600,,school_verified
2503,西南交通大学希望学院,002,,物理类,物理,化学,481,162833,,普通本科批,http://swjtuhc.university-hr.cn/showarticle_zs.php?actiontype=1&id=600,http://swjtuhc.university-hr.cn/showarticle_zs.php?actiontype=1&id=600,,school_verified
2513,泰山科技学院,001,,历史类,历史,不限,477,44666,,普通本科批,https://www.tskjxy.edu.cn/info/1215/16330.htm,https://www.tskjxy.edu.cn/info/1215/16330.htm,,school_verified
2513,泰山科技学院,001,,物理类,物理,不限,468,181458,,普通本科批,https://www.tskjxy.edu.cn/info/1215/16330.htm,https://www.tskjxy.edu.cn/info/1215/16330.htm,,school_verified
2513,泰山科技学院,002,,物理类,物理,化学,461,190232,,普通本科批,https://www.tskjxy.edu.cn/info/1215/16330.htm,https://www.tskjxy.edu.cn/info/1215/16330.htm,,school_verified
2514,青岛工学院,001,,历史类,历史,不限,484,40768,,普通本科批,https://zhaosheng.qit.edu.cn/info/1043/2912.htm,https://zhaosheng.qit.edu.cn/info/1043/2912.htm,,school_verified
2514,青岛工学院,002,,物理类,物理,化学,477,168739,,普通本科批,https://zhaosheng.qit.edu.cn/info/1043/2912.htm,https://zhaosheng.qit.edu.cn/info/1043/2912.htm,,school_verified
2514,青岛工学院,001,,物理类,物理,不限,462,188682,,普通本科批,https://zhaosheng.qit.edu.cn/info/1043/2912.htm,https://zhaosheng.qit.edu.cn/info/1043/2912.htm,,school_verified
2517,齐鲁理工学院,001,,历史类,历史,不限,484,41015,,普通本科批,https://www.qlit.edu.cn/,https://www.qlit.edu.cn/,,school_verified
2517,齐鲁理工学院,001,,物理类,物理,不限,475,171091,,普通本科批,https://www.qlit.edu.cn/,https://www.qlit.edu.cn/,,school_verified
2517,齐鲁理工学院,003,,物理类,物理,生物,469,180434,,普通本科批,https://www.qlit.edu.cn/,https://www.qlit.edu.cn/,,school_verified
2517,齐鲁理工学院,002,,物理类,物理,化学,469,180114,,普通本科批,https://www.qlit.edu.cn/,https://www.qlit.edu.cn/,,school_verified
2519,聊城大学东昌学院,001,,历史类,历史,不限,494,36049,,普通本科批,https://zsb.lcudcc.edu.cn/info/1219/2835.htm,https://zsb.lcudcc.edu.cn/info/1219/2835.htm,,school_verified
2519,聊城大学东昌学院,002,,物理类,物理,不限,484,158201,,普通本科批,https://zsb.lcudcc.edu.cn/info/1219/2835.htm,https://zsb.lcudcc.edu.cn/info/1219/2835.htm,,school_verified
2519,聊城大学东昌学院,001,,物理类,物理,不限,481,162568,,普通本科批,https://zsb.lcudcc.edu.cn/info/1219/2835.htm,https://zsb.lcudcc.edu.cn/info/1219/2835.htm,,school_verified
2519,聊城大学东昌学院,003,,物理类,物理,化学,479,165645,,普通本科批,https://zsb.lcudcc.edu.cn/info/1219/2835.htm,https://zsb.lcudcc.edu.cn/info/1219/2835.htm,,school_verified
2521,文山学院,001,,历史类,历史,不限,504,31461,,普通本科批,https://www.wsu.edu.cn/wj/zhangcheng.pdf,https://www.wsu.edu.cn/wj/zhangcheng.pdf,,school_verified
2523,滇池学院,001,,历史类,历史,不限,492,36865,,普通本科批,https://ynudcczs.bysjy.com.cn/module/news_info.html?article_id=27903&,https://ynudcczs.bysjy.com.cn/module/news_info.html?article_id=27903&,,school_verified
2523,滇池学院,002,,物理类,物理,化学,482,161564,,普通本科批,https://ynudcczs.bysjy.com.cn/module/news_info.html?article_id=27903&,https://ynudcczs.bysjy.com.cn/module/news_info.html?article_id=27903&,,school_verified
2523,滇池学院,001,,物理类,物理,不限,475,171342,,普通本科批,https://ynudcczs.bysjy.com.cn/module/news_info.html?article_id=27903&,https://ynudcczs.bysjy.com.cn/module/news_info.html?article_id=27903&,,school_verified
2524,丽江文化旅游学院,001,,历史类,历史,不限,477,44685,,普通本科批,https://www.ljwhlyxy.edu.cn/news-15508.html,https://www.ljwhlyxy.edu.cn/news-15508.html,,school_verified
2524,丽江文化旅游学院,001,,物理类,物理,不限,465,184812,,普通本科批,https://www.ljwhlyxy.edu.cn/news-15508.html,https://www.ljwhlyxy.edu.cn/news-15508.html,,school_verified
2524,丽江文化旅游学院,002,,物理类,物理,化学,461,191189,,普通本科批,https://www.ljwhlyxy.edu.cn/news-15508.html,https://www.ljwhlyxy.edu.cn/news-15508.html,,school_verified
2526,昆明理工大学津桥学院,001,,历史类,历史,不限,486,39764,,普通本科批,https://zsb.oxbridge.edu.cn/Subject/ZSZC2/Article/7850F841-1208-2433-21AB-885DCDF9282C.html,https://zsb.oxbridge.edu.cn/Subject/ZSZC2/Article/7850F841-1208-2433-21AB-885DCDF9282C.html,,school_verified
2526,昆明理工大学津桥学院,001,,物理类,物理,不限,475,171074,,普通本科批,https://zsb.oxbridge.edu.cn/Subject/ZSZC2/Article/7850F841-1208-2433-21AB-885DCDF9282C.html,https://zsb.oxbridge.edu.cn/Subject/ZSZC2/Article/7850F841-1208-2433-21AB-885DCDF9282C.html,,school_verified
2526,昆明理工大学津桥学院,002,,物理类,物理,化学,469,179330,,普通本科批,https://zsb.oxbridge.edu.cn/Subject/ZSZC2/Article/7850F841-1208-2433-21AB-885DCDF9282C.html,https://zsb.oxbridge.edu.cn/Subject/ZSZC2/Article/7850F841-1208-2433-21AB-885DCDF9282C.html,,school_verified
2531,哈尔滨华德学院,001,,历史类,历史,不限,471,47775,,普通本科批,https://zs.hhdu.edu.cn/zsjz/2025/#p=1,https://zs.hhdu.edu.cn/zsjz/2025/#p=1,,school_verified
2531,哈尔滨华德学院,001,,物理类,物理,化学,463,187792,,普通本科批,https://zs.hhdu.edu.cn/zsjz/2025/#p=1,https://zs.hhdu.edu.cn/zsjz/2025/#p=1,,school_verified
2533,哈尔滨剑桥学院,001,,物理类,物理,化学,461,191073,,普通本科批,https://zsxx.hcc.edu.cn/2025/0609/c76a39898/page.htm,https://zsxx.hcc.edu.cn/2025/0609/c76a39898/page.htm,,school_verified
2534,哈尔滨广厦学院,001,,历史类,历史,不限,477,44563,,普通本科批,https://zsw.gsxy.cn//zszc/B0007index_1.htm,https://zsw.gsxy.cn//zszc/B0007index_1.htm,,school_verified
2534,哈尔滨广厦学院,002,,物理类,物理,化学,465,185024,,普通本科批,https://zsw.gsxy.cn//zszc/B0007index_1.htm,https://zsw.gsxy.cn//zszc/B0007index_1.htm,,school_verified
2534,哈尔滨广厦学院,001,,物理类,物理,不限,461,190453,,普通本科批,https://zsw.gsxy.cn//zszc/B0007index_1.htm,https://zsw.gsxy.cn//zszc/B0007index_1.htm,,school_verified
2535,哈尔滨石油学院,001,,历史类,历史,不限,477,44419,,普通本科批,https://www.hip.edu.cn/zsxxw/zszc.htm,https://www.hip.edu.cn/zsxxw/zszc.htm,,school_verified
2535,哈尔滨石油学院,002,,物理类,物理,化学,461,191067,,普通本科批,https://www.hip.edu.cn/zsxxw/zszc.htm,https://www.hip.edu.cn/zsxxw/zszc.htm,,school_verified
2535,哈尔滨石油学院,001,,物理类,物理,不限,461,191382,,普通本科批,https://www.hip.edu.cn/zsxxw/zszc.htm,https://www.hip.edu.cn/zsxxw/zszc.htm,,school_verified
2536,黑龙江工程学院昆仑旅游学院,001,,历史类,历史,不限,477,44594,,普通本科批,https://zs.hljkltc.edu.cn/info/1004/3451.htm,https://zs.hljkltc.edu.cn/info/1004/3451.htm,,school_verified
2536,黑龙江工程学院昆仑旅游学院,002,,物理类,物理,化学,467,182347,,普通本科批,https://zs.hljkltc.edu.cn/info/1004/3451.htm,https://zs.hljkltc.edu.cn/info/1004/3451.htm,,school_verified
2536,黑龙江工程学院昆仑旅游学院,001,,物理类,物理,不限,461,190533,,普通本科批,https://zs.hljkltc.edu.cn/info/1004/3451.htm,https://zs.hljkltc.edu.cn/info/1004/3451.htm,,school_verified
2537,黑龙江财经学院,002,,历史类,历史,不限,477,44434,,普通本科批,https://www.hfu.edu.cn/2025/0606/c698a45438/page.htm,https://www.hfu.edu.cn/2025/0606/c698a45438/page.htm,,school_verified
2537,黑龙江财经学院,001,,历史类,历史,不限,477,44679,,普通本科批,https://www.hfu.edu.cn/2025/0606/c698a45438/page.htm,https://www.hfu.edu.cn/2025/0606/c698a45438/page.htm,,school_verified
2537,黑龙江财经学院,003,,物理类,物理,化学,463,188290,,普通本科批,https://www.hfu.edu.cn/2025/0606/c698a45438/page.htm,https://www.hfu.edu.cn/2025/0606/c698a45438/page.htm,,school_verified
2537,黑龙江财经学院,002,,物理类,物理,不限,461,191038,,普通本科批,https://www.hfu.edu.cn/2025/0606/c698a45438/page.htm,https://www.hfu.edu.cn/2025/0606/c698a45438/page.htm,,school_verified
2541,南京理工大学紫金学院,001,,历史类,历史,不限,516,26245,,普通本科批,https://zj.njust.edu.cn/,https://zj.njust.edu.cn/,,school_verified
2541,南京理工大学紫金学院,001,,物理类,物理,不限,511,118893,,普通本科批,https://zj.njust.edu.cn/,https://zj.njust.edu.cn/,,school_verified
2541,南京理工大学紫金学院,002,,物理类,物理,化学,509,121135,,普通本科批,https://zj.njust.edu.cn/,https://zj.njust.edu.cn/,,school_verified
2542,南京航空航天大学金城学院,002,,历史类,历史,思想政治,499,33550,,普通本科批,https://nhjcxy.edu.cn/,https://nhjcxy.edu.cn/,,school_verified
2542,南京航空航天大学金城学院,001,,历史类,历史,不限,498,34261,,普通本科批,https://nhjcxy.edu.cn/,https://nhjcxy.edu.cn/,,school_verified
2542,南京航空航天大学金城学院,003,,物理类,物理,化学,492,146242,,普通本科批,https://nhjcxy.edu.cn/,https://nhjcxy.edu.cn/,,school_verified
2542,南京航空航天大学金城学院,004,,物理类,物理,思想政治,490,149519,,普通本科批,https://nhjcxy.edu.cn/,https://nhjcxy.edu.cn/,,school_verified
2542,南京航空航天大学金城学院,002,,物理类,物理,不限,487,153242,,普通本科批,https://nhjcxy.edu.cn/,https://nhjcxy.edu.cn/,,school_verified
2543,南京传媒学院,002,,物理类,物理,化学,499,135616,,普通本科批,https://www.cucn.edu.cn,https://www.cucn.edu.cn,,school_verified
2543,南京传媒学院,001,,历史类,历史,不限,494,35905,,普通本科批,https://www.cucn.edu.cn,https://www.cucn.edu.cn,,school_verified
2543,南京传媒学院,001,,物理类,物理,不限,476,170104,,普通本科批,https://www.cucn.edu.cn,https://www.cucn.edu.cn,,school_verified
2544,南京工业大学浦江学院,001,,历史类,历史,不限,502,32268,,普通本科批,https://zs.njpji.edu.cn/cmscontent/342.html,https://zs.njpji.edu.cn/cmscontent/342.html,,school_verified
2544,南京工业大学浦江学院,002,,物理类,物理,化学,501,132821,,普通本科批,https://zs.njpji.edu.cn/cmscontent/342.html,https://zs.njpji.edu.cn/cmscontent/342.html,,school_verified
2544,南京工业大学浦江学院,002,,历史类,历史,不限,497,34783,,普通本科批,https://zs.njpji.edu.cn/cmscontent/342.html,https://zs.njpji.edu.cn/cmscontent/342.html,,school_verified
2544,南京工业大学浦江学院,003,,物理类,物理,化学,494,143133,,普通本科批,https://zs.njpji.edu.cn/cmscontent/342.html,https://zs.njpji.edu.cn/cmscontent/342.html,,school_verified
2544,南京工业大学浦江学院,001,,物理类,物理,不限,486,154401,,普通本科批,https://zs.njpji.edu.cn/cmscontent/342.html,https://zs.njpji.edu.cn/cmscontent/342.html,,school_verified
2544,南京工业大学浦江学院,004,,物理类,物理,化学,485,156780,,普通本科批,https://zs.njpji.edu.cn/cmscontent/342.html,https://zs.njpji.edu.cn/cmscontent/342.html,,school_verified
2545,南京师范大学中北学院,001,,历史类,历史,不限,499,33705,,普通本科批,http://zs.nnudy.edu.cn/c106/20260107/i44613.html,http://zs.nnudy.edu.cn/c106/20260107/i44613.html,,school_verified
2545,南京师范大学中北学院,002,,物理类,物理,化学,485,155822,,普通本科批,http://zs.nnudy.edu.cn/c106/20260107/i44613.html,http://zs.nnudy.edu.cn/c106/20260107/i44613.html,,school_verified
2545,南京师范大学中北学院,001,,物理类,物理,不限,485,155853,,普通本科批,http://zs.nnudy.edu.cn/c106/20260107/i44613.html,http://zs.nnudy.edu.cn/c106/20260107/i44613.html,,school_verified
2546,南京医科大学康达学院,001,,物理类,物理,不限,527,96845,,普通本科批,https://kdzs.njmu.edu.cn/2025/0522/c18066a285546/page.htm,https://kdzs.njmu.edu.cn/2025/0522/c18066a285546/page.htm,,school_verified
2546,南京医科大学康达学院,001,,历史类,历史,生物,496,35222,,普通本科批,https://kdzs.njmu.edu.cn/2025/0522/c18066a285546/page.htm,https://kdzs.njmu.edu.cn/2025/0522/c18066a285546/page.htm,,school_verified
2546,南京医科大学康达学院,003,,物理类,物理,生物,494,142662,,普通本科批,https://kdzs.njmu.edu.cn/2025/0522/c18066a285546/page.htm,https://kdzs.njmu.edu.cn/2025/0522/c18066a285546/page.htm,,school_verified
2546,南京医科大学康达学院,002,,物理类,物理,化学,489,150203,,普通本科批,https://kdzs.njmu.edu.cn/2025/0522/c18066a285546/page.htm,https://kdzs.njmu.edu.cn/2025/0522/c18066a285546/page.htm,,school_verified
2548,苏州城市学院,001,,历史类,历史,不限,553,12997,,普通本科批,https://zs.szcu.edu.cn/2026/0107/c169a84443/page.htm,https://zs.szcu.edu.cn/2026/0107/c169a84443/page.htm,,school_verified
2548,苏州城市学院,001,,物理类,物理,化学,549,71417,,普通本科批,https://zs.szcu.edu.cn/2026/0107/c169a84443/page.htm,https://zs.szcu.edu.cn/2026/0107/c169a84443/page.htm,,school_verified
2549,苏州大学应用技术学院,001,,物理类,物理,化学,505,127682,,普通本科批,https://tec.suda.edu.cn/zs/info/1105/4908.htm,https://tec.suda.edu.cn/zs/info/1105/4908.htm,,school_verified
2549,苏州大学应用技术学院,001,,历史类,历史,不限,497,34565,,普通本科批,https://tec.suda.edu.cn/zs/info/1105/4908.htm,https://tec.suda.edu.cn/zs/info/1105/4908.htm,,school_verified
2550,苏州科技大学天平学院,001,,历史类,历史,不限,499,33772,,普通本科批,https://tpxy.usts.edu.cn/,https://tpxy.usts.edu.cn/,,school_verified
2550,苏州科技大学天平学院,001,,物理类,物理,化学,483,159437,,普通本科批,https://tpxy.usts.edu.cn/,https://tpxy.usts.edu.cn/,,school_verified
2551,扬州大学广陵学院,001,,历史类,历史,不限,499,33499,,普通本科批,https://glxy.yzu.edu.cn/,https://glxy.yzu.edu.cn/,,school_verified
2551,扬州大学广陵学院,001,,物理类,物理,化学,490,149366,,普通本科批,https://glxy.yzu.edu.cn/,https://glxy.yzu.edu.cn/,,school_verified
2551,扬州大学广陵学院,002,,物理类,物理,生物,485,157231,,普通本科批,https://glxy.yzu.edu.cn/,https://glxy.yzu.edu.cn/,,school_verified
2552,江苏师范大学科文学院,002,,历史类,历史,不限,499,33891,,普通本科批,http://kwxy.jsnu.edu.cn/16/cf/c10048a399055/page.htm,http://kwxy.jsnu.edu.cn/16/cf/c10048a399055/page.htm,,school_verified
2552,江苏师范大学科文学院,003,,历史类,历史,不限,498,34197,,普通本科批,http://kwxy.jsnu.edu.cn/16/cf/c10048a399055/page.htm,http://kwxy.jsnu.edu.cn/16/cf/c10048a399055/page.htm,,school_verified
2552,江苏师范大学科文学院,001,,历史类,历史,不限,497,34634,,普通本科批,http://kwxy.jsnu.edu.cn/16/cf/c10048a399055/page.htm,http://kwxy.jsnu.edu.cn/16/cf/c10048a399055/page.htm,,school_verified
2552,江苏师范大学科文学院,004,,历史类,历史,不限,496,35315,,普通本科批,http://kwxy.jsnu.edu.cn/16/cf/c10048a399055/page.htm,http://kwxy.jsnu.edu.cn/16/cf/c10048a399055/page.htm,,school_verified
2552,江苏师范大学科文学院,007,,物理类,物理,化学,489,150449,,普通本科批,http://kwxy.jsnu.edu.cn/16/cf/c10048a399055/page.htm,http://kwxy.jsnu.edu.cn/16/cf/c10048a399055/page.htm,,school_verified
2552,江苏师范大学科文学院,006,,物理类,物理,化学,489,150658,,普通本科批,http://kwxy.jsnu.edu.cn/16/cf/c10048a399055/page.htm,http://kwxy.jsnu.edu.cn/16/cf/c10048a399055/page.htm,,school_verified
2552,江苏师范大学科文学院,003,,物理类,物理,不限,489,151048,,普通本科批,http://kwxy.jsnu.edu.cn/16/cf/c10048a399055/page.htm,http://kwxy.jsnu.edu.cn/16/cf/c10048a399055/page.htm,,school_verified
2552,江苏师范大学科文学院,005,,物理类,物理,不限,486,154658,,普通本科批,http://kwxy.jsnu.edu.cn/16/cf/c10048a399055/page.htm,http://kwxy.jsnu.edu.cn/16/cf/c10048a399055/page.htm,,school_verified
2552,江苏师范大学科文学院,001,,物理类,物理,不限,486,155269,,普通本科批,http://kwxy.jsnu.edu.cn/16/cf/c10048a399055/page.htm,http://kwxy.jsnu.edu.cn/16/cf/c10048a399055/page.htm,,school_verified
2552,江苏师范大学科文学院,002,,物理类,物理,不限,485,155930,,普通本科批,http://kwxy.jsnu.edu.cn/16/cf/c10048a399055/page.htm,http://kwxy.jsnu.edu.cn/16/cf/c10048a399055/page.htm,,school_verified
2553,南京邮电大学通达学院,003,,物理类,物理,化学,495,142221,,普通本科批,https://www.nytdc.edu.cn/20/list.htm,https://www.nytdc.edu.cn/20/list.htm,,school_verified
2553,南京邮电大学通达学院,001,,物理类,物理,不限,487,153902,,普通本科批,https://www.nytdc.edu.cn/20/list.htm,https://www.nytdc.edu.cn/20/list.htm,,school_verified
2555,南通大学杏林学院,001,,历史类,历史,不限,496,35215,,普通本科批,https://xlxy.ntu.edu.cn/2025/0522/c3084a266090/page.htm,https://xlxy.ntu.edu.cn/2025/0522/c3084a266090/page.htm,,school_verified
2555,南通大学杏林学院,001,,物理类,物理,不限,489,150790,,普通本科批,https://xlxy.ntu.edu.cn/2025/0522/c3084a266090/page.htm,https://xlxy.ntu.edu.cn/2025/0522/c3084a266090/page.htm,,school_verified
2555,南通大学杏林学院,002,,物理类,物理,化学,482,160358,,普通本科批,https://xlxy.ntu.edu.cn/2025/0522/c3084a266090/page.htm,https://xlxy.ntu.edu.cn/2025/0522/c3084a266090/page.htm,,school_verified
2562,西安明德理工学院,001,,历史类,历史,不限,477,44308,,普通本科批,https://zsw.mdit.edu.cn/info/1008/1077.htm,https://zsw.mdit.edu.cn/info/1008/1077.htm,,school_verified
2562,西安明德理工学院,001,,物理类,物理,不限,472,174720,,普通本科批,https://zsw.mdit.edu.cn/info/1008/1077.htm,https://zsw.mdit.edu.cn/info/1008/1077.htm,,school_verified
2562,西安明德理工学院,002,,物理类,物理,化学,468,181412,,普通本科批,https://zsw.mdit.edu.cn/info/1008/1077.htm,https://zsw.mdit.edu.cn/info/1008/1077.htm,,school_verified
2563,西安科技大学高新学院,001,,历史类,历史,不限,479,43513,,普通本科批,https://www.gxxyzs.com/index.php?c=category&id=66,https://www.gxxyzs.com/index.php?c=category&id=66,,school_verified
2563,西安科技大学高新学院,001,,物理类,物理,不限,463,187580,,普通本科批,https://www.gxxyzs.com/index.php?c=category&id=66,https://www.gxxyzs.com/index.php?c=category&id=66,,school_verified
2563,西安科技大学高新学院,003,,物理类,物理,化学,462,189447,,普通本科批,https://www.gxxyzs.com/index.php?c=category&id=66,https://www.gxxyzs.com/index.php?c=category&id=66,,school_verified
2563,西安科技大学高新学院,002,,物理类,物理,化学,462,188991,,普通本科批,https://www.gxxyzs.com/index.php?c=category&id=66,https://www.gxxyzs.com/index.php?c=category&id=66,,school_verified
2566,兴义民族师范学院,001,,历史类,历史,不限,505,30812,,普通本科批,http://zsjy.xynun.edu.cn/info/1041/3131.htm,http://zsjy.xynun.edu.cn/info/1041/3131.htm,,school_verified
2566,兴义民族师范学院,002,,历史类,历史,思想政治,503,31630,,普通本科批,http://zsjy.xynun.edu.cn/info/1041/3131.htm,http://zsjy.xynun.edu.cn/info/1041/3131.htm,,school_verified
2566,兴义民族师范学院,002,,物理类,物理,化学,498,137461,,普通本科批,http://zsjy.xynun.edu.cn/info/1041/3131.htm,http://zsjy.xynun.edu.cn/info/1041/3131.htm,,school_verified
2566,兴义民族师范学院,001,,物理类,物理,化学,496,140924,,普通本科批,http://zsjy.xynun.edu.cn/info/1041/3131.htm,http://zsjy.xynun.edu.cn/info/1041/3131.htm,,school_verified
2571,遵义医科大学医学与科技学院,001,,物理类,物理,化学,505,126485,,普通本科批,https://zsmts.zmu.edu.cn/axzdoc/2026033055733.html,https://zsmts.zmu.edu.cn/axzdoc/2026033055733.html,,school_verified
2576,宁夏大学新华学院,002,,物理类,物理,化学,465,185015,,普通本科批,https://www.nxxhxy.com/newZSW/content?id=6001672,https://www.nxxhxy.com/newZSW/content?id=6001672,,school_verified
2576,宁夏大学新华学院,001,,物理类,物理,化学,464,186251,,普通本科批,https://www.nxxhxy.com/newZSW/content?id=6001672,https://www.nxxhxy.com/newZSW/content?id=6001672,,school_verified
2604,衢州学院,001,,历史类,历史,不限,520,24434,,普通本科批,https://zs.qzc.edu.cn/2025/0529/c133a77825/page.htm,https://zs.qzc.edu.cn/2025/0529/c133a77825/page.htm,,school_verified
2604,衢州学院,001,,物理类,物理,化学,520,106054,,普通本科批,https://zs.qzc.edu.cn/2025/0529/c133a77825/page.htm,https://zs.qzc.edu.cn/2025/0529/c133a77825/page.htm,,school_verified
2606,福建江夏学院,001,,历史类,历史,不限,527,21660,,普通本科批,https://www.fjjxu.edu.cn/xxzc_2220/list.htm,https://www.fjjxu.edu.cn/xxzc_2220/list.htm,,school_verified
2606,福建江夏学院,002,,物理类,物理,化学,516,111500,,普通本科批,https://www.fjjxu.edu.cn/xxzc_2220/list.htm,https://www.fjjxu.edu.cn/xxzc_2220/list.htm,,school_verified
2606,福建江夏学院,001,,物理类,物理,不限,506,126032,,普通本科批,https://www.fjjxu.edu.cn/xxzc_2220/list.htm,https://www.fjjxu.edu.cn/xxzc_2220/list.htm,,school_verified
2607,齐鲁师范学院,001,,物理类,物理,化学,463,188508,,普通本科批,http://zsb.qlnu.edu.cn/info/1051/8181.htm,http://zsb.qlnu.edu.cn/info/1051/8181.htm,,school_verified
2608,山东青年政治学院,001,,历史类,历史,不限,519,24730,,普通本科批,http://zsb.sdyu.edu.cn/info/1005/2497.htm,http://zsb.sdyu.edu.cn/info/1005/2497.htm,,school_verified
2608,山东青年政治学院,001,,物理类,物理,不限,499,135952,,普通本科批,http://zsb.sdyu.edu.cn/info/1005/2497.htm,http://zsb.sdyu.edu.cn/info/1005/2497.htm,,school_verified
2609,山东女子学院,007,,物理类,物理,化学,518,109394,,普通本科批,https://www.sdwu.edu.cn/xxgk/xxzc/sdnzxyzc.htm,https://www.sdwu.edu.cn/xxgk/xxzc/sdnzxyzc.htm,,school_verified
2609,山东女子学院,002,,历史类,历史,不限,517,25729,,普通本科批,https://www.sdwu.edu.cn/xxgk/xxzc/sdnzxyzc.htm,https://www.sdwu.edu.cn/xxgk/xxzc/sdnzxyzc.htm,,school_verified
2609,山东女子学院,009,,物理类,物理,化学,516,111719,,普通本科批,https://www.sdwu.edu.cn/xxgk/xxzc/sdnzxyzc.htm,https://www.sdwu.edu.cn/xxgk/xxzc/sdnzxyzc.htm,,school_verified
2609,山东女子学院,003,,物理类,物理,不限,512,117550,,普通本科批,https://www.sdwu.edu.cn/xxgk/xxzc/sdnzxyzc.htm,https://www.sdwu.edu.cn/xxgk/xxzc/sdnzxyzc.htm,,school_verified
2609,山东女子学院,010,,物理类,物理,化学,510,120244,,普通本科批,https://www.sdwu.edu.cn/xxgk/xxzc/sdnzxyzc.htm,https://www.sdwu.edu.cn/xxgk/xxzc/sdnzxyzc.htm,,school_verified
2609,山东女子学院,005,,历史类,历史,不限,508,29420,,普通本科批,https://www.sdwu.edu.cn/xxgk/xxzc/sdnzxyzc.htm,https://www.sdwu.edu.cn/xxgk/xxzc/sdnzxyzc.htm,,school_verified
2609,山东女子学院,001,,历史类,历史,不限,507,29985,,普通本科批,https://www.sdwu.edu.cn/xxgk/xxzc/sdnzxyzc.htm,https://www.sdwu.edu.cn/xxgk/xxzc/sdnzxyzc.htm,,school_verified
2609,山东女子学院,003,,历史类,历史,不限,506,30603,,普通本科批,https://www.sdwu.edu.cn/xxgk/xxzc/sdnzxyzc.htm,https://www.sdwu.edu.cn/xxgk/xxzc/sdnzxyzc.htm,,school_verified
2609,山东女子学院,004,,历史类,历史,不限,504,31498,,普通本科批,https://www.sdwu.edu.cn/xxgk/xxzc/sdnzxyzc.htm,https://www.sdwu.edu.cn/xxgk/xxzc/sdnzxyzc.htm,,school_verified
2609,山东女子学院,008,,物理类,物理,化学,501,132208,,普通本科批,https://www.sdwu.edu.cn/xxgk/xxzc/sdnzxyzc.htm,https://www.sdwu.edu.cn/xxgk/xxzc/sdnzxyzc.htm,,school_verified
2610,广东第二师范学院,001,,物理类,物理,化学,533,90029,,普通本科批,https://www.gdei.edu.cn/2023/1119/c3382a87196/page.htm,https://www.gdei.edu.cn/2023/1119/c3382a87196/page.htm,,school_verified
2610,广东第二师范学院,002,,物理类,物理,化学,524,100189,,普通本科批,https://www.gdei.edu.cn/2023/1119/c3382a87196/page.htm,https://www.gdei.edu.cn/2023/1119/c3382a87196/page.htm,,school_verified
2610,广东第二师范学院,003,,物理类,物理,化学、生物(2科必选),516,111987,,普通本科批,https://www.gdei.edu.cn/2023/1119/c3382a87196/page.htm,https://www.gdei.edu.cn/2023/1119/c3382a87196/page.htm,,school_verified
2614,北京第二外国语学院,001,,物理类,物理,不限,581,40475,,普通本科批,https://www.bisu.edu.cn/#/,https://www.bisu.edu.cn/#/,,school_verified
2614,北京第二外国语学院,001,,历史类,历史,不限,573,8031,,普通本科批,https://www.bisu.edu.cn/#/,https://www.bisu.edu.cn/#/,,school_verified
2616,内蒙古科技大学包头医学院,001,,物理类,物理,化学、生物(2科必选),534,87951,,普通本科批,https://www.btmc.edu.cn/zsxxw/info/1263/2615.htm,https://www.btmc.edu.cn/zsxxw/info/1263/2615.htm,,school_verified
2616,内蒙古科技大学包头医学院,002,,物理类,物理,化学、生物(2科必选),493,145191,,普通本科批,https://www.btmc.edu.cn/zsxxw/info/1263/2615.htm,https://www.btmc.edu.cn/zsxxw/info/1263/2615.htm,,school_verified
2616,内蒙古科技大学包头医学院,003,,物理类,物理,化学、生物(2科必选),488,151396,,普通本科批,https://www.btmc.edu.cn/zsxxw/info/1263/2615.htm,https://www.btmc.edu.cn/zsxxw/info/1263/2615.htm,,school_verified
2617,内蒙古科技大学包头师范学院,001,,历史类,历史,不限,518,25250,,普通本科批,https://zsw.bttc.edu.cn/info/1680/1011.htm,https://zsw.bttc.edu.cn/info/1680/1011.htm,,school_verified
2617,内蒙古科技大学包头师范学院,004,,历史类,历史,不限,514,26730,,普通本科批,https://zsw.bttc.edu.cn/info/1680/1011.htm,https://zsw.bttc.edu.cn/info/1680/1011.htm,,school_verified
2617,内蒙古科技大学包头师范学院,005,,历史类,历史,思想政治,508,29614,,普通本科批,https://zsw.bttc.edu.cn/info/1680/1011.htm,https://zsw.bttc.edu.cn/info/1680/1011.htm,,school_verified
2617,内蒙古科技大学包头师范学院,003,,历史类,历史,不限,502,32363,,普通本科批,https://zsw.bttc.edu.cn/info/1680/1011.htm,https://zsw.bttc.edu.cn/info/1680/1011.htm,,school_verified
2617,内蒙古科技大学包头师范学院,004,,物理类,物理,地理,499,136382,,普通本科批,https://zsw.bttc.edu.cn/info/1680/1011.htm,https://zsw.bttc.edu.cn/info/1680/1011.htm,,school_verified
2617,内蒙古科技大学包头师范学院,002,,历史类,历史,不限,498,34147,,普通本科批,https://zsw.bttc.edu.cn/info/1680/1011.htm,https://zsw.bttc.edu.cn/info/1680/1011.htm,,school_verified
2617,内蒙古科技大学包头师范学院,002,,物理类,物理,不限,492,146176,,普通本科批,https://zsw.bttc.edu.cn/info/1680/1011.htm,https://zsw.bttc.edu.cn/info/1680/1011.htm,,school_verified
2617,内蒙古科技大学包头师范学院,003,,物理类,物理,化学,487,153099,,普通本科批,https://zsw.bttc.edu.cn/info/1680/1011.htm,https://zsw.bttc.edu.cn/info/1680/1011.htm,,school_verified
2617,内蒙古科技大学包头师范学院,001,,物理类,物理,不限,484,157728,,普通本科批,https://zsw.bttc.edu.cn/info/1680/1011.htm,https://zsw.bttc.edu.cn/info/1680/1011.htm,,school_verified
2631,新疆政法学院,001,,历史类,历史,不限,507,30023,,普通本科批,https://zs.xjzfu.edu.cn/2025/0611/c66a15633/page.htm,https://zs.xjzfu.edu.cn/2025/0611/c66a15633/page.htm,,school_verified
2631,新疆政法学院,002,,历史类,历史,思想政治,505,30892,,普通本科批,https://zs.xjzfu.edu.cn/2025/0611/c66a15633/page.htm,https://zs.xjzfu.edu.cn/2025/0611/c66a15633/page.htm,,school_verified
2631,新疆政法学院,001,,物理类,物理,不限,496,139526,,普通本科批,https://zs.xjzfu.edu.cn/2025/0611/c66a15633/page.htm,https://zs.xjzfu.edu.cn/2025/0611/c66a15633/page.htm,,school_verified
2631,新疆政法学院,002,,物理类,物理,化学,488,152130,,普通本科批,https://zs.xjzfu.edu.cn/2025/0611/c66a15633/page.htm,https://zs.xjzfu.edu.cn/2025/0611/c66a15633/page.htm,,school_verified
2640,浙江外国语学院,001,,历史类,历史,不限,549,14202,,普通本科批,http://zs.zisu.edu.cn/info/1049/2186.htm,http://zs.zisu.edu.cn/info/1049/2186.htm,,school_verified
2640,浙江外国语学院,002,,物理类,物理,化学,546,74504,,普通本科批,http://zs.zisu.edu.cn/info/1049/2186.htm,http://zs.zisu.edu.cn/info/1049/2186.htm,,school_verified
2640,浙江外国语学院,001,,物理类,物理,不限,541,79770,,普通本科批,http://zs.zisu.edu.cn/info/1049/2186.htm,http://zs.zisu.edu.cn/info/1049/2186.htm,,school_verified
2640,浙江外国语学院,002,,历史类,历史,不限,521,23902,,普通本科批,http://zs.zisu.edu.cn/info/1049/2186.htm,http://zs.zisu.edu.cn/info/1049/2186.htm,,school_verified
2696,天津外国语大学滨海外事学院,002,,历史类,历史,思想政治,491,37472,,普通本科批,https://bhws.tjfsu.edu.cn/,https://bhws.tjfsu.edu.cn/,,school_verified
2696,天津外国语大学滨海外事学院,001,,历史类,历史,不限,488,39050,,普通本科批,https://bhws.tjfsu.edu.cn/,https://bhws.tjfsu.edu.cn/,,school_verified
2696,天津外国语大学滨海外事学院,001,,物理类,物理,不限,472,175580,,普通本科批,https://bhws.tjfsu.edu.cn/,https://bhws.tjfsu.edu.cn/,,school_verified
2815,陕西学前师范学院,002,,历史类,历史,思想政治,522,23666,,普通本科批,https://www.snsy.edu.cn/xygk/xxzc.htm,https://www.snsy.edu.cn/xygk/xxzc.htm,,school_verified
2815,陕西学前师范学院,001,,物理类,物理,不限,504,128009,,普通本科批,https://www.snsy.edu.cn/xygk/xxzc.htm,https://www.snsy.edu.cn/xygk/xxzc.htm,,school_verified
2815,陕西学前师范学院,001,,历史类,历史,不限,502,32203,,普通本科批,https://www.snsy.edu.cn/xygk/xxzc.htm,https://www.snsy.edu.cn/xygk/xxzc.htm,,school_verified
2815,陕西学前师范学院,002,,物理类,物理,化学,494,142803,,普通本科批,https://www.snsy.edu.cn/xygk/xxzc.htm,https://www.snsy.edu.cn/xygk/xxzc.htm,,school_verified
2833,华北理工大学轻工学院,001,,历史类,历史,不限,519,24666,,普通本科批,https://www.qgxy.cn/contents/200/8679.html,https://www.qgxy.cn/contents/200/8679.html,,school_verified
2833,华北理工大学轻工学院,001,,物理类,物理,不限,482,161154,,普通本科批,https://www.qgxy.cn/contents/200/8679.html,https://www.qgxy.cn/contents/200/8679.html,,school_verified
2833,华北理工大学轻工学院,003,,物理类,物理,化学,475,170311,,普通本科批,https://www.qgxy.cn/contents/200/8679.html,https://www.qgxy.cn/contents/200/8679.html,,school_verified
2833,华北理工大学轻工学院,002,,物理类,物理,不限,473,173786,,普通本科批,https://www.qgxy.cn/contents/200/8679.html,https://www.qgxy.cn/contents/200/8679.html,,school_verified
2834,广西外国语学院,001,,历史类,历史,不限,481,42706,,普通本科批,http://zs.gxufl.edu.cn/info/105991,http://zs.gxufl.edu.cn/info/105991,,school_verified
2834,广西外国语学院,001,,物理类,物理,不限,462,189140,,普通本科批,http://zs.gxufl.edu.cn/info/105991,http://zs.gxufl.edu.cn/info/105991,,school_verified
2835,广东科技学院,001,,物理类,物理,化学,473,174666,,普通本科批,https://zs.gdust.edu.cn/zsb/zsb_article/20250709/1290.html,https://zs.gdust.edu.cn/zsb/zsb_article/20250709/1290.html,,school_verified
2835,广东科技学院,001,,历史类,历史,不限,468,49317,,普通本科批,https://zs.gdust.edu.cn/zsb/zsb_article/20250709/1290.html,https://zs.gdust.edu.cn/zsb/zsb_article/20250709/1290.html,,school_verified
2836,郑州升达经贸管理学院,001,,历史类,历史,不限,495,35470,,普通本科批,http://www.shengda.edu.cn/zhao/index/zszc.htm,http://www.shengda.edu.cn/zhao/index/zszc.htm,,school_verified
2836,郑州升达经贸管理学院,001,,物理类,物理,不限,481,162487,,普通本科批,http://www.shengda.edu.cn/zhao/index/zszc.htm,http://www.shengda.edu.cn/zhao/index/zszc.htm,,school_verified
2836,郑州升达经贸管理学院,002,,物理类,物理,化学,479,164960,,普通本科批,http://www.shengda.edu.cn/zhao/index/zszc.htm,http://www.shengda.edu.cn/zhao/index/zszc.htm,,school_verified
2837,山东协和学院,001,,历史类,历史,不限,486,39789,,普通本科批,https://www.sdxiehe.edu.cn/zs/list.php?class_id=1208,https://www.sdxiehe.edu.cn/zs/list.php?class_id=1208,,school_verified
2837,山东协和学院,002,,历史类,历史,生物,483,41538,,普通本科批,https://www.sdxiehe.edu.cn/zs/list.php?class_id=1208,https://www.sdxiehe.edu.cn/zs/list.php?class_id=1208,,school_verified
2837,山东协和学院,004,,物理类,物理,生物,482,160932,,普通本科批,https://www.sdxiehe.edu.cn/zs/list.php?class_id=1208,https://www.sdxiehe.edu.cn/zs/list.php?class_id=1208,,school_verified
2837,山东协和学院,001,,物理类,物理,不限,479,166041,,普通本科批,https://www.sdxiehe.edu.cn/zs/list.php?class_id=1208,https://www.sdxiehe.edu.cn/zs/list.php?class_id=1208,,school_verified
2837,山东协和学院,003,,物理类,物理,化学,475,171085,,普通本科批,https://www.sdxiehe.edu.cn/zs/list.php?class_id=1208,https://www.sdxiehe.edu.cn/zs/list.php?class_id=1208,,school_verified
2838,福州外语外贸学院,001,,历史类,历史,不限,479,43431,,普通本科批,https://www.fzfu.com/zsjy.htm,https://www.fzfu.com/zsjy.htm,,school_verified
2838,福州外语外贸学院,002,,物理类,物理,化学,464,187070,,普通本科批,https://www.fzfu.com/zsjy.htm,https://www.fzfu.com/zsjy.htm,,school_verified
2838,福州外语外贸学院,001,,物理类,物理,不限,461,190532,,普通本科批,https://www.fzfu.com/zsjy.htm,https://www.fzfu.com/zsjy.htm,,school_verified
2841,河北科技学院,001,,历史类,历史,不限,487,39735,,普通本科批,https://www.hbkjxy.edu.cn/html/zsjy/zsxx/,https://www.hbkjxy.edu.cn/html/zsjy/zsxx/,,school_verified
2841,河北科技学院,002,,物理类,物理,化学,472,175122,,普通本科批,https://www.hbkjxy.edu.cn/html/zsjy/zsxx/,https://www.hbkjxy.edu.cn/html/zsjy/zsxx/,,school_verified
2841,河北科技学院,001,,物理类,物理,不限,471,176227,,普通本科批,https://www.hbkjxy.edu.cn/html/zsjy/zsxx/,https://www.hbkjxy.edu.cn/html/zsjy/zsxx/,,school_verified
2843,南昌工学院,001,,历史类,历史,不限,497,34566,,普通本科批,https://zsb.ncpu.edu.cn/baokaozhinan/zhaoshengxinxi/html.php?c-7646.html,https://zsb.ncpu.edu.cn/baokaozhinan/zhaoshengxinxi/html.php?c-7646.html,,school_verified
2843,南昌工学院,004,,历史类,历史,思想政治,495,35698,,普通本科批,https://zsb.ncpu.edu.cn/baokaozhinan/zhaoshengxinxi/html.php?c-7646.html,https://zsb.ncpu.edu.cn/baokaozhinan/zhaoshengxinxi/html.php?c-7646.html,,school_verified
2843,南昌工学院,003,,历史类,历史,生物,483,41424,,普通本科批,https://zsb.ncpu.edu.cn/baokaozhinan/zhaoshengxinxi/html.php?c-7646.html,https://zsb.ncpu.edu.cn/baokaozhinan/zhaoshengxinxi/html.php?c-7646.html,,school_verified
2843,南昌工学院,002,,历史类,历史,不限,481,42296,,普通本科批,https://zsb.ncpu.edu.cn/baokaozhinan/zhaoshengxinxi/html.php?c-7646.html,https://zsb.ncpu.edu.cn/baokaozhinan/zhaoshengxinxi/html.php?c-7646.html,,school_verified
2843,南昌工学院,001,,物理类,物理,不限,476,169381,,普通本科批,https://zsb.ncpu.edu.cn/baokaozhinan/zhaoshengxinxi/html.php?c-7646.html,https://zsb.ncpu.edu.cn/baokaozhinan/zhaoshengxinxi/html.php?c-7646.html,,school_verified
2843,南昌工学院,002,,物理类,物理,化学,475,170805,,普通本科批,https://zsb.ncpu.edu.cn/baokaozhinan/zhaoshengxinxi/html.php?c-7646.html,https://zsb.ncpu.edu.cn/baokaozhinan/zhaoshengxinxi/html.php?c-7646.html,,school_verified
2846,陕西服装工程学院,002,,物理类,物理,化学,461,190399,,普通本科批,https://zsb.sxfu.cn/,https://zsb.sxfu.cn/,,school_verified
2862,山西传媒学院,001,,历史类,历史,不限,499,33465,,普通本科批,https://zsw.cusx.edu.cn/info/1261/1821.htm,https://zsw.cusx.edu.cn/info/1261/1821.htm,,school_verified
2862,山西传媒学院,002,,物理类,物理,化学,496,140602,,普通本科批,https://zsw.cusx.edu.cn/info/1261/1821.htm,https://zsw.cusx.edu.cn/info/1261/1821.htm,,school_verified
2862,山西传媒学院,001,,物理类,物理,不限,489,150638,,普通本科批,https://zsw.cusx.edu.cn/info/1261/1821.htm,https://zsw.cusx.edu.cn/info/1261/1821.htm,,school_verified
2869,成都师范学院,002,,历史类,历史,不限,544,15912,,普通本科批,http://www.cdnu.edu.cn/zjc,http://www.cdnu.edu.cn/zjc,,school_verified
2869,成都师范学院,005,,物理类,物理,化学,544,76644,,普通本科批,http://www.cdnu.edu.cn/zjc,http://www.cdnu.edu.cn/zjc,,school_verified
2869,成都师范学院,002,,物理类,物理,不限,544,76677,,普通本科批,http://www.cdnu.edu.cn/zjc,http://www.cdnu.edu.cn/zjc,,school_verified
2869,成都师范学院,001,,历史类,历史,不限,539,17286,,普通本科批,http://www.cdnu.edu.cn/zjc,http://www.cdnu.edu.cn/zjc,,school_verified
2869,成都师范学院,003,,物理类,物理,化学,531,91570,,普通本科批,http://www.cdnu.edu.cn/zjc,http://www.cdnu.edu.cn/zjc,,school_verified
2869,成都师范学院,001,,物理类,物理,不限,523,102325,,普通本科批,http://www.cdnu.edu.cn/zjc,http://www.cdnu.edu.cn/zjc,,school_verified
2869,成都师范学院,004,,物理类,物理,化学,522,103118,,普通本科批,http://www.cdnu.edu.cn/zjc,http://www.cdnu.edu.cn/zjc,,school_verified
2887,江西服装学院,001,,历史类,历史,不限,477,44600,,普通本科批,http://zsb.jift.edu.cn/zsxx/zsjz.htm,http://zsb.jift.edu.cn/zsxx/zsjz.htm,,school_verified
2887,江西服装学院,002,,物理类,物理,化学,461,190402,,普通本科批,http://zsb.jift.edu.cn/zsxx/zsjz.htm,http://zsb.jift.edu.cn/zsxx/zsjz.htm,,school_verified
2887,江西服装学院,001,,物理类,物理,不限,461,191355,,普通本科批,http://zsb.jift.edu.cn/zsxx/zsjz.htm,http://zsb.jift.edu.cn/zsxx/zsjz.htm,,school_verified
2889,南昌师范学院,002,,历史类,历史,思想政治,536,18374,,普通本科批,http://www.ncnu.edu.cn/news-show-10064.html,http://www.ncnu.edu.cn/news-show-10064.html,,school_verified
2889,南昌师范学院,003,,物理类,物理,思想政治,523,101518,,普通本科批,http://www.ncnu.edu.cn/news-show-10064.html,http://www.ncnu.edu.cn/news-show-10064.html,,school_verified
2889,南昌师范学院,002,,物理类,物理,化学,523,102712,,普通本科批,http://www.ncnu.edu.cn/news-show-10064.html,http://www.ncnu.edu.cn/news-show-10064.html,,school_verified
2889,南昌师范学院,001,,历史类,历史,不限,522,23403,,普通本科批,http://www.ncnu.edu.cn/news-show-10064.html,http://www.ncnu.edu.cn/news-show-10064.html,,school_verified
2889,南昌师范学院,001,,物理类,物理,不限,513,115798,,普通本科批,http://www.ncnu.edu.cn/news-show-10064.html,http://www.ncnu.edu.cn/news-show-10064.html,,school_verified
2902,张家口学院,001,,物理类,物理,不限,500,133716,,普通本科批,http://zsc.zjku.edu.cn/col/1594108865019/2026/02/21/1771671027241.html,http://zsc.zjku.edu.cn/col/1594108865019/2026/02/21/1771671027241.html,,school_verified
2902,张家口学院,002,,物理类,物理,化学,498,136755,,普通本科批,http://zsc.zjku.edu.cn/col/1594108865019/2026/02/21/1771671027241.html,http://zsc.zjku.edu.cn/col/1594108865019/2026/02/21/1771671027241.html,,school_verified
2902,张家口学院,001,,历史类,历史,不限,496,35148,,普通本科批,http://zsc.zjku.edu.cn/col/1594108865019/2026/02/21/1771671027241.html,http://zsc.zjku.edu.cn/col/1594108865019/2026/02/21/1771671027241.html,,school_verified
2917,四川电影电视学院,002,,历史类,历史,不限,487,39352,,普通本科批,https://zs.sfc.edu.cn/info/1103/6754.htm,https://zs.sfc.edu.cn/info/1103/6754.htm,,school_verified
2917,四川电影电视学院,001,,历史类,历史,不限,487,39758,,普通本科批,https://zs.sfc.edu.cn/info/1103/6754.htm,https://zs.sfc.edu.cn/info/1103/6754.htm,,school_verified
2917,四川电影电视学院,002,,物理类,物理,化学,486,155623,,普通本科批,https://zs.sfc.edu.cn/info/1103/6754.htm,https://zs.sfc.edu.cn/info/1103/6754.htm,,school_verified
2917,四川电影电视学院,001,,物理类,物理,不限,483,159093,,普通本科批,https://zs.sfc.edu.cn/info/1103/6754.htm,https://zs.sfc.edu.cn/info/1103/6754.htm,,school_verified
2996,贵州理工学院,003,,物理类,物理,化学,521,104935,,普通本科批,https://www.git.edu.cn/zs/info/1015/3239.htm,https://www.git.edu.cn/zs/info/1015/3239.htm,,school_verified
2996,贵州理工学院,001,,物理类,物理,化学,503,130210,,普通本科批,https://www.git.edu.cn/zs/info/1015/3239.htm,https://www.git.edu.cn/zs/info/1015/3239.htm,,school_verified
2996,贵州理工学院,002,,物理类,物理,化学,499,135121,,普通本科批,https://www.git.edu.cn/zs/info/1015/3239.htm,https://www.git.edu.cn/zs/info/1015/3239.htm,,school_verified
2996,贵州理工学院,004,,物理类,物理,化学,498,137771,,普通本科批,https://www.git.edu.cn/zs/info/1015/3239.htm,https://www.git.edu.cn/zs/info/1015/3239.htm,,school_verified
3004,山东管理学院,001,,物理类,物理,化学,516,111629,,普通本科批,https://zs.sdmu.edu.cn/info/1129/3365.htm,https://zs.sdmu.edu.cn/info/1129/3365.htm,,school_verified
3004,山东管理学院,001,,历史类,历史,不限,515,26378,,普通本科批,https://zs.sdmu.edu.cn/info/1129/3365.htm,https://zs.sdmu.edu.cn/info/1129/3365.htm,,school_verified
3005,山东农业工程学院,001,,历史类,历史,不限,512,27692,,普通本科批,https://www.sdaeu.edu.cn/zsxx/info/1013/2963.htm,https://www.sdaeu.edu.cn/zsxx/info/1013/2963.htm,,school_verified
3005,山东农业工程学院,001,,物理类,物理,不限,502,131372,,普通本科批,https://www.sdaeu.edu.cn/zsxx/info/1013/2963.htm,https://www.sdaeu.edu.cn/zsxx/info/1013/2963.htm,,school_verified
3061,营口理工学院,002,,物理类,物理,化学,493,144519,,普通本科批,https://www.yku.edu.cn/zsxxw/wzsy.htm,https://www.yku.edu.cn/zsxxw/wzsy.htm,,school_verified
3061,营口理工学院,001,,物理类,物理,不限,489,151240,,普通本科批,https://www.yku.edu.cn/zsxxw/wzsy.htm,https://www.yku.edu.cn/zsxxw/wzsy.htm,,school_verified
3073,河南牧业经济学院,001,,历史类,历史,不限,504,31561,,普通本科批,https://zhaosheng.hnuahe.edu.cn/zszc.htm,https://zhaosheng.hnuahe.edu.cn/zszc.htm,,school_verified
3073,河南牧业经济学院,002,,历史类,历史,不限,502,32521,,普通本科批,https://zhaosheng.hnuahe.edu.cn/zszc.htm,https://zhaosheng.hnuahe.edu.cn/zszc.htm,,school_verified
3073,河南牧业经济学院,002,,物理类,物理,化学,495,142426,,普通本科批,https://zhaosheng.hnuahe.edu.cn/zszc.htm,https://zhaosheng.hnuahe.edu.cn/zszc.htm,,school_verified
3073,河南牧业经济学院,001,,物理类,物理,化学,491,148355,,普通本科批,https://zhaosheng.hnuahe.edu.cn/zszc.htm,https://zhaosheng.hnuahe.edu.cn/zszc.htm,,school_verified
3094,泰州学院,001,,物理类,物理,化学,515,112921,,普通本科批,https://zsb.tzu.edu.cn/2025/0515/c3633a89929/page.htm,https://zsb.tzu.edu.cn/2025/0515/c3633a89929/page.htm,,school_verified
3122,大连理工大学（盘锦校区）,002,,物理类,物理,化学,627,11679,,普通本科批,https://panjin.dlut.edu.cn/,https://panjin.dlut.edu.cn/,,school_verified
3122,大连理工大学（盘锦校区）,001,,物理类,物理,不限,625,12731,,普通本科批,https://panjin.dlut.edu.cn/,https://panjin.dlut.edu.cn/,,school_verified
3122,大连理工大学（盘锦校区）,003,,物理类,物理,化学,586,36630,,普通本科批,https://panjin.dlut.edu.cn/,https://panjin.dlut.edu.cn/,,school_verified
3149,江苏第二师范学院,001,,历史类,历史,不限,545,15519,,普通本科批,https://zs.jssnu.edu.cn/2025/0506/c3702a67701/page.htm,https://zs.jssnu.edu.cn/2025/0506/c3702a67701/page.htm,,school_verified
3149,江苏第二师范学院,001,,物理类,物理,化学,534,87792,,普通本科批,https://zs.jssnu.edu.cn/2025/0506/c3702a67701/page.htm,https://zs.jssnu.edu.cn/2025/0506/c3702a67701/page.htm,,school_verified
3151,上海科技大学,001,,物理类,物理,化学,654,3074,,普通本科批,https://www.shanghaitech.edu.cn/2025/0109/c1001a1105890/page.htm,https://www.shanghaitech.edu.cn/2025/0109/c1001a1105890/page.htm,,school_verified
3152,合肥工业大学（宣城校区）,006,,物理类,物理,化学,607,22382,,普通本科批,http://www.hfut.edu.cn/zsyjyc,http://www.hfut.edu.cn/zsyjyc,,school_verified
3152,合肥工业大学（宣城校区）,005,,物理类,物理,不限,605,23409,,普通本科批,http://www.hfut.edu.cn/zsyjyc,http://www.hfut.edu.cn/zsyjyc,,school_verified
3152,合肥工业大学（宣城校区）,001,,历史类,历史,不限,588,5048,,普通本科批,http://www.hfut.edu.cn/zsyjyc,http://www.hfut.edu.cn/zsyjyc,,school_verified
3152,合肥工业大学（宣城校区）,002,,历史类,历史,思想政治,587,5225,,普通本科批,http://www.hfut.edu.cn/zsyjyc,http://www.hfut.edu.cn/zsyjyc,,school_verified
3188,温州肯恩大学,001,,历史类,历史,不限,526,22059,,普通本科批,https://admission.wku.edu.cn/zh-hans/liankaozhaoshengzhangcheng,https://admission.wku.edu.cn/zh-hans/liankaozhaoshengzhangcheng,,school_verified
3188,温州肯恩大学,001,,物理类,物理,不限,500,134091,,普通本科批,https://admission.wku.edu.cn/zh-hans/liankaozhaoshengzhangcheng,https://admission.wku.edu.cn/zh-hans/liankaozhaoshengzhangcheng,,school_verified
3188,温州肯恩大学,002,,物理类,物理,化学,482,161600,,普通本科批,https://admission.wku.edu.cn/zh-hans/liankaozhaoshengzhangcheng,https://admission.wku.edu.cn/zh-hans/liankaozhaoshengzhangcheng,,school_verified
3194,上海健康医学院,004,,物理类,物理,化学,535,87721,,普通本科批,http://zs.sumhs.edu.cn/6e/78/c4911a290424/page.htm,http://zs.sumhs.edu.cn/6e/78/c4911a290424/page.htm,,school_verified
3194,上海健康医学院,001,,物理类,物理,不限,527,97676,,普通本科批,http://zs.sumhs.edu.cn/6e/78/c4911a290424/page.htm,http://zs.sumhs.edu.cn/6e/78/c4911a290424/page.htm,,school_verified
3194,上海健康医学院,003,,物理类,物理,化学,525,100155,,普通本科批,http://zs.sumhs.edu.cn/6e/78/c4911a290424/page.htm,http://zs.sumhs.edu.cn/6e/78/c4911a290424/page.htm,,school_verified
3194,上海健康医学院,002,,物理类,物理,化学,525,100155,,普通本科批,http://zs.sumhs.edu.cn/6e/78/c4911a290424/page.htm,http://zs.sumhs.edu.cn/6e/78/c4911a290424/page.htm,,school_verified
3194,上海健康医学院,005,,物理类,物理,化学,521,105379,,普通本科批,http://zs.sumhs.edu.cn/6e/78/c4911a290424/page.htm,http://zs.sumhs.edu.cn/6e/78/c4911a290424/page.htm,,school_verified
3241,广东以色列理工学院,001,,物理类,物理,化学,529,95029,,普通本科批,https://www.gtiit.edu.cn/policy.aspx,https://www.gtiit.edu.cn/policy.aspx,,school_verified
3251,深圳北理莫斯科大学,003,,物理类,物理,化学,569,51013,,普通本科批,https://admission.smbu.edu.cn/info/1360/12032.htm,https://admission.smbu.edu.cn/info/1360/12032.htm,,school_verified
3254,中国社会科学院大学,002,,物理类,物理,不限,622,14084,,普通本科批,https://www.ucass.edu.cn/,https://www.ucass.edu.cn/,,school_verified
3254,中国社会科学院大学,003,,历史类,历史,思想政治,621,1248,,普通本科批,https://www.ucass.edu.cn/,https://www.ucass.edu.cn/,,school_verified
3254,中国社会科学院大学,002,,历史类,历史,不限,616,1681,,普通本科批,https://www.ucass.edu.cn/,https://www.ucass.edu.cn/,,school_verified
3255,哈尔滨工业大学（深圳）,002,,物理类,物理,化学,668,1128,,普通本科批,https://zsb.hitsz.edu.cn/zs_common/bkzn/zswz/zsjzxq?id=7119f2f36ce049b095ada4a23a91fadf,https://zsb.hitsz.edu.cn/zs_common/bkzn/zswz/zsjzxq?id=7119f2f36ce049b095ada4a23a91fadf,,school_verified
3255,哈尔滨工业大学（深圳）,003,,物理类,物理,化学,653,3452,,普通本科批,https://zsb.hitsz.edu.cn/zs_common/bkzn/zswz/zsjzxq?id=7119f2f36ce049b095ada4a23a91fadf,https://zsb.hitsz.edu.cn/zs_common/bkzn/zswz/zsjzxq?id=7119f2f36ce049b095ada4a23a91fadf,,school_verified
3255,哈尔滨工业大学（深圳）,001,,历史类,历史,不限,627,920,,普通本科批,https://zsb.hitsz.edu.cn/zs_common/bkzn/zswz/zsjzxq?id=7119f2f36ce049b095ada4a23a91fadf,https://zsb.hitsz.edu.cn/zs_common/bkzn/zswz/zsjzxq?id=7119f2f36ce049b095ada4a23a91fadf,,school_verified
3281,深圳技术大学,002,,物理类,物理,化学,606,23230,,普通本科批,https://zs.sztu.edu.cn/info/1011/4412.htm,https://zs.sztu.edu.cn/info/1011/4412.htm,,school_verified
3281,深圳技术大学,001,,物理类,物理,化学,597,28498,,普通本科批,https://zs.sztu.edu.cn/info/1011/4412.htm,https://zs.sztu.edu.cn/info/1011/4412.htm,,school_verified
3281,深圳技术大学,001,,历史类,历史,不限,571,8412,,普通本科批,https://zs.sztu.edu.cn/info/1011/4412.htm,https://zs.sztu.edu.cn/info/1011/4412.htm,,school_verified
3287,茅台学院,002,,物理类,物理,化学,496,139876,,普通本科批,https://www.mtxy.edu.cn/xzbm/zsjyc/zsxxw/zsjz/20260327/20260327_308992.shtml,https://www.mtxy.edu.cn/xzbm/zsjyc/zsxxw/zsjz/20260327/20260327_308992.shtml,,school_verified
3287,茅台学院,004,,物理类,物理,化学,490,148882,,普通本科批,https://www.mtxy.edu.cn/xzbm/zsjyc/zsxxw/zsjz/20260327/20260327_308992.shtml,https://www.mtxy.edu.cn/xzbm/zsjyc/zsxxw/zsjz/20260327/20260327_308992.shtml,,school_verified
3287,茅台学院,001,,物理类,物理,不限,490,149515,,普通本科批,https://www.mtxy.edu.cn/xzbm/zsjyc/zsxxw/zsjz/20260327/20260327_308992.shtml,https://www.mtxy.edu.cn/xzbm/zsjyc/zsxxw/zsjz/20260327/20260327_308992.shtml,,school_verified
3287,茅台学院,003,,物理类,物理,化学,488,151439,,普通本科批,https://www.mtxy.edu.cn/xzbm/zsjyc/zsxxw/zsjz/20260327/20260327_308992.shtml,https://www.mtxy.edu.cn/xzbm/zsjyc/zsxxw/zsjz/20260327/20260327_308992.shtml,,school_verified
3311,中国石油大学（北京）克拉玛依校区,005,,物理类,物理,化学,587,35784,,普通本科批,https://www.cupk.edu.cn/bkzs/c/2025-06-03/528634.shtml,https://www.cupk.edu.cn/bkzs/c/2025-06-03/528634.shtml,,school_verified
3311,中国石油大学（北京）克拉玛依校区,004,,物理类,物理,不限,579,41864,,普通本科批,https://www.cupk.edu.cn/bkzs/c/2025-06-03/528634.shtml,https://www.cupk.edu.cn/bkzs/c/2025-06-03/528634.shtml,,school_verified
3311,中国石油大学（北京）克拉玛依校区,002,,历史类,历史,思想政治,573,7886,,普通本科批,https://www.cupk.edu.cn/bkzs/c/2025-06-03/528634.shtml,https://www.cupk.edu.cn/bkzs/c/2025-06-03/528634.shtml,,school_verified
3311,中国石油大学（北京）克拉玛依校区,001,,历史类,历史,不限,572,8119,,普通本科批,https://www.cupk.edu.cn/bkzs/c/2025-06-03/528634.shtml,https://www.cupk.edu.cn/bkzs/c/2025-06-03/528634.shtml,,school_verified
3340,南京审计大学金审学院,001,,历史类,历史,不限,504,31504,,普通本科批,https://zsb.naujsc.edu.cn/2025/0512/c140a19651/page.htm,https://zsb.naujsc.edu.cn/2025/0512/c140a19651/page.htm,,school_verified
3340,南京审计大学金审学院,002,,物理类,物理,化学,503,130229,,普通本科批,https://zsb.naujsc.edu.cn/2025/0512/c140a19651/page.htm,https://zsb.naujsc.edu.cn/2025/0512/c140a19651/page.htm,,school_verified
3340,南京审计大学金审学院,001,,物理类,物理,不限,499,135168,,普通本科批,https://zsb.naujsc.edu.cn/2025/0512/c140a19651/page.htm,https://zsb.naujsc.edu.cn/2025/0512/c140a19651/page.htm,,school_verified
3427,复旦大学上海医学院,004,,物理类,物理,化学,680,312,,普通本科批,http://shmc.fudan.edu.cn/news/2025/0424/c1897a145092/page.htm,http://shmc.fudan.edu.cn/news/2025/0424/c1897a145092/page.htm,,school_verified
3427,复旦大学上海医学院,005,,物理类,物理,化学,658,2322,,普通本科批,http://shmc.fudan.edu.cn/news/2025/0424/c1897a145092/page.htm,http://shmc.fudan.edu.cn/news/2025/0424/c1897a145092/page.htm,,school_verified
3429,浙江大学医学院,002,,物理类,物理,化学,664,1489,,普通本科批,http://www.cmm.zju.edu.cn/,http://www.cmm.zju.edu.cn/,,school_verified
3429,浙江大学医学院,003,,物理类,物理,化学,650,3985,,普通本科批,http://www.cmm.zju.edu.cn/,http://www.cmm.zju.edu.cn/,,school_verified
3463,福建技术师范学院,001,,历史类,历史,不限,508,29396,,普通本科批,http://zsb.fpnu.edu.cn/info/1098/4649.htm,http://zsb.fpnu.edu.cn/info/1098/4649.htm,,school_verified
3463,福建技术师范学院,002,,物理类,物理,化学,502,130962,,普通本科批,http://zsb.fpnu.edu.cn/info/1098/4649.htm,http://zsb.fpnu.edu.cn/info/1098/4649.htm,,school_verified
3463,福建技术师范学院,001,,物理类,物理,不限,496,139855,,普通本科批,http://zsb.fpnu.edu.cn/info/1098/4649.htm,http://zsb.fpnu.edu.cn/info/1098/4649.htm,,school_verified
3464,江西软件职业技术大学,001,,历史类,历史,不限,479,43646,,普通本科批,https://www.jxuspt.com/A01/xuexiaozhangcheng.html,https://www.jxuspt.com/A01/xuexiaozhangcheng.html,,school_verified
3464,江西软件职业技术大学,001,,物理类,物理,不限,472,175696,,普通本科批,https://www.jxuspt.com/A01/xuexiaozhangcheng.html,https://www.jxuspt.com/A01/xuexiaozhangcheng.html,,school_verified
3483,江苏海洋大学,001,,历史类,历史,不限,559,11284,,普通本科批,https://www.jou.edu.cn/,https://www.jou.edu.cn/,,school_verified
3483,江苏海洋大学,002,,物理类,物理,化学,559,60439,,普通本科批,https://www.jou.edu.cn/,https://www.jou.edu.cn/,,school_verified
3483,江苏海洋大学,001,,物理类,物理,不限,549,71081,,普通本科批,https://www.jou.edu.cn/,https://www.jou.edu.cn/,,school_verified
3605,重庆医科大学莱斯特大学联合学院,005,,物理类,物理,化学,585,37839,,普通本科批,https://imc.cqmu.edu.cn/#/index/home/,https://imc.cqmu.edu.cn/#/index/home/,,school_verified
3624,重庆中医药学院,001,,历史类,历史,不限,557,11942,,普通本科批,https://bkzs.cqctcm.edu.cn/guide/detail/id/289.html,https://bkzs.cqctcm.edu.cn/guide/detail/id/289.html,,school_verified
3624,重庆中医药学院,001,,物理类,物理,不限,540,80769,,普通本科批,https://bkzs.cqctcm.edu.cn/guide/detail/id/289.html,https://bkzs.cqctcm.edu.cn/guide/detail/id/289.html,,school_verified
3624,重庆中医药学院,002,,物理类,物理,化学,533,89486,,普通本科批,https://bkzs.cqctcm.edu.cn/guide/detail/id/289.html,https://bkzs.cqctcm.edu.cn/guide/detail/id/289.html,,school_verified
3624,重庆中医药学院,003,,物理类,物理,化学,525,99661,,普通本科批,https://bkzs.cqctcm.edu.cn/guide/detail/id/289.html,https://bkzs.cqctcm.edu.cn/guide/detail/id/289.html,,school_verified
3645,海南比勒费尔德应用科学大学,003,,物理类,物理,化学,470,178651,,普通本科批,"https://gaokao.chsi.com.cn/zsgs/zhangcheng/listVerifedZszc--infoId-6663573797,method-view,schId-4634147123.dhtml","https://gaokao.chsi.com.cn/zsgs/zhangcheng/listVerifedZszc--infoId-6663573797,method-view,schId-4634147123.dhtml",,school_verified
3645,海南比勒费尔德应用科学大学,001,,物理类,物理,不限,470,178248,,普通本科批,"https://gaokao.chsi.com.cn/zsgs/zhangcheng/listVerifedZszc--infoId-6663573797,method-view,schId-4634147123.dhtml","https://gaokao.chsi.com.cn/zsgs/zhangcheng/listVerifedZszc--infoId-6663573797,method-view,schId-4634147123.dhtml",,school_verified
3645,海南比勒费尔德应用科学大学,004,,物理类,物理,化学,466,183417,,普通本科批,"https://gaokao.chsi.com.cn/zsgs/zhangcheng/listVerifedZszc--infoId-6663573797,method-view,schId-4634147123.dhtml","https://gaokao.chsi.com.cn/zsgs/zhangcheng/listVerifedZszc--infoId-6663573797,method-view,schId-4634147123.dhtml",,school_verified
3645,海南比勒费尔德应用科学大学,002,,物理类,物理,不限,461,191394,,普通本科批,"https://gaokao.chsi.com.cn/zsgs/zhangcheng/listVerifedZszc--infoId-6663573797,method-view,schId-4634147123.dhtml","https://gaokao.chsi.com.cn/zsgs/zhangcheng/listVerifedZszc--infoId-6663573797,method-view,schId-4634147123.dhtml",,school_verified
3705,新疆和田学院,002,,历史类,历史,思想政治,499,33740,,普通本科批,http://www.xjhtc.edu.cn/xxgk/xxzc.htm,http://www.xjhtc.edu.cn/xxgk/xxzc.htm,,school_verified
3705,新疆和田学院,001,,历史类,历史,不限,499,33873,,普通本科批,http://www.xjhtc.edu.cn/xxgk/xxzc.htm,http://www.xjhtc.edu.cn/xxgk/xxzc.htm,,school_verified
3705,新疆和田学院,002,,物理类,物理,化学,486,154276,,普通本科批,http://www.xjhtc.edu.cn/xxgk/xxzc.htm,http://www.xjhtc.edu.cn/xxgk/xxzc.htm,,school_verified
3705,新疆和田学院,003,,物理类,物理,化学,485,156653,,普通本科批,http://www.xjhtc.edu.cn/xxgk/xxzc.htm,http://www.xjhtc.edu.cn/xxgk/xxzc.htm,,school_verified
3705,新疆和田学院,001,,物理类,物理,不限,485,156355,,普通本科批,http://www.xjhtc.edu.cn/xxgk/xxzc.htm,http://www.xjhtc.edu.cn/xxgk/xxzc.htm,,school_verified
3731,青海理工学院,001,,物理类,物理,化学,501,132634,,普通本科批,https://zs.qhit.edu.cn/info/1018/2021.htm,https://zs.qhit.edu.cn/info/1018/2021.htm,,school_verified
3825,北京师范大学（珠海校区）,005,,物理类,物理,化学,645,5336,,普通本科批,https://admission.bnu.edu.cn/zszc/f46788185f834ce1975d3e4952a7468d.html,https://admission.bnu.edu.cn/zszc/f46788185f834ce1975d3e4952a7468d.html,,school_verified
3825,北京师范大学（珠海校区）,004,,物理类,物理,不限,643,5808,,普通本科批,https://admission.bnu.edu.cn/zszc/f46788185f834ce1975d3e4952a7468d.html,https://admission.bnu.edu.cn/zszc/f46788185f834ce1975d3e4952a7468d.html,,school_verified
3825,北京师范大学（珠海校区）,003,,历史类,历史,不限,632,655,,普通本科批,https://admission.bnu.edu.cn/zszc/f46788185f834ce1975d3e4952a7468d.html,https://admission.bnu.edu.cn/zszc/f46788185f834ce1975d3e4952a7468d.html,,school_verified
3828,北京交通大学（威海校区）,002,,物理类,物理,化学,604,24034,,普通本科批,https://wh.bjtu.edu.cn/zsjylm/index.htm,https://wh.bjtu.edu.cn/zsjylm/index.htm,,school_verified
3828,北京交通大学（威海校区）,001,,物理类,物理,不限,596,29191,,普通本科批,https://wh.bjtu.edu.cn/zsjylm/index.htm,https://wh.bjtu.edu.cn/zsjylm/index.htm,,school_verified
3881,海南热带海洋学院国际学院,002,,历史类,历史,不限,482,42281,,普通本科批,https://gjxy.hntou.edu.cn/zsjy/zsjz/202406/t20240626_88714.html,https://gjxy.hntou.edu.cn/zsjy/zsjz/202406/t20240626_88714.html,,school_verified
3881,海南热带海洋学院国际学院,003,,物理类,物理,不限,478,167466,,普通本科批,https://gjxy.hntou.edu.cn/zsjy/zsjz/202406/t20240626_88714.html,https://gjxy.hntou.edu.cn/zsjy/zsjz/202406/t20240626_88714.html,,school_verified
