year,province,subject_type,score,score_label,segment_count,cumulative_count,cumulative_rate,rank_low,rank_high,source_name,source_url,source_page_url,source_file,parse_method
2025,贵州,物理类,683,683及以上,52,52,0.025,1,52,贵州省招生考试院,https://zsksy.guizhou.gov.cn/zlxz/202603/P020250625419082373133.pdf,https://zsksy.guizhou.gov.cn/zlxz/202603/t20260324_89900333.html,guizhou_2025_物理类_score_rank.pdf,pdf_table
2025,贵州,物理类,682,682,2,54,0.026,53,54,贵州省招生考试院,https://zsksy.guizhou.gov.cn/zlxz/202603/P020250625419082373133.pdf,https://zsksy.guizhou.gov.cn/zlxz/202603/t20260324_89900333.html,guizhou_2025_物理类_score_rank.pdf,pdf_table
2025,贵州,物理类,681,681,10,64,0.031,55,64,贵州省招生考试院,https://zsksy.guizhou.gov.cn/zlxz/202603/P020250625419082373133.pdf,https://zsksy.guizhou.gov.cn/zlxz/202603/t20260324_89900333.html,guizhou_2025_物理类_score_rank.pdf,pdf_table
2025,贵州,物理类,680,680,13,77,0.037,65,77,贵州省招生考试院,https://zsksy.guizhou.gov.cn/zlxz/202603/P020250625419082373133.pdf,https://zsksy.guizhou.gov.cn/zlxz/202603/t20260324_89900333.html,guizhou_2025_物理类_score_rank.pdf,pdf_table
2025,贵州,物理类,679,679,4,81,0.039,78,81,贵州省招生考试院,https://zsksy.guizhou.gov.cn/zlxz/202603/P020250625419082373133.pdf,https://zsksy.guizhou.gov.cn/zlxz/202603/t20260324_89900333.html,guizhou_2025_物理类_score_rank.pdf,pdf_table
2025,贵州,物理类,678,678,12,93,0.045,82,93,贵州省招生考试院,https://zsksy.guizhou.gov.cn/zlxz/202603/P020250625419082373133.pdf,https://zsksy.guizhou.gov.cn/zlxz/202603/t20260324_89900333.html,guizhou_2025_物理类_score_rank.pdf,pdf_table
2025,贵州,物理类,677,677,15,108,0.052,94,108,贵州省招生考试院,https://zsksy.guizhou.gov.cn/zlxz/202603/P020250625419082373133.pdf,https://zsksy.guizhou.gov.cn/zlxz/202603/t20260324_89900333.html,guizhou_2025_物理类_score_rank.pdf,pdf_table
2025,贵州,物理类,676,676,13,121,0.058,109,121,贵州省招生考试院,https://zsksy.guizhou.gov.cn/zlxz/202603/P020250625419082373133.pdf,https://zsksy.guizhou.gov.cn/zlxz/202603/t20260324_89900333.html,guizhou_2025_物理类_score_rank.pdf,pdf_table
2025,贵州,物理类,675,675,8,129,0.062,122,129,贵州省招生考试院,https://zsksy.guizhou.gov.cn/zlxz/202603/P020250625419082373133.pdf,https://zsksy.guizhou.gov.cn/zlxz/202603/t20260324_89900333.html,guizhou_2025_物理类_score_rank.pdf,pdf_table
2025,贵州,物理类,674,674,24,153,0.074,130,153,贵州省招生考试院,https://zsksy.guizhou.gov.cn/zlxz/202603/P020250625419082373133.pdf,https://zsksy.guizhou.gov.cn/zlxz/202603/t20260324_89900333.html,guizhou_2025_物理类_score_rank.pdf,pdf_table
2025,贵州,物理类,673,673,17,170,0.082,154,170,贵州省招生考试院,https://zsksy.guizhou.gov.cn/zlxz/202603/P020250625419082373133.pdf,https://zsksy.guizhou.gov.cn/zlxz/202603/t20260324_89900333.html,guizhou_2025_物理类_score_rank.pdf,pdf_table
2025,贵州,物理类,672,672,21,191,0.092,171,191,贵州省招生考试院,https://zsksy.guizhou.gov.cn/zlxz/202603/P020250625419082373133.pdf,https://zsksy.guizhou.gov.cn/zlxz/202603/t20260324_89900333.html,guizhou_2025_物理类_score_rank.pdf,pdf_table
2025,贵州,物理类,671,671,16,207,0.1,192,207,贵州省招生考试院,https://zsksy.guizhou.gov.cn/zlxz/202603/P020250625419082373133.pdf,https://zsksy.guizhou.gov.cn/zlxz/202603/t20260324_89900333.html,guizhou_2025_物理类_score_rank.pdf,pdf_table
2025,贵州,物理类,670,670,24,231,0.112,208,231,贵州省招生考试院,https://zsksy.guizhou.gov.cn/zlxz/202603/P020250625419082373133.pdf,https://zsksy.guizhou.gov.cn/zlxz/202603/t20260324_89900333.html,guizhou_2025_物理类_score_rank.pdf,pdf_table
2025,贵州,物理类,669,669,24,255,0.123,232,255,贵州省招生考试院,https://zsksy.guizhou.gov.cn/zlxz/202603/P020250625419082373133.pdf,https://zsksy.guizhou.gov.cn/zlxz/202603/t20260324_89900333.html,guizhou_2025_物理类_score_rank.pdf,pdf_table
2025,贵州,物理类,668,668,26,281,0.136,256,281,贵州省招生考试院,https://zsksy.guizhou.gov.cn/zlxz/202603/P020250625419082373133.pdf,https://zsksy.guizhou.gov.cn/zlxz/202603/t20260324_89900333.html,guizhou_2025_物理类_score_rank.pdf,pdf_table
2025,贵州,物理类,667,667,17,298,0.144,282,298,贵州省招生考试院,https://zsksy.guizhou.gov.cn/zlxz/202603/P020250625419082373133.pdf,https://zsksy.guizhou.gov.cn/zlxz/202603/t20260324_89900333.html,guizhou_2025_物理类_score_rank.pdf,pdf_table
2025,贵州,物理类,666,666,22,320,0.154,299,320,贵州省招生考试院,https://zsksy.guizhou.gov.cn/zlxz/202603/P020250625419082373133.pdf,https://zsksy.guizhou.gov.cn/zlxz/202603/t20260324_89900333.html,guizhou_2025_物理类_score_rank.pdf,pdf_table
2025,贵州,物理类,665,665,29,349,0.168,321,349,贵州省招生考试院,https://zsksy.guizhou.gov.cn/zlxz/202603/P020250625419082373133.pdf,https://zsksy.guizhou.gov.cn/zlxz/202603/t20260324_89900333.html,guizhou_2025_物理类_score_rank.pdf,pdf_table
2025,贵州,物理类,664,664,23,372,0.18,350,372,贵州省招生考试院,https://zsksy.guizhou.gov.cn/zlxz/202603/P020250625419082373133.pdf,https://zsksy.guizhou.gov.cn/zlxz/202603/t20260324_89900333.html,guizhou_2025_物理类_score_rank.pdf,pdf_table
2025,贵州,物理类,663,663,26,398,0.192,373,398,贵州省招生考试院,https://zsksy.guizhou.gov.cn/zlxz/202603/P020250625419082373133.pdf,https://zsksy.guizhou.gov.cn/zlxz/202603/t20260324_89900333.html,guizhou_2025_物理类_score_rank.pdf,pdf_table
2025,贵州,物理类,662,662,33,431,0.208,399,431,贵州省招生考试院,https://zsksy.guizhou.gov.cn/zlxz/202603/P020250625419082373133.pdf,https://zsksy.guizhou.gov.cn/zlxz/202603/t20260324_89900333.html,guizhou_2025_物理类_score_rank.pdf,pdf_table
2025,贵州,物理类,661,661,24,455,0.22,432,455,贵州省招生考试院,https://zsksy.guizhou.gov.cn/zlxz/202603/P020250625419082373133.pdf,https://zsksy.guizhou.gov.cn/zlxz/202603/t20260324_89900333.html,guizhou_2025_物理类_score_rank.pdf,pdf_table
2025,贵州,物理类,660,660,26,481,0.232,456,481,贵州省招生考试院,https://zsksy.guizhou.gov.cn/zlxz/202603/P020250625419082373133.pdf,https://zsksy.guizhou.gov.cn/zlxz/202603/t20260324_89900333.html,guizhou_2025_物理类_score_rank.pdf,pdf_table
2025,贵州,物理类,659,659,31,512,0.247,482,512,贵州省招生考试院,https://zsksy.guizhou.gov.cn/zlxz/202603/P020250625419082373133.pdf,https://zsksy.guizhou.gov.cn/zlxz/202603/t20260324_89900333.html,guizhou_2025_物理类_score_rank.pdf,pdf_table
2025,贵州,物理类,658,658,35,547,0.264,513,547,贵州省招生考试院,https://zsksy.guizhou.gov.cn/zlxz/202603/P020250625419082373133.pdf,https://zsksy.guizhou.gov.cn/zlxz/202603/t20260324_89900333.html,guizhou_2025_物理类_score_rank.pdf,pdf_table
2025,贵州,物理类,657,657,34,581,0.28,548,581,贵州省招生考试院,https://zsksy.guizhou.gov.cn/zlxz/202603/P020250625419082373133.pdf,https://zsksy.guizhou.gov.cn/zlxz/202603/t20260324_89900333.html,guizhou_2025_物理类_score_rank.pdf,pdf_table
2025,贵州,物理类,656,656,32,613,0.296,582,613,贵州省招生考试院,https://zsksy.guizhou.gov.cn/zlxz/202603/P020250625419082373133.pdf,https://zsksy.guizhou.gov.cn/zlxz/202603/t20260324_89900333.html,guizhou_2025_物理类_score_rank.pdf,pdf_table
2025,贵州,物理类,655,655,34,647,0.312,614,647,贵州省招生考试院,https://zsksy.guizhou.gov.cn/zlxz/202603/P020250625419082373133.pdf,https://zsksy.guizhou.gov.cn/zlxz/202603/t20260324_89900333.html,guizhou_2025_物理类_score_rank.pdf,pdf_table
2025,贵州,物理类,654,654,43,690,0.333,648,690,贵州省招生考试院,https://zsksy.guizhou.gov.cn/zlxz/202603/P020250625419082373133.pdf,https://zsksy.guizhou.gov.cn/zlxz/202603/t20260324_89900333.html,guizhou_2025_物理类_score_rank.pdf,pdf_table
2025,贵州,物理类,653,653,35,725,0.35,691,725,贵州省招生考试院,https://zsksy.guizhou.gov.cn/zlxz/202603/P020250625419082373133.pdf,https://zsksy.guizhou.gov.cn/zlxz/202603/t20260324_89900333.html,guizhou_2025_物理类_score_rank.pdf,pdf_table
2025,贵州,物理类,652,652,33,758,0.366,726,758,贵州省招生考试院,https://zsksy.guizhou.gov.cn/zlxz/202603/P020250625419082373133.pdf,https://zsksy.guizhou.gov.cn/zlxz/202603/t20260324_89900333.html,guizhou_2025_物理类_score_rank.pdf,pdf_table
2025,贵州,物理类,651,651,34,792,0.382,759,792,贵州省招生考试院,https://zsksy.guizhou.gov.cn/zlxz/202603/P020250625419082373133.pdf,https://zsksy.guizhou.gov.cn/zlxz/202603/t20260324_89900333.html,guizhou_2025_物理类_score_rank.pdf,pdf_table
2025,贵州,物理类,650,650,48,840,0.405,793,840,贵州省招生考试院,https://zsksy.guizhou.gov.cn/zlxz/202603/P020250625419082373133.pdf,https://zsksy.guizhou.gov.cn/zlxz/202603/t20260324_89900333.html,guizhou_2025_物理类_score_rank.pdf,pdf_table
2025,贵州,物理类,649,649,60,900,0.434,841,900,贵州省招生考试院,https://zsksy.guizhou.gov.cn/zlxz/202603/P020250625419082373133.pdf,https://zsksy.guizhou.gov.cn/zlxz/202603/t20260324_89900333.html,guizhou_2025_物理类_score_rank.pdf,pdf_table
2025,贵州,物理类,648,648,65,965,0.466,901,965,贵州省招生考试院,https://zsksy.guizhou.gov.cn/zlxz/202603/P020250625419082373133.pdf,https://zsksy.guizhou.gov.cn/zlxz/202603/t20260324_89900333.html,guizhou_2025_物理类_score_rank.pdf,pdf_table
2025,贵州,物理类,647,647,55,1020,0.492,966,1020,贵州省招生考试院,https://zsksy.guizhou.gov.cn/zlxz/202603/P020250625419082373133.pdf,https://zsksy.guizhou.gov.cn/zlxz/202603/t20260324_89900333.html,guizhou_2025_物理类_score_rank.pdf,pdf_table
2025,贵州,物理类,646,646,52,1072,0.517,1021,1072,贵州省招生考试院,https://zsksy.guizhou.gov.cn/zlxz/202603/P020250625419082373133.pdf,https://zsksy.guizhou.gov.cn/zlxz/202603/t20260324_89900333.html,guizhou_2025_物理类_score_rank.pdf,pdf_table
2025,贵州,物理类,645,645,74,1146,0.553,1073,1146,贵州省招生考试院,https://zsksy.guizhou.gov.cn/zlxz/202603/P020250625419082373133.pdf,https://zsksy.guizhou.gov.cn/zlxz/202603/t20260324_89900333.html,guizhou_2025_物理类_score_rank.pdf,pdf_table
2025,贵州,物理类,644,644,56,1202,0.58,1147,1202,贵州省招生考试院,https://zsksy.guizhou.gov.cn/zlxz/202603/P020250625419082373133.pdf,https://zsksy.guizhou.gov.cn/zlxz/202603/t20260324_89900333.html,guizhou_2025_物理类_score_rank.pdf,pdf_table
2025,贵州,物理类,643,643,60,1262,0.609,1203,1262,贵州省招生考试院,https://zsksy.guizhou.gov.cn/zlxz/202603/P020250625419082373133.pdf,https://zsksy.guizhou.gov.cn/zlxz/202603/t20260324_89900333.html,guizhou_2025_物理类_score_rank.pdf,pdf_table
2025,贵州,物理类,642,642,61,1323,0.639,1263,1323,贵州省招生考试院,https://zsksy.guizhou.gov.cn/zlxz/202603/P020250625419082373133.pdf,https://zsksy.guizhou.gov.cn/zlxz/202603/t20260324_89900333.html,guizhou_2025_物理类_score_rank.pdf,pdf_table
2025,贵州,物理类,641,641,75,1398,0.675,1324,1398,贵州省招生考试院,https://zsksy.guizhou.gov.cn/zlxz/202603/P020250625419082373133.pdf,https://zsksy.guizhou.gov.cn/zlxz/202603/t20260324_89900333.html,guizhou_2025_物理类_score_rank.pdf,pdf_table
2025,贵州,物理类,640,640,75,1473,0.711,1399,1473,贵州省招生考试院,https://zsksy.guizhou.gov.cn/zlxz/202603/P020250625419082373133.pdf,https://zsksy.guizhou.gov.cn/zlxz/202603/t20260324_89900333.html,guizhou_2025_物理类_score_rank.pdf,pdf_table
2025,贵州,物理类,639,639,74,1547,0.747,1474,1547,贵州省招生考试院,https://zsksy.guizhou.gov.cn/zlxz/202603/P020250625419082373133.pdf,https://zsksy.guizhou.gov.cn/zlxz/202603/t20260324_89900333.html,guizhou_2025_物理类_score_rank.pdf,pdf_table
2025,贵州,物理类,638,638,72,1619,0.781,1548,1619,贵州省招生考试院,https://zsksy.guizhou.gov.cn/zlxz/202603/P020250625419082373133.pdf,https://zsksy.guizhou.gov.cn/zlxz/202603/t20260324_89900333.html,guizhou_2025_物理类_score_rank.pdf,pdf_table
2025,贵州,物理类,637,637,85,1704,0.823,1620,1704,贵州省招生考试院,https://zsksy.guizhou.gov.cn/zlxz/202603/P020250625419082373133.pdf,https://zsksy.guizhou.gov.cn/zlxz/202603/t20260324_89900333.html,guizhou_2025_物理类_score_rank.pdf,pdf_table
2025,贵州,物理类,636,636,84,1788,0.863,1705,1788,贵州省招生考试院,https://zsksy.guizhou.gov.cn/zlxz/202603/P020250625419082373133.pdf,https://zsksy.guizhou.gov.cn/zlxz/202603/t20260324_89900333.html,guizhou_2025_物理类_score_rank.pdf,pdf_table
2025,贵州,物理类,635,635,101,1889,0.912,1789,1889,贵州省招生考试院,https://zsksy.guizhou.gov.cn/zlxz/202603/P020250625419082373133.pdf,https://zsksy.guizhou.gov.cn/zlxz/202603/t20260324_89900333.html,guizhou_2025_物理类_score_rank.pdf,pdf_table
2025,贵州,物理类,634,634,93,1982,0.957,1890,1982,贵州省招生考试院,https://zsksy.guizhou.gov.cn/zlxz/202603/P020250625419082373133.pdf,https://zsksy.guizhou.gov.cn/zlxz/202603/t20260324_89900333.html,guizhou_2025_物理类_score_rank.pdf,pdf_table
2025,贵州,物理类,633,633,83,2065,0.997,1983,2065,贵州省招生考试院,https://zsksy.guizhou.gov.cn/zlxz/202603/P020250625419082373133.pdf,https://zsksy.guizhou.gov.cn/zlxz/202603/t20260324_89900333.html,guizhou_2025_物理类_score_rank.pdf,pdf_table
2025,贵州,物理类,632,632,100,2165,1.045,2066,2165,贵州省招生考试院,https://zsksy.guizhou.gov.cn/zlxz/202603/P020250625419082373133.pdf,https://zsksy.guizhou.gov.cn/zlxz/202603/t20260324_89900333.html,guizhou_2025_物理类_score_rank.pdf,pdf_table
2025,贵州,物理类,631,631,108,2273,1.097,2166,2273,贵州省招生考试院,https://zsksy.guizhou.gov.cn/zlxz/202603/P020250625419082373133.pdf,https://zsksy.guizhou.gov.cn/zlxz/202603/t20260324_89900333.html,guizhou_2025_物理类_score_rank.pdf,pdf_table
2025,贵州,物理类,630,630,113,2386,1.152,2274,2386,贵州省招生考试院,https://zsksy.guizhou.gov.cn/zlxz/202603/P020250625419082373133.pdf,https://zsksy.guizhou.gov.cn/zlxz/202603/t20260324_89900333.html,guizhou_2025_物理类_score_rank.pdf,pdf_table
2025,贵州,物理类,629,629,109,2495,1.204,2387,2495,贵州省招生考试院,https://zsksy.guizhou.gov.cn/zlxz/202603/P020250625419082373133.pdf,https://zsksy.guizhou.gov.cn/zlxz/202603/t20260324_89900333.html,guizhou_2025_物理类_score_rank.pdf,pdf_table
2025,贵州,物理类,628,628,100,2595,1.253,2496,2595,贵州省招生考试院,https://zsksy.guizhou.gov.cn/zlxz/202603/P020250625419082373133.pdf,https://zsksy.guizhou.gov.cn/zlxz/202603/t20260324_89900333.html,guizhou_2025_物理类_score_rank.pdf,pdf_table
2025,贵州,物理类,627,627,105,2700,1.303,2596,2700,贵州省招生考试院,https://zsksy.guizhou.gov.cn/zlxz/202603/P020250625419082373133.pdf,https://zsksy.guizhou.gov.cn/zlxz/202603/t20260324_89900333.html,guizhou_2025_物理类_score_rank.pdf,pdf_table
2025,贵州,物理类,626,626,117,2817,1.36,2701,2817,贵州省招生考试院,https://zsksy.guizhou.gov.cn/zlxz/202603/P020250625419082373133.pdf,https://zsksy.guizhou.gov.cn/zlxz/202603/t20260324_89900333.html,guizhou_2025_物理类_score_rank.pdf,pdf_table
2025,贵州,物理类,625,625,127,2944,1.421,2818,2944,贵州省招生考试院,https://zsksy.guizhou.gov.cn/zlxz/202603/P020250625419082373133.pdf,https://zsksy.guizhou.gov.cn/zlxz/202603/t20260324_89900333.html,guizhou_2025_物理类_score_rank.pdf,pdf_table
2025,贵州,物理类,624,624,110,3054,1.474,2945,3054,贵州省招生考试院,https://zsksy.guizhou.gov.cn/zlxz/202603/P020250625419082373133.pdf,https://zsksy.guizhou.gov.cn/zlxz/202603/t20260324_89900333.html,guizhou_2025_物理类_score_rank.pdf,pdf_table
2025,贵州,物理类,623,623,122,3176,1.533,3055,3176,贵州省招生考试院,https://zsksy.guizhou.gov.cn/zlxz/202603/P020250625419082373133.pdf,https://zsksy.guizhou.gov.cn/zlxz/202603/t20260324_89900333.html,guizhou_2025_物理类_score_rank.pdf,pdf_table
2025,贵州,物理类,622,622,125,3301,1.593,3177,3301,贵州省招生考试院,https://zsksy.guizhou.gov.cn/zlxz/202603/P020250625419082373133.pdf,https://zsksy.guizhou.gov.cn/zlxz/202603/t20260324_89900333.html,guizhou_2025_物理类_score_rank.pdf,pdf_table
2025,贵州,物理类,621,621,142,3443,1.662,3302,3443,贵州省招生考试院,https://zsksy.guizhou.gov.cn/zlxz/202603/P020250625419082373133.pdf,https://zsksy.guizhou.gov.cn/zlxz/202603/t20260324_89900333.html,guizhou_2025_物理类_score_rank.pdf,pdf_table
2025,贵州,物理类,620,620,158,3601,1.738,3444,3601,贵州省招生考试院,https://zsksy.guizhou.gov.cn/zlxz/202603/P020250625419082373133.pdf,https://zsksy.guizhou.gov.cn/zlxz/202603/t20260324_89900333.html,guizhou_2025_物理类_score_rank.pdf,pdf_table
2025,贵州,物理类,619,619,148,3749,1.81,3602,3749,贵州省招生考试院,https://zsksy.guizhou.gov.cn/zlxz/202603/P020250625419082373133.pdf,https://zsksy.guizhou.gov.cn/zlxz/202603/t20260324_89900333.html,guizhou_2025_物理类_score_rank.pdf,pdf_table
2025,贵州,物理类,618,618,174,3923,1.894,3750,3923,贵州省招生考试院,https://zsksy.guizhou.gov.cn/zlxz/202603/P020250625419082373133.pdf,https://zsksy.guizhou.gov.cn/zlxz/202603/t20260324_89900333.html,guizhou_2025_物理类_score_rank.pdf,pdf_table
2025,贵州,物理类,617,617,155,4078,1.968,3924,4078,贵州省招生考试院,https://zsksy.guizhou.gov.cn/zlxz/202603/P020250625419082373133.pdf,https://zsksy.guizhou.gov.cn/zlxz/202603/t20260324_89900333.html,guizhou_2025_物理类_score_rank.pdf,pdf_table
2025,贵州,物理类,616,616,154,4232,2.043,4079,4232,贵州省招生考试院,https://zsksy.guizhou.gov.cn/zlxz/202603/P020250625419082373133.pdf,https://zsksy.guizhou.gov.cn/zlxz/202603/t20260324_89900333.html,guizhou_2025_物理类_score_rank.pdf,pdf_table
2025,贵州,物理类,615,615,134,4366,2.107,4233,4366,贵州省招生考试院,https://zsksy.guizhou.gov.cn/zlxz/202603/P020250625419082373133.pdf,https://zsksy.guizhou.gov.cn/zlxz/202603/t20260324_89900333.html,guizhou_2025_物理类_score_rank.pdf,pdf_table
2025,贵州,物理类,614,614,160,4526,2.185,4367,4526,贵州省招生考试院,https://zsksy.guizhou.gov.cn/zlxz/202603/P020250625419082373133.pdf,https://zsksy.guizhou.gov.cn/zlxz/202603/t20260324_89900333.html,guizhou_2025_物理类_score_rank.pdf,pdf_table
2025,贵州,物理类,613,613,175,4701,2.269,4527,4701,贵州省招生考试院,https://zsksy.guizhou.gov.cn/zlxz/202603/P020250625419082373133.pdf,https://zsksy.guizhou.gov.cn/zlxz/202603/t20260324_89900333.html,guizhou_2025_物理类_score_rank.pdf,pdf_table
2025,贵州,物理类,612,612,165,4866,2.349,4702,4866,贵州省招生考试院,https://zsksy.guizhou.gov.cn/zlxz/202603/P020250625419082373133.pdf,https://zsksy.guizhou.gov.cn/zlxz/202603/t20260324_89900333.html,guizhou_2025_物理类_score_rank.pdf,pdf_table
2025,贵州,物理类,611,611,171,5037,2.431,4867,5037,贵州省招生考试院,https://zsksy.guizhou.gov.cn/zlxz/202603/P020250625419082373133.pdf,https://zsksy.guizhou.gov.cn/zlxz/202603/t20260324_89900333.html,guizhou_2025_物理类_score_rank.pdf,pdf_table
2025,贵州,物理类,610,610,186,5223,2.521,5038,5223,贵州省招生考试院,https://zsksy.guizhou.gov.cn/zlxz/202603/P020250625419082373133.pdf,https://zsksy.guizhou.gov.cn/zlxz/202603/t20260324_89900333.html,guizhou_2025_物理类_score_rank.pdf,pdf_table
2025,贵州,物理类,609,609,175,5398,2.606,5224,5398,贵州省招生考试院,https://zsksy.guizhou.gov.cn/zlxz/202603/P020250625419082373133.pdf,https://zsksy.guizhou.gov.cn/zlxz/202603/t20260324_89900333.html,guizhou_2025_物理类_score_rank.pdf,pdf_table
2025,贵州,物理类,608,608,188,5586,2.696,5399,5586,贵州省招生考试院,https://zsksy.guizhou.gov.cn/zlxz/202603/P020250625419082373133.pdf,https://zsksy.guizhou.gov.cn/zlxz/202603/t20260324_89900333.html,guizhou_2025_物理类_score_rank.pdf,pdf_table
2025,贵州,物理类,607,607,176,5762,2.781,5587,5762,贵州省招生考试院,https://zsksy.guizhou.gov.cn/zlxz/202603/P020250625419082373133.pdf,https://zsksy.guizhou.gov.cn/zlxz/202603/t20260324_89900333.html,guizhou_2025_物理类_score_rank.pdf,pdf_table
2025,贵州,物理类,606,606,181,5943,2.869,5763,5943,贵州省招生考试院,https://zsksy.guizhou.gov.cn/zlxz/202603/P020250625419082373133.pdf,https://zsksy.guizhou.gov.cn/zlxz/202603/t20260324_89900333.html,guizhou_2025_物理类_score_rank.pdf,pdf_table
2025,贵州,物理类,605,605,162,6105,2.947,5944,6105,贵州省招生考试院,https://zsksy.guizhou.gov.cn/zlxz/202603/P020250625419082373133.pdf,https://zsksy.guizhou.gov.cn/zlxz/202603/t20260324_89900333.html,guizhou_2025_物理类_score_rank.pdf,pdf_table
2025,贵州,物理类,604,604,208,6313,3.047,6106,6313,贵州省招生考试院,https://zsksy.guizhou.gov.cn/zlxz/202603/P020250625419082373133.pdf,https://zsksy.guizhou.gov.cn/zlxz/202603/t20260324_89900333.html,guizhou_2025_物理类_score_rank.pdf,pdf_table
2025,贵州,物理类,603,603,231,6544,3.159,6314,6544,贵州省招生考试院,https://zsksy.guizhou.gov.cn/zlxz/202603/P020250625419082373133.pdf,https://zsksy.guizhou.gov.cn/zlxz/202603/t20260324_89900333.html,guizhou_2025_物理类_score_rank.pdf,pdf_table
2025,贵州,物理类,602,602,222,6766,3.266,6545,6766,贵州省招生考试院,https://zsksy.guizhou.gov.cn/zlxz/202603/P020250625419082373133.pdf,https://zsksy.guizhou.gov.cn/zlxz/202603/t20260324_89900333.html,guizhou_2025_物理类_score_rank.pdf,pdf_table
2025,贵州,物理类,601,601,207,6973,3.366,6767,6973,贵州省招生考试院,https://zsksy.guizhou.gov.cn/zlxz/202603/P020250625419082373133.pdf,https://zsksy.guizhou.gov.cn/zlxz/202603/t20260324_89900333.html,guizhou_2025_物理类_score_rank.pdf,pdf_table
2025,贵州,物理类,600,600,215,7188,3.47,6974,7188,贵州省招生考试院,https://zsksy.guizhou.gov.cn/zlxz/202603/P020250625419082373133.pdf,https://zsksy.guizhou.gov.cn/zlxz/202603/t20260324_89900333.html,guizhou_2025_物理类_score_rank.pdf,pdf_table
2025,贵州,物理类,599,599,225,7413,3.578,7189,7413,贵州省招生考试院,https://zsksy.guizhou.gov.cn/zlxz/202603/P020250625419082373133.pdf,https://zsksy.guizhou.gov.cn/zlxz/202603/t20260324_89900333.html,guizhou_2025_物理类_score_rank.pdf,pdf_table
2025,贵州,物理类,598,598,227,7640,3.688,7414,7640,贵州省招生考试院,https://zsksy.guizhou.gov.cn/zlxz/202603/P020250625419082373133.pdf,https://zsksy.guizhou.gov.cn/zlxz/202603/t20260324_89900333.html,guizhou_2025_物理类_score_rank.pdf,pdf_table
2025,贵州,物理类,597,597,229,7869,3.798,7641,7869,贵州省招生考试院,https://zsksy.guizhou.gov.cn/zlxz/202603/P020250625419082373133.pdf,https://zsksy.guizhou.gov.cn/zlxz/202603/t20260324_89900333.html,guizhou_2025_物理类_score_rank.pdf,pdf_table
2025,贵州,物理类,596,596,231,8100,3.91,7870,8100,贵州省招生考试院,https://zsksy.guizhou.gov.cn/zlxz/202603/P020250625419082373133.pdf,https://zsksy.guizhou.gov.cn/zlxz/202603/t20260324_89900333.html,guizhou_2025_物理类_score_rank.pdf,pdf_table
2025,贵州,物理类,595,595,249,8349,4.03,8101,8349,贵州省招生考试院,https://zsksy.guizhou.gov.cn/zlxz/202603/P020250625419082373133.pdf,https://zsksy.guizhou.gov.cn/zlxz/202603/t20260324_89900333.html,guizhou_2025_物理类_score_rank.pdf,pdf_table
2025,贵州,物理类,594,594,243,8592,4.147,8350,8592,贵州省招生考试院,https://zsksy.guizhou.gov.cn/zlxz/202603/P020250625419082373133.pdf,https://zsksy.guizhou.gov.cn/zlxz/202603/t20260324_89900333.html,guizhou_2025_物理类_score_rank.pdf,pdf_table
2025,贵州,物理类,593,593,236,8828,4.261,8593,8828,贵州省招生考试院,https://zsksy.guizhou.gov.cn/zlxz/202603/P020250625419082373133.pdf,https://zsksy.guizhou.gov.cn/zlxz/202603/t20260324_89900333.html,guizhou_2025_物理类_score_rank.pdf,pdf_table
2025,贵州,物理类,592,592,245,9073,4.379,8829,9073,贵州省招生考试院,https://zsksy.guizhou.gov.cn/zlxz/202603/P020250625419082373133.pdf,https://zsksy.guizhou.gov.cn/zlxz/202603/t20260324_89900333.html,guizhou_2025_物理类_score_rank.pdf,pdf_table
2025,贵州,物理类,591,591,246,9319,4.498,9074,9319,贵州省招生考试院,https://zsksy.guizhou.gov.cn/zlxz/202603/P020250625419082373133.pdf,https://zsksy.guizhou.gov.cn/zlxz/202603/t20260324_89900333.html,guizhou_2025_物理类_score_rank.pdf,pdf_table
2025,贵州,物理类,590,590,221,9540,4.605,9320,9540,贵州省招生考试院,https://zsksy.guizhou.gov.cn/zlxz/202603/P020250625419082373133.pdf,https://zsksy.guizhou.gov.cn/zlxz/202603/t20260324_89900333.html,guizhou_2025_物理类_score_rank.pdf,pdf_table
2025,贵州,物理类,589,589,288,9828,4.744,9541,9828,贵州省招生考试院,https://zsksy.guizhou.gov.cn/zlxz/202603/P020250625419082373133.pdf,https://zsksy.guizhou.gov.cn/zlxz/202603/t20260324_89900333.html,guizhou_2025_物理类_score_rank.pdf,pdf_table
2025,贵州,物理类,588,588,266,10094,4.872,9829,10094,贵州省招生考试院,https://zsksy.guizhou.gov.cn/zlxz/202603/P020250625419082373133.pdf,https://zsksy.guizhou.gov.cn/zlxz/202603/t20260324_89900333.html,guizhou_2025_物理类_score_rank.pdf,pdf_table
2025,贵州,物理类,587,587,264,10358,5,10095,10358,贵州省招生考试院,https://zsksy.guizhou.gov.cn/zlxz/202603/P020250625419082373133.pdf,https://zsksy.guizhou.gov.cn/zlxz/202603/t20260324_89900333.html,guizhou_2025_物理类_score_rank.pdf,pdf_table
2025,贵州,物理类,586,586,263,10621,5.127,10359,10621,贵州省招生考试院,https://zsksy.guizhou.gov.cn/zlxz/202603/P020250625419082373133.pdf,https://zsksy.guizhou.gov.cn/zlxz/202603/t20260324_89900333.html,guizhou_2025_物理类_score_rank.pdf,pdf_table
2025,贵州,物理类,585,585,287,10908,5.265,10622,10908,贵州省招生考试院,https://zsksy.guizhou.gov.cn/zlxz/202603/P020250625419082373133.pdf,https://zsksy.guizhou.gov.cn/zlxz/202603/t20260324_89900333.html,guizhou_2025_物理类_score_rank.pdf,pdf_table
2025,贵州,物理类,584,584,305,11213,5.412,10909,11213,贵州省招生考试院,https://zsksy.guizhou.gov.cn/zlxz/202603/P020250625419082373133.pdf,https://zsksy.guizhou.gov.cn/zlxz/202603/t20260324_89900333.html,guizhou_2025_物理类_score_rank.pdf,pdf_table
2025,贵州,物理类,583,583,267,11480,5.541,11214,11480,贵州省招生考试院,https://zsksy.guizhou.gov.cn/zlxz/202603/P020250625419082373133.pdf,https://zsksy.guizhou.gov.cn/zlxz/202603/t20260324_89900333.html,guizhou_2025_物理类_score_rank.pdf,pdf_table
2025,贵州,物理类,582,582,284,11764,5.678,11481,11764,贵州省招生考试院,https://zsksy.guizhou.gov.cn/zlxz/202603/P020250625419082373133.pdf,https://zsksy.guizhou.gov.cn/zlxz/202603/t20260324_89900333.html,guizhou_2025_物理类_score_rank.pdf,pdf_table
2025,贵州,物理类,581,581,303,12067,5.825,11765,12067,贵州省招生考试院,https://zsksy.guizhou.gov.cn/zlxz/202603/P020250625419082373133.pdf,https://zsksy.guizhou.gov.cn/zlxz/202603/t20260324_89900333.html,guizhou_2025_物理类_score_rank.pdf,pdf_table
2025,贵州,物理类,580,580,332,12399,5.985,12068,12399,贵州省招生考试院,https://zsksy.guizhou.gov.cn/zlxz/202603/P020250625419082373133.pdf,https://zsksy.guizhou.gov.cn/zlxz/202603/t20260324_89900333.html,guizhou_2025_物理类_score_rank.pdf,pdf_table
2025,贵州,物理类,579,579,298,12697,6.129,12400,12697,贵州省招生考试院,https://zsksy.guizhou.gov.cn/zlxz/202603/P020250625419082373133.pdf,https://zsksy.guizhou.gov.cn/zlxz/202603/t20260324_89900333.html,guizhou_2025_物理类_score_rank.pdf,pdf_table
2025,贵州,物理类,578,578,312,13009,6.279,12698,13009,贵州省招生考试院,https://zsksy.guizhou.gov.cn/zlxz/202603/P020250625419082373133.pdf,https://zsksy.guizhou.gov.cn/zlxz/202603/t20260324_89900333.html,guizhou_2025_物理类_score_rank.pdf,pdf_table
2025,贵州,物理类,577,577,352,13361,6.449,13010,13361,贵州省招生考试院,https://zsksy.guizhou.gov.cn/zlxz/202603/P020250625419082373133.pdf,https://zsksy.guizhou.gov.cn/zlxz/202603/t20260324_89900333.html,guizhou_2025_物理类_score_rank.pdf,pdf_table
2025,贵州,物理类,576,576,323,13684,6.605,13362,13684,贵州省招生考试院,https://zsksy.guizhou.gov.cn/zlxz/202603/P020250625419082373133.pdf,https://zsksy.guizhou.gov.cn/zlxz/202603/t20260324_89900333.html,guizhou_2025_物理类_score_rank.pdf,pdf_table
2025,贵州,物理类,575,575,320,14004,6.76,13685,14004,贵州省招生考试院,https://zsksy.guizhou.gov.cn/zlxz/202603/P020250625419082373133.pdf,https://zsksy.guizhou.gov.cn/zlxz/202603/t20260324_89900333.html,guizhou_2025_物理类_score_rank.pdf,pdf_table
2025,贵州,物理类,574,574,353,14357,6.93,14005,14357,贵州省招生考试院,https://zsksy.guizhou.gov.cn/zlxz/202603/P020250625419082373133.pdf,https://zsksy.guizhou.gov.cn/zlxz/202603/t20260324_89900333.html,guizhou_2025_物理类_score_rank.pdf,pdf_table
2025,贵州,物理类,573,573,334,14691,7.091,14358,14691,贵州省招生考试院,https://zsksy.guizhou.gov.cn/zlxz/202603/P020250625419082373133.pdf,https://zsksy.guizhou.gov.cn/zlxz/202603/t20260324_89900333.html,guizhou_2025_物理类_score_rank.pdf,pdf_table
2025,贵州,物理类,572,572,338,15029,7.254,14692,15029,贵州省招生考试院,https://zsksy.guizhou.gov.cn/zlxz/202603/P020250625419082373133.pdf,https://zsksy.guizhou.gov.cn/zlxz/202603/t20260324_89900333.html,guizhou_2025_物理类_score_rank.pdf,pdf_table
2025,贵州,物理类,571,571,323,15352,7.41,15030,15352,贵州省招生考试院,https://zsksy.guizhou.gov.cn/zlxz/202603/P020250625419082373133.pdf,https://zsksy.guizhou.gov.cn/zlxz/202603/t20260324_89900333.html,guizhou_2025_物理类_score_rank.pdf,pdf_table
2025,贵州,物理类,570,570,337,15689,7.573,15353,15689,贵州省招生考试院,https://zsksy.guizhou.gov.cn/zlxz/202603/P020250625419082373133.pdf,https://zsksy.guizhou.gov.cn/zlxz/202603/t20260324_89900333.html,guizhou_2025_物理类_score_rank.pdf,pdf_table
2025,贵州,物理类,569,569,355,16044,7.744,15690,16044,贵州省招生考试院,https://zsksy.guizhou.gov.cn/zlxz/202603/P020250625419082373133.pdf,https://zsksy.guizhou.gov.cn/zlxz/202603/t20260324_89900333.html,guizhou_2025_物理类_score_rank.pdf,pdf_table
2025,贵州,物理类,568,568,356,16400,7.916,16045,16400,贵州省招生考试院,https://zsksy.guizhou.gov.cn/zlxz/202603/P020250625419082373133.pdf,https://zsksy.guizhou.gov.cn/zlxz/202603/t20260324_89900333.html,guizhou_2025_物理类_score_rank.pdf,pdf_table
2025,贵州,物理类,567,567,368,16768,8.094,16401,16768,贵州省招生考试院,https://zsksy.guizhou.gov.cn/zlxz/202603/P020250625419082373133.pdf,https://zsksy.guizhou.gov.cn/zlxz/202603/t20260324_89900333.html,guizhou_2025_物理类_score_rank.pdf,pdf_table
2025,贵州,物理类,566,566,352,17120,8.264,16769,17120,贵州省招生考试院,https://zsksy.guizhou.gov.cn/zlxz/202603/P020250625419082373133.pdf,https://zsksy.guizhou.gov.cn/zlxz/202603/t20260324_89900333.html,guizhou_2025_物理类_score_rank.pdf,pdf_table
2025,贵州,物理类,565,565,351,17471,8.433,17121,17471,贵州省招生考试院,https://zsksy.guizhou.gov.cn/zlxz/202603/P020250625419082373133.pdf,https://zsksy.guizhou.gov.cn/zlxz/202603/t20260324_89900333.html,guizhou_2025_物理类_score_rank.pdf,pdf_table
2025,贵州,物理类,564,564,375,17846,8.614,17472,17846,贵州省招生考试院,https://zsksy.guizhou.gov.cn/zlxz/202603/P020250625419082373133.pdf,https://zsksy.guizhou.gov.cn/zlxz/202603/t20260324_89900333.html,guizhou_2025_物理类_score_rank.pdf,pdf_table
2025,贵州,物理类,563,563,363,18209,8.789,17847,18209,贵州省招生考试院,https://zsksy.guizhou.gov.cn/zlxz/202603/P020250625419082373133.pdf,https://zsksy.guizhou.gov.cn/zlxz/202603/t20260324_89900333.html,guizhou_2025_物理类_score_rank.pdf,pdf_table
2025,贵州,物理类,562,562,386,18595,8.976,18210,18595,贵州省招生考试院,https://zsksy.guizhou.gov.cn/zlxz/202603/P020250625419082373133.pdf,https://zsksy.guizhou.gov.cn/zlxz/202603/t20260324_89900333.html,guizhou_2025_物理类_score_rank.pdf,pdf_table
2025,贵州,物理类,561,561,375,18970,9.157,18596,18970,贵州省招生考试院,https://zsksy.guizhou.gov.cn/zlxz/202603/P020250625419082373133.pdf,https://zsksy.guizhou.gov.cn/zlxz/202603/t20260324_89900333.html,guizhou_2025_物理类_score_rank.pdf,pdf_table
2025,贵州,物理类,560,560,353,19323,9.327,18971,19323,贵州省招生考试院,https://zsksy.guizhou.gov.cn/zlxz/202603/P020250625419082373133.pdf,https://zsksy.guizhou.gov.cn/zlxz/202603/t20260324_89900333.html,guizhou_2025_物理类_score_rank.pdf,pdf_table
2025,贵州,物理类,559,559,413,19736,9.526,19324,19736,贵州省招生考试院,https://zsksy.guizhou.gov.cn/zlxz/202603/P020250625419082373133.pdf,https://zsksy.guizhou.gov.cn/zlxz/202603/t20260324_89900333.html,guizhou_2025_物理类_score_rank.pdf,pdf_table
2025,贵州,物理类,558,558,429,20165,9.734,19737,20165,贵州省招生考试院,https://zsksy.guizhou.gov.cn/zlxz/202603/P020250625419082373133.pdf,https://zsksy.guizhou.gov.cn/zlxz/202603/t20260324_89900333.html,guizhou_2025_物理类_score_rank.pdf,pdf_table
2025,贵州,物理类,557,557,415,20580,9.934,20166,20580,贵州省招生考试院,https://zsksy.guizhou.gov.cn/zlxz/202603/P020250625419082373133.pdf,https://zsksy.guizhou.gov.cn/zlxz/202603/t20260324_89900333.html,guizhou_2025_物理类_score_rank.pdf,pdf_table
2025,贵州,物理类,556,556,447,21027,10.15,20581,21027,贵州省招生考试院,https://zsksy.guizhou.gov.cn/zlxz/202603/P020250625419082373133.pdf,https://zsksy.guizhou.gov.cn/zlxz/202603/t20260324_89900333.html,guizhou_2025_物理类_score_rank.pdf,pdf_table
2025,贵州,物理类,555,555,381,21408,10.333,21028,21408,贵州省招生考试院,https://zsksy.guizhou.gov.cn/zlxz/202603/P020250625419082373133.pdf,https://zsksy.guizhou.gov.cn/zlxz/202603/t20260324_89900333.html,guizhou_2025_物理类_score_rank.pdf,pdf_table
2025,贵州,物理类,554,554,435,21843,10.543,21409,21843,贵州省招生考试院,https://zsksy.guizhou.gov.cn/zlxz/202603/P020250625419082373133.pdf,https://zsksy.guizhou.gov.cn/zlxz/202603/t20260324_89900333.html,guizhou_2025_物理类_score_rank.pdf,pdf_table
2025,贵州,物理类,553,553,410,22253,10.741,21844,22253,贵州省招生考试院,https://zsksy.guizhou.gov.cn/zlxz/202603/P020250625419082373133.pdf,https://zsksy.guizhou.gov.cn/zlxz/202603/t20260324_89900333.html,guizhou_2025_物理类_score_rank.pdf,pdf_table
2025,贵州,物理类,552,552,407,22660,10.938,22254,22660,贵州省招生考试院,https://zsksy.guizhou.gov.cn/zlxz/202603/P020250625419082373133.pdf,https://zsksy.guizhou.gov.cn/zlxz/202603/t20260324_89900333.html,guizhou_2025_物理类_score_rank.pdf,pdf_table
2025,贵州,物理类,551,551,444,23104,11.152,22661,23104,贵州省招生考试院,https://zsksy.guizhou.gov.cn/zlxz/202603/P020250625419082373133.pdf,https://zsksy.guizhou.gov.cn/zlxz/202603/t20260324_89900333.html,guizhou_2025_物理类_score_rank.pdf,pdf_table
2025,贵州,物理类,550,550,431,23535,11.36,23105,23535,贵州省招生考试院,https://zsksy.guizhou.gov.cn/zlxz/202603/P020250625419082373133.pdf,https://zsksy.guizhou.gov.cn/zlxz/202603/t20260324_89900333.html,guizhou_2025_物理类_score_rank.pdf,pdf_table
2025,贵州,物理类,549,549,442,23977,11.574,23536,23977,贵州省招生考试院,https://zsksy.guizhou.gov.cn/zlxz/202603/P020250625419082373133.pdf,https://zsksy.guizhou.gov.cn/zlxz/202603/t20260324_89900333.html,guizhou_2025_物理类_score_rank.pdf,pdf_table
2025,贵州,物理类,548,548,438,24415,11.785,23978,24415,贵州省招生考试院,https://zsksy.guizhou.gov.cn/zlxz/202603/P020250625419082373133.pdf,https://zsksy.guizhou.gov.cn/zlxz/202603/t20260324_89900333.html,guizhou_2025_物理类_score_rank.pdf,pdf_table
2025,贵州,物理类,547,547,451,24866,12.003,24416,24866,贵州省招生考试院,https://zsksy.guizhou.gov.cn/zlxz/202603/P020250625419082373133.pdf,https://zsksy.guizhou.gov.cn/zlxz/202603/t20260324_89900333.html,guizhou_2025_物理类_score_rank.pdf,pdf_table
2025,贵州,物理类,546,546,474,25340,12.231,24867,25340,贵州省招生考试院,https://zsksy.guizhou.gov.cn/zlxz/202603/P020250625419082373133.pdf,https://zsksy.guizhou.gov.cn/zlxz/202603/t20260324_89900333.html,guizhou_2025_物理类_score_rank.pdf,pdf_table
2025,贵州,物理类,545,545,454,25794,12.451,25341,25794,贵州省招生考试院,https://zsksy.guizhou.gov.cn/zlxz/202603/P020250625419082373133.pdf,https://zsksy.guizhou.gov.cn/zlxz/202603/t20260324_89900333.html,guizhou_2025_物理类_score_rank.pdf,pdf_table
2025,贵州,物理类,544,544,472,26266,12.678,25795,26266,贵州省招生考试院,https://zsksy.guizhou.gov.cn/zlxz/202603/P020250625419082373133.pdf,https://zsksy.guizhou.gov.cn/zlxz/202603/t20260324_89900333.html,guizhou_2025_物理类_score_rank.pdf,pdf_table
2025,贵州,物理类,543,543,521,26787,12.93,26267,26787,贵州省招生考试院,https://zsksy.guizhou.gov.cn/zlxz/202603/P020250625419082373133.pdf,https://zsksy.guizhou.gov.cn/zlxz/202603/t20260324_89900333.html,guizhou_2025_物理类_score_rank.pdf,pdf_table
2025,贵州,物理类,542,542,484,27271,13.164,26788,27271,贵州省招生考试院,https://zsksy.guizhou.gov.cn/zlxz/202603/P020250625419082373133.pdf,https://zsksy.guizhou.gov.cn/zlxz/202603/t20260324_89900333.html,guizhou_2025_物理类_score_rank.pdf,pdf_table
2025,贵州,物理类,541,541,477,27748,13.394,27272,27748,贵州省招生考试院,https://zsksy.guizhou.gov.cn/zlxz/202603/P020250625419082373133.pdf,https://zsksy.guizhou.gov.cn/zlxz/202603/t20260324_89900333.html,guizhou_2025_物理类_score_rank.pdf,pdf_table
2025,贵州,物理类,540,540,509,28257,13.639,27749,28257,贵州省招生考试院,https://zsksy.guizhou.gov.cn/zlxz/202603/P020250625419082373133.pdf,https://zsksy.guizhou.gov.cn/zlxz/202603/t20260324_89900333.html,guizhou_2025_物理类_score_rank.pdf,pdf_table
2025,贵州,物理类,539,539,499,28756,13.88,28258,28756,贵州省招生考试院,https://zsksy.guizhou.gov.cn/zlxz/202603/P020250625419082373133.pdf,https://zsksy.guizhou.gov.cn/zlxz/202603/t20260324_89900333.html,guizhou_2025_物理类_score_rank.pdf,pdf_table
2025,贵州,物理类,538,538,510,29266,14.126,28757,29266,贵州省招生考试院,https://zsksy.guizhou.gov.cn/zlxz/202603/P020250625419082373133.pdf,https://zsksy.guizhou.gov.cn/zlxz/202603/t20260324_89900333.html,guizhou_2025_物理类_score_rank.pdf,pdf_table
2025,贵州,物理类,537,537,571,29837,14.402,29267,29837,贵州省招生考试院,https://zsksy.guizhou.gov.cn/zlxz/202603/P020250625419082373133.pdf,https://zsksy.guizhou.gov.cn/zlxz/202603/t20260324_89900333.html,guizhou_2025_物理类_score_rank.pdf,pdf_table
2025,贵州,物理类,536,536,513,30350,14.65,29838,30350,贵州省招生考试院,https://zsksy.guizhou.gov.cn/zlxz/202603/P020250625419082373133.pdf,https://zsksy.guizhou.gov.cn/zlxz/202603/t20260324_89900333.html,guizhou_2025_物理类_score_rank.pdf,pdf_table
2025,贵州,物理类,535,535,467,30817,14.875,30351,30817,贵州省招生考试院,https://zsksy.guizhou.gov.cn/zlxz/202603/P020250625419082373133.pdf,https://zsksy.guizhou.gov.cn/zlxz/202603/t20260324_89900333.html,guizhou_2025_物理类_score_rank.pdf,pdf_table
2025,贵州,物理类,534,534,521,31338,15.127,30818,31338,贵州省招生考试院,https://zsksy.guizhou.gov.cn/zlxz/202603/P020250625419082373133.pdf,https://zsksy.guizhou.gov.cn/zlxz/202603/t20260324_89900333.html,guizhou_2025_物理类_score_rank.pdf,pdf_table
2025,贵州,物理类,533,533,556,31894,15.395,31339,31894,贵州省招生考试院,https://zsksy.guizhou.gov.cn/zlxz/202603/P020250625419082373133.pdf,https://zsksy.guizhou.gov.cn/zlxz/202603/t20260324_89900333.html,guizhou_2025_物理类_score_rank.pdf,pdf_table
2025,贵州,物理类,532,532,516,32410,15.644,31895,32410,贵州省招生考试院,https://zsksy.guizhou.gov.cn/zlxz/202603/P020250625419082373133.pdf,https://zsksy.guizhou.gov.cn/zlxz/202603/t20260324_89900333.html,guizhou_2025_物理类_score_rank.pdf,pdf_table
2025,贵州,物理类,531,531,574,32984,15.921,32411,32984,贵州省招生考试院,https://zsksy.guizhou.gov.cn/zlxz/202603/P020250625419082373133.pdf,https://zsksy.guizhou.gov.cn/zlxz/202603/t20260324_89900333.html,guizhou_2025_物理类_score_rank.pdf,pdf_table
2025,贵州,物理类,530,530,510,33494,16.167,32985,33494,贵州省招生考试院,https://zsksy.guizhou.gov.cn/zlxz/202603/P020250625419082373133.pdf,https://zsksy.guizhou.gov.cn/zlxz/202603/t20260324_89900333.html,guizhou_2025_物理类_score_rank.pdf,pdf_table
2025,贵州,物理类,529,529,553,34047,16.434,33495,34047,贵州省招生考试院,https://zsksy.guizhou.gov.cn/zlxz/202603/P020250625419082373133.pdf,https://zsksy.guizhou.gov.cn/zlxz/202603/t20260324_89900333.html,guizhou_2025_物理类_score_rank.pdf,pdf_table
2025,贵州,物理类,528,528,555,34602,16.702,34048,34602,贵州省招生考试院,https://zsksy.guizhou.gov.cn/zlxz/202603/P020250625419082373133.pdf,https://zsksy.guizhou.gov.cn/zlxz/202603/t20260324_89900333.html,guizhou_2025_物理类_score_rank.pdf,pdf_table
2025,贵州,物理类,527,527,555,35157,16.97,34603,35157,贵州省招生考试院,https://zsksy.guizhou.gov.cn/zlxz/202603/P020250625419082373133.pdf,https://zsksy.guizhou.gov.cn/zlxz/202603/t20260324_89900333.html,guizhou_2025_物理类_score_rank.pdf,pdf_table
2025,贵州,物理类,526,526,579,35736,17.25,35158,35736,贵州省招生考试院,https://zsksy.guizhou.gov.cn/zlxz/202603/P020250625419082373133.pdf,https://zsksy.guizhou.gov.cn/zlxz/202603/t20260324_89900333.html,guizhou_2025_物理类_score_rank.pdf,pdf_table
2025,贵州,物理类,525,525,612,36348,17.545,35737,36348,贵州省招生考试院,https://zsksy.guizhou.gov.cn/zlxz/202603/P020250625419082373133.pdf,https://zsksy.guizhou.gov.cn/zlxz/202603/t20260324_89900333.html,guizhou_2025_物理类_score_rank.pdf,pdf_table
2025,贵州,物理类,524,524,597,36945,17.833,36349,36945,贵州省招生考试院,https://zsksy.guizhou.gov.cn/zlxz/202603/P020250625419082373133.pdf,https://zsksy.guizhou.gov.cn/zlxz/202603/t20260324_89900333.html,guizhou_2025_物理类_score_rank.pdf,pdf_table
2025,贵州,物理类,523,523,551,37496,18.099,36946,37496,贵州省招生考试院,https://zsksy.guizhou.gov.cn/zlxz/202603/P020250625419082373133.pdf,https://zsksy.guizhou.gov.cn/zlxz/202603/t20260324_89900333.html,guizhou_2025_物理类_score_rank.pdf,pdf_table
2025,贵州,物理类,522,522,590,38086,18.384,37497,38086,贵州省招生考试院,https://zsksy.guizhou.gov.cn/zlxz/202603/P020250625419082373133.pdf,https://zsksy.guizhou.gov.cn/zlxz/202603/t20260324_89900333.html,guizhou_2025_物理类_score_rank.pdf,pdf_table
2025,贵州,物理类,521,521,591,38677,18.669,38087,38677,贵州省招生考试院,https://zsksy.guizhou.gov.cn/zlxz/202603/P020250625419082373133.pdf,https://zsksy.guizhou.gov.cn/zlxz/202603/t20260324_89900333.html,guizhou_2025_物理类_score_rank.pdf,pdf_table
2025,贵州,物理类,520,520,562,39239,18.94,38678,39239,贵州省招生考试院,https://zsksy.guizhou.gov.cn/zlxz/202603/P020250625419082373133.pdf,https://zsksy.guizhou.gov.cn/zlxz/202603/t20260324_89900333.html,guizhou_2025_物理类_score_rank.pdf,pdf_table
2025,贵州,物理类,519,519,586,39825,19.223,39240,39825,贵州省招生考试院,https://zsksy.guizhou.gov.cn/zlxz/202603/P020250625419082373133.pdf,https://zsksy.guizhou.gov.cn/zlxz/202603/t20260324_89900333.html,guizhou_2025_物理类_score_rank.pdf,pdf_table
2025,贵州,物理类,518,518,609,40434,19.517,39826,40434,贵州省招生考试院,https://zsksy.guizhou.gov.cn/zlxz/202603/P020250625419082373133.pdf,https://zsksy.guizhou.gov.cn/zlxz/202603/t20260324_89900333.html,guizhou_2025_物理类_score_rank.pdf,pdf_table
2025,贵州,物理类,517,517,602,41036,19.808,40435,41036,贵州省招生考试院,https://zsksy.guizhou.gov.cn/zlxz/202603/P020250625419082373133.pdf,https://zsksy.guizhou.gov.cn/zlxz/202603/t20260324_89900333.html,guizhou_2025_物理类_score_rank.pdf,pdf_table
2025,贵州,物理类,516,516,622,41658,20.108,41037,41658,贵州省招生考试院,https://zsksy.guizhou.gov.cn/zlxz/202603/P020250625419082373133.pdf,https://zsksy.guizhou.gov.cn/zlxz/202603/t20260324_89900333.html,guizhou_2025_物理类_score_rank.pdf,pdf_table
2025,贵州,物理类,515,515,681,42339,20.437,41659,42339,贵州省招生考试院,https://zsksy.guizhou.gov.cn/zlxz/202603/P020250625419082373133.pdf,https://zsksy.guizhou.gov.cn/zlxz/202603/t20260324_89900333.html,guizhou_2025_物理类_score_rank.pdf,pdf_table
2025,贵州,物理类,514,514,687,43026,20.768,42340,43026,贵州省招生考试院,https://zsksy.guizhou.gov.cn/zlxz/202603/P020250625419082373133.pdf,https://zsksy.guizhou.gov.cn/zlxz/202603/t20260324_89900333.html,guizhou_2025_物理类_score_rank.pdf,pdf_table
2025,贵州,物理类,513,513,637,43663,21.076,43027,43663,贵州省招生考试院,https://zsksy.guizhou.gov.cn/zlxz/202603/P020250625419082373133.pdf,https://zsksy.guizhou.gov.cn/zlxz/202603/t20260324_89900333.html,guizhou_2025_物理类_score_rank.pdf,pdf_table
2025,贵州,物理类,512,512,663,44326,21.396,43664,44326,贵州省招生考试院,https://zsksy.guizhou.gov.cn/zlxz/202603/P020250625419082373133.pdf,https://zsksy.guizhou.gov.cn/zlxz/202603/t20260324_89900333.html,guizhou_2025_物理类_score_rank.pdf,pdf_table
2025,贵州,物理类,511,511,676,45002,21.722,44327,45002,贵州省招生考试院,https://zsksy.guizhou.gov.cn/zlxz/202603/P020250625419082373133.pdf,https://zsksy.guizhou.gov.cn/zlxz/202603/t20260324_89900333.html,guizhou_2025_物理类_score_rank.pdf,pdf_table
2025,贵州,物理类,510,510,645,45647,22.033,45003,45647,贵州省招生考试院,https://zsksy.guizhou.gov.cn/zlxz/202603/P020250625419082373133.pdf,https://zsksy.guizhou.gov.cn/zlxz/202603/t20260324_89900333.html,guizhou_2025_物理类_score_rank.pdf,pdf_table
2025,贵州,物理类,509,509,643,46290,22.344,45648,46290,贵州省招生考试院,https://zsksy.guizhou.gov.cn/zlxz/202603/P020250625419082373133.pdf,https://zsksy.guizhou.gov.cn/zlxz/202603/t20260324_89900333.html,guizhou_2025_物理类_score_rank.pdf,pdf_table
2025,贵州,物理类,508,508,658,46948,22.661,46291,46948,贵州省招生考试院,https://zsksy.guizhou.gov.cn/zlxz/202603/P020250625419082373133.pdf,https://zsksy.guizhou.gov.cn/zlxz/202603/t20260324_89900333.html,guizhou_2025_物理类_score_rank.pdf,pdf_table
2025,贵州,物理类,507,507,724,47672,23.011,46949,47672,贵州省招生考试院,https://zsksy.guizhou.gov.cn/zlxz/202603/P020250625419082373133.pdf,https://zsksy.guizhou.gov.cn/zlxz/202603/t20260324_89900333.html,guizhou_2025_物理类_score_rank.pdf,pdf_table
2025,贵州,物理类,506,506,687,48359,23.343,47673,48359,贵州省招生考试院,https://zsksy.guizhou.gov.cn/zlxz/202603/P020250625419082373133.pdf,https://zsksy.guizhou.gov.cn/zlxz/202603/t20260324_89900333.html,guizhou_2025_物理类_score_rank.pdf,pdf_table
2025,贵州,物理类,505,505,746,49105,23.703,48360,49105,贵州省招生考试院,https://zsksy.guizhou.gov.cn/zlxz/202603/P020250625419082373133.pdf,https://zsksy.guizhou.gov.cn/zlxz/202603/t20260324_89900333.html,guizhou_2025_物理类_score_rank.pdf,pdf_table
2025,贵州,物理类,504,504,733,49838,24.056,49106,49838,贵州省招生考试院,https://zsksy.guizhou.gov.cn/zlxz/202603/P020250625419082373133.pdf,https://zsksy.guizhou.gov.cn/zlxz/202603/t20260324_89900333.html,guizhou_2025_物理类_score_rank.pdf,pdf_table
2025,贵州,物理类,503,503,692,50530,24.39,49839,50530,贵州省招生考试院,https://zsksy.guizhou.gov.cn/zlxz/202603/P020250625419082373133.pdf,https://zsksy.guizhou.gov.cn/zlxz/202603/t20260324_89900333.html,guizhou_2025_物理类_score_rank.pdf,pdf_table
2025,贵州,物理类,502,502,710,51240,24.733,50531,51240,贵州省招生考试院,https://zsksy.guizhou.gov.cn/zlxz/202603/P020250625419082373133.pdf,https://zsksy.guizhou.gov.cn/zlxz/202603/t20260324_89900333.html,guizhou_2025_物理类_score_rank.pdf,pdf_table
2025,贵州,物理类,501,501,655,51895,25.049,51241,51895,贵州省招生考试院,https://zsksy.guizhou.gov.cn/zlxz/202603/P020250625419082373133.pdf,https://zsksy.guizhou.gov.cn/zlxz/202603/t20260324_89900333.html,guizhou_2025_物理类_score_rank.pdf,pdf_table
2025,贵州,物理类,500,500,738,52633,25.406,51896,52633,贵州省招生考试院,https://zsksy.guizhou.gov.cn/zlxz/202603/P020250625419082373133.pdf,https://zsksy.guizhou.gov.cn/zlxz/202603/t20260324_89900333.html,guizhou_2025_物理类_score_rank.pdf,pdf_table
2025,贵州,物理类,499,499,722,53355,25.754,52634,53355,贵州省招生考试院,https://zsksy.guizhou.gov.cn/zlxz/202603/P020250625419082373133.pdf,https://zsksy.guizhou.gov.cn/zlxz/202603/t20260324_89900333.html,guizhou_2025_物理类_score_rank.pdf,pdf_table
2025,贵州,物理类,498,498,719,54074,26.101,53356,54074,贵州省招生考试院,https://zsksy.guizhou.gov.cn/zlxz/202603/P020250625419082373133.pdf,https://zsksy.guizhou.gov.cn/zlxz/202603/t20260324_89900333.html,guizhou_2025_物理类_score_rank.pdf,pdf_table
2025,贵州,物理类,497,497,728,54802,26.453,54075,54802,贵州省招生考试院,https://zsksy.guizhou.gov.cn/zlxz/202603/P020250625419082373133.pdf,https://zsksy.guizhou.gov.cn/zlxz/202603/t20260324_89900333.html,guizhou_2025_物理类_score_rank.pdf,pdf_table
2025,贵州,物理类,496,496,753,55555,26.816,54803,55555,贵州省招生考试院,https://zsksy.guizhou.gov.cn/zlxz/202603/P020250625419082373133.pdf,https://zsksy.guizhou.gov.cn/zlxz/202603/t20260324_89900333.html,guizhou_2025_物理类_score_rank.pdf,pdf_table
2025,贵州,物理类,495,495,789,56344,27.197,55556,56344,贵州省招生考试院,https://zsksy.guizhou.gov.cn/zlxz/202603/P020250625419082373133.pdf,https://zsksy.guizhou.gov.cn/zlxz/202603/t20260324_89900333.html,guizhou_2025_物理类_score_rank.pdf,pdf_table
2025,贵州,物理类,494,494,774,57118,27.57,56345,57118,贵州省招生考试院,https://zsksy.guizhou.gov.cn/zlxz/202603/P020250625419082373133.pdf,https://zsksy.guizhou.gov.cn/zlxz/202603/t20260324_89900333.html,guizhou_2025_物理类_score_rank.pdf,pdf_table
2025,贵州,物理类,493,493,745,57863,27.93,57119,57863,贵州省招生考试院,https://zsksy.guizhou.gov.cn/zlxz/202603/P020250625419082373133.pdf,https://zsksy.guizhou.gov.cn/zlxz/202603/t20260324_89900333.html,guizhou_2025_物理类_score_rank.pdf,pdf_table
2025,贵州,物理类,492,492,789,58652,28.311,57864,58652,贵州省招生考试院,https://zsksy.guizhou.gov.cn/zlxz/202603/P020250625419082373133.pdf,https://zsksy.guizhou.gov.cn/zlxz/202603/t20260324_89900333.html,guizhou_2025_物理类_score_rank.pdf,pdf_table
2025,贵州,物理类,491,491,786,59438,28.69,58653,59438,贵州省招生考试院,https://zsksy.guizhou.gov.cn/zlxz/202603/P020250625419082373133.pdf,https://zsksy.guizhou.gov.cn/zlxz/202603/t20260324_89900333.html,guizhou_2025_物理类_score_rank.pdf,pdf_table
2025,贵州,物理类,490,490,744,60182,29.049,59439,60182,贵州省招生考试院,https://zsksy.guizhou.gov.cn/zlxz/202603/P020250625419082373133.pdf,https://zsksy.guizhou.gov.cn/zlxz/202603/t20260324_89900333.html,guizhou_2025_物理类_score_rank.pdf,pdf_table
2025,贵州,物理类,489,489,773,60955,29.423,60183,60955,贵州省招生考试院,https://zsksy.guizhou.gov.cn/zlxz/202603/P020250625419082373133.pdf,https://zsksy.guizhou.gov.cn/zlxz/202603/t20260324_89900333.html,guizhou_2025_物理类_score_rank.pdf,pdf_table
2025,贵州,物理类,488,488,799,61754,29.808,60956,61754,贵州省招生考试院,https://zsksy.guizhou.gov.cn/zlxz/202603/P020250625419082373133.pdf,https://zsksy.guizhou.gov.cn/zlxz/202603/t20260324_89900333.html,guizhou_2025_物理类_score_rank.pdf,pdf_table
2025,贵州,物理类,487,487,819,62573,30.204,61755,62573,贵州省招生考试院,https://zsksy.guizhou.gov.cn/zlxz/202603/P020250625419082373133.pdf,https://zsksy.guizhou.gov.cn/zlxz/202603/t20260324_89900333.html,guizhou_2025_物理类_score_rank.pdf,pdf_table
2025,贵州,物理类,486,486,824,63397,30.601,62574,63397,贵州省招生考试院,https://zsksy.guizhou.gov.cn/zlxz/202603/P020250625419082373133.pdf,https://zsksy.guizhou.gov.cn/zlxz/202603/t20260324_89900333.html,guizhou_2025_物理类_score_rank.pdf,pdf_table
2025,贵州,物理类,485,485,860,64257,31.016,63398,64257,贵州省招生考试院,https://zsksy.guizhou.gov.cn/zlxz/202603/P020250625419082373133.pdf,https://zsksy.guizhou.gov.cn/zlxz/202603/t20260324_89900333.html,guizhou_2025_物理类_score_rank.pdf,pdf_table
2025,贵州,物理类,484,484,819,65076,31.412,64258,65076,贵州省招生考试院,https://zsksy.guizhou.gov.cn/zlxz/202603/P020250625419082373133.pdf,https://zsksy.guizhou.gov.cn/zlxz/202603/t20260324_89900333.html,guizhou_2025_物理类_score_rank.pdf,pdf_table
2025,贵州,物理类,483,483,901,65977,31.847,65077,65977,贵州省招生考试院,https://zsksy.guizhou.gov.cn/zlxz/202603/P020250625419082373133.pdf,https://zsksy.guizhou.gov.cn/zlxz/202603/t20260324_89900333.html,guizhou_2025_物理类_score_rank.pdf,pdf_table
2025,贵州,物理类,482,482,901,66878,32.282,65978,66878,贵州省招生考试院,https://zsksy.guizhou.gov.cn/zlxz/202603/P020250625419082373133.pdf,https://zsksy.guizhou.gov.cn/zlxz/202603/t20260324_89900333.html,guizhou_2025_物理类_score_rank.pdf,pdf_table
2025,贵州,物理类,481,481,855,67733,32.694,66879,67733,贵州省招生考试院,https://zsksy.guizhou.gov.cn/zlxz/202603/P020250625419082373133.pdf,https://zsksy.guizhou.gov.cn/zlxz/202603/t20260324_89900333.html,guizhou_2025_物理类_score_rank.pdf,pdf_table
2025,贵州,物理类,480,480,850,68583,33.105,67734,68583,贵州省招生考试院,https://zsksy.guizhou.gov.cn/zlxz/202603/P020250625419082373133.pdf,https://zsksy.guizhou.gov.cn/zlxz/202603/t20260324_89900333.html,guizhou_2025_物理类_score_rank.pdf,pdf_table
2025,贵州,物理类,479,479,823,69406,33.502,68584,69406,贵州省招生考试院,https://zsksy.guizhou.gov.cn/zlxz/202603/P020250625419082373133.pdf,https://zsksy.guizhou.gov.cn/zlxz/202603/t20260324_89900333.html,guizhou_2025_物理类_score_rank.pdf,pdf_table
2025,贵州,物理类,478,478,847,70253,33.911,69407,70253,贵州省招生考试院,https://zsksy.guizhou.gov.cn/zlxz/202603/P020250625419082373133.pdf,https://zsksy.guizhou.gov.cn/zlxz/202603/t20260324_89900333.html,guizhou_2025_物理类_score_rank.pdf,pdf_table
2025,贵州,物理类,477,477,924,71177,34.357,70254,71177,贵州省招生考试院,https://zsksy.guizhou.gov.cn/zlxz/202603/P020250625419082373133.pdf,https://zsksy.guizhou.gov.cn/zlxz/202603/t20260324_89900333.html,guizhou_2025_物理类_score_rank.pdf,pdf_table
2025,贵州,物理类,476,476,836,72013,34.76,71178,72013,贵州省招生考试院,https://zsksy.guizhou.gov.cn/zlxz/202603/P020250625419082373133.pdf,https://zsksy.guizhou.gov.cn/zlxz/202603/t20260324_89900333.html,guizhou_2025_物理类_score_rank.pdf,pdf_table
2025,贵州,物理类,475,475,974,72987,35.23,72014,72987,贵州省招生考试院,https://zsksy.guizhou.gov.cn/zlxz/202603/P020250625419082373133.pdf,https://zsksy.guizhou.gov.cn/zlxz/202603/t20260324_89900333.html,guizhou_2025_物理类_score_rank.pdf,pdf_table
2025,贵州,物理类,474,474,903,73890,35.666,72988,73890,贵州省招生考试院,https://zsksy.guizhou.gov.cn/zlxz/202603/P020250625419082373133.pdf,https://zsksy.guizhou.gov.cn/zlxz/202603/t20260324_89900333.html,guizhou_2025_物理类_score_rank.pdf,pdf_table
2025,贵州,物理类,473,473,864,74754,36.083,73891,74754,贵州省招生考试院,https://zsksy.guizhou.gov.cn/zlxz/202603/P020250625419082373133.pdf,https://zsksy.guizhou.gov.cn/zlxz/202603/t20260324_89900333.html,guizhou_2025_物理类_score_rank.pdf,pdf_table
2025,贵州,物理类,472,472,921,75675,36.528,74755,75675,贵州省招生考试院,https://zsksy.guizhou.gov.cn/zlxz/202603/P020250625419082373133.pdf,https://zsksy.guizhou.gov.cn/zlxz/202603/t20260324_89900333.html,guizhou_2025_物理类_score_rank.pdf,pdf_table
2025,贵州,物理类,471,471,884,76559,36.954,75676,76559,贵州省招生考试院,https://zsksy.guizhou.gov.cn/zlxz/202603/P020250625419082373133.pdf,https://zsksy.guizhou.gov.cn/zlxz/202603/t20260324_89900333.html,guizhou_2025_物理类_score_rank.pdf,pdf_table
2025,贵州,物理类,470,470,938,77497,37.407,76560,77497,贵州省招生考试院,https://zsksy.guizhou.gov.cn/zlxz/202603/P020250625419082373133.pdf,https://zsksy.guizhou.gov.cn/zlxz/202603/t20260324_89900333.html,guizhou_2025_物理类_score_rank.pdf,pdf_table
2025,贵州,物理类,469,469,954,78451,37.868,77498,78451,贵州省招生考试院,https://zsksy.guizhou.gov.cn/zlxz/202603/P020250625419082373133.pdf,https://zsksy.guizhou.gov.cn/zlxz/202603/t20260324_89900333.html,guizhou_2025_物理类_score_rank.pdf,pdf_table
2025,贵州,物理类,468,468,973,79424,38.337,78452,79424,贵州省招生考试院,https://zsksy.guizhou.gov.cn/zlxz/202603/P020250625419082373133.pdf,https://zsksy.guizhou.gov.cn/zlxz/202603/t20260324_89900333.html,guizhou_2025_物理类_score_rank.pdf,pdf_table
2025,贵州,物理类,467,467,963,80387,38.802,79425,80387,贵州省招生考试院,https://zsksy.guizhou.gov.cn/zlxz/202603/P020250625419082373133.pdf,https://zsksy.guizhou.gov.cn/zlxz/202603/t20260324_89900333.html,guizhou_2025_物理类_score_rank.pdf,pdf_table
2025,贵州,物理类,466,466,986,81373,39.278,80388,81373,贵州省招生考试院,https://zsksy.guizhou.gov.cn/zlxz/202603/P020250625419082373133.pdf,https://zsksy.guizhou.gov.cn/zlxz/202603/t20260324_89900333.html,guizhou_2025_物理类_score_rank.pdf,pdf_table
2025,贵州,物理类,465,465,931,82304,39.728,81374,82304,贵州省招生考试院,https://zsksy.guizhou.gov.cn/zlxz/202603/P020250625419082373133.pdf,https://zsksy.guizhou.gov.cn/zlxz/202603/t20260324_89900333.html,guizhou_2025_物理类_score_rank.pdf,pdf_table
2025,贵州,物理类,464,464,993,83297,40.207,82305,83297,贵州省招生考试院,https://zsksy.guizhou.gov.cn/zlxz/202603/P020250625419082373133.pdf,https://zsksy.guizhou.gov.cn/zlxz/202603/t20260324_89900333.html,guizhou_2025_物理类_score_rank.pdf,pdf_table
2025,贵州,物理类,463,463,976,84273,40.678,83298,84273,贵州省招生考试院,https://zsksy.guizhou.gov.cn/zlxz/202603/P020250625419082373133.pdf,https://zsksy.guizhou.gov.cn/zlxz/202603/t20260324_89900333.html,guizhou_2025_物理类_score_rank.pdf,pdf_table
2025,贵州,物理类,462,462,936,85209,41.13,84274,85209,贵州省招生考试院,https://zsksy.guizhou.gov.cn/zlxz/202603/P020250625419082373133.pdf,https://zsksy.guizhou.gov.cn/zlxz/202603/t20260324_89900333.html,guizhou_2025_物理类_score_rank.pdf,pdf_table
2025,贵州,物理类,461,461,993,86202,41.609,85210,86202,贵州省招生考试院,https://zsksy.guizhou.gov.cn/zlxz/202603/P020250625419082373133.pdf,https://zsksy.guizhou.gov.cn/zlxz/202603/t20260324_89900333.html,guizhou_2025_物理类_score_rank.pdf,pdf_table
2025,贵州,物理类,460,460,963,87165,42.074,86203,87165,贵州省招生考试院,https://zsksy.guizhou.gov.cn/zlxz/202603/P020250625419082373133.pdf,https://zsksy.guizhou.gov.cn/zlxz/202603/t20260324_89900333.html,guizhou_2025_物理类_score_rank.pdf,pdf_table
2025,贵州,物理类,459,459,976,88141,42.545,87166,88141,贵州省招生考试院,https://zsksy.guizhou.gov.cn/zlxz/202603/P020250625419082373133.pdf,https://zsksy.guizhou.gov.cn/zlxz/202603/t20260324_89900333.html,guizhou_2025_物理类_score_rank.pdf,pdf_table
2025,贵州,物理类,458,458,1011,89152,43.033,88142,89152,贵州省招生考试院,https://zsksy.guizhou.gov.cn/zlxz/202603/P020250625419082373133.pdf,https://zsksy.guizhou.gov.cn/zlxz/202603/t20260324_89900333.html,guizhou_2025_物理类_score_rank.pdf,pdf_table
2025,贵州,物理类,457,457,979,90131,43.506,89153,90131,贵州省招生考试院,https://zsksy.guizhou.gov.cn/zlxz/202603/P020250625419082373133.pdf,https://zsksy.guizhou.gov.cn/zlxz/202603/t20260324_89900333.html,guizhou_2025_物理类_score_rank.pdf,pdf_table
2025,贵州,物理类,456,456,992,91123,43.984,90132,91123,贵州省招生考试院,https://zsksy.guizhou.gov.cn/zlxz/202603/P020250625419082373133.pdf,https://zsksy.guizhou.gov.cn/zlxz/202603/t20260324_89900333.html,guizhou_2025_物理类_score_rank.pdf,pdf_table
2025,贵州,物理类,455,455,989,92112,44.462,91124,92112,贵州省招生考试院,https://zsksy.guizhou.gov.cn/zlxz/202603/P020250625419082373133.pdf,https://zsksy.guizhou.gov.cn/zlxz/202603/t20260324_89900333.html,guizhou_2025_物理类_score_rank.pdf,pdf_table
2025,贵州,物理类,454,454,992,93104,44.941,92113,93104,贵州省招生考试院,https://zsksy.guizhou.gov.cn/zlxz/202603/P020250625419082373133.pdf,https://zsksy.guizhou.gov.cn/zlxz/202603/t20260324_89900333.html,guizhou_2025_物理类_score_rank.pdf,pdf_table
2025,贵州,物理类,453,453,993,94097,45.42,93105,94097,贵州省招生考试院,https://zsksy.guizhou.gov.cn/zlxz/202603/P020250625419082373133.pdf,https://zsksy.guizhou.gov.cn/zlxz/202603/t20260324_89900333.html,guizhou_2025_物理类_score_rank.pdf,pdf_table
2025,贵州,物理类,452,452,1034,95131,45.919,94098,95131,贵州省招生考试院,https://zsksy.guizhou.gov.cn/zlxz/202603/P020250625419082373133.pdf,https://zsksy.guizhou.gov.cn/zlxz/202603/t20260324_89900333.html,guizhou_2025_物理类_score_rank.pdf,pdf_table
2025,贵州,物理类,451,451,1024,96155,46.413,95132,96155,贵州省招生考试院,https://zsksy.guizhou.gov.cn/zlxz/202603/P020250625419082373133.pdf,https://zsksy.guizhou.gov.cn/zlxz/202603/t20260324_89900333.html,guizhou_2025_物理类_score_rank.pdf,pdf_table
2025,贵州,物理类,450,450,1008,97163,46.9,96156,97163,贵州省招生考试院,https://zsksy.guizhou.gov.cn/zlxz/202603/P020250625419082373133.pdf,https://zsksy.guizhou.gov.cn/zlxz/202603/t20260324_89900333.html,guizhou_2025_物理类_score_rank.pdf,pdf_table
2025,贵州,物理类,449,449,1017,98180,47.391,97164,98180,贵州省招生考试院,https://zsksy.guizhou.gov.cn/zlxz/202603/P020250625419082373133.pdf,https://zsksy.guizhou.gov.cn/zlxz/202603/t20260324_89900333.html,guizhou_2025_物理类_score_rank.pdf,pdf_table
2025,贵州,物理类,448,448,1032,99212,47.889,98181,99212,贵州省招生考试院,https://zsksy.guizhou.gov.cn/zlxz/202603/P020250625419082373133.pdf,https://zsksy.guizhou.gov.cn/zlxz/202603/t20260324_89900333.html,guizhou_2025_物理类_score_rank.pdf,pdf_table
2025,贵州,物理类,447,447,1026,100238,48.384,99213,100238,贵州省招生考试院,https://zsksy.guizhou.gov.cn/zlxz/202603/P020250625419082373133.pdf,https://zsksy.guizhou.gov.cn/zlxz/202603/t20260324_89900333.html,guizhou_2025_物理类_score_rank.pdf,pdf_table
2025,贵州,物理类,446,446,1015,101253,48.874,100239,101253,贵州省招生考试院,https://zsksy.guizhou.gov.cn/zlxz/202603/P020250625419082373133.pdf,https://zsksy.guizhou.gov.cn/zlxz/202603/t20260324_89900333.html,guizhou_2025_物理类_score_rank.pdf,pdf_table
2025,贵州,物理类,445,445,1052,102305,49.382,101254,102305,贵州省招生考试院,https://zsksy.guizhou.gov.cn/zlxz/202603/P020250625419082373133.pdf,https://zsksy.guizhou.gov.cn/zlxz/202603/t20260324_89900333.html,guizhou_2025_物理类_score_rank.pdf,pdf_table
2025,贵州,物理类,444,444,1060,103365,49.894,102306,103365,贵州省招生考试院,https://zsksy.guizhou.gov.cn/zlxz/202603/P020250625419082373133.pdf,https://zsksy.guizhou.gov.cn/zlxz/202603/t20260324_89900333.html,guizhou_2025_物理类_score_rank.pdf,pdf_table
2025,贵州,物理类,443,443,1030,104395,50.391,103366,104395,贵州省招生考试院,https://zsksy.guizhou.gov.cn/zlxz/202603/P020250625419082373133.pdf,https://zsksy.guizhou.gov.cn/zlxz/202603/t20260324_89900333.html,guizhou_2025_物理类_score_rank.pdf,pdf_table
2025,贵州,物理类,442,442,1042,105437,50.894,104396,105437,贵州省招生考试院,https://zsksy.guizhou.gov.cn/zlxz/202603/P020250625419082373133.pdf,https://zsksy.guizhou.gov.cn/zlxz/202603/t20260324_89900333.html,guizhou_2025_物理类_score_rank.pdf,pdf_table
2025,贵州,物理类,441,441,1039,106476,51.395,105438,106476,贵州省招生考试院,https://zsksy.guizhou.gov.cn/zlxz/202603/P020250625419082373133.pdf,https://zsksy.guizhou.gov.cn/zlxz/202603/t20260324_89900333.html,guizhou_2025_物理类_score_rank.pdf,pdf_table
2025,贵州,物理类,440,440,1059,107535,51.906,106477,107535,贵州省招生考试院,https://zsksy.guizhou.gov.cn/zlxz/202603/P020250625419082373133.pdf,https://zsksy.guizhou.gov.cn/zlxz/202603/t20260324_89900333.html,guizhou_2025_物理类_score_rank.pdf,pdf_table
2025,贵州,物理类,439,439,1002,108537,52.39,107536,108537,贵州省招生考试院,https://zsksy.guizhou.gov.cn/zlxz/202603/P020250625419082373133.pdf,https://zsksy.guizhou.gov.cn/zlxz/202603/t20260324_89900333.html,guizhou_2025_物理类_score_rank.pdf,pdf_table
2025,贵州,物理类,438,438,1023,109560,52.884,108538,109560,贵州省招生考试院,https://zsksy.guizhou.gov.cn/zlxz/202603/P020250625419082373133.pdf,https://zsksy.guizhou.gov.cn/zlxz/202603/t20260324_89900333.html,guizhou_2025_物理类_score_rank.pdf,pdf_table
2025,贵州,物理类,437,437,1021,110581,53.377,109561,110581,贵州省招生考试院,https://zsksy.guizhou.gov.cn/zlxz/202603/P020250625419082373133.pdf,https://zsksy.guizhou.gov.cn/zlxz/202603/t20260324_89900333.html,guizhou_2025_物理类_score_rank.pdf,pdf_table
2025,贵州,物理类,436,436,993,111574,53.856,110582,111574,贵州省招生考试院,https://zsksy.guizhou.gov.cn/zlxz/202603/P020250625419082373133.pdf,https://zsksy.guizhou.gov.cn/zlxz/202603/t20260324_89900333.html,guizhou_2025_物理类_score_rank.pdf,pdf_table
2025,贵州,物理类,435,435,1028,112602,54.352,111575,112602,贵州省招生考试院,https://zsksy.guizhou.gov.cn/zlxz/202603/P020250625419082373133.pdf,https://zsksy.guizhou.gov.cn/zlxz/202603/t20260324_89900333.html,guizhou_2025_物理类_score_rank.pdf,pdf_table
2025,贵州,物理类,434,434,1035,113637,54.852,112603,113637,贵州省招生考试院,https://zsksy.guizhou.gov.cn/zlxz/202603/P020250625419082373133.pdf,https://zsksy.guizhou.gov.cn/zlxz/202603/t20260324_89900333.html,guizhou_2025_物理类_score_rank.pdf,pdf_table
2025,贵州,物理类,433,433,995,114632,55.332,113638,114632,贵州省招生考试院,https://zsksy.guizhou.gov.cn/zlxz/202603/P020250625419082373133.pdf,https://zsksy.guizhou.gov.cn/zlxz/202603/t20260324_89900333.html,guizhou_2025_物理类_score_rank.pdf,pdf_table
2025,贵州,物理类,432,432,1011,115643,55.82,114633,115643,贵州省招生考试院,https://zsksy.guizhou.gov.cn/zlxz/202603/P020250625419082373133.pdf,https://zsksy.guizhou.gov.cn/zlxz/202603/t20260324_89900333.html,guizhou_2025_物理类_score_rank.pdf,pdf_table
2025,贵州,物理类,431,431,1055,116698,56.329,115644,116698,贵州省招生考试院,https://zsksy.guizhou.gov.cn/zlxz/202603/P020250625419082373133.pdf,https://zsksy.guizhou.gov.cn/zlxz/202603/t20260324_89900333.html,guizhou_2025_物理类_score_rank.pdf,pdf_table
2025,贵州,物理类,430,430,1018,117716,56.821,116699,117716,贵州省招生考试院,https://zsksy.guizhou.gov.cn/zlxz/202603/P020250625419082373133.pdf,https://zsksy.guizhou.gov.cn/zlxz/202603/t20260324_89900333.html,guizhou_2025_物理类_score_rank.pdf,pdf_table
2025,贵州,物理类,429,429,1013,118729,57.31,117717,118729,贵州省招生考试院,https://zsksy.guizhou.gov.cn/zlxz/202603/P020250625419082373133.pdf,https://zsksy.guizhou.gov.cn/zlxz/202603/t20260324_89900333.html,guizhou_2025_物理类_score_rank.pdf,pdf_table
2025,贵州,物理类,428,428,1001,119730,57.793,118730,119730,贵州省招生考试院,https://zsksy.guizhou.gov.cn/zlxz/202603/P020250625419082373133.pdf,https://zsksy.guizhou.gov.cn/zlxz/202603/t20260324_89900333.html,guizhou_2025_物理类_score_rank.pdf,pdf_table
2025,贵州,物理类,427,427,1001,120731,58.276,119731,120731,贵州省招生考试院,https://zsksy.guizhou.gov.cn/zlxz/202603/P020250625419082373133.pdf,https://zsksy.guizhou.gov.cn/zlxz/202603/t20260324_89900333.html,guizhou_2025_物理类_score_rank.pdf,pdf_table
2025,贵州,物理类,426,426,980,121711,58.749,120732,121711,贵州省招生考试院,https://zsksy.guizhou.gov.cn/zlxz/202603/P020250625419082373133.pdf,https://zsksy.guizhou.gov.cn/zlxz/202603/t20260324_89900333.html,guizhou_2025_物理类_score_rank.pdf,pdf_table
2025,贵州,物理类,425,425,1024,122735,59.243,121712,122735,贵州省招生考试院,https://zsksy.guizhou.gov.cn/zlxz/202603/P020250625419082373133.pdf,https://zsksy.guizhou.gov.cn/zlxz/202603/t20260324_89900333.html,guizhou_2025_物理类_score_rank.pdf,pdf_table
2025,贵州,物理类,424,424,972,123707,59.713,122736,123707,贵州省招生考试院,https://zsksy.guizhou.gov.cn/zlxz/202603/P020250625419082373133.pdf,https://zsksy.guizhou.gov.cn/zlxz/202603/t20260324_89900333.html,guizhou_2025_物理类_score_rank.pdf,pdf_table
2025,贵州,物理类,423,423,1028,124735,60.209,123708,124735,贵州省招生考试院,https://zsksy.guizhou.gov.cn/zlxz/202603/P020250625419082373133.pdf,https://zsksy.guizhou.gov.cn/zlxz/202603/t20260324_89900333.html,guizhou_2025_物理类_score_rank.pdf,pdf_table
2025,贵州,物理类,422,422,1071,125806,60.726,124736,125806,贵州省招生考试院,https://zsksy.guizhou.gov.cn/zlxz/202603/P020250625419082373133.pdf,https://zsksy.guizhou.gov.cn/zlxz/202603/t20260324_89900333.html,guizhou_2025_物理类_score_rank.pdf,pdf_table
2025,贵州,物理类,421,421,1005,126811,61.211,125807,126811,贵州省招生考试院,https://zsksy.guizhou.gov.cn/zlxz/202603/P020250625419082373133.pdf,https://zsksy.guizhou.gov.cn/zlxz/202603/t20260324_89900333.html,guizhou_2025_物理类_score_rank.pdf,pdf_table
2025,贵州,物理类,420,420,1063,127874,61.724,126812,127874,贵州省招生考试院,https://zsksy.guizhou.gov.cn/zlxz/202603/P020250625419082373133.pdf,https://zsksy.guizhou.gov.cn/zlxz/202603/t20260324_89900333.html,guizhou_2025_物理类_score_rank.pdf,pdf_table
2025,贵州,物理类,419,419,1005,128879,62.209,127875,128879,贵州省招生考试院,https://zsksy.guizhou.gov.cn/zlxz/202603/P020250625419082373133.pdf,https://zsksy.guizhou.gov.cn/zlxz/202603/t20260324_89900333.html,guizhou_2025_物理类_score_rank.pdf,pdf_table
2025,贵州,物理类,418,418,995,129874,62.689,128880,129874,贵州省招生考试院,https://zsksy.guizhou.gov.cn/zlxz/202603/P020250625419082373133.pdf,https://zsksy.guizhou.gov.cn/zlxz/202603/t20260324_89900333.html,guizhou_2025_物理类_score_rank.pdf,pdf_table
2025,贵州,物理类,417,417,1008,130882,63.176,129875,130882,贵州省招生考试院,https://zsksy.guizhou.gov.cn/zlxz/202603/P020250625419082373133.pdf,https://zsksy.guizhou.gov.cn/zlxz/202603/t20260324_89900333.html,guizhou_2025_物理类_score_rank.pdf,pdf_table
2025,贵州,物理类,416,416,967,131849,63.643,130883,131849,贵州省招生考试院,https://zsksy.guizhou.gov.cn/zlxz/202603/P020250625419082373133.pdf,https://zsksy.guizhou.gov.cn/zlxz/202603/t20260324_89900333.html,guizhou_2025_物理类_score_rank.pdf,pdf_table
2025,贵州,物理类,415,415,1026,132875,64.138,131850,132875,贵州省招生考试院,https://zsksy.guizhou.gov.cn/zlxz/202603/P020250625419082373133.pdf,https://zsksy.guizhou.gov.cn/zlxz/202603/t20260324_89900333.html,guizhou_2025_物理类_score_rank.pdf,pdf_table
2025,贵州,物理类,414,414,1046,133921,64.643,132876,133921,贵州省招生考试院,https://zsksy.guizhou.gov.cn/zlxz/202603/P020250625419082373133.pdf,https://zsksy.guizhou.gov.cn/zlxz/202603/t20260324_89900333.html,guizhou_2025_物理类_score_rank.pdf,pdf_table
2025,贵州,物理类,413,413,1010,134931,65.13,133922,134931,贵州省招生考试院,https://zsksy.guizhou.gov.cn/zlxz/202603/P020250625419082373133.pdf,https://zsksy.guizhou.gov.cn/zlxz/202603/t20260324_89900333.html,guizhou_2025_物理类_score_rank.pdf,pdf_table
2025,贵州,物理类,412,412,930,135861,65.579,134932,135861,贵州省招生考试院,https://zsksy.guizhou.gov.cn/zlxz/202603/P020250625419082373133.pdf,https://zsksy.guizhou.gov.cn/zlxz/202603/t20260324_89900333.html,guizhou_2025_物理类_score_rank.pdf,pdf_table
2025,贵州,物理类,411,411,956,136817,66.041,135862,136817,贵州省招生考试院,https://zsksy.guizhou.gov.cn/zlxz/202603/P020250625419082373133.pdf,https://zsksy.guizhou.gov.cn/zlxz/202603/t20260324_89900333.html,guizhou_2025_物理类_score_rank.pdf,pdf_table
2025,贵州,物理类,410,410,928,137745,66.489,136818,137745,贵州省招生考试院,https://zsksy.guizhou.gov.cn/zlxz/202603/P020250625419082373133.pdf,https://zsksy.guizhou.gov.cn/zlxz/202603/t20260324_89900333.html,guizhou_2025_物理类_score_rank.pdf,pdf_table
2025,贵州,物理类,409,409,920,138665,66.933,137746,138665,贵州省招生考试院,https://zsksy.guizhou.gov.cn/zlxz/202603/P020250625419082373133.pdf,https://zsksy.guizhou.gov.cn/zlxz/202603/t20260324_89900333.html,guizhou_2025_物理类_score_rank.pdf,pdf_table
2025,贵州,物理类,408,408,957,139622,67.395,138666,139622,贵州省招生考试院,https://zsksy.guizhou.gov.cn/zlxz/202603/P020250625419082373133.pdf,https://zsksy.guizhou.gov.cn/zlxz/202603/t20260324_89900333.html,guizhou_2025_物理类_score_rank.pdf,pdf_table
2025,贵州,物理类,407,407,902,140524,67.83,139623,140524,贵州省招生考试院,https://zsksy.guizhou.gov.cn/zlxz/202603/P020250625419082373133.pdf,https://zsksy.guizhou.gov.cn/zlxz/202603/t20260324_89900333.html,guizhou_2025_物理类_score_rank.pdf,pdf_table
2025,贵州,物理类,406,406,988,141512,68.307,140525,141512,贵州省招生考试院,https://zsksy.guizhou.gov.cn/zlxz/202603/P020250625419082373133.pdf,https://zsksy.guizhou.gov.cn/zlxz/202603/t20260324_89900333.html,guizhou_2025_物理类_score_rank.pdf,pdf_table
2025,贵州,物理类,405,405,935,142447,68.758,141513,142447,贵州省招生考试院,https://zsksy.guizhou.gov.cn/zlxz/202603/P020250625419082373133.pdf,https://zsksy.guizhou.gov.cn/zlxz/202603/t20260324_89900333.html,guizhou_2025_物理类_score_rank.pdf,pdf_table
2025,贵州,物理类,404,404,867,143314,69.177,142448,143314,贵州省招生考试院,https://zsksy.guizhou.gov.cn/zlxz/202603/P020250625419082373133.pdf,https://zsksy.guizhou.gov.cn/zlxz/202603/t20260324_89900333.html,guizhou_2025_物理类_score_rank.pdf,pdf_table
2025,贵州,物理类,403,403,892,144206,69.607,143315,144206,贵州省招生考试院,https://zsksy.guizhou.gov.cn/zlxz/202603/P020250625419082373133.pdf,https://zsksy.guizhou.gov.cn/zlxz/202603/t20260324_89900333.html,guizhou_2025_物理类_score_rank.pdf,pdf_table
2025,贵州,物理类,402,402,889,145095,70.036,144207,145095,贵州省招生考试院,https://zsksy.guizhou.gov.cn/zlxz/202603/P020250625419082373133.pdf,https://zsksy.guizhou.gov.cn/zlxz/202603/t20260324_89900333.html,guizhou_2025_物理类_score_rank.pdf,pdf_table
2025,贵州,物理类,401,401,894,145989,70.468,145096,145989,贵州省招生考试院,https://zsksy.guizhou.gov.cn/zlxz/202603/P020250625419082373133.pdf,https://zsksy.guizhou.gov.cn/zlxz/202603/t20260324_89900333.html,guizhou_2025_物理类_score_rank.pdf,pdf_table
2025,贵州,物理类,400,400,955,146944,70.929,145990,146944,贵州省招生考试院,https://zsksy.guizhou.gov.cn/zlxz/202603/P020250625419082373133.pdf,https://zsksy.guizhou.gov.cn/zlxz/202603/t20260324_89900333.html,guizhou_2025_物理类_score_rank.pdf,pdf_table
2025,贵州,物理类,399,399,864,147808,71.346,146945,147808,贵州省招生考试院,https://zsksy.guizhou.gov.cn/zlxz/202603/P020250625419082373133.pdf,https://zsksy.guizhou.gov.cn/zlxz/202603/t20260324_89900333.html,guizhou_2025_物理类_score_rank.pdf,pdf_table
2025,贵州,物理类,398,398,889,148697,71.775,147809,148697,贵州省招生考试院,https://zsksy.guizhou.gov.cn/zlxz/202603/P020250625419082373133.pdf,https://zsksy.guizhou.gov.cn/zlxz/202603/t20260324_89900333.html,guizhou_2025_物理类_score_rank.pdf,pdf_table
2025,贵州,物理类,397,397,890,149587,72.205,148698,149587,贵州省招生考试院,https://zsksy.guizhou.gov.cn/zlxz/202603/P020250625419082373133.pdf,https://zsksy.guizhou.gov.cn/zlxz/202603/t20260324_89900333.html,guizhou_2025_物理类_score_rank.pdf,pdf_table
2025,贵州,物理类,396,396,843,150430,72.612,149588,150430,贵州省招生考试院,https://zsksy.guizhou.gov.cn/zlxz/202603/P020250625419082373133.pdf,https://zsksy.guizhou.gov.cn/zlxz/202603/t20260324_89900333.html,guizhou_2025_物理类_score_rank.pdf,pdf_table
2025,贵州,物理类,395,395,832,151262,73.013,150431,151262,贵州省招生考试院,https://zsksy.guizhou.gov.cn/zlxz/202603/P020250625419082373133.pdf,https://zsksy.guizhou.gov.cn/zlxz/202603/t20260324_89900333.html,guizhou_2025_物理类_score_rank.pdf,pdf_table
2025,贵州,物理类,394,394,884,152146,73.44,151263,152146,贵州省招生考试院,https://zsksy.guizhou.gov.cn/zlxz/202603/P020250625419082373133.pdf,https://zsksy.guizhou.gov.cn/zlxz/202603/t20260324_89900333.html,guizhou_2025_物理类_score_rank.pdf,pdf_table
2025,贵州,物理类,393,393,872,153018,73.861,152147,153018,贵州省招生考试院,https://zsksy.guizhou.gov.cn/zlxz/202603/P020250625419082373133.pdf,https://zsksy.guizhou.gov.cn/zlxz/202603/t20260324_89900333.html,guizhou_2025_物理类_score_rank.pdf,pdf_table
2025,贵州,物理类,392,392,920,153938,74.305,153019,153938,贵州省招生考试院,https://zsksy.guizhou.gov.cn/zlxz/202603/P020250625419082373133.pdf,https://zsksy.guizhou.gov.cn/zlxz/202603/t20260324_89900333.html,guizhou_2025_物理类_score_rank.pdf,pdf_table
2025,贵州,物理类,391,391,849,154787,74.715,153939,154787,贵州省招生考试院,https://zsksy.guizhou.gov.cn/zlxz/202603/P020250625419082373133.pdf,https://zsksy.guizhou.gov.cn/zlxz/202603/t20260324_89900333.html,guizhou_2025_物理类_score_rank.pdf,pdf_table
2025,贵州,物理类,390,390,794,155581,75.098,154788,155581,贵州省招生考试院,https://zsksy.guizhou.gov.cn/zlxz/202603/P020250625419082373133.pdf,https://zsksy.guizhou.gov.cn/zlxz/202603/t20260324_89900333.html,guizhou_2025_物理类_score_rank.pdf,pdf_table
2025,贵州,物理类,389,389,830,156411,75.499,155582,156411,贵州省招生考试院,https://zsksy.guizhou.gov.cn/zlxz/202603/P020250625419082373133.pdf,https://zsksy.guizhou.gov.cn/zlxz/202603/t20260324_89900333.html,guizhou_2025_物理类_score_rank.pdf,pdf_table
2025,贵州,物理类,388,388,860,157271,75.914,156412,157271,贵州省招生考试院,https://zsksy.guizhou.gov.cn/zlxz/202603/P020250625419082373133.pdf,https://zsksy.guizhou.gov.cn/zlxz/202603/t20260324_89900333.html,guizhou_2025_物理类_score_rank.pdf,pdf_table
2025,贵州,物理类,387,387,790,158061,76.295,157272,158061,贵州省招生考试院,https://zsksy.guizhou.gov.cn/zlxz/202603/P020250625419082373133.pdf,https://zsksy.guizhou.gov.cn/zlxz/202603/t20260324_89900333.html,guizhou_2025_物理类_score_rank.pdf,pdf_table
2025,贵州,物理类,386,386,763,158824,76.663,158062,158824,贵州省招生考试院,https://zsksy.guizhou.gov.cn/zlxz/202603/P020250625419082373133.pdf,https://zsksy.guizhou.gov.cn/zlxz/202603/t20260324_89900333.html,guizhou_2025_物理类_score_rank.pdf,pdf_table
2025,贵州,物理类,385,385,781,159605,77.04,158825,159605,贵州省招生考试院,https://zsksy.guizhou.gov.cn/zlxz/202603/P020250625419082373133.pdf,https://zsksy.guizhou.gov.cn/zlxz/202603/t20260324_89900333.html,guizhou_2025_物理类_score_rank.pdf,pdf_table
2025,贵州,物理类,384,384,801,160406,77.427,159606,160406,贵州省招生考试院,https://zsksy.guizhou.gov.cn/zlxz/202603/P020250625419082373133.pdf,https://zsksy.guizhou.gov.cn/zlxz/202603/t20260324_89900333.html,guizhou_2025_物理类_score_rank.pdf,pdf_table
2025,贵州,物理类,383,383,756,161162,77.792,160407,161162,贵州省招生考试院,https://zsksy.guizhou.gov.cn/zlxz/202603/P020250625419082373133.pdf,https://zsksy.guizhou.gov.cn/zlxz/202603/t20260324_89900333.html,guizhou_2025_物理类_score_rank.pdf,pdf_table
2025,贵州,物理类,382,382,749,161911,78.153,161163,161911,贵州省招生考试院,https://zsksy.guizhou.gov.cn/zlxz/202603/P020250625419082373133.pdf,https://zsksy.guizhou.gov.cn/zlxz/202603/t20260324_89900333.html,guizhou_2025_物理类_score_rank.pdf,pdf_table
2025,贵州,物理类,381,381,709,162620,78.496,161912,162620,贵州省招生考试院,https://zsksy.guizhou.gov.cn/zlxz/202603/P020250625419082373133.pdf,https://zsksy.guizhou.gov.cn/zlxz/202603/t20260324_89900333.html,guizhou_2025_物理类_score_rank.pdf,pdf_table
2025,贵州,物理类,380,380,717,163337,78.842,162621,163337,贵州省招生考试院,https://zsksy.guizhou.gov.cn/zlxz/202603/P020250625419082373133.pdf,https://zsksy.guizhou.gov.cn/zlxz/202603/t20260324_89900333.html,guizhou_2025_物理类_score_rank.pdf,pdf_table
2025,贵州,物理类,379,379,746,164083,79.202,163338,164083,贵州省招生考试院,https://zsksy.guizhou.gov.cn/zlxz/202603/P020250625419082373133.pdf,https://zsksy.guizhou.gov.cn/zlxz/202603/t20260324_89900333.html,guizhou_2025_物理类_score_rank.pdf,pdf_table
2025,贵州,物理类,378,378,743,164826,79.56,164084,164826,贵州省招生考试院,https://zsksy.guizhou.gov.cn/zlxz/202603/P020250625419082373133.pdf,https://zsksy.guizhou.gov.cn/zlxz/202603/t20260324_89900333.html,guizhou_2025_物理类_score_rank.pdf,pdf_table
2025,贵州,物理类,377,377,716,165542,79.906,164827,165542,贵州省招生考试院,https://zsksy.guizhou.gov.cn/zlxz/202603/P020250625419082373133.pdf,https://zsksy.guizhou.gov.cn/zlxz/202603/t20260324_89900333.html,guizhou_2025_物理类_score_rank.pdf,pdf_table
2025,贵州,物理类,376,376,705,166247,80.246,165543,166247,贵州省招生考试院,https://zsksy.guizhou.gov.cn/zlxz/202603/P020250625419082373133.pdf,https://zsksy.guizhou.gov.cn/zlxz/202603/t20260324_89900333.html,guizhou_2025_物理类_score_rank.pdf,pdf_table
2025,贵州,物理类,375,375,678,166925,80.574,166248,166925,贵州省招生考试院,https://zsksy.guizhou.gov.cn/zlxz/202603/P020250625419082373133.pdf,https://zsksy.guizhou.gov.cn/zlxz/202603/t20260324_89900333.html,guizhou_2025_物理类_score_rank.pdf,pdf_table
2025,贵州,物理类,374,374,705,167630,80.914,166926,167630,贵州省招生考试院,https://zsksy.guizhou.gov.cn/zlxz/202603/P020250625419082373133.pdf,https://zsksy.guizhou.gov.cn/zlxz/202603/t20260324_89900333.html,guizhou_2025_物理类_score_rank.pdf,pdf_table
2025,贵州,物理类,373,373,690,168320,81.247,167631,168320,贵州省招生考试院,https://zsksy.guizhou.gov.cn/zlxz/202603/P020250625419082373133.pdf,https://zsksy.guizhou.gov.cn/zlxz/202603/t20260324_89900333.html,guizhou_2025_物理类_score_rank.pdf,pdf_table
2025,贵州,物理类,372,372,687,169007,81.579,168321,169007,贵州省招生考试院,https://zsksy.guizhou.gov.cn/zlxz/202603/P020250625419082373133.pdf,https://zsksy.guizhou.gov.cn/zlxz/202603/t20260324_89900333.html,guizhou_2025_物理类_score_rank.pdf,pdf_table
2025,贵州,物理类,371,371,649,169656,81.892,169008,169656,贵州省招生考试院,https://zsksy.guizhou.gov.cn/zlxz/202603/P020250625419082373133.pdf,https://zsksy.guizhou.gov.cn/zlxz/202603/t20260324_89900333.html,guizhou_2025_物理类_score_rank.pdf,pdf_table
2025,贵州,物理类,370,370,665,170321,82.213,169657,170321,贵州省招生考试院,https://zsksy.guizhou.gov.cn/zlxz/202603/P020250625419082373133.pdf,https://zsksy.guizhou.gov.cn/zlxz/202603/t20260324_89900333.html,guizhou_2025_物理类_score_rank.pdf,pdf_table
2025,贵州,物理类,369,369,703,171024,82.552,170322,171024,贵州省招生考试院,https://zsksy.guizhou.gov.cn/zlxz/202603/P020250625419082373133.pdf,https://zsksy.guizhou.gov.cn/zlxz/202603/t20260324_89900333.html,guizhou_2025_物理类_score_rank.pdf,pdf_table
2025,贵州,物理类,368,368,686,171710,82.883,171025,171710,贵州省招生考试院,https://zsksy.guizhou.gov.cn/zlxz/202603/P020250625419082373133.pdf,https://zsksy.guizhou.gov.cn/zlxz/202603/t20260324_89900333.html,guizhou_2025_物理类_score_rank.pdf,pdf_table
2025,贵州,物理类,367,367,607,172317,83.176,171711,172317,贵州省招生考试院,https://zsksy.guizhou.gov.cn/zlxz/202603/P020250625419082373133.pdf,https://zsksy.guizhou.gov.cn/zlxz/202603/t20260324_89900333.html,guizhou_2025_物理类_score_rank.pdf,pdf_table
2025,贵州,物理类,366,366,608,172925,83.47,172318,172925,贵州省招生考试院,https://zsksy.guizhou.gov.cn/zlxz/202603/P020250625419082373133.pdf,https://zsksy.guizhou.gov.cn/zlxz/202603/t20260324_89900333.html,guizhou_2025_物理类_score_rank.pdf,pdf_table
2025,贵州,物理类,365,365,636,173561,83.777,172926,173561,贵州省招生考试院,https://zsksy.guizhou.gov.cn/zlxz/202603/P020250625419082373133.pdf,https://zsksy.guizhou.gov.cn/zlxz/202603/t20260324_89900333.html,guizhou_2025_物理类_score_rank.pdf,pdf_table
2025,贵州,物理类,364,364,587,174148,84.06,173562,174148,贵州省招生考试院,https://zsksy.guizhou.gov.cn/zlxz/202603/P020250625419082373133.pdf,https://zsksy.guizhou.gov.cn/zlxz/202603/t20260324_89900333.html,guizhou_2025_物理类_score_rank.pdf,pdf_table
2025,贵州,物理类,363,363,568,174716,84.334,174149,174716,贵州省招生考试院,https://zsksy.guizhou.gov.cn/zlxz/202603/P020250625419082373133.pdf,https://zsksy.guizhou.gov.cn/zlxz/202603/t20260324_89900333.html,guizhou_2025_物理类_score_rank.pdf,pdf_table
2025,贵州,物理类,362,362,580,175296,84.614,174717,175296,贵州省招生考试院,https://zsksy.guizhou.gov.cn/zlxz/202603/P020250625419082373133.pdf,https://zsksy.guizhou.gov.cn/zlxz/202603/t20260324_89900333.html,guizhou_2025_物理类_score_rank.pdf,pdf_table
2025,贵州,物理类,361,361,633,175929,84.92,175297,175929,贵州省招生考试院,https://zsksy.guizhou.gov.cn/zlxz/202603/P020250625419082373133.pdf,https://zsksy.guizhou.gov.cn/zlxz/202603/t20260324_89900333.html,guizhou_2025_物理类_score_rank.pdf,pdf_table
2025,贵州,物理类,360,360,553,176482,85.187,175930,176482,贵州省招生考试院,https://zsksy.guizhou.gov.cn/zlxz/202603/P020250625419082373133.pdf,https://zsksy.guizhou.gov.cn/zlxz/202603/t20260324_89900333.html,guizhou_2025_物理类_score_rank.pdf,pdf_table
2025,贵州,物理类,359,359,555,177037,85.455,176483,177037,贵州省招生考试院,https://zsksy.guizhou.gov.cn/zlxz/202603/P020250625419082373133.pdf,https://zsksy.guizhou.gov.cn/zlxz/202603/t20260324_89900333.html,guizhou_2025_物理类_score_rank.pdf,pdf_table
2025,贵州,物理类,358,358,528,177565,85.709,177038,177565,贵州省招生考试院,https://zsksy.guizhou.gov.cn/zlxz/202603/P020250625419082373133.pdf,https://zsksy.guizhou.gov.cn/zlxz/202603/t20260324_89900333.html,guizhou_2025_物理类_score_rank.pdf,pdf_table
2025,贵州,物理类,357,357,529,178094,85.965,177566,178094,贵州省招生考试院,https://zsksy.guizhou.gov.cn/zlxz/202603/P020250625419082373133.pdf,https://zsksy.guizhou.gov.cn/zlxz/202603/t20260324_89900333.html,guizhou_2025_物理类_score_rank.pdf,pdf_table
2025,贵州,物理类,356,356,547,178641,86.229,178095,178641,贵州省招生考试院,https://zsksy.guizhou.gov.cn/zlxz/202603/P020250625419082373133.pdf,https://zsksy.guizhou.gov.cn/zlxz/202603/t20260324_89900333.html,guizhou_2025_物理类_score_rank.pdf,pdf_table
2025,贵州,物理类,355,355,527,179168,86.483,178642,179168,贵州省招生考试院,https://zsksy.guizhou.gov.cn/zlxz/202603/P020250625419082373133.pdf,https://zsksy.guizhou.gov.cn/zlxz/202603/t20260324_89900333.html,guizhou_2025_物理类_score_rank.pdf,pdf_table
2025,贵州,物理类,354,354,579,179747,86.763,179169,179747,贵州省招生考试院,https://zsksy.guizhou.gov.cn/zlxz/202603/P020250625419082373133.pdf,https://zsksy.guizhou.gov.cn/zlxz/202603/t20260324_89900333.html,guizhou_2025_物理类_score_rank.pdf,pdf_table
2025,贵州,物理类,353,353,481,180228,86.995,179748,180228,贵州省招生考试院,https://zsksy.guizhou.gov.cn/zlxz/202603/P020250625419082373133.pdf,https://zsksy.guizhou.gov.cn/zlxz/202603/t20260324_89900333.html,guizhou_2025_物理类_score_rank.pdf,pdf_table
2025,贵州,物理类,352,352,521,180749,87.246,180229,180749,贵州省招生考试院,https://zsksy.guizhou.gov.cn/zlxz/202603/P020250625419082373133.pdf,https://zsksy.guizhou.gov.cn/zlxz/202603/t20260324_89900333.html,guizhou_2025_物理类_score_rank.pdf,pdf_table
2025,贵州,物理类,351,351,474,181223,87.475,180750,181223,贵州省招生考试院,https://zsksy.guizhou.gov.cn/zlxz/202603/P020250625419082373133.pdf,https://zsksy.guizhou.gov.cn/zlxz/202603/t20260324_89900333.html,guizhou_2025_物理类_score_rank.pdf,pdf_table
2025,贵州,物理类,350,350,464,181687,87.699,181224,181687,贵州省招生考试院,https://zsksy.guizhou.gov.cn/zlxz/202603/P020250625419082373133.pdf,https://zsksy.guizhou.gov.cn/zlxz/202603/t20260324_89900333.html,guizhou_2025_物理类_score_rank.pdf,pdf_table
2025,贵州,物理类,349,349,506,182193,87.943,181688,182193,贵州省招生考试院,https://zsksy.guizhou.gov.cn/zlxz/202603/P020250625419082373133.pdf,https://zsksy.guizhou.gov.cn/zlxz/202603/t20260324_89900333.html,guizhou_2025_物理类_score_rank.pdf,pdf_table
2025,贵州,物理类,348,348,465,182658,88.168,182194,182658,贵州省招生考试院,https://zsksy.guizhou.gov.cn/zlxz/202603/P020250625419082373133.pdf,https://zsksy.guizhou.gov.cn/zlxz/202603/t20260324_89900333.html,guizhou_2025_物理类_score_rank.pdf,pdf_table
2025,贵州,物理类,347,347,472,183130,88.396,182659,183130,贵州省招生考试院,https://zsksy.guizhou.gov.cn/zlxz/202603/P020250625419082373133.pdf,https://zsksy.guizhou.gov.cn/zlxz/202603/t20260324_89900333.html,guizhou_2025_物理类_score_rank.pdf,pdf_table
2025,贵州,物理类,346,346,447,183577,88.611,183131,183577,贵州省招生考试院,https://zsksy.guizhou.gov.cn/zlxz/202603/P020250625419082373133.pdf,https://zsksy.guizhou.gov.cn/zlxz/202603/t20260324_89900333.html,guizhou_2025_物理类_score_rank.pdf,pdf_table
2025,贵州,物理类,345,345,436,184013,88.822,183578,184013,贵州省招生考试院,https://zsksy.guizhou.gov.cn/zlxz/202603/P020250625419082373133.pdf,https://zsksy.guizhou.gov.cn/zlxz/202603/t20260324_89900333.html,guizhou_2025_物理类_score_rank.pdf,pdf_table
2025,贵州,物理类,344,344,463,184476,89.045,184014,184476,贵州省招生考试院,https://zsksy.guizhou.gov.cn/zlxz/202603/P020250625419082373133.pdf,https://zsksy.guizhou.gov.cn/zlxz/202603/t20260324_89900333.html,guizhou_2025_物理类_score_rank.pdf,pdf_table
2025,贵州,物理类,343,343,417,184893,89.247,184477,184893,贵州省招生考试院,https://zsksy.guizhou.gov.cn/zlxz/202603/P020250625419082373133.pdf,https://zsksy.guizhou.gov.cn/zlxz/202603/t20260324_89900333.html,guizhou_2025_物理类_score_rank.pdf,pdf_table
2025,贵州,物理类,342,342,418,185311,89.448,184894,185311,贵州省招生考试院,https://zsksy.guizhou.gov.cn/zlxz/202603/P020250625419082373133.pdf,https://zsksy.guizhou.gov.cn/zlxz/202603/t20260324_89900333.html,guizhou_2025_物理类_score_rank.pdf,pdf_table
2025,贵州,物理类,341,341,412,185723,89.647,185312,185723,贵州省招生考试院,https://zsksy.guizhou.gov.cn/zlxz/202603/P020250625419082373133.pdf,https://zsksy.guizhou.gov.cn/zlxz/202603/t20260324_89900333.html,guizhou_2025_物理类_score_rank.pdf,pdf_table
2025,贵州,物理类,340,340,465,186188,89.872,185724,186188,贵州省招生考试院,https://zsksy.guizhou.gov.cn/zlxz/202603/P020250625419082373133.pdf,https://zsksy.guizhou.gov.cn/zlxz/202603/t20260324_89900333.html,guizhou_2025_物理类_score_rank.pdf,pdf_table
2025,贵州,物理类,339,339,423,186611,90.076,186189,186611,贵州省招生考试院,https://zsksy.guizhou.gov.cn/zlxz/202603/P020250625419082373133.pdf,https://zsksy.guizhou.gov.cn/zlxz/202603/t20260324_89900333.html,guizhou_2025_物理类_score_rank.pdf,pdf_table
2025,贵州,物理类,338,338,411,187022,90.274,186612,187022,贵州省招生考试院,https://zsksy.guizhou.gov.cn/zlxz/202603/P020250625419082373133.pdf,https://zsksy.guizhou.gov.cn/zlxz/202603/t20260324_89900333.html,guizhou_2025_物理类_score_rank.pdf,pdf_table
2025,贵州,物理类,337,337,420,187442,90.477,187023,187442,贵州省招生考试院,https://zsksy.guizhou.gov.cn/zlxz/202603/P020250625419082373133.pdf,https://zsksy.guizhou.gov.cn/zlxz/202603/t20260324_89900333.html,guizhou_2025_物理类_score_rank.pdf,pdf_table
2025,贵州,物理类,336,336,396,187838,90.668,187443,187838,贵州省招生考试院,https://zsksy.guizhou.gov.cn/zlxz/202603/P020250625419082373133.pdf,https://zsksy.guizhou.gov.cn/zlxz/202603/t20260324_89900333.html,guizhou_2025_物理类_score_rank.pdf,pdf_table
2025,贵州,物理类,335,335,366,188204,90.845,187839,188204,贵州省招生考试院,https://zsksy.guizhou.gov.cn/zlxz/202603/P020250625419082373133.pdf,https://zsksy.guizhou.gov.cn/zlxz/202603/t20260324_89900333.html,guizhou_2025_物理类_score_rank.pdf,pdf_table
2025,贵州,物理类,334,334,379,188583,91.028,188205,188583,贵州省招生考试院,https://zsksy.guizhou.gov.cn/zlxz/202603/P020250625419082373133.pdf,https://zsksy.guizhou.gov.cn/zlxz/202603/t20260324_89900333.html,guizhou_2025_物理类_score_rank.pdf,pdf_table
2025,贵州,物理类,333,333,403,188986,91.222,188584,188986,贵州省招生考试院,https://zsksy.guizhou.gov.cn/zlxz/202603/P020250625419082373133.pdf,https://zsksy.guizhou.gov.cn/zlxz/202603/t20260324_89900333.html,guizhou_2025_物理类_score_rank.pdf,pdf_table
2025,贵州,物理类,332,332,353,189339,91.393,188987,189339,贵州省招生考试院,https://zsksy.guizhou.gov.cn/zlxz/202603/P020250625419082373133.pdf,https://zsksy.guizhou.gov.cn/zlxz/202603/t20260324_89900333.html,guizhou_2025_物理类_score_rank.pdf,pdf_table
2025,贵州,物理类,331,331,388,189727,91.58,189340,189727,贵州省招生考试院,https://zsksy.guizhou.gov.cn/zlxz/202603/P020250625419082373133.pdf,https://zsksy.guizhou.gov.cn/zlxz/202603/t20260324_89900333.html,guizhou_2025_物理类_score_rank.pdf,pdf_table
2025,贵州,物理类,330,330,334,190061,91.741,189728,190061,贵州省招生考试院,https://zsksy.guizhou.gov.cn/zlxz/202603/P020250625419082373133.pdf,https://zsksy.guizhou.gov.cn/zlxz/202603/t20260324_89900333.html,guizhou_2025_物理类_score_rank.pdf,pdf_table
2025,贵州,物理类,329,329,347,190408,91.909,190062,190408,贵州省招生考试院,https://zsksy.guizhou.gov.cn/zlxz/202603/P020250625419082373133.pdf,https://zsksy.guizhou.gov.cn/zlxz/202603/t20260324_89900333.html,guizhou_2025_物理类_score_rank.pdf,pdf_table
2025,贵州,物理类,328,328,332,190740,92.069,190409,190740,贵州省招生考试院,https://zsksy.guizhou.gov.cn/zlxz/202603/P020250625419082373133.pdf,https://zsksy.guizhou.gov.cn/zlxz/202603/t20260324_89900333.html,guizhou_2025_物理类_score_rank.pdf,pdf_table
2025,贵州,物理类,327,327,352,191092,92.239,190741,191092,贵州省招生考试院,https://zsksy.guizhou.gov.cn/zlxz/202603/P020250625419082373133.pdf,https://zsksy.guizhou.gov.cn/zlxz/202603/t20260324_89900333.html,guizhou_2025_物理类_score_rank.pdf,pdf_table
2025,贵州,物理类,326,326,333,191425,92.4,191093,191425,贵州省招生考试院,https://zsksy.guizhou.gov.cn/zlxz/202603/P020250625419082373133.pdf,https://zsksy.guizhou.gov.cn/zlxz/202603/t20260324_89900333.html,guizhou_2025_物理类_score_rank.pdf,pdf_table
2025,贵州,物理类,325,325,292,191717,92.54,191426,191717,贵州省招生考试院,https://zsksy.guizhou.gov.cn/zlxz/202603/P020250625419082373133.pdf,https://zsksy.guizhou.gov.cn/zlxz/202603/t20260324_89900333.html,guizhou_2025_物理类_score_rank.pdf,pdf_table
2025,贵州,物理类,324,324,311,192028,92.691,191718,192028,贵州省招生考试院,https://zsksy.guizhou.gov.cn/zlxz/202603/P020250625419082373133.pdf,https://zsksy.guizhou.gov.cn/zlxz/202603/t20260324_89900333.html,guizhou_2025_物理类_score_rank.pdf,pdf_table
2025,贵州,物理类,323,323,309,192337,92.84,192029,192337,贵州省招生考试院,https://zsksy.guizhou.gov.cn/zlxz/202603/P020250625419082373133.pdf,https://zsksy.guizhou.gov.cn/zlxz/202603/t20260324_89900333.html,guizhou_2025_物理类_score_rank.pdf,pdf_table
2025,贵州,物理类,322,322,283,192620,92.976,192338,192620,贵州省招生考试院,https://zsksy.guizhou.gov.cn/zlxz/202603/P020250625419082373133.pdf,https://zsksy.guizhou.gov.cn/zlxz/202603/t20260324_89900333.html,guizhou_2025_物理类_score_rank.pdf,pdf_table
2025,贵州,物理类,321,321,312,192932,93.127,192621,192932,贵州省招生考试院,https://zsksy.guizhou.gov.cn/zlxz/202603/P020250625419082373133.pdf,https://zsksy.guizhou.gov.cn/zlxz/202603/t20260324_89900333.html,guizhou_2025_物理类_score_rank.pdf,pdf_table
2025,贵州,物理类,320,320,303,193235,93.273,192933,193235,贵州省招生考试院,https://zsksy.guizhou.gov.cn/zlxz/202603/P020250625419082373133.pdf,https://zsksy.guizhou.gov.cn/zlxz/202603/t20260324_89900333.html,guizhou_2025_物理类_score_rank.pdf,pdf_table
2025,贵州,物理类,319,319,280,193515,93.408,193236,193515,贵州省招生考试院,https://zsksy.guizhou.gov.cn/zlxz/202603/P020250625419082373133.pdf,https://zsksy.guizhou.gov.cn/zlxz/202603/t20260324_89900333.html,guizhou_2025_物理类_score_rank.pdf,pdf_table
2025,贵州,物理类,318,318,281,193796,93.544,193516,193796,贵州省招生考试院,https://zsksy.guizhou.gov.cn/zlxz/202603/P020250625419082373133.pdf,https://zsksy.guizhou.gov.cn/zlxz/202603/t20260324_89900333.html,guizhou_2025_物理类_score_rank.pdf,pdf_table
2025,贵州,物理类,317,317,262,194058,93.67,193797,194058,贵州省招生考试院,https://zsksy.guizhou.gov.cn/zlxz/202603/P020250625419082373133.pdf,https://zsksy.guizhou.gov.cn/zlxz/202603/t20260324_89900333.html,guizhou_2025_物理类_score_rank.pdf,pdf_table
2025,贵州,物理类,316,316,276,194334,93.804,194059,194334,贵州省招生考试院,https://zsksy.guizhou.gov.cn/zlxz/202603/P020250625419082373133.pdf,https://zsksy.guizhou.gov.cn/zlxz/202603/t20260324_89900333.html,guizhou_2025_物理类_score_rank.pdf,pdf_table
2025,贵州,物理类,315,315,296,194630,93.947,194335,194630,贵州省招生考试院,https://zsksy.guizhou.gov.cn/zlxz/202603/P020250625419082373133.pdf,https://zsksy.guizhou.gov.cn/zlxz/202603/t20260324_89900333.html,guizhou_2025_物理类_score_rank.pdf,pdf_table
2025,贵州,物理类,314,314,258,194888,94.071,194631,194888,贵州省招生考试院,https://zsksy.guizhou.gov.cn/zlxz/202603/P020250625419082373133.pdf,https://zsksy.guizhou.gov.cn/zlxz/202603/t20260324_89900333.html,guizhou_2025_物理类_score_rank.pdf,pdf_table
2025,贵州,物理类,313,313,263,195151,94.198,194889,195151,贵州省招生考试院,https://zsksy.guizhou.gov.cn/zlxz/202603/P020250625419082373133.pdf,https://zsksy.guizhou.gov.cn/zlxz/202603/t20260324_89900333.html,guizhou_2025_物理类_score_rank.pdf,pdf_table
2025,贵州,物理类,312,312,237,195388,94.312,195152,195388,贵州省招生考试院,https://zsksy.guizhou.gov.cn/zlxz/202603/P020250625419082373133.pdf,https://zsksy.guizhou.gov.cn/zlxz/202603/t20260324_89900333.html,guizhou_2025_物理类_score_rank.pdf,pdf_table
2025,贵州,物理类,311,311,249,195637,94.433,195389,195637,贵州省招生考试院,https://zsksy.guizhou.gov.cn/zlxz/202603/P020250625419082373133.pdf,https://zsksy.guizhou.gov.cn/zlxz/202603/t20260324_89900333.html,guizhou_2025_物理类_score_rank.pdf,pdf_table
2025,贵州,物理类,310,310,239,195876,94.548,195638,195876,贵州省招生考试院,https://zsksy.guizhou.gov.cn/zlxz/202603/P020250625419082373133.pdf,https://zsksy.guizhou.gov.cn/zlxz/202603/t20260324_89900333.html,guizhou_2025_物理类_score_rank.pdf,pdf_table
2025,贵州,物理类,309,309,237,196113,94.662,195877,196113,贵州省招生考试院,https://zsksy.guizhou.gov.cn/zlxz/202603/P020250625419082373133.pdf,https://zsksy.guizhou.gov.cn/zlxz/202603/t20260324_89900333.html,guizhou_2025_物理类_score_rank.pdf,pdf_table
2025,贵州,物理类,308,308,206,196319,94.762,196114,196319,贵州省招生考试院,https://zsksy.guizhou.gov.cn/zlxz/202603/P020250625419082373133.pdf,https://zsksy.guizhou.gov.cn/zlxz/202603/t20260324_89900333.html,guizhou_2025_物理类_score_rank.pdf,pdf_table
2025,贵州,物理类,307,307,217,196536,94.867,196320,196536,贵州省招生考试院,https://zsksy.guizhou.gov.cn/zlxz/202603/P020250625419082373133.pdf,https://zsksy.guizhou.gov.cn/zlxz/202603/t20260324_89900333.html,guizhou_2025_物理类_score_rank.pdf,pdf_table
2025,贵州,物理类,306,306,216,196752,94.971,196537,196752,贵州省招生考试院,https://zsksy.guizhou.gov.cn/zlxz/202603/P020250625419082373133.pdf,https://zsksy.guizhou.gov.cn/zlxz/202603/t20260324_89900333.html,guizhou_2025_物理类_score_rank.pdf,pdf_table
2025,贵州,物理类,305,305,214,196966,95.074,196753,196966,贵州省招生考试院,https://zsksy.guizhou.gov.cn/zlxz/202603/P020250625419082373133.pdf,https://zsksy.guizhou.gov.cn/zlxz/202603/t20260324_89900333.html,guizhou_2025_物理类_score_rank.pdf,pdf_table
2025,贵州,物理类,304,304,215,197181,95.178,196967,197181,贵州省招生考试院,https://zsksy.guizhou.gov.cn/zlxz/202603/P020250625419082373133.pdf,https://zsksy.guizhou.gov.cn/zlxz/202603/t20260324_89900333.html,guizhou_2025_物理类_score_rank.pdf,pdf_table
2025,贵州,物理类,303,303,204,197385,95.276,197182,197385,贵州省招生考试院,https://zsksy.guizhou.gov.cn/zlxz/202603/P020250625419082373133.pdf,https://zsksy.guizhou.gov.cn/zlxz/202603/t20260324_89900333.html,guizhou_2025_物理类_score_rank.pdf,pdf_table
2025,贵州,物理类,302,302,194,197579,95.37,197386,197579,贵州省招生考试院,https://zsksy.guizhou.gov.cn/zlxz/202603/P020250625419082373133.pdf,https://zsksy.guizhou.gov.cn/zlxz/202603/t20260324_89900333.html,guizhou_2025_物理类_score_rank.pdf,pdf_table
2025,贵州,物理类,301,301,200,197779,95.467,197580,197779,贵州省招生考试院,https://zsksy.guizhou.gov.cn/zlxz/202603/P020250625419082373133.pdf,https://zsksy.guizhou.gov.cn/zlxz/202603/t20260324_89900333.html,guizhou_2025_物理类_score_rank.pdf,pdf_table
2025,贵州,物理类,300,300,190,197969,95.558,197780,197969,贵州省招生考试院,https://zsksy.guizhou.gov.cn/zlxz/202603/P020250625419082373133.pdf,https://zsksy.guizhou.gov.cn/zlxz/202603/t20260324_89900333.html,guizhou_2025_物理类_score_rank.pdf,pdf_table
2025,贵州,物理类,299,299,167,198136,95.639,197970,198136,贵州省招生考试院,https://zsksy.guizhou.gov.cn/zlxz/202603/P020250625419082373133.pdf,https://zsksy.guizhou.gov.cn/zlxz/202603/t20260324_89900333.html,guizhou_2025_物理类_score_rank.pdf,pdf_table
2025,贵州,物理类,298,298,189,198325,95.73,198137,198325,贵州省招生考试院,https://zsksy.guizhou.gov.cn/zlxz/202603/P020250625419082373133.pdf,https://zsksy.guizhou.gov.cn/zlxz/202603/t20260324_89900333.html,guizhou_2025_物理类_score_rank.pdf,pdf_table
2025,贵州,物理类,297,297,192,198517,95.823,198326,198517,贵州省招生考试院,https://zsksy.guizhou.gov.cn/zlxz/202603/P020250625419082373133.pdf,https://zsksy.guizhou.gov.cn/zlxz/202603/t20260324_89900333.html,guizhou_2025_物理类_score_rank.pdf,pdf_table
2025,贵州,物理类,296,296,171,198688,95.905,198518,198688,贵州省招生考试院,https://zsksy.guizhou.gov.cn/zlxz/202603/P020250625419082373133.pdf,https://zsksy.guizhou.gov.cn/zlxz/202603/t20260324_89900333.html,guizhou_2025_物理类_score_rank.pdf,pdf_table
2025,贵州,物理类,295,295,185,198873,95.995,198689,198873,贵州省招生考试院,https://zsksy.guizhou.gov.cn/zlxz/202603/P020250625419082373133.pdf,https://zsksy.guizhou.gov.cn/zlxz/202603/t20260324_89900333.html,guizhou_2025_物理类_score_rank.pdf,pdf_table
2025,贵州,物理类,294,294,177,199050,96.08,198874,199050,贵州省招生考试院,https://zsksy.guizhou.gov.cn/zlxz/202603/P020250625419082373133.pdf,https://zsksy.guizhou.gov.cn/zlxz/202603/t20260324_89900333.html,guizhou_2025_物理类_score_rank.pdf,pdf_table
2025,贵州,物理类,293,293,187,199237,96.17,199051,199237,贵州省招生考试院,https://zsksy.guizhou.gov.cn/zlxz/202603/P020250625419082373133.pdf,https://zsksy.guizhou.gov.cn/zlxz/202603/t20260324_89900333.html,guizhou_2025_物理类_score_rank.pdf,pdf_table
2025,贵州,物理类,292,292,156,199393,96.246,199238,199393,贵州省招生考试院,https://zsksy.guizhou.gov.cn/zlxz/202603/P020250625419082373133.pdf,https://zsksy.guizhou.gov.cn/zlxz/202603/t20260324_89900333.html,guizhou_2025_物理类_score_rank.pdf,pdf_table
2025,贵州,物理类,291,291,165,199558,96.325,199394,199558,贵州省招生考试院,https://zsksy.guizhou.gov.cn/zlxz/202603/P020250625419082373133.pdf,https://zsksy.guizhou.gov.cn/zlxz/202603/t20260324_89900333.html,guizhou_2025_物理类_score_rank.pdf,pdf_table
2025,贵州,物理类,290,290,158,199716,96.402,199559,199716,贵州省招生考试院,https://zsksy.guizhou.gov.cn/zlxz/202603/P020250625419082373133.pdf,https://zsksy.guizhou.gov.cn/zlxz/202603/t20260324_89900333.html,guizhou_2025_物理类_score_rank.pdf,pdf_table
2025,贵州,物理类,289,289,152,199868,96.475,199717,199868,贵州省招生考试院,https://zsksy.guizhou.gov.cn/zlxz/202603/P020250625419082373133.pdf,https://zsksy.guizhou.gov.cn/zlxz/202603/t20260324_89900333.html,guizhou_2025_物理类_score_rank.pdf,pdf_table
2025,贵州,物理类,288,288,149,200017,96.547,199869,200017,贵州省招生考试院,https://zsksy.guizhou.gov.cn/zlxz/202603/P020250625419082373133.pdf,https://zsksy.guizhou.gov.cn/zlxz/202603/t20260324_89900333.html,guizhou_2025_物理类_score_rank.pdf,pdf_table
2025,贵州,物理类,287,287,163,200180,96.625,200018,200180,贵州省招生考试院,https://zsksy.guizhou.gov.cn/zlxz/202603/P020250625419082373133.pdf,https://zsksy.guizhou.gov.cn/zlxz/202603/t20260324_89900333.html,guizhou_2025_物理类_score_rank.pdf,pdf_table
2025,贵州,物理类,286,286,149,200329,96.697,200181,200329,贵州省招生考试院,https://zsksy.guizhou.gov.cn/zlxz/202603/P020250625419082373133.pdf,https://zsksy.guizhou.gov.cn/zlxz/202603/t20260324_89900333.html,guizhou_2025_物理类_score_rank.pdf,pdf_table
2025,贵州,物理类,285,285,134,200463,96.762,200330,200463,贵州省招生考试院,https://zsksy.guizhou.gov.cn/zlxz/202603/P020250625419082373133.pdf,https://zsksy.guizhou.gov.cn/zlxz/202603/t20260324_89900333.html,guizhou_2025_物理类_score_rank.pdf,pdf_table
2025,贵州,物理类,284,284,138,200601,96.829,200464,200601,贵州省招生考试院,https://zsksy.guizhou.gov.cn/zlxz/202603/P020250625419082373133.pdf,https://zsksy.guizhou.gov.cn/zlxz/202603/t20260324_89900333.html,guizhou_2025_物理类_score_rank.pdf,pdf_table
2025,贵州,物理类,283,283,132,200733,96.892,200602,200733,贵州省招生考试院,https://zsksy.guizhou.gov.cn/zlxz/202603/P020250625419082373133.pdf,https://zsksy.guizhou.gov.cn/zlxz/202603/t20260324_89900333.html,guizhou_2025_物理类_score_rank.pdf,pdf_table
2025,贵州,物理类,282,282,130,200863,96.955,200734,200863,贵州省招生考试院,https://zsksy.guizhou.gov.cn/zlxz/202603/P020250625419082373133.pdf,https://zsksy.guizhou.gov.cn/zlxz/202603/t20260324_89900333.html,guizhou_2025_物理类_score_rank.pdf,pdf_table
2025,贵州,物理类,281,281,124,200987,97.015,200864,200987,贵州省招生考试院,https://zsksy.guizhou.gov.cn/zlxz/202603/P020250625419082373133.pdf,https://zsksy.guizhou.gov.cn/zlxz/202603/t20260324_89900333.html,guizhou_2025_物理类_score_rank.pdf,pdf_table
2025,贵州,物理类,280,280,135,201122,97.08,200988,201122,贵州省招生考试院,https://zsksy.guizhou.gov.cn/zlxz/202603/P020250625419082373133.pdf,https://zsksy.guizhou.gov.cn/zlxz/202603/t20260324_89900333.html,guizhou_2025_物理类_score_rank.pdf,pdf_table
2025,贵州,物理类,279,279,118,201240,97.137,201123,201240,贵州省招生考试院,https://zsksy.guizhou.gov.cn/zlxz/202603/P020250625419082373133.pdf,https://zsksy.guizhou.gov.cn/zlxz/202603/t20260324_89900333.html,guizhou_2025_物理类_score_rank.pdf,pdf_table
2025,贵州,物理类,278,278,112,201352,97.191,201241,201352,贵州省招生考试院,https://zsksy.guizhou.gov.cn/zlxz/202603/P020250625419082373133.pdf,https://zsksy.guizhou.gov.cn/zlxz/202603/t20260324_89900333.html,guizhou_2025_物理类_score_rank.pdf,pdf_table
2025,贵州,物理类,277,277,108,201460,97.243,201353,201460,贵州省招生考试院,https://zsksy.guizhou.gov.cn/zlxz/202603/P020250625419082373133.pdf,https://zsksy.guizhou.gov.cn/zlxz/202603/t20260324_89900333.html,guizhou_2025_物理类_score_rank.pdf,pdf_table
2025,贵州,物理类,276,276,112,201572,97.297,201461,201572,贵州省招生考试院,https://zsksy.guizhou.gov.cn/zlxz/202603/P020250625419082373133.pdf,https://zsksy.guizhou.gov.cn/zlxz/202603/t20260324_89900333.html,guizhou_2025_物理类_score_rank.pdf,pdf_table
2025,贵州,物理类,275,275,111,201683,97.351,201573,201683,贵州省招生考试院,https://zsksy.guizhou.gov.cn/zlxz/202603/P020250625419082373133.pdf,https://zsksy.guizhou.gov.cn/zlxz/202603/t20260324_89900333.html,guizhou_2025_物理类_score_rank.pdf,pdf_table
2025,贵州,物理类,274,274,98,201781,97.398,201684,201781,贵州省招生考试院,https://zsksy.guizhou.gov.cn/zlxz/202603/P020250625419082373133.pdf,https://zsksy.guizhou.gov.cn/zlxz/202603/t20260324_89900333.html,guizhou_2025_物理类_score_rank.pdf,pdf_table
2025,贵州,物理类,273,273,131,201912,97.462,201782,201912,贵州省招生考试院,https://zsksy.guizhou.gov.cn/zlxz/202603/P020250625419082373133.pdf,https://zsksy.guizhou.gov.cn/zlxz/202603/t20260324_89900333.html,guizhou_2025_物理类_score_rank.pdf,pdf_table
2025,贵州,物理类,272,272,113,202025,97.516,201913,202025,贵州省招生考试院,https://zsksy.guizhou.gov.cn/zlxz/202603/P020250625419082373133.pdf,https://zsksy.guizhou.gov.cn/zlxz/202603/t20260324_89900333.html,guizhou_2025_物理类_score_rank.pdf,pdf_table
2025,贵州,物理类,271,271,108,202133,97.568,202026,202133,贵州省招生考试院,https://zsksy.guizhou.gov.cn/zlxz/202603/P020250625419082373133.pdf,https://zsksy.guizhou.gov.cn/zlxz/202603/t20260324_89900333.html,guizhou_2025_物理类_score_rank.pdf,pdf_table
2025,贵州,物理类,270,270,93,202226,97.613,202134,202226,贵州省招生考试院,https://zsksy.guizhou.gov.cn/zlxz/202603/P020250625419082373133.pdf,https://zsksy.guizhou.gov.cn/zlxz/202603/t20260324_89900333.html,guizhou_2025_物理类_score_rank.pdf,pdf_table
2025,贵州,物理类,269,269,92,202318,97.657,202227,202318,贵州省招生考试院,https://zsksy.guizhou.gov.cn/zlxz/202603/P020250625419082373133.pdf,https://zsksy.guizhou.gov.cn/zlxz/202603/t20260324_89900333.html,guizhou_2025_物理类_score_rank.pdf,pdf_table
2025,贵州,物理类,268,268,87,202405,97.699,202319,202405,贵州省招生考试院,https://zsksy.guizhou.gov.cn/zlxz/202603/P020250625419082373133.pdf,https://zsksy.guizhou.gov.cn/zlxz/202603/t20260324_89900333.html,guizhou_2025_物理类_score_rank.pdf,pdf_table
2025,贵州,物理类,267,267,92,202497,97.744,202406,202497,贵州省招生考试院,https://zsksy.guizhou.gov.cn/zlxz/202603/P020250625419082373133.pdf,https://zsksy.guizhou.gov.cn/zlxz/202603/t20260324_89900333.html,guizhou_2025_物理类_score_rank.pdf,pdf_table
2025,贵州,物理类,266,266,86,202583,97.785,202498,202583,贵州省招生考试院,https://zsksy.guizhou.gov.cn/zlxz/202603/P020250625419082373133.pdf,https://zsksy.guizhou.gov.cn/zlxz/202603/t20260324_89900333.html,guizhou_2025_物理类_score_rank.pdf,pdf_table
2025,贵州,物理类,265,265,84,202667,97.826,202584,202667,贵州省招生考试院,https://zsksy.guizhou.gov.cn/zlxz/202603/P020250625419082373133.pdf,https://zsksy.guizhou.gov.cn/zlxz/202603/t20260324_89900333.html,guizhou_2025_物理类_score_rank.pdf,pdf_table
2025,贵州,物理类,264,264,91,202758,97.87,202668,202758,贵州省招生考试院,https://zsksy.guizhou.gov.cn/zlxz/202603/P020250625419082373133.pdf,https://zsksy.guizhou.gov.cn/zlxz/202603/t20260324_89900333.html,guizhou_2025_物理类_score_rank.pdf,pdf_table
2025,贵州,物理类,263,263,82,202840,97.909,202759,202840,贵州省招生考试院,https://zsksy.guizhou.gov.cn/zlxz/202603/P020250625419082373133.pdf,https://zsksy.guizhou.gov.cn/zlxz/202603/t20260324_89900333.html,guizhou_2025_物理类_score_rank.pdf,pdf_table
2025,贵州,物理类,262,262,73,202913,97.945,202841,202913,贵州省招生考试院,https://zsksy.guizhou.gov.cn/zlxz/202603/P020250625419082373133.pdf,https://zsksy.guizhou.gov.cn/zlxz/202603/t20260324_89900333.html,guizhou_2025_物理类_score_rank.pdf,pdf_table
2025,贵州,物理类,261,261,70,202983,97.978,202914,202983,贵州省招生考试院,https://zsksy.guizhou.gov.cn/zlxz/202603/P020250625419082373133.pdf,https://zsksy.guizhou.gov.cn/zlxz/202603/t20260324_89900333.html,guizhou_2025_物理类_score_rank.pdf,pdf_table
2025,贵州,物理类,260,260,74,203057,98.014,202984,203057,贵州省招生考试院,https://zsksy.guizhou.gov.cn/zlxz/202603/P020250625419082373133.pdf,https://zsksy.guizhou.gov.cn/zlxz/202603/t20260324_89900333.html,guizhou_2025_物理类_score_rank.pdf,pdf_table
2025,贵州,物理类,259,259,78,203135,98.052,203058,203135,贵州省招生考试院,https://zsksy.guizhou.gov.cn/zlxz/202603/P020250625419082373133.pdf,https://zsksy.guizhou.gov.cn/zlxz/202603/t20260324_89900333.html,guizhou_2025_物理类_score_rank.pdf,pdf_table
2025,贵州,物理类,258,258,65,203200,98.083,203136,203200,贵州省招生考试院,https://zsksy.guizhou.gov.cn/zlxz/202603/P020250625419082373133.pdf,https://zsksy.guizhou.gov.cn/zlxz/202603/t20260324_89900333.html,guizhou_2025_物理类_score_rank.pdf,pdf_table
2025,贵州,物理类,257,257,65,203265,98.115,203201,203265,贵州省招生考试院,https://zsksy.guizhou.gov.cn/zlxz/202603/P020250625419082373133.pdf,https://zsksy.guizhou.gov.cn/zlxz/202603/t20260324_89900333.html,guizhou_2025_物理类_score_rank.pdf,pdf_table
2025,贵州,物理类,256,256,72,203337,98.149,203266,203337,贵州省招生考试院,https://zsksy.guizhou.gov.cn/zlxz/202603/P020250625419082373133.pdf,https://zsksy.guizhou.gov.cn/zlxz/202603/t20260324_89900333.html,guizhou_2025_物理类_score_rank.pdf,pdf_table
2025,贵州,物理类,255,255,65,203402,98.181,203338,203402,贵州省招生考试院,https://zsksy.guizhou.gov.cn/zlxz/202603/P020250625419082373133.pdf,https://zsksy.guizhou.gov.cn/zlxz/202603/t20260324_89900333.html,guizhou_2025_物理类_score_rank.pdf,pdf_table
2025,贵州,物理类,254,254,76,203478,98.217,203403,203478,贵州省招生考试院,https://zsksy.guizhou.gov.cn/zlxz/202603/P020250625419082373133.pdf,https://zsksy.guizhou.gov.cn/zlxz/202603/t20260324_89900333.html,guizhou_2025_物理类_score_rank.pdf,pdf_table
2025,贵州,物理类,253,253,59,203537,98.246,203479,203537,贵州省招生考试院,https://zsksy.guizhou.gov.cn/zlxz/202603/P020250625419082373133.pdf,https://zsksy.guizhou.gov.cn/zlxz/202603/t20260324_89900333.html,guizhou_2025_物理类_score_rank.pdf,pdf_table
2025,贵州,物理类,252,252,52,203589,98.271,203538,203589,贵州省招生考试院,https://zsksy.guizhou.gov.cn/zlxz/202603/P020250625419082373133.pdf,https://zsksy.guizhou.gov.cn/zlxz/202603/t20260324_89900333.html,guizhou_2025_物理类_score_rank.pdf,pdf_table
2025,贵州,物理类,251,251,56,203645,98.298,203590,203645,贵州省招生考试院,https://zsksy.guizhou.gov.cn/zlxz/202603/P020250625419082373133.pdf,https://zsksy.guizhou.gov.cn/zlxz/202603/t20260324_89900333.html,guizhou_2025_物理类_score_rank.pdf,pdf_table
2025,贵州,物理类,250,250,65,203710,98.329,203646,203710,贵州省招生考试院,https://zsksy.guizhou.gov.cn/zlxz/202603/P020250625419082373133.pdf,https://zsksy.guizhou.gov.cn/zlxz/202603/t20260324_89900333.html,guizhou_2025_物理类_score_rank.pdf,pdf_table
2025,贵州,物理类,249,249,59,203769,98.358,203711,203769,贵州省招生考试院,https://zsksy.guizhou.gov.cn/zlxz/202603/P020250625419082373133.pdf,https://zsksy.guizhou.gov.cn/zlxz/202603/t20260324_89900333.html,guizhou_2025_物理类_score_rank.pdf,pdf_table
2025,贵州,物理类,248,248,48,203817,98.381,203770,203817,贵州省招生考试院,https://zsksy.guizhou.gov.cn/zlxz/202603/P020250625419082373133.pdf,https://zsksy.guizhou.gov.cn/zlxz/202603/t20260324_89900333.html,guizhou_2025_物理类_score_rank.pdf,pdf_table
2025,贵州,物理类,247,247,56,203873,98.408,203818,203873,贵州省招生考试院,https://zsksy.guizhou.gov.cn/zlxz/202603/P020250625419082373133.pdf,https://zsksy.guizhou.gov.cn/zlxz/202603/t20260324_89900333.html,guizhou_2025_物理类_score_rank.pdf,pdf_table
2025,贵州,物理类,246,246,52,203925,98.433,203874,203925,贵州省招生考试院,https://zsksy.guizhou.gov.cn/zlxz/202603/P020250625419082373133.pdf,https://zsksy.guizhou.gov.cn/zlxz/202603/t20260324_89900333.html,guizhou_2025_物理类_score_rank.pdf,pdf_table
2025,贵州,物理类,245,245,48,203973,98.456,203926,203973,贵州省招生考试院,https://zsksy.guizhou.gov.cn/zlxz/202603/P020250625419082373133.pdf,https://zsksy.guizhou.gov.cn/zlxz/202603/t20260324_89900333.html,guizhou_2025_物理类_score_rank.pdf,pdf_table
2025,贵州,物理类,244,244,49,204022,98.48,203974,204022,贵州省招生考试院,https://zsksy.guizhou.gov.cn/zlxz/202603/P020250625419082373133.pdf,https://zsksy.guizhou.gov.cn/zlxz/202603/t20260324_89900333.html,guizhou_2025_物理类_score_rank.pdf,pdf_table
2025,贵州,物理类,243,243,40,204062,98.499,204023,204062,贵州省招生考试院,https://zsksy.guizhou.gov.cn/zlxz/202603/P020250625419082373133.pdf,https://zsksy.guizhou.gov.cn/zlxz/202603/t20260324_89900333.html,guizhou_2025_物理类_score_rank.pdf,pdf_table
2025,贵州,物理类,242,242,38,204100,98.518,204063,204100,贵州省招生考试院,https://zsksy.guizhou.gov.cn/zlxz/202603/P020250625419082373133.pdf,https://zsksy.guizhou.gov.cn/zlxz/202603/t20260324_89900333.html,guizhou_2025_物理类_score_rank.pdf,pdf_table
2025,贵州,物理类,241,241,38,204138,98.536,204101,204138,贵州省招生考试院,https://zsksy.guizhou.gov.cn/zlxz/202603/P020250625419082373133.pdf,https://zsksy.guizhou.gov.cn/zlxz/202603/t20260324_89900333.html,guizhou_2025_物理类_score_rank.pdf,pdf_table
2025,贵州,物理类,240,240,40,204178,98.555,204139,204178,贵州省招生考试院,https://zsksy.guizhou.gov.cn/zlxz/202603/P020250625419082373133.pdf,https://zsksy.guizhou.gov.cn/zlxz/202603/t20260324_89900333.html,guizhou_2025_物理类_score_rank.pdf,pdf_table
2025,贵州,物理类,239,239,37,204215,98.573,204179,204215,贵州省招生考试院,https://zsksy.guizhou.gov.cn/zlxz/202603/P020250625419082373133.pdf,https://zsksy.guizhou.gov.cn/zlxz/202603/t20260324_89900333.html,guizhou_2025_物理类_score_rank.pdf,pdf_table
2025,贵州,物理类,238,238,43,204258,98.594,204216,204258,贵州省招生考试院,https://zsksy.guizhou.gov.cn/zlxz/202603/P020250625419082373133.pdf,https://zsksy.guizhou.gov.cn/zlxz/202603/t20260324_89900333.html,guizhou_2025_物理类_score_rank.pdf,pdf_table
2025,贵州,物理类,237,237,34,204292,98.61,204259,204292,贵州省招生考试院,https://zsksy.guizhou.gov.cn/zlxz/202603/P020250625419082373133.pdf,https://zsksy.guizhou.gov.cn/zlxz/202603/t20260324_89900333.html,guizhou_2025_物理类_score_rank.pdf,pdf_table
2025,贵州,物理类,236,236,33,204325,98.626,204293,204325,贵州省招生考试院,https://zsksy.guizhou.gov.cn/zlxz/202603/P020250625419082373133.pdf,https://zsksy.guizhou.gov.cn/zlxz/202603/t20260324_89900333.html,guizhou_2025_物理类_score_rank.pdf,pdf_table
2025,贵州,物理类,235,235,30,204355,98.641,204326,204355,贵州省招生考试院,https://zsksy.guizhou.gov.cn/zlxz/202603/P020250625419082373133.pdf,https://zsksy.guizhou.gov.cn/zlxz/202603/t20260324_89900333.html,guizhou_2025_物理类_score_rank.pdf,pdf_table
2025,贵州,物理类,234,234,27,204382,98.654,204356,204382,贵州省招生考试院,https://zsksy.guizhou.gov.cn/zlxz/202603/P020250625419082373133.pdf,https://zsksy.guizhou.gov.cn/zlxz/202603/t20260324_89900333.html,guizhou_2025_物理类_score_rank.pdf,pdf_table
2025,贵州,物理类,233,233,29,204411,98.668,204383,204411,贵州省招生考试院,https://zsksy.guizhou.gov.cn/zlxz/202603/P020250625419082373133.pdf,https://zsksy.guizhou.gov.cn/zlxz/202603/t20260324_89900333.html,guizhou_2025_物理类_score_rank.pdf,pdf_table
2025,贵州,物理类,232,232,29,204440,98.682,204412,204440,贵州省招生考试院,https://zsksy.guizhou.gov.cn/zlxz/202603/P020250625419082373133.pdf,https://zsksy.guizhou.gov.cn/zlxz/202603/t20260324_89900333.html,guizhou_2025_物理类_score_rank.pdf,pdf_table
2025,贵州,物理类,231,231,25,204465,98.694,204441,204465,贵州省招生考试院,https://zsksy.guizhou.gov.cn/zlxz/202603/P020250625419082373133.pdf,https://zsksy.guizhou.gov.cn/zlxz/202603/t20260324_89900333.html,guizhou_2025_物理类_score_rank.pdf,pdf_table
2025,贵州,物理类,230,230,22,204487,98.704,204466,204487,贵州省招生考试院,https://zsksy.guizhou.gov.cn/zlxz/202603/P020250625419082373133.pdf,https://zsksy.guizhou.gov.cn/zlxz/202603/t20260324_89900333.html,guizhou_2025_物理类_score_rank.pdf,pdf_table
2025,贵州,物理类,229,229,21,204508,98.715,204488,204508,贵州省招生考试院,https://zsksy.guizhou.gov.cn/zlxz/202603/P020250625419082373133.pdf,https://zsksy.guizhou.gov.cn/zlxz/202603/t20260324_89900333.html,guizhou_2025_物理类_score_rank.pdf,pdf_table
2025,贵州,物理类,228,228,19,204527,98.724,204509,204527,贵州省招生考试院,https://zsksy.guizhou.gov.cn/zlxz/202603/P020250625419082373133.pdf,https://zsksy.guizhou.gov.cn/zlxz/202603/t20260324_89900333.html,guizhou_2025_物理类_score_rank.pdf,pdf_table
2025,贵州,物理类,227,227,28,204555,98.737,204528,204555,贵州省招生考试院,https://zsksy.guizhou.gov.cn/zlxz/202603/P020250625419082373133.pdf,https://zsksy.guizhou.gov.cn/zlxz/202603/t20260324_89900333.html,guizhou_2025_物理类_score_rank.pdf,pdf_table
2025,贵州,物理类,226,226,22,204577,98.748,204556,204577,贵州省招生考试院,https://zsksy.guizhou.gov.cn/zlxz/202603/P020250625419082373133.pdf,https://zsksy.guizhou.gov.cn/zlxz/202603/t20260324_89900333.html,guizhou_2025_物理类_score_rank.pdf,pdf_table
2025,贵州,物理类,225,225,19,204596,98.757,204578,204596,贵州省招生考试院,https://zsksy.guizhou.gov.cn/zlxz/202603/P020250625419082373133.pdf,https://zsksy.guizhou.gov.cn/zlxz/202603/t20260324_89900333.html,guizhou_2025_物理类_score_rank.pdf,pdf_table
2025,贵州,物理类,224,224,21,204617,98.767,204597,204617,贵州省招生考试院,https://zsksy.guizhou.gov.cn/zlxz/202603/P020250625419082373133.pdf,https://zsksy.guizhou.gov.cn/zlxz/202603/t20260324_89900333.html,guizhou_2025_物理类_score_rank.pdf,pdf_table
2025,贵州,物理类,223,223,22,204639,98.778,204618,204639,贵州省招生考试院,https://zsksy.guizhou.gov.cn/zlxz/202603/P020250625419082373133.pdf,https://zsksy.guizhou.gov.cn/zlxz/202603/t20260324_89900333.html,guizhou_2025_物理类_score_rank.pdf,pdf_table
2025,贵州,物理类,222,222,23,204662,98.789,204640,204662,贵州省招生考试院,https://zsksy.guizhou.gov.cn/zlxz/202603/P020250625419082373133.pdf,https://zsksy.guizhou.gov.cn/zlxz/202603/t20260324_89900333.html,guizhou_2025_物理类_score_rank.pdf,pdf_table
2025,贵州,物理类,221,221,16,204678,98.797,204663,204678,贵州省招生考试院,https://zsksy.guizhou.gov.cn/zlxz/202603/P020250625419082373133.pdf,https://zsksy.guizhou.gov.cn/zlxz/202603/t20260324_89900333.html,guizhou_2025_物理类_score_rank.pdf,pdf_table
2025,贵州,物理类,220,220,14,204692,98.803,204679,204692,贵州省招生考试院,https://zsksy.guizhou.gov.cn/zlxz/202603/P020250625419082373133.pdf,https://zsksy.guizhou.gov.cn/zlxz/202603/t20260324_89900333.html,guizhou_2025_物理类_score_rank.pdf,pdf_table
2025,贵州,物理类,219,219,14,204706,98.81,204693,204706,贵州省招生考试院,https://zsksy.guizhou.gov.cn/zlxz/202603/P020250625419082373133.pdf,https://zsksy.guizhou.gov.cn/zlxz/202603/t20260324_89900333.html,guizhou_2025_物理类_score_rank.pdf,pdf_table
2025,贵州,物理类,218,218,10,204716,98.815,204707,204716,贵州省招生考试院,https://zsksy.guizhou.gov.cn/zlxz/202603/P020250625419082373133.pdf,https://zsksy.guizhou.gov.cn/zlxz/202603/t20260324_89900333.html,guizhou_2025_物理类_score_rank.pdf,pdf_table
2025,贵州,物理类,217,217,21,204737,98.825,204717,204737,贵州省招生考试院,https://zsksy.guizhou.gov.cn/zlxz/202603/P020250625419082373133.pdf,https://zsksy.guizhou.gov.cn/zlxz/202603/t20260324_89900333.html,guizhou_2025_物理类_score_rank.pdf,pdf_table
2025,贵州,物理类,216,216,13,204750,98.831,204738,204750,贵州省招生考试院,https://zsksy.guizhou.gov.cn/zlxz/202603/P020250625419082373133.pdf,https://zsksy.guizhou.gov.cn/zlxz/202603/t20260324_89900333.html,guizhou_2025_物理类_score_rank.pdf,pdf_table
2025,贵州,物理类,215,215,17,204767,98.84,204751,204767,贵州省招生考试院,https://zsksy.guizhou.gov.cn/zlxz/202603/P020250625419082373133.pdf,https://zsksy.guizhou.gov.cn/zlxz/202603/t20260324_89900333.html,guizhou_2025_物理类_score_rank.pdf,pdf_table
2025,贵州,物理类,214,214,14,204781,98.846,204768,204781,贵州省招生考试院,https://zsksy.guizhou.gov.cn/zlxz/202603/P020250625419082373133.pdf,https://zsksy.guizhou.gov.cn/zlxz/202603/t20260324_89900333.html,guizhou_2025_物理类_score_rank.pdf,pdf_table
2025,贵州,物理类,213,213,11,204792,98.852,204782,204792,贵州省招生考试院,https://zsksy.guizhou.gov.cn/zlxz/202603/P020250625419082373133.pdf,https://zsksy.guizhou.gov.cn/zlxz/202603/t20260324_89900333.html,guizhou_2025_物理类_score_rank.pdf,pdf_table
2025,贵州,物理类,212,212,10,204802,98.857,204793,204802,贵州省招生考试院,https://zsksy.guizhou.gov.cn/zlxz/202603/P020250625419082373133.pdf,https://zsksy.guizhou.gov.cn/zlxz/202603/t20260324_89900333.html,guizhou_2025_物理类_score_rank.pdf,pdf_table
2025,贵州,物理类,211,211,9,204811,98.861,204803,204811,贵州省招生考试院,https://zsksy.guizhou.gov.cn/zlxz/202603/P020250625419082373133.pdf,https://zsksy.guizhou.gov.cn/zlxz/202603/t20260324_89900333.html,guizhou_2025_物理类_score_rank.pdf,pdf_table
2025,贵州,物理类,210,210,11,204822,98.866,204812,204822,贵州省招生考试院,https://zsksy.guizhou.gov.cn/zlxz/202603/P020250625419082373133.pdf,https://zsksy.guizhou.gov.cn/zlxz/202603/t20260324_89900333.html,guizhou_2025_物理类_score_rank.pdf,pdf_table
2025,贵州,物理类,209,209,9,204831,98.87,204823,204831,贵州省招生考试院,https://zsksy.guizhou.gov.cn/zlxz/202603/P020250625419082373133.pdf,https://zsksy.guizhou.gov.cn/zlxz/202603/t20260324_89900333.html,guizhou_2025_物理类_score_rank.pdf,pdf_table
2025,贵州,物理类,208,208,11,204842,98.876,204832,204842,贵州省招生考试院,https://zsksy.guizhou.gov.cn/zlxz/202603/P020250625419082373133.pdf,https://zsksy.guizhou.gov.cn/zlxz/202603/t20260324_89900333.html,guizhou_2025_物理类_score_rank.pdf,pdf_table
2025,贵州,物理类,207,207,11,204853,98.881,204843,204853,贵州省招生考试院,https://zsksy.guizhou.gov.cn/zlxz/202603/P020250625419082373133.pdf,https://zsksy.guizhou.gov.cn/zlxz/202603/t20260324_89900333.html,guizhou_2025_物理类_score_rank.pdf,pdf_table
2025,贵州,物理类,206,206,13,204866,98.887,204854,204866,贵州省招生考试院,https://zsksy.guizhou.gov.cn/zlxz/202603/P020250625419082373133.pdf,https://zsksy.guizhou.gov.cn/zlxz/202603/t20260324_89900333.html,guizhou_2025_物理类_score_rank.pdf,pdf_table
2025,贵州,物理类,205,205,10,204876,98.892,204867,204876,贵州省招生考试院,https://zsksy.guizhou.gov.cn/zlxz/202603/P020250625419082373133.pdf,https://zsksy.guizhou.gov.cn/zlxz/202603/t20260324_89900333.html,guizhou_2025_物理类_score_rank.pdf,pdf_table
2025,贵州,物理类,204,204,5,204881,98.895,204877,204881,贵州省招生考试院,https://zsksy.guizhou.gov.cn/zlxz/202603/P020250625419082373133.pdf,https://zsksy.guizhou.gov.cn/zlxz/202603/t20260324_89900333.html,guizhou_2025_物理类_score_rank.pdf,pdf_table
2025,贵州,物理类,203,203,8,204889,98.898,204882,204889,贵州省招生考试院,https://zsksy.guizhou.gov.cn/zlxz/202603/P020250625419082373133.pdf,https://zsksy.guizhou.gov.cn/zlxz/202603/t20260324_89900333.html,guizhou_2025_物理类_score_rank.pdf,pdf_table
2025,贵州,物理类,202,202,10,204899,98.903,204890,204899,贵州省招生考试院,https://zsksy.guizhou.gov.cn/zlxz/202603/P020250625419082373133.pdf,https://zsksy.guizhou.gov.cn/zlxz/202603/t20260324_89900333.html,guizhou_2025_物理类_score_rank.pdf,pdf_table
2025,贵州,物理类,201,201,4,204903,98.905,204900,204903,贵州省招生考试院,https://zsksy.guizhou.gov.cn/zlxz/202603/P020250625419082373133.pdf,https://zsksy.guizhou.gov.cn/zlxz/202603/t20260324_89900333.html,guizhou_2025_物理类_score_rank.pdf,pdf_table
2025,贵州,物理类,200,200,4,204907,98.907,204904,204907,贵州省招生考试院,https://zsksy.guizhou.gov.cn/zlxz/202603/P020250625419082373133.pdf,https://zsksy.guizhou.gov.cn/zlxz/202603/t20260324_89900333.html,guizhou_2025_物理类_score_rank.pdf,pdf_table
2025,贵州,物理类,199,199,4,204911,98.909,204908,204911,贵州省招生考试院,https://zsksy.guizhou.gov.cn/zlxz/202603/P020250625419082373133.pdf,https://zsksy.guizhou.gov.cn/zlxz/202603/t20260324_89900333.html,guizhou_2025_物理类_score_rank.pdf,pdf_table
2025,贵州,物理类,198,198,6,204917,98.912,204912,204917,贵州省招生考试院,https://zsksy.guizhou.gov.cn/zlxz/202603/P020250625419082373133.pdf,https://zsksy.guizhou.gov.cn/zlxz/202603/t20260324_89900333.html,guizhou_2025_物理类_score_rank.pdf,pdf_table
2025,贵州,物理类,197,197,2,204919,98.913,204918,204919,贵州省招生考试院,https://zsksy.guizhou.gov.cn/zlxz/202603/P020250625419082373133.pdf,https://zsksy.guizhou.gov.cn/zlxz/202603/t20260324_89900333.html,guizhou_2025_物理类_score_rank.pdf,pdf_table
2025,贵州,物理类,196,196,7,204926,98.916,204920,204926,贵州省招生考试院,https://zsksy.guizhou.gov.cn/zlxz/202603/P020250625419082373133.pdf,https://zsksy.guizhou.gov.cn/zlxz/202603/t20260324_89900333.html,guizhou_2025_物理类_score_rank.pdf,pdf_table
2025,贵州,物理类,195,195,6,204932,98.919,204927,204932,贵州省招生考试院,https://zsksy.guizhou.gov.cn/zlxz/202603/P020250625419082373133.pdf,https://zsksy.guizhou.gov.cn/zlxz/202603/t20260324_89900333.html,guizhou_2025_物理类_score_rank.pdf,pdf_table
2025,贵州,物理类,194,194,6,204938,98.922,204933,204938,贵州省招生考试院,https://zsksy.guizhou.gov.cn/zlxz/202603/P020250625419082373133.pdf,https://zsksy.guizhou.gov.cn/zlxz/202603/t20260324_89900333.html,guizhou_2025_物理类_score_rank.pdf,pdf_table
2025,贵州,物理类,193,193,2,204940,98.923,204939,204940,贵州省招生考试院,https://zsksy.guizhou.gov.cn/zlxz/202603/P020250625419082373133.pdf,https://zsksy.guizhou.gov.cn/zlxz/202603/t20260324_89900333.html,guizhou_2025_物理类_score_rank.pdf,pdf_table
2025,贵州,物理类,192,192,4,204944,98.925,204941,204944,贵州省招生考试院,https://zsksy.guizhou.gov.cn/zlxz/202603/P020250625419082373133.pdf,https://zsksy.guizhou.gov.cn/zlxz/202603/t20260324_89900333.html,guizhou_2025_物理类_score_rank.pdf,pdf_table
2025,贵州,物理类,191,191,4,204948,98.927,204945,204948,贵州省招生考试院,https://zsksy.guizhou.gov.cn/zlxz/202603/P020250625419082373133.pdf,https://zsksy.guizhou.gov.cn/zlxz/202603/t20260324_89900333.html,guizhou_2025_物理类_score_rank.pdf,pdf_table
2025,贵州,物理类,190,190,4,204952,98.929,204949,204952,贵州省招生考试院,https://zsksy.guizhou.gov.cn/zlxz/202603/P020250625419082373133.pdf,https://zsksy.guizhou.gov.cn/zlxz/202603/t20260324_89900333.html,guizhou_2025_物理类_score_rank.pdf,pdf_table
2025,贵州,物理类,189,189,2,204954,98.93,204953,204954,贵州省招生考试院,https://zsksy.guizhou.gov.cn/zlxz/202603/P020250625419082373133.pdf,https://zsksy.guizhou.gov.cn/zlxz/202603/t20260324_89900333.html,guizhou_2025_物理类_score_rank.pdf,pdf_table
2025,贵州,物理类,188,188,3,204957,98.931,204955,204957,贵州省招生考试院,https://zsksy.guizhou.gov.cn/zlxz/202603/P020250625419082373133.pdf,https://zsksy.guizhou.gov.cn/zlxz/202603/t20260324_89900333.html,guizhou_2025_物理类_score_rank.pdf,pdf_table
2025,贵州,物理类,187,187,1,204958,98.932,204958,204958,贵州省招生考试院,https://zsksy.guizhou.gov.cn/zlxz/202603/P020250625419082373133.pdf,https://zsksy.guizhou.gov.cn/zlxz/202603/t20260324_89900333.html,guizhou_2025_物理类_score_rank.pdf,pdf_table
2025,贵州,物理类,186,186,7,204965,98.935,204959,204965,贵州省招生考试院,https://zsksy.guizhou.gov.cn/zlxz/202603/P020250625419082373133.pdf,https://zsksy.guizhou.gov.cn/zlxz/202603/t20260324_89900333.html,guizhou_2025_物理类_score_rank.pdf,pdf_table
2025,贵州,物理类,185,185,2,204967,98.936,204966,204967,贵州省招生考试院,https://zsksy.guizhou.gov.cn/zlxz/202603/P020250625419082373133.pdf,https://zsksy.guizhou.gov.cn/zlxz/202603/t20260324_89900333.html,guizhou_2025_物理类_score_rank.pdf,pdf_table
2025,贵州,物理类,184,184,2,204969,98.937,204968,204969,贵州省招生考试院,https://zsksy.guizhou.gov.cn/zlxz/202603/P020250625419082373133.pdf,https://zsksy.guizhou.gov.cn/zlxz/202603/t20260324_89900333.html,guizhou_2025_物理类_score_rank.pdf,pdf_table
2025,贵州,物理类,183,183,2,204971,98.938,204970,204971,贵州省招生考试院,https://zsksy.guizhou.gov.cn/zlxz/202603/P020250625419082373133.pdf,https://zsksy.guizhou.gov.cn/zlxz/202603/t20260324_89900333.html,guizhou_2025_物理类_score_rank.pdf,pdf_table
2025,贵州,物理类,182,182,2,204973,98.939,204972,204973,贵州省招生考试院,https://zsksy.guizhou.gov.cn/zlxz/202603/P020250625419082373133.pdf,https://zsksy.guizhou.gov.cn/zlxz/202603/t20260324_89900333.html,guizhou_2025_物理类_score_rank.pdf,pdf_table
2025,贵州,物理类,181,181,3,204976,98.94,204974,204976,贵州省招生考试院,https://zsksy.guizhou.gov.cn/zlxz/202603/P020250625419082373133.pdf,https://zsksy.guizhou.gov.cn/zlxz/202603/t20260324_89900333.html,guizhou_2025_物理类_score_rank.pdf,pdf_table
2025,贵州,物理类,180,180,4,204980,98.942,204977,204980,贵州省招生考试院,https://zsksy.guizhou.gov.cn/zlxz/202603/P020250625419082373133.pdf,https://zsksy.guizhou.gov.cn/zlxz/202603/t20260324_89900333.html,guizhou_2025_物理类_score_rank.pdf,pdf_table
2025,贵州,物理类,179,179,3,204983,98.944,204981,204983,贵州省招生考试院,https://zsksy.guizhou.gov.cn/zlxz/202603/P020250625419082373133.pdf,https://zsksy.guizhou.gov.cn/zlxz/202603/t20260324_89900333.html,guizhou_2025_物理类_score_rank.pdf,pdf_table
2025,贵州,物理类,178,178,4,204987,98.946,204984,204987,贵州省招生考试院,https://zsksy.guizhou.gov.cn/zlxz/202603/P020250625419082373133.pdf,https://zsksy.guizhou.gov.cn/zlxz/202603/t20260324_89900333.html,guizhou_2025_物理类_score_rank.pdf,pdf_table
2025,贵州,物理类,177,177,2,204989,98.947,204988,204989,贵州省招生考试院,https://zsksy.guizhou.gov.cn/zlxz/202603/P020250625419082373133.pdf,https://zsksy.guizhou.gov.cn/zlxz/202603/t20260324_89900333.html,guizhou_2025_物理类_score_rank.pdf,pdf_table
2025,贵州,物理类,176,176,2,204991,98.948,204990,204991,贵州省招生考试院,https://zsksy.guizhou.gov.cn/zlxz/202603/P020250625419082373133.pdf,https://zsksy.guizhou.gov.cn/zlxz/202603/t20260324_89900333.html,guizhou_2025_物理类_score_rank.pdf,pdf_table
2025,贵州,物理类,175,175,4,204995,98.95,204992,204995,贵州省招生考试院,https://zsksy.guizhou.gov.cn/zlxz/202603/P020250625419082373133.pdf,https://zsksy.guizhou.gov.cn/zlxz/202603/t20260324_89900333.html,guizhou_2025_物理类_score_rank.pdf,pdf_table
2025,贵州,物理类,174,174,2,204997,98.951,204996,204997,贵州省招生考试院,https://zsksy.guizhou.gov.cn/zlxz/202603/P020250625419082373133.pdf,https://zsksy.guizhou.gov.cn/zlxz/202603/t20260324_89900333.html,guizhou_2025_物理类_score_rank.pdf,pdf_table
2025,贵州,物理类,173,173,3,205000,98.952,204998,205000,贵州省招生考试院,https://zsksy.guizhou.gov.cn/zlxz/202603/P020250625419082373133.pdf,https://zsksy.guizhou.gov.cn/zlxz/202603/t20260324_89900333.html,guizhou_2025_物理类_score_rank.pdf,pdf_table
2025,贵州,物理类,172,172,2,205002,98.953,205001,205002,贵州省招生考试院,https://zsksy.guizhou.gov.cn/zlxz/202603/P020250625419082373133.pdf,https://zsksy.guizhou.gov.cn/zlxz/202603/t20260324_89900333.html,guizhou_2025_物理类_score_rank.pdf,pdf_table
2025,贵州,物理类,171,171,3,205005,98.954,205003,205005,贵州省招生考试院,https://zsksy.guizhou.gov.cn/zlxz/202603/P020250625419082373133.pdf,https://zsksy.guizhou.gov.cn/zlxz/202603/t20260324_89900333.html,guizhou_2025_物理类_score_rank.pdf,pdf_table
2025,贵州,物理类,170,170,3,205008,98.956,205006,205008,贵州省招生考试院,https://zsksy.guizhou.gov.cn/zlxz/202603/P020250625419082373133.pdf,https://zsksy.guizhou.gov.cn/zlxz/202603/t20260324_89900333.html,guizhou_2025_物理类_score_rank.pdf,pdf_table
2025,贵州,物理类,169,169,4,205012,98.958,205009,205012,贵州省招生考试院,https://zsksy.guizhou.gov.cn/zlxz/202603/P020250625419082373133.pdf,https://zsksy.guizhou.gov.cn/zlxz/202603/t20260324_89900333.html,guizhou_2025_物理类_score_rank.pdf,pdf_table
2025,贵州,物理类,168,168,2,205014,98.959,205013,205014,贵州省招生考试院,https://zsksy.guizhou.gov.cn/zlxz/202603/P020250625419082373133.pdf,https://zsksy.guizhou.gov.cn/zlxz/202603/t20260324_89900333.html,guizhou_2025_物理类_score_rank.pdf,pdf_table
2025,贵州,物理类,167,167,2,205016,98.96,205015,205016,贵州省招生考试院,https://zsksy.guizhou.gov.cn/zlxz/202603/P020250625419082373133.pdf,https://zsksy.guizhou.gov.cn/zlxz/202603/t20260324_89900333.html,guizhou_2025_物理类_score_rank.pdf,pdf_table
2025,贵州,物理类,166,166,2,205018,98.961,205017,205018,贵州省招生考试院,https://zsksy.guizhou.gov.cn/zlxz/202603/P020250625419082373133.pdf,https://zsksy.guizhou.gov.cn/zlxz/202603/t20260324_89900333.html,guizhou_2025_物理类_score_rank.pdf,pdf_table
2025,贵州,物理类,165,165,3,205021,98.962,205019,205021,贵州省招生考试院,https://zsksy.guizhou.gov.cn/zlxz/202603/P020250625419082373133.pdf,https://zsksy.guizhou.gov.cn/zlxz/202603/t20260324_89900333.html,guizhou_2025_物理类_score_rank.pdf,pdf_table
2025,贵州,物理类,164,164,1,205022,98.963,205022,205022,贵州省招生考试院,https://zsksy.guizhou.gov.cn/zlxz/202603/P020250625419082373133.pdf,https://zsksy.guizhou.gov.cn/zlxz/202603/t20260324_89900333.html,guizhou_2025_物理类_score_rank.pdf,pdf_table
2025,贵州,物理类,163,163,3,205025,98.964,205023,205025,贵州省招生考试院,https://zsksy.guizhou.gov.cn/zlxz/202603/P020250625419082373133.pdf,https://zsksy.guizhou.gov.cn/zlxz/202603/t20260324_89900333.html,guizhou_2025_物理类_score_rank.pdf,pdf_table
2025,贵州,物理类,162,162,1,205026,98.965,205026,205026,贵州省招生考试院,https://zsksy.guizhou.gov.cn/zlxz/202603/P020250625419082373133.pdf,https://zsksy.guizhou.gov.cn/zlxz/202603/t20260324_89900333.html,guizhou_2025_物理类_score_rank.pdf,pdf_table
2025,贵州,物理类,160,160,3,205029,98.966,205027,205029,贵州省招生考试院,https://zsksy.guizhou.gov.cn/zlxz/202603/P020250625419082373133.pdf,https://zsksy.guizhou.gov.cn/zlxz/202603/t20260324_89900333.html,guizhou_2025_物理类_score_rank.pdf,pdf_table
2025,贵州,物理类,158,158,1,205030,98.967,205030,205030,贵州省招生考试院,https://zsksy.guizhou.gov.cn/zlxz/202603/P020250625419082373133.pdf,https://zsksy.guizhou.gov.cn/zlxz/202603/t20260324_89900333.html,guizhou_2025_物理类_score_rank.pdf,pdf_table
2025,贵州,物理类,156,156,2,205032,98.968,205031,205032,贵州省招生考试院,https://zsksy.guizhou.gov.cn/zlxz/202603/P020250625419082373133.pdf,https://zsksy.guizhou.gov.cn/zlxz/202603/t20260324_89900333.html,guizhou_2025_物理类_score_rank.pdf,pdf_table
2025,贵州,物理类,155,155,4,205036,98.969,205033,205036,贵州省招生考试院,https://zsksy.guizhou.gov.cn/zlxz/202603/P020250625419082373133.pdf,https://zsksy.guizhou.gov.cn/zlxz/202603/t20260324_89900333.html,guizhou_2025_物理类_score_rank.pdf,pdf_table
2025,贵州,物理类,153,153,2,205038,98.97,205037,205038,贵州省招生考试院,https://zsksy.guizhou.gov.cn/zlxz/202603/P020250625419082373133.pdf,https://zsksy.guizhou.gov.cn/zlxz/202603/t20260324_89900333.html,guizhou_2025_物理类_score_rank.pdf,pdf_table
2025,贵州,物理类,152,152,1,205039,98.971,205039,205039,贵州省招生考试院,https://zsksy.guizhou.gov.cn/zlxz/202603/P020250625419082373133.pdf,https://zsksy.guizhou.gov.cn/zlxz/202603/t20260324_89900333.html,guizhou_2025_物理类_score_rank.pdf,pdf_table
2025,贵州,物理类,151,151,1,205040,98.971,205040,205040,贵州省招生考试院,https://zsksy.guizhou.gov.cn/zlxz/202603/P020250625419082373133.pdf,https://zsksy.guizhou.gov.cn/zlxz/202603/t20260324_89900333.html,guizhou_2025_物理类_score_rank.pdf,pdf_table
2025,贵州,物理类,150,150,4,205044,98.973,205041,205044,贵州省招生考试院,https://zsksy.guizhou.gov.cn/zlxz/202603/P020250625419082373133.pdf,https://zsksy.guizhou.gov.cn/zlxz/202603/t20260324_89900333.html,guizhou_2025_物理类_score_rank.pdf,pdf_table
2025,贵州,物理类,147,147,2,205046,98.974,205045,205046,贵州省招生考试院,https://zsksy.guizhou.gov.cn/zlxz/202603/P020250625419082373133.pdf,https://zsksy.guizhou.gov.cn/zlxz/202603/t20260324_89900333.html,guizhou_2025_物理类_score_rank.pdf,pdf_table
2025,贵州,物理类,146,146,1,205047,98.975,205047,205047,贵州省招生考试院,https://zsksy.guizhou.gov.cn/zlxz/202603/P020250625419082373133.pdf,https://zsksy.guizhou.gov.cn/zlxz/202603/t20260324_89900333.html,guizhou_2025_物理类_score_rank.pdf,pdf_table
2025,贵州,物理类,145,145,1,205048,98.975,205048,205048,贵州省招生考试院,https://zsksy.guizhou.gov.cn/zlxz/202603/P020250625419082373133.pdf,https://zsksy.guizhou.gov.cn/zlxz/202603/t20260324_89900333.html,guizhou_2025_物理类_score_rank.pdf,pdf_table
2025,贵州,物理类,144,144,2,205050,98.976,205049,205050,贵州省招生考试院,https://zsksy.guizhou.gov.cn/zlxz/202603/P020250625419082373133.pdf,https://zsksy.guizhou.gov.cn/zlxz/202603/t20260324_89900333.html,guizhou_2025_物理类_score_rank.pdf,pdf_table
2025,贵州,物理类,143,143,1,205051,98.977,205051,205051,贵州省招生考试院,https://zsksy.guizhou.gov.cn/zlxz/202603/P020250625419082373133.pdf,https://zsksy.guizhou.gov.cn/zlxz/202603/t20260324_89900333.html,guizhou_2025_物理类_score_rank.pdf,pdf_table
2025,贵州,物理类,141,141,1,205052,98.977,205052,205052,贵州省招生考试院,https://zsksy.guizhou.gov.cn/zlxz/202603/P020250625419082373133.pdf,https://zsksy.guizhou.gov.cn/zlxz/202603/t20260324_89900333.html,guizhou_2025_物理类_score_rank.pdf,pdf_table
2025,贵州,物理类,140,140,1,205053,98.978,205053,205053,贵州省招生考试院,https://zsksy.guizhou.gov.cn/zlxz/202603/P020250625419082373133.pdf,https://zsksy.guizhou.gov.cn/zlxz/202603/t20260324_89900333.html,guizhou_2025_物理类_score_rank.pdf,pdf_table
2025,贵州,物理类,138,138,1,205054,98.978,205054,205054,贵州省招生考试院,https://zsksy.guizhou.gov.cn/zlxz/202603/P020250625419082373133.pdf,https://zsksy.guizhou.gov.cn/zlxz/202603/t20260324_89900333.html,guizhou_2025_物理类_score_rank.pdf,pdf_table
2025,贵州,物理类,137,137,1,205055,98.979,205055,205055,贵州省招生考试院,https://zsksy.guizhou.gov.cn/zlxz/202603/P020250625419082373133.pdf,https://zsksy.guizhou.gov.cn/zlxz/202603/t20260324_89900333.html,guizhou_2025_物理类_score_rank.pdf,pdf_table
2025,贵州,物理类,136,136,2,205057,98.98,205056,205057,贵州省招生考试院,https://zsksy.guizhou.gov.cn/zlxz/202603/P020250625419082373133.pdf,https://zsksy.guizhou.gov.cn/zlxz/202603/t20260324_89900333.html,guizhou_2025_物理类_score_rank.pdf,pdf_table
2025,贵州,物理类,135,135,2,205059,98.981,205058,205059,贵州省招生考试院,https://zsksy.guizhou.gov.cn/zlxz/202603/P020250625419082373133.pdf,https://zsksy.guizhou.gov.cn/zlxz/202603/t20260324_89900333.html,guizhou_2025_物理类_score_rank.pdf,pdf_table
2025,贵州,物理类,132,132,1,205060,98.981,205060,205060,贵州省招生考试院,https://zsksy.guizhou.gov.cn/zlxz/202603/P020250625419082373133.pdf,https://zsksy.guizhou.gov.cn/zlxz/202603/t20260324_89900333.html,guizhou_2025_物理类_score_rank.pdf,pdf_table
2025,贵州,物理类,131,131,1,205061,98.982,205061,205061,贵州省招生考试院,https://zsksy.guizhou.gov.cn/zlxz/202603/P020250625419082373133.pdf,https://zsksy.guizhou.gov.cn/zlxz/202603/t20260324_89900333.html,guizhou_2025_物理类_score_rank.pdf,pdf_table
2025,贵州,物理类,130,130,1,205062,98.982,205062,205062,贵州省招生考试院,https://zsksy.guizhou.gov.cn/zlxz/202603/P020250625419082373133.pdf,https://zsksy.guizhou.gov.cn/zlxz/202603/t20260324_89900333.html,guizhou_2025_物理类_score_rank.pdf,pdf_table
2025,贵州,物理类,128,128,1,205063,98.982,205063,205063,贵州省招生考试院,https://zsksy.guizhou.gov.cn/zlxz/202603/P020250625419082373133.pdf,https://zsksy.guizhou.gov.cn/zlxz/202603/t20260324_89900333.html,guizhou_2025_物理类_score_rank.pdf,pdf_table
2025,贵州,物理类,126,126,2,205065,98.983,205064,205065,贵州省招生考试院,https://zsksy.guizhou.gov.cn/zlxz/202603/P020250625419082373133.pdf,https://zsksy.guizhou.gov.cn/zlxz/202603/t20260324_89900333.html,guizhou_2025_物理类_score_rank.pdf,pdf_table
2025,贵州,物理类,125,125,1,205066,98.984,205066,205066,贵州省招生考试院,https://zsksy.guizhou.gov.cn/zlxz/202603/P020250625419082373133.pdf,https://zsksy.guizhou.gov.cn/zlxz/202603/t20260324_89900333.html,guizhou_2025_物理类_score_rank.pdf,pdf_table
2025,贵州,物理类,124,124,1,205067,98.984,205067,205067,贵州省招生考试院,https://zsksy.guizhou.gov.cn/zlxz/202603/P020250625419082373133.pdf,https://zsksy.guizhou.gov.cn/zlxz/202603/t20260324_89900333.html,guizhou_2025_物理类_score_rank.pdf,pdf_table
2025,贵州,物理类,122,122,1,205068,98.985,205068,205068,贵州省招生考试院,https://zsksy.guizhou.gov.cn/zlxz/202603/P020250625419082373133.pdf,https://zsksy.guizhou.gov.cn/zlxz/202603/t20260324_89900333.html,guizhou_2025_物理类_score_rank.pdf,pdf_table
2025,贵州,物理类,121,121,1,205069,98.985,205069,205069,贵州省招生考试院,https://zsksy.guizhou.gov.cn/zlxz/202603/P020250625419082373133.pdf,https://zsksy.guizhou.gov.cn/zlxz/202603/t20260324_89900333.html,guizhou_2025_物理类_score_rank.pdf,pdf_table
2025,贵州,物理类,118,118,1,205070,98.986,205070,205070,贵州省招生考试院,https://zsksy.guizhou.gov.cn/zlxz/202603/P020250625419082373133.pdf,https://zsksy.guizhou.gov.cn/zlxz/202603/t20260324_89900333.html,guizhou_2025_物理类_score_rank.pdf,pdf_table
2025,贵州,物理类,116,116,1,205071,98.986,205071,205071,贵州省招生考试院,https://zsksy.guizhou.gov.cn/zlxz/202603/P020250625419082373133.pdf,https://zsksy.guizhou.gov.cn/zlxz/202603/t20260324_89900333.html,guizhou_2025_物理类_score_rank.pdf,pdf_table
2025,贵州,物理类,115,115,1,205072,98.987,205072,205072,贵州省招生考试院,https://zsksy.guizhou.gov.cn/zlxz/202603/P020250625419082373133.pdf,https://zsksy.guizhou.gov.cn/zlxz/202603/t20260324_89900333.html,guizhou_2025_物理类_score_rank.pdf,pdf_table
2025,贵州,物理类,109,109,2,205074,98.988,205073,205074,贵州省招生考试院,https://zsksy.guizhou.gov.cn/zlxz/202603/P020250625419082373133.pdf,https://zsksy.guizhou.gov.cn/zlxz/202603/t20260324_89900333.html,guizhou_2025_物理类_score_rank.pdf,pdf_table
2025,贵州,物理类,108,108,1,205075,98.988,205075,205075,贵州省招生考试院,https://zsksy.guizhou.gov.cn/zlxz/202603/P020250625419082373133.pdf,https://zsksy.guizhou.gov.cn/zlxz/202603/t20260324_89900333.html,guizhou_2025_物理类_score_rank.pdf,pdf_table
2025,贵州,物理类,107,107,2,205077,98.989,205076,205077,贵州省招生考试院,https://zsksy.guizhou.gov.cn/zlxz/202603/P020250625419082373133.pdf,https://zsksy.guizhou.gov.cn/zlxz/202603/t20260324_89900333.html,guizhou_2025_物理类_score_rank.pdf,pdf_table
2025,贵州,物理类,105,105,1,205078,98.99,205078,205078,贵州省招生考试院,https://zsksy.guizhou.gov.cn/zlxz/202603/P020250625419082373133.pdf,https://zsksy.guizhou.gov.cn/zlxz/202603/t20260324_89900333.html,guizhou_2025_物理类_score_rank.pdf,pdf_table
2025,贵州,物理类,104,104,1,205079,98.99,205079,205079,贵州省招生考试院,https://zsksy.guizhou.gov.cn/zlxz/202603/P020250625419082373133.pdf,https://zsksy.guizhou.gov.cn/zlxz/202603/t20260324_89900333.html,guizhou_2025_物理类_score_rank.pdf,pdf_table
2025,贵州,物理类,103,103,4,205083,98.992,205080,205083,贵州省招生考试院,https://zsksy.guizhou.gov.cn/zlxz/202603/P020250625419082373133.pdf,https://zsksy.guizhou.gov.cn/zlxz/202603/t20260324_89900333.html,guizhou_2025_物理类_score_rank.pdf,pdf_table
2025,贵州,物理类,102,102,3,205086,98.994,205084,205086,贵州省招生考试院,https://zsksy.guizhou.gov.cn/zlxz/202603/P020250625419082373133.pdf,https://zsksy.guizhou.gov.cn/zlxz/202603/t20260324_89900333.html,guizhou_2025_物理类_score_rank.pdf,pdf_table
2025,贵州,物理类,100,100,1,205087,98.994,205087,205087,贵州省招生考试院,https://zsksy.guizhou.gov.cn/zlxz/202603/P020250625419082373133.pdf,https://zsksy.guizhou.gov.cn/zlxz/202603/t20260324_89900333.html,guizhou_2025_物理类_score_rank.pdf,pdf_table
2025,贵州,物理类,97,97,1,205088,98.995,205088,205088,贵州省招生考试院,https://zsksy.guizhou.gov.cn/zlxz/202603/P020250625419082373133.pdf,https://zsksy.guizhou.gov.cn/zlxz/202603/t20260324_89900333.html,guizhou_2025_物理类_score_rank.pdf,pdf_table
2025,贵州,物理类,93,93,2,205090,98.996,205089,205090,贵州省招生考试院,https://zsksy.guizhou.gov.cn/zlxz/202603/P020250625419082373133.pdf,https://zsksy.guizhou.gov.cn/zlxz/202603/t20260324_89900333.html,guizhou_2025_物理类_score_rank.pdf,pdf_table
2025,贵州,物理类,92,92,1,205091,98.996,205091,205091,贵州省招生考试院,https://zsksy.guizhou.gov.cn/zlxz/202603/P020250625419082373133.pdf,https://zsksy.guizhou.gov.cn/zlxz/202603/t20260324_89900333.html,guizhou_2025_物理类_score_rank.pdf,pdf_table
2025,贵州,物理类,91,91,3,205094,98.997,205092,205094,贵州省招生考试院,https://zsksy.guizhou.gov.cn/zlxz/202603/P020250625419082373133.pdf,https://zsksy.guizhou.gov.cn/zlxz/202603/t20260324_89900333.html,guizhou_2025_物理类_score_rank.pdf,pdf_table
2025,贵州,物理类,90,90,1,205095,98.998,205095,205095,贵州省招生考试院,https://zsksy.guizhou.gov.cn/zlxz/202603/P020250625419082373133.pdf,https://zsksy.guizhou.gov.cn/zlxz/202603/t20260324_89900333.html,guizhou_2025_物理类_score_rank.pdf,pdf_table
2025,贵州,物理类,87,87,1,205096,98.998,205096,205096,贵州省招生考试院,https://zsksy.guizhou.gov.cn/zlxz/202603/P020250625419082373133.pdf,https://zsksy.guizhou.gov.cn/zlxz/202603/t20260324_89900333.html,guizhou_2025_物理类_score_rank.pdf,pdf_table
2025,贵州,物理类,86,86,1,205097,98.999,205097,205097,贵州省招生考试院,https://zsksy.guizhou.gov.cn/zlxz/202603/P020250625419082373133.pdf,https://zsksy.guizhou.gov.cn/zlxz/202603/t20260324_89900333.html,guizhou_2025_物理类_score_rank.pdf,pdf_table
2025,贵州,物理类,85,85,1,205098,98.999,205098,205098,贵州省招生考试院,https://zsksy.guizhou.gov.cn/zlxz/202603/P020250625419082373133.pdf,https://zsksy.guizhou.gov.cn/zlxz/202603/t20260324_89900333.html,guizhou_2025_物理类_score_rank.pdf,pdf_table
2025,贵州,物理类,81,81,2,205100,99,205099,205100,贵州省招生考试院,https://zsksy.guizhou.gov.cn/zlxz/202603/P020250625419082373133.pdf,https://zsksy.guizhou.gov.cn/zlxz/202603/t20260324_89900333.html,guizhou_2025_物理类_score_rank.pdf,pdf_table
2025,贵州,物理类,80,80,1,205101,99.001,205101,205101,贵州省招生考试院,https://zsksy.guizhou.gov.cn/zlxz/202603/P020250625419082373133.pdf,https://zsksy.guizhou.gov.cn/zlxz/202603/t20260324_89900333.html,guizhou_2025_物理类_score_rank.pdf,pdf_table
2025,贵州,物理类,79,79,1,205102,99.001,205102,205102,贵州省招生考试院,https://zsksy.guizhou.gov.cn/zlxz/202603/P020250625419082373133.pdf,https://zsksy.guizhou.gov.cn/zlxz/202603/t20260324_89900333.html,guizhou_2025_物理类_score_rank.pdf,pdf_table
2025,贵州,物理类,77,77,1,205103,99.002,205103,205103,贵州省招生考试院,https://zsksy.guizhou.gov.cn/zlxz/202603/P020250625419082373133.pdf,https://zsksy.guizhou.gov.cn/zlxz/202603/t20260324_89900333.html,guizhou_2025_物理类_score_rank.pdf,pdf_table
2025,贵州,物理类,76,76,3,205106,99.003,205104,205106,贵州省招生考试院,https://zsksy.guizhou.gov.cn/zlxz/202603/P020250625419082373133.pdf,https://zsksy.guizhou.gov.cn/zlxz/202603/t20260324_89900333.html,guizhou_2025_物理类_score_rank.pdf,pdf_table
2025,贵州,物理类,74,74,1,205107,99.004,205107,205107,贵州省招生考试院,https://zsksy.guizhou.gov.cn/zlxz/202603/P020250625419082373133.pdf,https://zsksy.guizhou.gov.cn/zlxz/202603/t20260324_89900333.html,guizhou_2025_物理类_score_rank.pdf,pdf_table
2025,贵州,物理类,71,71,1,205108,99.004,205108,205108,贵州省招生考试院,https://zsksy.guizhou.gov.cn/zlxz/202603/P020250625419082373133.pdf,https://zsksy.guizhou.gov.cn/zlxz/202603/t20260324_89900333.html,guizhou_2025_物理类_score_rank.pdf,pdf_table
2025,贵州,物理类,70,70,2,205110,99.005,205109,205110,贵州省招生考试院,https://zsksy.guizhou.gov.cn/zlxz/202603/P020250625419082373133.pdf,https://zsksy.guizhou.gov.cn/zlxz/202603/t20260324_89900333.html,guizhou_2025_物理类_score_rank.pdf,pdf_table
2025,贵州,物理类,66,66,1,205111,99.006,205111,205111,贵州省招生考试院,https://zsksy.guizhou.gov.cn/zlxz/202603/P020250625419082373133.pdf,https://zsksy.guizhou.gov.cn/zlxz/202603/t20260324_89900333.html,guizhou_2025_物理类_score_rank.pdf,pdf_table
2025,贵州,物理类,65,65,2,205113,99.007,205112,205113,贵州省招生考试院,https://zsksy.guizhou.gov.cn/zlxz/202603/P020250625419082373133.pdf,https://zsksy.guizhou.gov.cn/zlxz/202603/t20260324_89900333.html,guizhou_2025_物理类_score_rank.pdf,pdf_table
2025,贵州,物理类,60,60,2,205115,99.008,205114,205115,贵州省招生考试院,https://zsksy.guizhou.gov.cn/zlxz/202603/P020250625419082373133.pdf,https://zsksy.guizhou.gov.cn/zlxz/202603/t20260324_89900333.html,guizhou_2025_物理类_score_rank.pdf,pdf_table
2025,贵州,物理类,59,59,1,205116,99.008,205116,205116,贵州省招生考试院,https://zsksy.guizhou.gov.cn/zlxz/202603/P020250625419082373133.pdf,https://zsksy.guizhou.gov.cn/zlxz/202603/t20260324_89900333.html,guizhou_2025_物理类_score_rank.pdf,pdf_table
2025,贵州,物理类,55,55,1,205117,99.009,205117,205117,贵州省招生考试院,https://zsksy.guizhou.gov.cn/zlxz/202603/P020250625419082373133.pdf,https://zsksy.guizhou.gov.cn/zlxz/202603/t20260324_89900333.html,guizhou_2025_物理类_score_rank.pdf,pdf_table
2025,贵州,物理类,53,53,1,205118,99.009,205118,205118,贵州省招生考试院,https://zsksy.guizhou.gov.cn/zlxz/202603/P020250625419082373133.pdf,https://zsksy.guizhou.gov.cn/zlxz/202603/t20260324_89900333.html,guizhou_2025_物理类_score_rank.pdf,pdf_table
2025,贵州,物理类,51,51,1,205119,99.01,205119,205119,贵州省招生考试院,https://zsksy.guizhou.gov.cn/zlxz/202603/P020250625419082373133.pdf,https://zsksy.guizhou.gov.cn/zlxz/202603/t20260324_89900333.html,guizhou_2025_物理类_score_rank.pdf,pdf_table
2025,贵州,物理类,49,49,2,205121,99.01,205120,205121,贵州省招生考试院,https://zsksy.guizhou.gov.cn/zlxz/202603/P020250625419082373133.pdf,https://zsksy.guizhou.gov.cn/zlxz/202603/t20260324_89900333.html,guizhou_2025_物理类_score_rank.pdf,pdf_table
2025,贵州,物理类,47,47,1,205122,99.011,205122,205122,贵州省招生考试院,https://zsksy.guizhou.gov.cn/zlxz/202603/P020250625419082373133.pdf,https://zsksy.guizhou.gov.cn/zlxz/202603/t20260324_89900333.html,guizhou_2025_物理类_score_rank.pdf,pdf_table
2025,贵州,物理类,46,46,2,205124,99.012,205123,205124,贵州省招生考试院,https://zsksy.guizhou.gov.cn/zlxz/202603/P020250625419082373133.pdf,https://zsksy.guizhou.gov.cn/zlxz/202603/t20260324_89900333.html,guizhou_2025_物理类_score_rank.pdf,pdf_table
2025,贵州,物理类,45,45,1,205125,99.012,205125,205125,贵州省招生考试院,https://zsksy.guizhou.gov.cn/zlxz/202603/P020250625419082373133.pdf,https://zsksy.guizhou.gov.cn/zlxz/202603/t20260324_89900333.html,guizhou_2025_物理类_score_rank.pdf,pdf_table
2025,贵州,物理类,44,44,1,205126,99.013,205126,205126,贵州省招生考试院,https://zsksy.guizhou.gov.cn/zlxz/202603/P020250625419082373133.pdf,https://zsksy.guizhou.gov.cn/zlxz/202603/t20260324_89900333.html,guizhou_2025_物理类_score_rank.pdf,pdf_table
2025,贵州,物理类,40,40,1,205127,99.013,205127,205127,贵州省招生考试院,https://zsksy.guizhou.gov.cn/zlxz/202603/P020250625419082373133.pdf,https://zsksy.guizhou.gov.cn/zlxz/202603/t20260324_89900333.html,guizhou_2025_物理类_score_rank.pdf,pdf_table
2025,贵州,物理类,39,39,1,205128,99.014,205128,205128,贵州省招生考试院,https://zsksy.guizhou.gov.cn/zlxz/202603/P020250625419082373133.pdf,https://zsksy.guizhou.gov.cn/zlxz/202603/t20260324_89900333.html,guizhou_2025_物理类_score_rank.pdf,pdf_table
2025,贵州,物理类,37,37,1,205129,99.014,205129,205129,贵州省招生考试院,https://zsksy.guizhou.gov.cn/zlxz/202603/P020250625419082373133.pdf,https://zsksy.guizhou.gov.cn/zlxz/202603/t20260324_89900333.html,guizhou_2025_物理类_score_rank.pdf,pdf_table
2025,贵州,物理类,36,36,2,205131,99.015,205130,205131,贵州省招生考试院,https://zsksy.guizhou.gov.cn/zlxz/202603/P020250625419082373133.pdf,https://zsksy.guizhou.gov.cn/zlxz/202603/t20260324_89900333.html,guizhou_2025_物理类_score_rank.pdf,pdf_table
2025,贵州,物理类,35,35,1,205132,99.016,205132,205132,贵州省招生考试院,https://zsksy.guizhou.gov.cn/zlxz/202603/P020250625419082373133.pdf,https://zsksy.guizhou.gov.cn/zlxz/202603/t20260324_89900333.html,guizhou_2025_物理类_score_rank.pdf,pdf_table
2025,贵州,物理类,34,34,4,205136,99.018,205133,205136,贵州省招生考试院,https://zsksy.guizhou.gov.cn/zlxz/202603/P020250625419082373133.pdf,https://zsksy.guizhou.gov.cn/zlxz/202603/t20260324_89900333.html,guizhou_2025_物理类_score_rank.pdf,pdf_table
2025,贵州,物理类,33,33,4,205140,99.02,205137,205140,贵州省招生考试院,https://zsksy.guizhou.gov.cn/zlxz/202603/P020250625419082373133.pdf,https://zsksy.guizhou.gov.cn/zlxz/202603/t20260324_89900333.html,guizhou_2025_物理类_score_rank.pdf,pdf_table
2025,贵州,物理类,32,32,1,205141,99.02,205141,205141,贵州省招生考试院,https://zsksy.guizhou.gov.cn/zlxz/202603/P020250625419082373133.pdf,https://zsksy.guizhou.gov.cn/zlxz/202603/t20260324_89900333.html,guizhou_2025_物理类_score_rank.pdf,pdf_table
2025,贵州,物理类,31,31,16,205157,99.028,205142,205157,贵州省招生考试院,https://zsksy.guizhou.gov.cn/zlxz/202603/P020250625419082373133.pdf,https://zsksy.guizhou.gov.cn/zlxz/202603/t20260324_89900333.html,guizhou_2025_物理类_score_rank.pdf,pdf_table
2025,贵州,物理类,30,30,14,205171,99.035,205158,205171,贵州省招生考试院,https://zsksy.guizhou.gov.cn/zlxz/202603/P020250625419082373133.pdf,https://zsksy.guizhou.gov.cn/zlxz/202603/t20260324_89900333.html,guizhou_2025_物理类_score_rank.pdf,pdf_table
2025,贵州,物理类,29,29,26,205197,99.047,205172,205197,贵州省招生考试院,https://zsksy.guizhou.gov.cn/zlxz/202603/P020250625419082373133.pdf,https://zsksy.guizhou.gov.cn/zlxz/202603/t20260324_89900333.html,guizhou_2025_物理类_score_rank.pdf,pdf_table
2025,贵州,物理类,28,28,14,205211,99.054,205198,205211,贵州省招生考试院,https://zsksy.guizhou.gov.cn/zlxz/202603/P020250625419082373133.pdf,https://zsksy.guizhou.gov.cn/zlxz/202603/t20260324_89900333.html,guizhou_2025_物理类_score_rank.pdf,pdf_table
2025,贵州,物理类,27,27,27,205238,99.067,205212,205238,贵州省招生考试院,https://zsksy.guizhou.gov.cn/zlxz/202603/P020250625419082373133.pdf,https://zsksy.guizhou.gov.cn/zlxz/202603/t20260324_89900333.html,guizhou_2025_物理类_score_rank.pdf,pdf_table
2025,贵州,物理类,26,26,24,205262,99.079,205239,205262,贵州省招生考试院,https://zsksy.guizhou.gov.cn/zlxz/202603/P020250625419082373133.pdf,https://zsksy.guizhou.gov.cn/zlxz/202603/t20260324_89900333.html,guizhou_2025_物理类_score_rank.pdf,pdf_table
2025,贵州,物理类,25,25,28,205290,99.092,205263,205290,贵州省招生考试院,https://zsksy.guizhou.gov.cn/zlxz/202603/P020250625419082373133.pdf,https://zsksy.guizhou.gov.cn/zlxz/202603/t20260324_89900333.html,guizhou_2025_物理类_score_rank.pdf,pdf_table
2025,贵州,物理类,24,24,45,205335,99.114,205291,205335,贵州省招生考试院,https://zsksy.guizhou.gov.cn/zlxz/202603/P020250625419082373133.pdf,https://zsksy.guizhou.gov.cn/zlxz/202603/t20260324_89900333.html,guizhou_2025_物理类_score_rank.pdf,pdf_table
2025,贵州,物理类,23,23,38,205373,99.132,205336,205373,贵州省招生考试院,https://zsksy.guizhou.gov.cn/zlxz/202603/P020250625419082373133.pdf,https://zsksy.guizhou.gov.cn/zlxz/202603/t20260324_89900333.html,guizhou_2025_物理类_score_rank.pdf,pdf_table
2025,贵州,物理类,22,22,47,205420,99.155,205374,205420,贵州省招生考试院,https://zsksy.guizhou.gov.cn/zlxz/202603/P020250625419082373133.pdf,https://zsksy.guizhou.gov.cn/zlxz/202603/t20260324_89900333.html,guizhou_2025_物理类_score_rank.pdf,pdf_table
2025,贵州,物理类,21,21,50,205470,99.179,205421,205470,贵州省招生考试院,https://zsksy.guizhou.gov.cn/zlxz/202603/P020250625419082373133.pdf,https://zsksy.guizhou.gov.cn/zlxz/202603/t20260324_89900333.html,guizhou_2025_物理类_score_rank.pdf,pdf_table
2025,贵州,物理类,20,20,65,205535,99.21,205471,205535,贵州省招生考试院,https://zsksy.guizhou.gov.cn/zlxz/202603/P020250625419082373133.pdf,https://zsksy.guizhou.gov.cn/zlxz/202603/t20260324_89900333.html,guizhou_2025_物理类_score_rank.pdf,pdf_table
2025,贵州,物理类,19,19,40,205575,99.23,205536,205575,贵州省招生考试院,https://zsksy.guizhou.gov.cn/zlxz/202603/P020250625419082373133.pdf,https://zsksy.guizhou.gov.cn/zlxz/202603/t20260324_89900333.html,guizhou_2025_物理类_score_rank.pdf,pdf_table
2025,贵州,物理类,18,18,73,205648,99.265,205576,205648,贵州省招生考试院,https://zsksy.guizhou.gov.cn/zlxz/202603/P020250625419082373133.pdf,https://zsksy.guizhou.gov.cn/zlxz/202603/t20260324_89900333.html,guizhou_2025_物理类_score_rank.pdf,pdf_table
2025,贵州,物理类,17,17,89,205737,99.308,205649,205737,贵州省招生考试院,https://zsksy.guizhou.gov.cn/zlxz/202603/P020250625419082373133.pdf,https://zsksy.guizhou.gov.cn/zlxz/202603/t20260324_89900333.html,guizhou_2025_物理类_score_rank.pdf,pdf_table
2025,贵州,物理类,16,16,29,205766,99.322,205738,205766,贵州省招生考试院,https://zsksy.guizhou.gov.cn/zlxz/202603/P020250625419082373133.pdf,https://zsksy.guizhou.gov.cn/zlxz/202603/t20260324_89900333.html,guizhou_2025_物理类_score_rank.pdf,pdf_table
2025,贵州,物理类,15,15,64,205830,99.353,205767,205830,贵州省招生考试院,https://zsksy.guizhou.gov.cn/zlxz/202603/P020250625419082373133.pdf,https://zsksy.guizhou.gov.cn/zlxz/202603/t20260324_89900333.html,guizhou_2025_物理类_score_rank.pdf,pdf_table
2025,贵州,物理类,14,14,120,205950,99.411,205831,205950,贵州省招生考试院,https://zsksy.guizhou.gov.cn/zlxz/202603/P020250625419082373133.pdf,https://zsksy.guizhou.gov.cn/zlxz/202603/t20260324_89900333.html,guizhou_2025_物理类_score_rank.pdf,pdf_table
2025,贵州,物理类,13,13,12,205962,99.416,205951,205962,贵州省招生考试院,https://zsksy.guizhou.gov.cn/zlxz/202603/P020250625419082373133.pdf,https://zsksy.guizhou.gov.cn/zlxz/202603/t20260324_89900333.html,guizhou_2025_物理类_score_rank.pdf,pdf_table
2025,贵州,物理类,12,12,93,206055,99.461,205963,206055,贵州省招生考试院,https://zsksy.guizhou.gov.cn/zlxz/202603/P020250625419082373133.pdf,https://zsksy.guizhou.gov.cn/zlxz/202603/t20260324_89900333.html,guizhou_2025_物理类_score_rank.pdf,pdf_table
2025,贵州,物理类,11,11,84,206139,99.502,206056,206139,贵州省招生考试院,https://zsksy.guizhou.gov.cn/zlxz/202603/P020250625419082373133.pdf,https://zsksy.guizhou.gov.cn/zlxz/202603/t20260324_89900333.html,guizhou_2025_物理类_score_rank.pdf,pdf_table
2025,贵州,物理类,10,10,2,206141,99.503,206140,206141,贵州省招生考试院,https://zsksy.guizhou.gov.cn/zlxz/202603/P020250625419082373133.pdf,https://zsksy.guizhou.gov.cn/zlxz/202603/t20260324_89900333.html,guizhou_2025_物理类_score_rank.pdf,pdf_table
2025,贵州,物理类,9,9,62,206203,99.533,206142,206203,贵州省招生考试院,https://zsksy.guizhou.gov.cn/zlxz/202603/P020250625419082373133.pdf,https://zsksy.guizhou.gov.cn/zlxz/202603/t20260324_89900333.html,guizhou_2025_物理类_score_rank.pdf,pdf_table
2025,贵州,物理类,8,8,32,206235,99.548,206204,206235,贵州省招生考试院,https://zsksy.guizhou.gov.cn/zlxz/202603/P020250625419082373133.pdf,https://zsksy.guizhou.gov.cn/zlxz/202603/t20260324_89900333.html,guizhou_2025_物理类_score_rank.pdf,pdf_table
2025,贵州,物理类,6,6,19,206254,99.557,206236,206254,贵州省招生考试院,https://zsksy.guizhou.gov.cn/zlxz/202603/P020250625419082373133.pdf,https://zsksy.guizhou.gov.cn/zlxz/202603/t20260324_89900333.html,guizhou_2025_物理类_score_rank.pdf,pdf_table
2025,贵州,物理类,5,5,4,206258,99.559,206255,206258,贵州省招生考试院,https://zsksy.guizhou.gov.cn/zlxz/202603/P020250625419082373133.pdf,https://zsksy.guizhou.gov.cn/zlxz/202603/t20260324_89900333.html,guizhou_2025_物理类_score_rank.pdf,pdf_table
2025,贵州,物理类,3,3,7,206265,99.563,206259,206265,贵州省招生考试院,https://zsksy.guizhou.gov.cn/zlxz/202603/P020250625419082373133.pdf,https://zsksy.guizhou.gov.cn/zlxz/202603/t20260324_89900333.html,guizhou_2025_物理类_score_rank.pdf,pdf_table
2025,贵州,物理类,2,2,2,206267,99.564,206266,206267,贵州省招生考试院,https://zsksy.guizhou.gov.cn/zlxz/202603/P020250625419082373133.pdf,https://zsksy.guizhou.gov.cn/zlxz/202603/t20260324_89900333.html,guizhou_2025_物理类_score_rank.pdf,pdf_table
2025,贵州,物理类,0,0,904,207171,100,206268,207171,贵州省招生考试院,https://zsksy.guizhou.gov.cn/zlxz/202603/P020250625419082373133.pdf,https://zsksy.guizhou.gov.cn/zlxz/202603/t20260324_89900333.html,guizhou_2025_物理类_score_rank.pdf,pdf_table
2025,贵州,历史类,668,668及以上,33,33,0.037,1,33,贵州省招生考试院,https://zsksy.guizhou.gov.cn/zlxz/202603/P020250625419082410128.pdf,https://zsksy.guizhou.gov.cn/zlxz/202603/t20260324_89900333.html,guizhou_2025_历史类_score_rank.pdf,pdf_table
2025,贵州,历史类,667,667,4,37,0.041,34,37,贵州省招生考试院,https://zsksy.guizhou.gov.cn/zlxz/202603/P020250625419082410128.pdf,https://zsksy.guizhou.gov.cn/zlxz/202603/t20260324_89900333.html,guizhou_2025_历史类_score_rank.pdf,pdf_table
2025,贵州,历史类,666,666,2,39,0.043,38,39,贵州省招生考试院,https://zsksy.guizhou.gov.cn/zlxz/202603/P020250625419082410128.pdf,https://zsksy.guizhou.gov.cn/zlxz/202603/t20260324_89900333.html,guizhou_2025_历史类_score_rank.pdf,pdf_table
2025,贵州,历史类,665,665,2,41,0.046,40,41,贵州省招生考试院,https://zsksy.guizhou.gov.cn/zlxz/202603/P020250625419082410128.pdf,https://zsksy.guizhou.gov.cn/zlxz/202603/t20260324_89900333.html,guizhou_2025_历史类_score_rank.pdf,pdf_table
2025,贵州,历史类,664,664,7,48,0.053,42,48,贵州省招生考试院,https://zsksy.guizhou.gov.cn/zlxz/202603/P020250625419082410128.pdf,https://zsksy.guizhou.gov.cn/zlxz/202603/t20260324_89900333.html,guizhou_2025_历史类_score_rank.pdf,pdf_table
2025,贵州,历史类,663,663,2,50,0.056,49,50,贵州省招生考试院,https://zsksy.guizhou.gov.cn/zlxz/202603/P020250625419082410128.pdf,https://zsksy.guizhou.gov.cn/zlxz/202603/t20260324_89900333.html,guizhou_2025_历史类_score_rank.pdf,pdf_table
2025,贵州,历史类,662,662,2,52,0.058,51,52,贵州省招生考试院,https://zsksy.guizhou.gov.cn/zlxz/202603/P020250625419082410128.pdf,https://zsksy.guizhou.gov.cn/zlxz/202603/t20260324_89900333.html,guizhou_2025_历史类_score_rank.pdf,pdf_table
2025,贵州,历史类,661,661,8,60,0.067,53,60,贵州省招生考试院,https://zsksy.guizhou.gov.cn/zlxz/202603/P020250625419082410128.pdf,https://zsksy.guizhou.gov.cn/zlxz/202603/t20260324_89900333.html,guizhou_2025_历史类_score_rank.pdf,pdf_table
2025,贵州,历史类,660,660,8,68,0.075,61,68,贵州省招生考试院,https://zsksy.guizhou.gov.cn/zlxz/202603/P020250625419082410128.pdf,https://zsksy.guizhou.gov.cn/zlxz/202603/t20260324_89900333.html,guizhou_2025_历史类_score_rank.pdf,pdf_table
2025,贵州,历史类,659,659,9,77,0.085,69,77,贵州省招生考试院,https://zsksy.guizhou.gov.cn/zlxz/202603/P020250625419082410128.pdf,https://zsksy.guizhou.gov.cn/zlxz/202603/t20260324_89900333.html,guizhou_2025_历史类_score_rank.pdf,pdf_table
2025,贵州,历史类,658,658,10,87,0.097,78,87,贵州省招生考试院,https://zsksy.guizhou.gov.cn/zlxz/202603/P020250625419082410128.pdf,https://zsksy.guizhou.gov.cn/zlxz/202603/t20260324_89900333.html,guizhou_2025_历史类_score_rank.pdf,pdf_table
2025,贵州,历史类,657,657,8,95,0.105,88,95,贵州省招生考试院,https://zsksy.guizhou.gov.cn/zlxz/202603/P020250625419082410128.pdf,https://zsksy.guizhou.gov.cn/zlxz/202603/t20260324_89900333.html,guizhou_2025_历史类_score_rank.pdf,pdf_table
2025,贵州,历史类,656,656,11,106,0.118,96,106,贵州省招生考试院,https://zsksy.guizhou.gov.cn/zlxz/202603/P020250625419082410128.pdf,https://zsksy.guizhou.gov.cn/zlxz/202603/t20260324_89900333.html,guizhou_2025_历史类_score_rank.pdf,pdf_table
2025,贵州,历史类,655,655,9,115,0.128,107,115,贵州省招生考试院,https://zsksy.guizhou.gov.cn/zlxz/202603/P020250625419082410128.pdf,https://zsksy.guizhou.gov.cn/zlxz/202603/t20260324_89900333.html,guizhou_2025_历史类_score_rank.pdf,pdf_table
2025,贵州,历史类,654,654,17,132,0.147,116,132,贵州省招生考试院,https://zsksy.guizhou.gov.cn/zlxz/202603/P020250625419082410128.pdf,https://zsksy.guizhou.gov.cn/zlxz/202603/t20260324_89900333.html,guizhou_2025_历史类_score_rank.pdf,pdf_table
2025,贵州,历史类,653,653,9,141,0.157,133,141,贵州省招生考试院,https://zsksy.guizhou.gov.cn/zlxz/202603/P020250625419082410128.pdf,https://zsksy.guizhou.gov.cn/zlxz/202603/t20260324_89900333.html,guizhou_2025_历史类_score_rank.pdf,pdf_table
2025,贵州,历史类,652,652,13,154,0.171,142,154,贵州省招生考试院,https://zsksy.guizhou.gov.cn/zlxz/202603/P020250625419082410128.pdf,https://zsksy.guizhou.gov.cn/zlxz/202603/t20260324_89900333.html,guizhou_2025_历史类_score_rank.pdf,pdf_table
2025,贵州,历史类,651,651,16,170,0.189,155,170,贵州省招生考试院,https://zsksy.guizhou.gov.cn/zlxz/202603/P020250625419082410128.pdf,https://zsksy.guizhou.gov.cn/zlxz/202603/t20260324_89900333.html,guizhou_2025_历史类_score_rank.pdf,pdf_table
2025,贵州,历史类,650,650,22,192,0.213,171,192,贵州省招生考试院,https://zsksy.guizhou.gov.cn/zlxz/202603/P020250625419082410128.pdf,https://zsksy.guizhou.gov.cn/zlxz/202603/t20260324_89900333.html,guizhou_2025_历史类_score_rank.pdf,pdf_table
2025,贵州,历史类,649,649,17,209,0.232,193,209,贵州省招生考试院,https://zsksy.guizhou.gov.cn/zlxz/202603/P020250625419082410128.pdf,https://zsksy.guizhou.gov.cn/zlxz/202603/t20260324_89900333.html,guizhou_2025_历史类_score_rank.pdf,pdf_table
2025,贵州,历史类,648,648,15,224,0.249,210,224,贵州省招生考试院,https://zsksy.guizhou.gov.cn/zlxz/202603/P020250625419082410128.pdf,https://zsksy.guizhou.gov.cn/zlxz/202603/t20260324_89900333.html,guizhou_2025_历史类_score_rank.pdf,pdf_table
2025,贵州,历史类,647,647,18,242,0.269,225,242,贵州省招生考试院,https://zsksy.guizhou.gov.cn/zlxz/202603/P020250625419082410128.pdf,https://zsksy.guizhou.gov.cn/zlxz/202603/t20260324_89900333.html,guizhou_2025_历史类_score_rank.pdf,pdf_table
2025,贵州,历史类,646,646,7,249,0.276,243,249,贵州省招生考试院,https://zsksy.guizhou.gov.cn/zlxz/202603/P020250625419082410128.pdf,https://zsksy.guizhou.gov.cn/zlxz/202603/t20260324_89900333.html,guizhou_2025_历史类_score_rank.pdf,pdf_table
2025,贵州,历史类,645,645,19,268,0.297,250,268,贵州省招生考试院,https://zsksy.guizhou.gov.cn/zlxz/202603/P020250625419082410128.pdf,https://zsksy.guizhou.gov.cn/zlxz/202603/t20260324_89900333.html,guizhou_2025_历史类_score_rank.pdf,pdf_table
2025,贵州,历史类,644,644,19,287,0.319,269,287,贵州省招生考试院,https://zsksy.guizhou.gov.cn/zlxz/202603/P020250625419082410128.pdf,https://zsksy.guizhou.gov.cn/zlxz/202603/t20260324_89900333.html,guizhou_2025_历史类_score_rank.pdf,pdf_table
2025,贵州,历史类,643,643,19,306,0.34,288,306,贵州省招生考试院,https://zsksy.guizhou.gov.cn/zlxz/202603/P020250625419082410128.pdf,https://zsksy.guizhou.gov.cn/zlxz/202603/t20260324_89900333.html,guizhou_2025_历史类_score_rank.pdf,pdf_table
2025,贵州,历史类,642,642,20,326,0.362,307,326,贵州省招生考试院,https://zsksy.guizhou.gov.cn/zlxz/202603/P020250625419082410128.pdf,https://zsksy.guizhou.gov.cn/zlxz/202603/t20260324_89900333.html,guizhou_2025_历史类_score_rank.pdf,pdf_table
2025,贵州,历史类,641,641,20,346,0.384,327,346,贵州省招生考试院,https://zsksy.guizhou.gov.cn/zlxz/202603/P020250625419082410128.pdf,https://zsksy.guizhou.gov.cn/zlxz/202603/t20260324_89900333.html,guizhou_2025_历史类_score_rank.pdf,pdf_table
2025,贵州,历史类,640,640,26,372,0.413,347,372,贵州省招生考试院,https://zsksy.guizhou.gov.cn/zlxz/202603/P020250625419082410128.pdf,https://zsksy.guizhou.gov.cn/zlxz/202603/t20260324_89900333.html,guizhou_2025_历史类_score_rank.pdf,pdf_table
2025,贵州,历史类,639,639,19,391,0.434,373,391,贵州省招生考试院,https://zsksy.guizhou.gov.cn/zlxz/202603/P020250625419082410128.pdf,https://zsksy.guizhou.gov.cn/zlxz/202603/t20260324_89900333.html,guizhou_2025_历史类_score_rank.pdf,pdf_table
2025,贵州,历史类,638,638,32,423,0.47,392,423,贵州省招生考试院,https://zsksy.guizhou.gov.cn/zlxz/202603/P020250625419082410128.pdf,https://zsksy.guizhou.gov.cn/zlxz/202603/t20260324_89900333.html,guizhou_2025_历史类_score_rank.pdf,pdf_table
2025,贵州,历史类,637,637,31,454,0.504,424,454,贵州省招生考试院,https://zsksy.guizhou.gov.cn/zlxz/202603/P020250625419082410128.pdf,https://zsksy.guizhou.gov.cn/zlxz/202603/t20260324_89900333.html,guizhou_2025_历史类_score_rank.pdf,pdf_table
2025,贵州,历史类,636,636,22,476,0.528,455,476,贵州省招生考试院,https://zsksy.guizhou.gov.cn/zlxz/202603/P020250625419082410128.pdf,https://zsksy.guizhou.gov.cn/zlxz/202603/t20260324_89900333.html,guizhou_2025_历史类_score_rank.pdf,pdf_table
2025,贵州,历史类,635,635,34,510,0.566,477,510,贵州省招生考试院,https://zsksy.guizhou.gov.cn/zlxz/202603/P020250625419082410128.pdf,https://zsksy.guizhou.gov.cn/zlxz/202603/t20260324_89900333.html,guizhou_2025_历史类_score_rank.pdf,pdf_table
2025,贵州,历史类,634,634,17,527,0.585,511,527,贵州省招生考试院,https://zsksy.guizhou.gov.cn/zlxz/202603/P020250625419082410128.pdf,https://zsksy.guizhou.gov.cn/zlxz/202603/t20260324_89900333.html,guizhou_2025_历史类_score_rank.pdf,pdf_table
2025,贵州,历史类,633,633,27,554,0.615,528,554,贵州省招生考试院,https://zsksy.guizhou.gov.cn/zlxz/202603/P020250625419082410128.pdf,https://zsksy.guizhou.gov.cn/zlxz/202603/t20260324_89900333.html,guizhou_2025_历史类_score_rank.pdf,pdf_table
2025,贵州,历史类,632,632,33,587,0.652,555,587,贵州省招生考试院,https://zsksy.guizhou.gov.cn/zlxz/202603/P020250625419082410128.pdf,https://zsksy.guizhou.gov.cn/zlxz/202603/t20260324_89900333.html,guizhou_2025_历史类_score_rank.pdf,pdf_table
2025,贵州,历史类,631,631,28,615,0.683,588,615,贵州省招生考试院,https://zsksy.guizhou.gov.cn/zlxz/202603/P020250625419082410128.pdf,https://zsksy.guizhou.gov.cn/zlxz/202603/t20260324_89900333.html,guizhou_2025_历史类_score_rank.pdf,pdf_table
2025,贵州,历史类,630,630,40,655,0.727,616,655,贵州省招生考试院,https://zsksy.guizhou.gov.cn/zlxz/202603/P020250625419082410128.pdf,https://zsksy.guizhou.gov.cn/zlxz/202603/t20260324_89900333.html,guizhou_2025_历史类_score_rank.pdf,pdf_table
2025,贵州,历史类,629,629,25,680,0.755,656,680,贵州省招生考试院,https://zsksy.guizhou.gov.cn/zlxz/202603/P020250625419082410128.pdf,https://zsksy.guizhou.gov.cn/zlxz/202603/t20260324_89900333.html,guizhou_2025_历史类_score_rank.pdf,pdf_table
2025,贵州,历史类,628,628,36,716,0.795,681,716,贵州省招生考试院,https://zsksy.guizhou.gov.cn/zlxz/202603/P020250625419082410128.pdf,https://zsksy.guizhou.gov.cn/zlxz/202603/t20260324_89900333.html,guizhou_2025_历史类_score_rank.pdf,pdf_table
2025,贵州,历史类,627,627,34,750,0.833,717,750,贵州省招生考试院,https://zsksy.guizhou.gov.cn/zlxz/202603/P020250625419082410128.pdf,https://zsksy.guizhou.gov.cn/zlxz/202603/t20260324_89900333.html,guizhou_2025_历史类_score_rank.pdf,pdf_table
2025,贵州,历史类,626,626,41,791,0.878,751,791,贵州省招生考试院,https://zsksy.guizhou.gov.cn/zlxz/202603/P020250625419082410128.pdf,https://zsksy.guizhou.gov.cn/zlxz/202603/t20260324_89900333.html,guizhou_2025_历史类_score_rank.pdf,pdf_table
2025,贵州,历史类,625,625,38,829,0.92,792,829,贵州省招生考试院,https://zsksy.guizhou.gov.cn/zlxz/202603/P020250625419082410128.pdf,https://zsksy.guizhou.gov.cn/zlxz/202603/t20260324_89900333.html,guizhou_2025_历史类_score_rank.pdf,pdf_table
2025,贵州,历史类,624,624,33,862,0.957,830,862,贵州省招生考试院,https://zsksy.guizhou.gov.cn/zlxz/202603/P020250625419082410128.pdf,https://zsksy.guizhou.gov.cn/zlxz/202603/t20260324_89900333.html,guizhou_2025_历史类_score_rank.pdf,pdf_table
2025,贵州,历史类,623,623,51,913,1.013,863,913,贵州省招生考试院,https://zsksy.guizhou.gov.cn/zlxz/202603/P020250625419082410128.pdf,https://zsksy.guizhou.gov.cn/zlxz/202603/t20260324_89900333.html,guizhou_2025_历史类_score_rank.pdf,pdf_table
2025,贵州,历史类,622,622,35,948,1.052,914,948,贵州省招生考试院,https://zsksy.guizhou.gov.cn/zlxz/202603/P020250625419082410128.pdf,https://zsksy.guizhou.gov.cn/zlxz/202603/t20260324_89900333.html,guizhou_2025_历史类_score_rank.pdf,pdf_table
2025,贵州,历史类,621,621,29,977,1.085,949,977,贵州省招生考试院,https://zsksy.guizhou.gov.cn/zlxz/202603/P020250625419082410128.pdf,https://zsksy.guizhou.gov.cn/zlxz/202603/t20260324_89900333.html,guizhou_2025_历史类_score_rank.pdf,pdf_table
2025,贵州,历史类,620,620,42,1019,1.131,978,1019,贵州省招生考试院,https://zsksy.guizhou.gov.cn/zlxz/202603/P020250625419082410128.pdf,https://zsksy.guizhou.gov.cn/zlxz/202603/t20260324_89900333.html,guizhou_2025_历史类_score_rank.pdf,pdf_table
2025,贵州,历史类,619,619,49,1068,1.186,1020,1068,贵州省招生考试院,https://zsksy.guizhou.gov.cn/zlxz/202603/P020250625419082410128.pdf,https://zsksy.guizhou.gov.cn/zlxz/202603/t20260324_89900333.html,guizhou_2025_历史类_score_rank.pdf,pdf_table
2025,贵州,历史类,618,618,47,1115,1.238,1069,1115,贵州省招生考试院,https://zsksy.guizhou.gov.cn/zlxz/202603/P020250625419082410128.pdf,https://zsksy.guizhou.gov.cn/zlxz/202603/t20260324_89900333.html,guizhou_2025_历史类_score_rank.pdf,pdf_table
2025,贵州,历史类,617,617,53,1168,1.297,1116,1168,贵州省招生考试院,https://zsksy.guizhou.gov.cn/zlxz/202603/P020250625419082410128.pdf,https://zsksy.guizhou.gov.cn/zlxz/202603/t20260324_89900333.html,guizhou_2025_历史类_score_rank.pdf,pdf_table
2025,贵州,历史类,616,616,52,1220,1.354,1169,1220,贵州省招生考试院,https://zsksy.guizhou.gov.cn/zlxz/202603/P020250625419082410128.pdf,https://zsksy.guizhou.gov.cn/zlxz/202603/t20260324_89900333.html,guizhou_2025_历史类_score_rank.pdf,pdf_table
2025,贵州,历史类,615,615,54,1274,1.414,1221,1274,贵州省招生考试院,https://zsksy.guizhou.gov.cn/zlxz/202603/P020250625419082410128.pdf,https://zsksy.guizhou.gov.cn/zlxz/202603/t20260324_89900333.html,guizhou_2025_历史类_score_rank.pdf,pdf_table
2025,贵州,历史类,614,614,64,1338,1.485,1275,1338,贵州省招生考试院,https://zsksy.guizhou.gov.cn/zlxz/202603/P020250625419082410128.pdf,https://zsksy.guizhou.gov.cn/zlxz/202603/t20260324_89900333.html,guizhou_2025_历史类_score_rank.pdf,pdf_table
2025,贵州,历史类,613,613,61,1399,1.553,1339,1399,贵州省招生考试院,https://zsksy.guizhou.gov.cn/zlxz/202603/P020250625419082410128.pdf,https://zsksy.guizhou.gov.cn/zlxz/202603/t20260324_89900333.html,guizhou_2025_历史类_score_rank.pdf,pdf_table
2025,贵州,历史类,612,612,44,1443,1.602,1400,1443,贵州省招生考试院,https://zsksy.guizhou.gov.cn/zlxz/202603/P020250625419082410128.pdf,https://zsksy.guizhou.gov.cn/zlxz/202603/t20260324_89900333.html,guizhou_2025_历史类_score_rank.pdf,pdf_table
2025,贵州,历史类,611,611,47,1490,1.654,1444,1490,贵州省招生考试院,https://zsksy.guizhou.gov.cn/zlxz/202603/P020250625419082410128.pdf,https://zsksy.guizhou.gov.cn/zlxz/202603/t20260324_89900333.html,guizhou_2025_历史类_score_rank.pdf,pdf_table
2025,贵州,历史类,610,610,64,1554,1.725,1491,1554,贵州省招生考试院,https://zsksy.guizhou.gov.cn/zlxz/202603/P020250625419082410128.pdf,https://zsksy.guizhou.gov.cn/zlxz/202603/t20260324_89900333.html,guizhou_2025_历史类_score_rank.pdf,pdf_table
2025,贵州,历史类,609,609,61,1615,1.793,1555,1615,贵州省招生考试院,https://zsksy.guizhou.gov.cn/zlxz/202603/P020250625419082410128.pdf,https://zsksy.guizhou.gov.cn/zlxz/202603/t20260324_89900333.html,guizhou_2025_历史类_score_rank.pdf,pdf_table
2025,贵州,历史类,608,608,74,1689,1.875,1616,1689,贵州省招生考试院,https://zsksy.guizhou.gov.cn/zlxz/202603/P020250625419082410128.pdf,https://zsksy.guizhou.gov.cn/zlxz/202603/t20260324_89900333.html,guizhou_2025_历史类_score_rank.pdf,pdf_table
2025,贵州,历史类,607,607,71,1760,1.954,1690,1760,贵州省招生考试院,https://zsksy.guizhou.gov.cn/zlxz/202603/P020250625419082410128.pdf,https://zsksy.guizhou.gov.cn/zlxz/202603/t20260324_89900333.html,guizhou_2025_历史类_score_rank.pdf,pdf_table
2025,贵州,历史类,606,606,61,1821,2.021,1761,1821,贵州省招生考试院,https://zsksy.guizhou.gov.cn/zlxz/202603/P020250625419082410128.pdf,https://zsksy.guizhou.gov.cn/zlxz/202603/t20260324_89900333.html,guizhou_2025_历史类_score_rank.pdf,pdf_table
2025,贵州,历史类,605,605,60,1881,2.088,1822,1881,贵州省招生考试院,https://zsksy.guizhou.gov.cn/zlxz/202603/P020250625419082410128.pdf,https://zsksy.guizhou.gov.cn/zlxz/202603/t20260324_89900333.html,guizhou_2025_历史类_score_rank.pdf,pdf_table
2025,贵州,历史类,604,604,54,1935,2.148,1882,1935,贵州省招生考试院,https://zsksy.guizhou.gov.cn/zlxz/202603/P020250625419082410128.pdf,https://zsksy.guizhou.gov.cn/zlxz/202603/t20260324_89900333.html,guizhou_2025_历史类_score_rank.pdf,pdf_table
2025,贵州,历史类,603,603,84,2019,2.241,1936,2019,贵州省招生考试院,https://zsksy.guizhou.gov.cn/zlxz/202603/P020250625419082410128.pdf,https://zsksy.guizhou.gov.cn/zlxz/202603/t20260324_89900333.html,guizhou_2025_历史类_score_rank.pdf,pdf_table
2025,贵州,历史类,602,602,72,2091,2.321,2020,2091,贵州省招生考试院,https://zsksy.guizhou.gov.cn/zlxz/202603/P020250625419082410128.pdf,https://zsksy.guizhou.gov.cn/zlxz/202603/t20260324_89900333.html,guizhou_2025_历史类_score_rank.pdf,pdf_table
2025,贵州,历史类,601,601,69,2160,2.398,2092,2160,贵州省招生考试院,https://zsksy.guizhou.gov.cn/zlxz/202603/P020250625419082410128.pdf,https://zsksy.guizhou.gov.cn/zlxz/202603/t20260324_89900333.html,guizhou_2025_历史类_score_rank.pdf,pdf_table
2025,贵州,历史类,600,600,78,2238,2.484,2161,2238,贵州省招生考试院,https://zsksy.guizhou.gov.cn/zlxz/202603/P020250625419082410128.pdf,https://zsksy.guizhou.gov.cn/zlxz/202603/t20260324_89900333.html,guizhou_2025_历史类_score_rank.pdf,pdf_table
2025,贵州,历史类,599,599,75,2313,2.568,2239,2313,贵州省招生考试院,https://zsksy.guizhou.gov.cn/zlxz/202603/P020250625419082410128.pdf,https://zsksy.guizhou.gov.cn/zlxz/202603/t20260324_89900333.html,guizhou_2025_历史类_score_rank.pdf,pdf_table
2025,贵州,历史类,598,598,92,2405,2.67,2314,2405,贵州省招生考试院,https://zsksy.guizhou.gov.cn/zlxz/202603/P020250625419082410128.pdf,https://zsksy.guizhou.gov.cn/zlxz/202603/t20260324_89900333.html,guizhou_2025_历史类_score_rank.pdf,pdf_table
2025,贵州,历史类,597,597,76,2481,2.754,2406,2481,贵州省招生考试院,https://zsksy.guizhou.gov.cn/zlxz/202603/P020250625419082410128.pdf,https://zsksy.guizhou.gov.cn/zlxz/202603/t20260324_89900333.html,guizhou_2025_历史类_score_rank.pdf,pdf_table
2025,贵州,历史类,596,596,75,2556,2.837,2482,2556,贵州省招生考试院,https://zsksy.guizhou.gov.cn/zlxz/202603/P020250625419082410128.pdf,https://zsksy.guizhou.gov.cn/zlxz/202603/t20260324_89900333.html,guizhou_2025_历史类_score_rank.pdf,pdf_table
2025,贵州,历史类,595,595,73,2629,2.918,2557,2629,贵州省招生考试院,https://zsksy.guizhou.gov.cn/zlxz/202603/P020250625419082410128.pdf,https://zsksy.guizhou.gov.cn/zlxz/202603/t20260324_89900333.html,guizhou_2025_历史类_score_rank.pdf,pdf_table
2025,贵州,历史类,594,594,72,2701,2.998,2630,2701,贵州省招生考试院,https://zsksy.guizhou.gov.cn/zlxz/202603/P020250625419082410128.pdf,https://zsksy.guizhou.gov.cn/zlxz/202603/t20260324_89900333.html,guizhou_2025_历史类_score_rank.pdf,pdf_table
2025,贵州,历史类,593,593,78,2779,3.085,2702,2779,贵州省招生考试院,https://zsksy.guizhou.gov.cn/zlxz/202603/P020250625419082410128.pdf,https://zsksy.guizhou.gov.cn/zlxz/202603/t20260324_89900333.html,guizhou_2025_历史类_score_rank.pdf,pdf_table
2025,贵州,历史类,592,592,99,2878,3.195,2780,2878,贵州省招生考试院,https://zsksy.guizhou.gov.cn/zlxz/202603/P020250625419082410128.pdf,https://zsksy.guizhou.gov.cn/zlxz/202603/t20260324_89900333.html,guizhou_2025_历史类_score_rank.pdf,pdf_table
2025,贵州,历史类,591,591,87,2965,3.291,2879,2965,贵州省招生考试院,https://zsksy.guizhou.gov.cn/zlxz/202603/P020250625419082410128.pdf,https://zsksy.guizhou.gov.cn/zlxz/202603/t20260324_89900333.html,guizhou_2025_历史类_score_rank.pdf,pdf_table
2025,贵州,历史类,590,590,99,3064,3.401,2966,3064,贵州省招生考试院,https://zsksy.guizhou.gov.cn/zlxz/202603/P020250625419082410128.pdf,https://zsksy.guizhou.gov.cn/zlxz/202603/t20260324_89900333.html,guizhou_2025_历史类_score_rank.pdf,pdf_table
2025,贵州,历史类,589,589,115,3179,3.529,3065,3179,贵州省招生考试院,https://zsksy.guizhou.gov.cn/zlxz/202603/P020250625419082410128.pdf,https://zsksy.guizhou.gov.cn/zlxz/202603/t20260324_89900333.html,guizhou_2025_历史类_score_rank.pdf,pdf_table
2025,贵州,历史类,588,588,81,3260,3.619,3180,3260,贵州省招生考试院,https://zsksy.guizhou.gov.cn/zlxz/202603/P020250625419082410128.pdf,https://zsksy.guizhou.gov.cn/zlxz/202603/t20260324_89900333.html,guizhou_2025_历史类_score_rank.pdf,pdf_table
2025,贵州,历史类,587,587,101,3361,3.731,3261,3361,贵州省招生考试院,https://zsksy.guizhou.gov.cn/zlxz/202603/P020250625419082410128.pdf,https://zsksy.guizhou.gov.cn/zlxz/202603/t20260324_89900333.html,guizhou_2025_历史类_score_rank.pdf,pdf_table
2025,贵州,历史类,586,586,97,3458,3.839,3362,3458,贵州省招生考试院,https://zsksy.guizhou.gov.cn/zlxz/202603/P020250625419082410128.pdf,https://zsksy.guizhou.gov.cn/zlxz/202603/t20260324_89900333.html,guizhou_2025_历史类_score_rank.pdf,pdf_table
2025,贵州,历史类,585,585,105,3563,3.955,3459,3563,贵州省招生考试院,https://zsksy.guizhou.gov.cn/zlxz/202603/P020250625419082410128.pdf,https://zsksy.guizhou.gov.cn/zlxz/202603/t20260324_89900333.html,guizhou_2025_历史类_score_rank.pdf,pdf_table
2025,贵州,历史类,584,584,116,3679,4.084,3564,3679,贵州省招生考试院,https://zsksy.guizhou.gov.cn/zlxz/202603/P020250625419082410128.pdf,https://zsksy.guizhou.gov.cn/zlxz/202603/t20260324_89900333.html,guizhou_2025_历史类_score_rank.pdf,pdf_table
2025,贵州,历史类,583,583,105,3784,4.2,3680,3784,贵州省招生考试院,https://zsksy.guizhou.gov.cn/zlxz/202603/P020250625419082410128.pdf,https://zsksy.guizhou.gov.cn/zlxz/202603/t20260324_89900333.html,guizhou_2025_历史类_score_rank.pdf,pdf_table
2025,贵州,历史类,582,582,102,3886,4.314,3785,3886,贵州省招生考试院,https://zsksy.guizhou.gov.cn/zlxz/202603/P020250625419082410128.pdf,https://zsksy.guizhou.gov.cn/zlxz/202603/t20260324_89900333.html,guizhou_2025_历史类_score_rank.pdf,pdf_table
2025,贵州,历史类,581,581,123,4009,4.45,3887,4009,贵州省招生考试院,https://zsksy.guizhou.gov.cn/zlxz/202603/P020250625419082410128.pdf,https://zsksy.guizhou.gov.cn/zlxz/202603/t20260324_89900333.html,guizhou_2025_历史类_score_rank.pdf,pdf_table
2025,贵州,历史类,580,580,116,4125,4.579,4010,4125,贵州省招生考试院,https://zsksy.guizhou.gov.cn/zlxz/202603/P020250625419082410128.pdf,https://zsksy.guizhou.gov.cn/zlxz/202603/t20260324_89900333.html,guizhou_2025_历史类_score_rank.pdf,pdf_table
2025,贵州,历史类,579,579,113,4238,4.704,4126,4238,贵州省招生考试院,https://zsksy.guizhou.gov.cn/zlxz/202603/P020250625419082410128.pdf,https://zsksy.guizhou.gov.cn/zlxz/202603/t20260324_89900333.html,guizhou_2025_历史类_score_rank.pdf,pdf_table
2025,贵州,历史类,578,578,127,4365,4.845,4239,4365,贵州省招生考试院,https://zsksy.guizhou.gov.cn/zlxz/202603/P020250625419082410128.pdf,https://zsksy.guizhou.gov.cn/zlxz/202603/t20260324_89900333.html,guizhou_2025_历史类_score_rank.pdf,pdf_table
2025,贵州,历史类,577,577,131,4496,4.991,4366,4496,贵州省招生考试院,https://zsksy.guizhou.gov.cn/zlxz/202603/P020250625419082410128.pdf,https://zsksy.guizhou.gov.cn/zlxz/202603/t20260324_89900333.html,guizhou_2025_历史类_score_rank.pdf,pdf_table
2025,贵州,历史类,576,576,91,4587,5.092,4497,4587,贵州省招生考试院,https://zsksy.guizhou.gov.cn/zlxz/202603/P020250625419082410128.pdf,https://zsksy.guizhou.gov.cn/zlxz/202603/t20260324_89900333.html,guizhou_2025_历史类_score_rank.pdf,pdf_table
2025,贵州,历史类,575,575,116,4703,5.221,4588,4703,贵州省招生考试院,https://zsksy.guizhou.gov.cn/zlxz/202603/P020250625419082410128.pdf,https://zsksy.guizhou.gov.cn/zlxz/202603/t20260324_89900333.html,guizhou_2025_历史类_score_rank.pdf,pdf_table
2025,贵州,历史类,574,574,119,4822,5.353,4704,4822,贵州省招生考试院,https://zsksy.guizhou.gov.cn/zlxz/202603/P020250625419082410128.pdf,https://zsksy.guizhou.gov.cn/zlxz/202603/t20260324_89900333.html,guizhou_2025_历史类_score_rank.pdf,pdf_table
2025,贵州,历史类,573,573,122,4944,5.488,4823,4944,贵州省招生考试院,https://zsksy.guizhou.gov.cn/zlxz/202603/P020250625419082410128.pdf,https://zsksy.guizhou.gov.cn/zlxz/202603/t20260324_89900333.html,guizhou_2025_历史类_score_rank.pdf,pdf_table
2025,贵州,历史类,572,572,138,5082,5.641,4945,5082,贵州省招生考试院,https://zsksy.guizhou.gov.cn/zlxz/202603/P020250625419082410128.pdf,https://zsksy.guizhou.gov.cn/zlxz/202603/t20260324_89900333.html,guizhou_2025_历史类_score_rank.pdf,pdf_table
2025,贵州,历史类,571,571,123,5205,5.778,5083,5205,贵州省招生考试院,https://zsksy.guizhou.gov.cn/zlxz/202603/P020250625419082410128.pdf,https://zsksy.guizhou.gov.cn/zlxz/202603/t20260324_89900333.html,guizhou_2025_历史类_score_rank.pdf,pdf_table
2025,贵州,历史类,570,570,143,5348,5.936,5206,5348,贵州省招生考试院,https://zsksy.guizhou.gov.cn/zlxz/202603/P020250625419082410128.pdf,https://zsksy.guizhou.gov.cn/zlxz/202603/t20260324_89900333.html,guizhou_2025_历史类_score_rank.pdf,pdf_table
2025,贵州,历史类,569,569,144,5492,6.096,5349,5492,贵州省招生考试院,https://zsksy.guizhou.gov.cn/zlxz/202603/P020250625419082410128.pdf,https://zsksy.guizhou.gov.cn/zlxz/202603/t20260324_89900333.html,guizhou_2025_历史类_score_rank.pdf,pdf_table
2025,贵州,历史类,568,568,148,5640,6.261,5493,5640,贵州省招生考试院,https://zsksy.guizhou.gov.cn/zlxz/202603/P020250625419082410128.pdf,https://zsksy.guizhou.gov.cn/zlxz/202603/t20260324_89900333.html,guizhou_2025_历史类_score_rank.pdf,pdf_table
2025,贵州,历史类,567,567,156,5796,6.434,5641,5796,贵州省招生考试院,https://zsksy.guizhou.gov.cn/zlxz/202603/P020250625419082410128.pdf,https://zsksy.guizhou.gov.cn/zlxz/202603/t20260324_89900333.html,guizhou_2025_历史类_score_rank.pdf,pdf_table
2025,贵州,历史类,566,566,166,5962,6.618,5797,5962,贵州省招生考试院,https://zsksy.guizhou.gov.cn/zlxz/202603/P020250625419082410128.pdf,https://zsksy.guizhou.gov.cn/zlxz/202603/t20260324_89900333.html,guizhou_2025_历史类_score_rank.pdf,pdf_table
2025,贵州,历史类,565,565,122,6084,6.753,5963,6084,贵州省招生考试院,https://zsksy.guizhou.gov.cn/zlxz/202603/P020250625419082410128.pdf,https://zsksy.guizhou.gov.cn/zlxz/202603/t20260324_89900333.html,guizhou_2025_历史类_score_rank.pdf,pdf_table
2025,贵州,历史类,564,564,145,6229,6.914,6085,6229,贵州省招生考试院,https://zsksy.guizhou.gov.cn/zlxz/202603/P020250625419082410128.pdf,https://zsksy.guizhou.gov.cn/zlxz/202603/t20260324_89900333.html,guizhou_2025_历史类_score_rank.pdf,pdf_table
2025,贵州,历史类,563,563,129,6358,7.058,6230,6358,贵州省招生考试院,https://zsksy.guizhou.gov.cn/zlxz/202603/P020250625419082410128.pdf,https://zsksy.guizhou.gov.cn/zlxz/202603/t20260324_89900333.html,guizhou_2025_历史类_score_rank.pdf,pdf_table
2025,贵州,历史类,562,562,149,6507,7.223,6359,6507,贵州省招生考试院,https://zsksy.guizhou.gov.cn/zlxz/202603/P020250625419082410128.pdf,https://zsksy.guizhou.gov.cn/zlxz/202603/t20260324_89900333.html,guizhou_2025_历史类_score_rank.pdf,pdf_table
2025,贵州,历史类,561,561,144,6651,7.383,6508,6651,贵州省招生考试院,https://zsksy.guizhou.gov.cn/zlxz/202603/P020250625419082410128.pdf,https://zsksy.guizhou.gov.cn/zlxz/202603/t20260324_89900333.html,guizhou_2025_历史类_score_rank.pdf,pdf_table
2025,贵州,历史类,560,560,172,6823,7.574,6652,6823,贵州省招生考试院,https://zsksy.guizhou.gov.cn/zlxz/202603/P020250625419082410128.pdf,https://zsksy.guizhou.gov.cn/zlxz/202603/t20260324_89900333.html,guizhou_2025_历史类_score_rank.pdf,pdf_table
2025,贵州,历史类,559,559,145,6968,7.735,6824,6968,贵州省招生考试院,https://zsksy.guizhou.gov.cn/zlxz/202603/P020250625419082410128.pdf,https://zsksy.guizhou.gov.cn/zlxz/202603/t20260324_89900333.html,guizhou_2025_历史类_score_rank.pdf,pdf_table
2025,贵州,历史类,558,558,188,7156,7.943,6969,7156,贵州省招生考试院,https://zsksy.guizhou.gov.cn/zlxz/202603/P020250625419082410128.pdf,https://zsksy.guizhou.gov.cn/zlxz/202603/t20260324_89900333.html,guizhou_2025_历史类_score_rank.pdf,pdf_table
2025,贵州,历史类,557,557,169,7325,8.131,7157,7325,贵州省招生考试院,https://zsksy.guizhou.gov.cn/zlxz/202603/P020250625419082410128.pdf,https://zsksy.guizhou.gov.cn/zlxz/202603/t20260324_89900333.html,guizhou_2025_历史类_score_rank.pdf,pdf_table
2025,贵州,历史类,556,556,160,7485,8.309,7326,7485,贵州省招生考试院,https://zsksy.guizhou.gov.cn/zlxz/202603/P020250625419082410128.pdf,https://zsksy.guizhou.gov.cn/zlxz/202603/t20260324_89900333.html,guizhou_2025_历史类_score_rank.pdf,pdf_table
2025,贵州,历史类,555,555,160,7645,8.486,7486,7645,贵州省招生考试院,https://zsksy.guizhou.gov.cn/zlxz/202603/P020250625419082410128.pdf,https://zsksy.guizhou.gov.cn/zlxz/202603/t20260324_89900333.html,guizhou_2025_历史类_score_rank.pdf,pdf_table
2025,贵州,历史类,554,554,142,7787,8.644,7646,7787,贵州省招生考试院,https://zsksy.guizhou.gov.cn/zlxz/202603/P020250625419082410128.pdf,https://zsksy.guizhou.gov.cn/zlxz/202603/t20260324_89900333.html,guizhou_2025_历史类_score_rank.pdf,pdf_table
2025,贵州,历史类,553,553,164,7951,8.826,7788,7951,贵州省招生考试院,https://zsksy.guizhou.gov.cn/zlxz/202603/P020250625419082410128.pdf,https://zsksy.guizhou.gov.cn/zlxz/202603/t20260324_89900333.html,guizhou_2025_历史类_score_rank.pdf,pdf_table
2025,贵州,历史类,552,552,165,8116,9.009,7952,8116,贵州省招生考试院,https://zsksy.guizhou.gov.cn/zlxz/202603/P020250625419082410128.pdf,https://zsksy.guizhou.gov.cn/zlxz/202603/t20260324_89900333.html,guizhou_2025_历史类_score_rank.pdf,pdf_table
2025,贵州,历史类,551,551,186,8302,9.216,8117,8302,贵州省招生考试院,https://zsksy.guizhou.gov.cn/zlxz/202603/P020250625419082410128.pdf,https://zsksy.guizhou.gov.cn/zlxz/202603/t20260324_89900333.html,guizhou_2025_历史类_score_rank.pdf,pdf_table
2025,贵州,历史类,550,550,169,8471,9.403,8303,8471,贵州省招生考试院,https://zsksy.guizhou.gov.cn/zlxz/202603/P020250625419082410128.pdf,https://zsksy.guizhou.gov.cn/zlxz/202603/t20260324_89900333.html,guizhou_2025_历史类_score_rank.pdf,pdf_table
2025,贵州,历史类,549,549,228,8699,9.656,8472,8699,贵州省招生考试院,https://zsksy.guizhou.gov.cn/zlxz/202603/P020250625419082410128.pdf,https://zsksy.guizhou.gov.cn/zlxz/202603/t20260324_89900333.html,guizhou_2025_历史类_score_rank.pdf,pdf_table
2025,贵州,历史类,548,548,178,8877,9.854,8700,8877,贵州省招生考试院,https://zsksy.guizhou.gov.cn/zlxz/202603/P020250625419082410128.pdf,https://zsksy.guizhou.gov.cn/zlxz/202603/t20260324_89900333.html,guizhou_2025_历史类_score_rank.pdf,pdf_table
2025,贵州,历史类,547,547,175,9052,10.048,8878,9052,贵州省招生考试院,https://zsksy.guizhou.gov.cn/zlxz/202603/P020250625419082410128.pdf,https://zsksy.guizhou.gov.cn/zlxz/202603/t20260324_89900333.html,guizhou_2025_历史类_score_rank.pdf,pdf_table
2025,贵州,历史类,546,546,186,9238,10.255,9053,9238,贵州省招生考试院,https://zsksy.guizhou.gov.cn/zlxz/202603/P020250625419082410128.pdf,https://zsksy.guizhou.gov.cn/zlxz/202603/t20260324_89900333.html,guizhou_2025_历史类_score_rank.pdf,pdf_table
2025,贵州,历史类,545,545,197,9435,10.473,9239,9435,贵州省招生考试院,https://zsksy.guizhou.gov.cn/zlxz/202603/P020250625419082410128.pdf,https://zsksy.guizhou.gov.cn/zlxz/202603/t20260324_89900333.html,guizhou_2025_历史类_score_rank.pdf,pdf_table
2025,贵州,历史类,544,544,207,9642,10.703,9436,9642,贵州省招生考试院,https://zsksy.guizhou.gov.cn/zlxz/202603/P020250625419082410128.pdf,https://zsksy.guizhou.gov.cn/zlxz/202603/t20260324_89900333.html,guizhou_2025_历史类_score_rank.pdf,pdf_table
2025,贵州,历史类,543,543,229,9871,10.957,9643,9871,贵州省招生考试院,https://zsksy.guizhou.gov.cn/zlxz/202603/P020250625419082410128.pdf,https://zsksy.guizhou.gov.cn/zlxz/202603/t20260324_89900333.html,guizhou_2025_历史类_score_rank.pdf,pdf_table
2025,贵州,历史类,542,542,210,10081,11.19,9872,10081,贵州省招生考试院,https://zsksy.guizhou.gov.cn/zlxz/202603/P020250625419082410128.pdf,https://zsksy.guizhou.gov.cn/zlxz/202603/t20260324_89900333.html,guizhou_2025_历史类_score_rank.pdf,pdf_table
2025,贵州,历史类,541,541,183,10264,11.393,10082,10264,贵州省招生考试院,https://zsksy.guizhou.gov.cn/zlxz/202603/P020250625419082410128.pdf,https://zsksy.guizhou.gov.cn/zlxz/202603/t20260324_89900333.html,guizhou_2025_历史类_score_rank.pdf,pdf_table
2025,贵州,历史类,540,540,219,10483,11.637,10265,10483,贵州省招生考试院,https://zsksy.guizhou.gov.cn/zlxz/202603/P020250625419082410128.pdf,https://zsksy.guizhou.gov.cn/zlxz/202603/t20260324_89900333.html,guizhou_2025_历史类_score_rank.pdf,pdf_table
2025,贵州,历史类,539,539,215,10698,11.875,10484,10698,贵州省招生考试院,https://zsksy.guizhou.gov.cn/zlxz/202603/P020250625419082410128.pdf,https://zsksy.guizhou.gov.cn/zlxz/202603/t20260324_89900333.html,guizhou_2025_历史类_score_rank.pdf,pdf_table
2025,贵州,历史类,538,538,206,10904,12.104,10699,10904,贵州省招生考试院,https://zsksy.guizhou.gov.cn/zlxz/202603/P020250625419082410128.pdf,https://zsksy.guizhou.gov.cn/zlxz/202603/t20260324_89900333.html,guizhou_2025_历史类_score_rank.pdf,pdf_table
2025,贵州,历史类,537,537,207,11111,12.334,10905,11111,贵州省招生考试院,https://zsksy.guizhou.gov.cn/zlxz/202603/P020250625419082410128.pdf,https://zsksy.guizhou.gov.cn/zlxz/202603/t20260324_89900333.html,guizhou_2025_历史类_score_rank.pdf,pdf_table
2025,贵州,历史类,536,536,243,11354,12.603,11112,11354,贵州省招生考试院,https://zsksy.guizhou.gov.cn/zlxz/202603/P020250625419082410128.pdf,https://zsksy.guizhou.gov.cn/zlxz/202603/t20260324_89900333.html,guizhou_2025_历史类_score_rank.pdf,pdf_table
2025,贵州,历史类,535,535,205,11559,12.831,11355,11559,贵州省招生考试院,https://zsksy.guizhou.gov.cn/zlxz/202603/P020250625419082410128.pdf,https://zsksy.guizhou.gov.cn/zlxz/202603/t20260324_89900333.html,guizhou_2025_历史类_score_rank.pdf,pdf_table
2025,贵州,历史类,534,534,240,11799,13.097,11560,11799,贵州省招生考试院,https://zsksy.guizhou.gov.cn/zlxz/202603/P020250625419082410128.pdf,https://zsksy.guizhou.gov.cn/zlxz/202603/t20260324_89900333.html,guizhou_2025_历史类_score_rank.pdf,pdf_table
2025,贵州,历史类,533,533,227,12026,13.349,11800,12026,贵州省招生考试院,https://zsksy.guizhou.gov.cn/zlxz/202603/P020250625419082410128.pdf,https://zsksy.guizhou.gov.cn/zlxz/202603/t20260324_89900333.html,guizhou_2025_历史类_score_rank.pdf,pdf_table
2025,贵州,历史类,532,532,246,12272,13.622,12027,12272,贵州省招生考试院,https://zsksy.guizhou.gov.cn/zlxz/202603/P020250625419082410128.pdf,https://zsksy.guizhou.gov.cn/zlxz/202603/t20260324_89900333.html,guizhou_2025_历史类_score_rank.pdf,pdf_table
2025,贵州,历史类,531,531,228,12500,13.875,12273,12500,贵州省招生考试院,https://zsksy.guizhou.gov.cn/zlxz/202603/P020250625419082410128.pdf,https://zsksy.guizhou.gov.cn/zlxz/202603/t20260324_89900333.html,guizhou_2025_历史类_score_rank.pdf,pdf_table
2025,贵州,历史类,530,530,268,12768,14.173,12501,12768,贵州省招生考试院,https://zsksy.guizhou.gov.cn/zlxz/202603/P020250625419082410128.pdf,https://zsksy.guizhou.gov.cn/zlxz/202603/t20260324_89900333.html,guizhou_2025_历史类_score_rank.pdf,pdf_table
2025,贵州,历史类,529,529,249,13017,14.449,12769,13017,贵州省招生考试院,https://zsksy.guizhou.gov.cn/zlxz/202603/P020250625419082410128.pdf,https://zsksy.guizhou.gov.cn/zlxz/202603/t20260324_89900333.html,guizhou_2025_历史类_score_rank.pdf,pdf_table
2025,贵州,历史类,528,528,249,13266,14.726,13018,13266,贵州省招生考试院,https://zsksy.guizhou.gov.cn/zlxz/202603/P020250625419082410128.pdf,https://zsksy.guizhou.gov.cn/zlxz/202603/t20260324_89900333.html,guizhou_2025_历史类_score_rank.pdf,pdf_table
2025,贵州,历史类,527,527,266,13532,15.021,13267,13532,贵州省招生考试院,https://zsksy.guizhou.gov.cn/zlxz/202603/P020250625419082410128.pdf,https://zsksy.guizhou.gov.cn/zlxz/202603/t20260324_89900333.html,guizhou_2025_历史类_score_rank.pdf,pdf_table
2025,贵州,历史类,526,526,261,13793,15.311,13533,13793,贵州省招生考试院,https://zsksy.guizhou.gov.cn/zlxz/202603/P020250625419082410128.pdf,https://zsksy.guizhou.gov.cn/zlxz/202603/t20260324_89900333.html,guizhou_2025_历史类_score_rank.pdf,pdf_table
2025,贵州,历史类,525,525,251,14044,15.589,13794,14044,贵州省招生考试院,https://zsksy.guizhou.gov.cn/zlxz/202603/P020250625419082410128.pdf,https://zsksy.guizhou.gov.cn/zlxz/202603/t20260324_89900333.html,guizhou_2025_历史类_score_rank.pdf,pdf_table
2025,贵州,历史类,524,524,265,14309,15.884,14045,14309,贵州省招生考试院,https://zsksy.guizhou.gov.cn/zlxz/202603/P020250625419082410128.pdf,https://zsksy.guizhou.gov.cn/zlxz/202603/t20260324_89900333.html,guizhou_2025_历史类_score_rank.pdf,pdf_table
2025,贵州,历史类,523,523,268,14577,16.181,14310,14577,贵州省招生考试院,https://zsksy.guizhou.gov.cn/zlxz/202603/P020250625419082410128.pdf,https://zsksy.guizhou.gov.cn/zlxz/202603/t20260324_89900333.html,guizhou_2025_历史类_score_rank.pdf,pdf_table
2025,贵州,历史类,522,522,273,14850,16.484,14578,14850,贵州省招生考试院,https://zsksy.guizhou.gov.cn/zlxz/202603/P020250625419082410128.pdf,https://zsksy.guizhou.gov.cn/zlxz/202603/t20260324_89900333.html,guizhou_2025_历史类_score_rank.pdf,pdf_table
2025,贵州,历史类,521,521,266,15116,16.779,14851,15116,贵州省招生考试院,https://zsksy.guizhou.gov.cn/zlxz/202603/P020250625419082410128.pdf,https://zsksy.guizhou.gov.cn/zlxz/202603/t20260324_89900333.html,guizhou_2025_历史类_score_rank.pdf,pdf_table
2025,贵州,历史类,520,520,276,15392,17.086,15117,15392,贵州省招生考试院,https://zsksy.guizhou.gov.cn/zlxz/202603/P020250625419082410128.pdf,https://zsksy.guizhou.gov.cn/zlxz/202603/t20260324_89900333.html,guizhou_2025_历史类_score_rank.pdf,pdf_table
2025,贵州,历史类,519,519,313,15705,17.433,15393,15705,贵州省招生考试院,https://zsksy.guizhou.gov.cn/zlxz/202603/P020250625419082410128.pdf,https://zsksy.guizhou.gov.cn/zlxz/202603/t20260324_89900333.html,guizhou_2025_历史类_score_rank.pdf,pdf_table
2025,贵州,历史类,518,518,285,15990,17.75,15706,15990,贵州省招生考试院,https://zsksy.guizhou.gov.cn/zlxz/202603/P020250625419082410128.pdf,https://zsksy.guizhou.gov.cn/zlxz/202603/t20260324_89900333.html,guizhou_2025_历史类_score_rank.pdf,pdf_table
2025,贵州,历史类,517,517,299,16289,18.081,15991,16289,贵州省招生考试院,https://zsksy.guizhou.gov.cn/zlxz/202603/P020250625419082410128.pdf,https://zsksy.guizhou.gov.cn/zlxz/202603/t20260324_89900333.html,guizhou_2025_历史类_score_rank.pdf,pdf_table
2025,贵州,历史类,516,516,273,16562,18.384,16290,16562,贵州省招生考试院,https://zsksy.guizhou.gov.cn/zlxz/202603/P020250625419082410128.pdf,https://zsksy.guizhou.gov.cn/zlxz/202603/t20260324_89900333.html,guizhou_2025_历史类_score_rank.pdf,pdf_table
2025,贵州,历史类,515,515,323,16885,18.743,16563,16885,贵州省招生考试院,https://zsksy.guizhou.gov.cn/zlxz/202603/P020250625419082410128.pdf,https://zsksy.guizhou.gov.cn/zlxz/202603/t20260324_89900333.html,guizhou_2025_历史类_score_rank.pdf,pdf_table
2025,贵州,历史类,514,514,288,17173,19.063,16886,17173,贵州省招生考试院,https://zsksy.guizhou.gov.cn/zlxz/202603/P020250625419082410128.pdf,https://zsksy.guizhou.gov.cn/zlxz/202603/t20260324_89900333.html,guizhou_2025_历史类_score_rank.pdf,pdf_table
2025,贵州,历史类,513,513,302,17475,19.398,17174,17475,贵州省招生考试院,https://zsksy.guizhou.gov.cn/zlxz/202603/P020250625419082410128.pdf,https://zsksy.guizhou.gov.cn/zlxz/202603/t20260324_89900333.html,guizhou_2025_历史类_score_rank.pdf,pdf_table
2025,贵州,历史类,512,512,289,17764,19.719,17476,17764,贵州省招生考试院,https://zsksy.guizhou.gov.cn/zlxz/202603/P020250625419082410128.pdf,https://zsksy.guizhou.gov.cn/zlxz/202603/t20260324_89900333.html,guizhou_2025_历史类_score_rank.pdf,pdf_table
2025,贵州,历史类,511,511,338,18102,20.094,17765,18102,贵州省招生考试院,https://zsksy.guizhou.gov.cn/zlxz/202603/P020250625419082410128.pdf,https://zsksy.guizhou.gov.cn/zlxz/202603/t20260324_89900333.html,guizhou_2025_历史类_score_rank.pdf,pdf_table
2025,贵州,历史类,510,510,329,18431,20.459,18103,18431,贵州省招生考试院,https://zsksy.guizhou.gov.cn/zlxz/202603/P020250625419082410128.pdf,https://zsksy.guizhou.gov.cn/zlxz/202603/t20260324_89900333.html,guizhou_2025_历史类_score_rank.pdf,pdf_table
2025,贵州,历史类,509,509,324,18755,20.819,18432,18755,贵州省招生考试院,https://zsksy.guizhou.gov.cn/zlxz/202603/P020250625419082410128.pdf,https://zsksy.guizhou.gov.cn/zlxz/202603/t20260324_89900333.html,guizhou_2025_历史类_score_rank.pdf,pdf_table
2025,贵州,历史类,508,508,335,19090,21.191,18756,19090,贵州省招生考试院,https://zsksy.guizhou.gov.cn/zlxz/202603/P020250625419082410128.pdf,https://zsksy.guizhou.gov.cn/zlxz/202603/t20260324_89900333.html,guizhou_2025_历史类_score_rank.pdf,pdf_table
2025,贵州,历史类,507,507,312,19402,21.537,19091,19402,贵州省招生考试院,https://zsksy.guizhou.gov.cn/zlxz/202603/P020250625419082410128.pdf,https://zsksy.guizhou.gov.cn/zlxz/202603/t20260324_89900333.html,guizhou_2025_历史类_score_rank.pdf,pdf_table
2025,贵州,历史类,506,506,323,19725,21.896,19403,19725,贵州省招生考试院,https://zsksy.guizhou.gov.cn/zlxz/202603/P020250625419082410128.pdf,https://zsksy.guizhou.gov.cn/zlxz/202603/t20260324_89900333.html,guizhou_2025_历史类_score_rank.pdf,pdf_table
2025,贵州,历史类,505,505,344,20069,22.277,19726,20069,贵州省招生考试院,https://zsksy.guizhou.gov.cn/zlxz/202603/P020250625419082410128.pdf,https://zsksy.guizhou.gov.cn/zlxz/202603/t20260324_89900333.html,guizhou_2025_历史类_score_rank.pdf,pdf_table
2025,贵州,历史类,504,504,344,20413,22.659,20070,20413,贵州省招生考试院,https://zsksy.guizhou.gov.cn/zlxz/202603/P020250625419082410128.pdf,https://zsksy.guizhou.gov.cn/zlxz/202603/t20260324_89900333.html,guizhou_2025_历史类_score_rank.pdf,pdf_table
2025,贵州,历史类,503,503,351,20764,23.049,20414,20764,贵州省招生考试院,https://zsksy.guizhou.gov.cn/zlxz/202603/P020250625419082410128.pdf,https://zsksy.guizhou.gov.cn/zlxz/202603/t20260324_89900333.html,guizhou_2025_历史类_score_rank.pdf,pdf_table
2025,贵州,历史类,502,502,365,21129,23.454,20765,21129,贵州省招生考试院,https://zsksy.guizhou.gov.cn/zlxz/202603/P020250625419082410128.pdf,https://zsksy.guizhou.gov.cn/zlxz/202603/t20260324_89900333.html,guizhou_2025_历史类_score_rank.pdf,pdf_table
2025,贵州,历史类,501,501,395,21524,23.892,21130,21524,贵州省招生考试院,https://zsksy.guizhou.gov.cn/zlxz/202603/P020250625419082410128.pdf,https://zsksy.guizhou.gov.cn/zlxz/202603/t20260324_89900333.html,guizhou_2025_历史类_score_rank.pdf,pdf_table
2025,贵州,历史类,500,500,368,21892,24.301,21525,21892,贵州省招生考试院,https://zsksy.guizhou.gov.cn/zlxz/202603/P020250625419082410128.pdf,https://zsksy.guizhou.gov.cn/zlxz/202603/t20260324_89900333.html,guizhou_2025_历史类_score_rank.pdf,pdf_table
2025,贵州,历史类,499,499,389,22281,24.733,21893,22281,贵州省招生考试院,https://zsksy.guizhou.gov.cn/zlxz/202603/P020250625419082410128.pdf,https://zsksy.guizhou.gov.cn/zlxz/202603/t20260324_89900333.html,guizhou_2025_历史类_score_rank.pdf,pdf_table
2025,贵州,历史类,498,498,352,22633,25.123,22282,22633,贵州省招生考试院,https://zsksy.guizhou.gov.cn/zlxz/202603/P020250625419082410128.pdf,https://zsksy.guizhou.gov.cn/zlxz/202603/t20260324_89900333.html,guizhou_2025_历史类_score_rank.pdf,pdf_table
2025,贵州,历史类,497,497,356,22989,25.519,22634,22989,贵州省招生考试院,https://zsksy.guizhou.gov.cn/zlxz/202603/P020250625419082410128.pdf,https://zsksy.guizhou.gov.cn/zlxz/202603/t20260324_89900333.html,guizhou_2025_历史类_score_rank.pdf,pdf_table
2025,贵州,历史类,496,496,363,23352,25.922,22990,23352,贵州省招生考试院,https://zsksy.guizhou.gov.cn/zlxz/202603/P020250625419082410128.pdf,https://zsksy.guizhou.gov.cn/zlxz/202603/t20260324_89900333.html,guizhou_2025_历史类_score_rank.pdf,pdf_table
2025,贵州,历史类,495,495,410,23762,26.377,23353,23762,贵州省招生考试院,https://zsksy.guizhou.gov.cn/zlxz/202603/P020250625419082410128.pdf,https://zsksy.guizhou.gov.cn/zlxz/202603/t20260324_89900333.html,guizhou_2025_历史类_score_rank.pdf,pdf_table
2025,贵州,历史类,494,494,404,24166,26.825,23763,24166,贵州省招生考试院,https://zsksy.guizhou.gov.cn/zlxz/202603/P020250625419082410128.pdf,https://zsksy.guizhou.gov.cn/zlxz/202603/t20260324_89900333.html,guizhou_2025_历史类_score_rank.pdf,pdf_table
2025,贵州,历史类,493,493,393,24559,27.261,24167,24559,贵州省招生考试院,https://zsksy.guizhou.gov.cn/zlxz/202603/P020250625419082410128.pdf,https://zsksy.guizhou.gov.cn/zlxz/202603/t20260324_89900333.html,guizhou_2025_历史类_score_rank.pdf,pdf_table
2025,贵州,历史类,492,492,428,24987,27.737,24560,24987,贵州省招生考试院,https://zsksy.guizhou.gov.cn/zlxz/202603/P020250625419082410128.pdf,https://zsksy.guizhou.gov.cn/zlxz/202603/t20260324_89900333.html,guizhou_2025_历史类_score_rank.pdf,pdf_table
2025,贵州,历史类,491,491,392,25379,28.172,24988,25379,贵州省招生考试院,https://zsksy.guizhou.gov.cn/zlxz/202603/P020250625419082410128.pdf,https://zsksy.guizhou.gov.cn/zlxz/202603/t20260324_89900333.html,guizhou_2025_历史类_score_rank.pdf,pdf_table
2025,贵州,历史类,490,490,394,25773,28.609,25380,25773,贵州省招生考试院,https://zsksy.guizhou.gov.cn/zlxz/202603/P020250625419082410128.pdf,https://zsksy.guizhou.gov.cn/zlxz/202603/t20260324_89900333.html,guizhou_2025_历史类_score_rank.pdf,pdf_table
2025,贵州,历史类,489,489,378,26151,29.029,25774,26151,贵州省招生考试院,https://zsksy.guizhou.gov.cn/zlxz/202603/P020250625419082410128.pdf,https://zsksy.guizhou.gov.cn/zlxz/202603/t20260324_89900333.html,guizhou_2025_历史类_score_rank.pdf,pdf_table
2025,贵州,历史类,488,488,384,26535,29.455,26152,26535,贵州省招生考试院,https://zsksy.guizhou.gov.cn/zlxz/202603/P020250625419082410128.pdf,https://zsksy.guizhou.gov.cn/zlxz/202603/t20260324_89900333.html,guizhou_2025_历史类_score_rank.pdf,pdf_table
2025,贵州,历史类,487,487,370,26905,29.866,26536,26905,贵州省招生考试院,https://zsksy.guizhou.gov.cn/zlxz/202603/P020250625419082410128.pdf,https://zsksy.guizhou.gov.cn/zlxz/202603/t20260324_89900333.html,guizhou_2025_历史类_score_rank.pdf,pdf_table
2025,贵州,历史类,486,486,385,27290,30.293,26906,27290,贵州省招生考试院,https://zsksy.guizhou.gov.cn/zlxz/202603/P020250625419082410128.pdf,https://zsksy.guizhou.gov.cn/zlxz/202603/t20260324_89900333.html,guizhou_2025_历史类_score_rank.pdf,pdf_table
2025,贵州,历史类,485,485,398,27688,30.735,27291,27688,贵州省招生考试院,https://zsksy.guizhou.gov.cn/zlxz/202603/P020250625419082410128.pdf,https://zsksy.guizhou.gov.cn/zlxz/202603/t20260324_89900333.html,guizhou_2025_历史类_score_rank.pdf,pdf_table
2025,贵州,历史类,484,484,391,28079,31.169,27689,28079,贵州省招生考试院,https://zsksy.guizhou.gov.cn/zlxz/202603/P020250625419082410128.pdf,https://zsksy.guizhou.gov.cn/zlxz/202603/t20260324_89900333.html,guizhou_2025_历史类_score_rank.pdf,pdf_table
2025,贵州,历史类,483,483,395,28474,31.607,28080,28474,贵州省招生考试院,https://zsksy.guizhou.gov.cn/zlxz/202603/P020250625419082410128.pdf,https://zsksy.guizhou.gov.cn/zlxz/202603/t20260324_89900333.html,guizhou_2025_历史类_score_rank.pdf,pdf_table
2025,贵州,历史类,482,482,405,28879,32.057,28475,28879,贵州省招生考试院,https://zsksy.guizhou.gov.cn/zlxz/202603/P020250625419082410128.pdf,https://zsksy.guizhou.gov.cn/zlxz/202603/t20260324_89900333.html,guizhou_2025_历史类_score_rank.pdf,pdf_table
2025,贵州,历史类,481,481,447,29326,32.553,28880,29326,贵州省招生考试院,https://zsksy.guizhou.gov.cn/zlxz/202603/P020250625419082410128.pdf,https://zsksy.guizhou.gov.cn/zlxz/202603/t20260324_89900333.html,guizhou_2025_历史类_score_rank.pdf,pdf_table
2025,贵州,历史类,480,480,409,29735,33.007,29327,29735,贵州省招生考试院,https://zsksy.guizhou.gov.cn/zlxz/202603/P020250625419082410128.pdf,https://zsksy.guizhou.gov.cn/zlxz/202603/t20260324_89900333.html,guizhou_2025_历史类_score_rank.pdf,pdf_table
2025,贵州,历史类,479,479,426,30161,33.48,29736,30161,贵州省招生考试院,https://zsksy.guizhou.gov.cn/zlxz/202603/P020250625419082410128.pdf,https://zsksy.guizhou.gov.cn/zlxz/202603/t20260324_89900333.html,guizhou_2025_历史类_score_rank.pdf,pdf_table
2025,贵州,历史类,478,478,401,30562,33.925,30162,30562,贵州省招生考试院,https://zsksy.guizhou.gov.cn/zlxz/202603/P020250625419082410128.pdf,https://zsksy.guizhou.gov.cn/zlxz/202603/t20260324_89900333.html,guizhou_2025_历史类_score_rank.pdf,pdf_table
2025,贵州,历史类,477,477,483,31045,34.461,30563,31045,贵州省招生考试院,https://zsksy.guizhou.gov.cn/zlxz/202603/P020250625419082410128.pdf,https://zsksy.guizhou.gov.cn/zlxz/202603/t20260324_89900333.html,guizhou_2025_历史类_score_rank.pdf,pdf_table
2025,贵州,历史类,476,476,454,31499,34.965,31046,31499,贵州省招生考试院,https://zsksy.guizhou.gov.cn/zlxz/202603/P020250625419082410128.pdf,https://zsksy.guizhou.gov.cn/zlxz/202603/t20260324_89900333.html,guizhou_2025_历史类_score_rank.pdf,pdf_table
2025,贵州,历史类,475,475,405,31904,35.415,31500,31904,贵州省招生考试院,https://zsksy.guizhou.gov.cn/zlxz/202603/P020250625419082410128.pdf,https://zsksy.guizhou.gov.cn/zlxz/202603/t20260324_89900333.html,guizhou_2025_历史类_score_rank.pdf,pdf_table
2025,贵州,历史类,474,474,432,32336,35.894,31905,32336,贵州省招生考试院,https://zsksy.guizhou.gov.cn/zlxz/202603/P020250625419082410128.pdf,https://zsksy.guizhou.gov.cn/zlxz/202603/t20260324_89900333.html,guizhou_2025_历史类_score_rank.pdf,pdf_table
2025,贵州,历史类,473,473,437,32773,36.379,32337,32773,贵州省招生考试院,https://zsksy.guizhou.gov.cn/zlxz/202603/P020250625419082410128.pdf,https://zsksy.guizhou.gov.cn/zlxz/202603/t20260324_89900333.html,guizhou_2025_历史类_score_rank.pdf,pdf_table
2025,贵州,历史类,472,472,436,33209,36.863,32774,33209,贵州省招生考试院,https://zsksy.guizhou.gov.cn/zlxz/202603/P020250625419082410128.pdf,https://zsksy.guizhou.gov.cn/zlxz/202603/t20260324_89900333.html,guizhou_2025_历史类_score_rank.pdf,pdf_table
2025,贵州,历史类,471,471,399,33608,37.306,33210,33608,贵州省招生考试院,https://zsksy.guizhou.gov.cn/zlxz/202603/P020250625419082410128.pdf,https://zsksy.guizhou.gov.cn/zlxz/202603/t20260324_89900333.html,guizhou_2025_历史类_score_rank.pdf,pdf_table
2025,贵州,历史类,470,470,431,34039,37.785,33609,34039,贵州省招生考试院,https://zsksy.guizhou.gov.cn/zlxz/202603/P020250625419082410128.pdf,https://zsksy.guizhou.gov.cn/zlxz/202603/t20260324_89900333.html,guizhou_2025_历史类_score_rank.pdf,pdf_table
2025,贵州,历史类,469,469,464,34503,38.3,34040,34503,贵州省招生考试院,https://zsksy.guizhou.gov.cn/zlxz/202603/P020250625419082410128.pdf,https://zsksy.guizhou.gov.cn/zlxz/202603/t20260324_89900333.html,guizhou_2025_历史类_score_rank.pdf,pdf_table
2025,贵州,历史类,468,468,430,34933,38.777,34504,34933,贵州省招生考试院,https://zsksy.guizhou.gov.cn/zlxz/202603/P020250625419082410128.pdf,https://zsksy.guizhou.gov.cn/zlxz/202603/t20260324_89900333.html,guizhou_2025_历史类_score_rank.pdf,pdf_table
2025,贵州,历史类,467,467,447,35380,39.273,34934,35380,贵州省招生考试院,https://zsksy.guizhou.gov.cn/zlxz/202603/P020250625419082410128.pdf,https://zsksy.guizhou.gov.cn/zlxz/202603/t20260324_89900333.html,guizhou_2025_历史类_score_rank.pdf,pdf_table
2025,贵州,历史类,466,466,433,35813,39.754,35381,35813,贵州省招生考试院,https://zsksy.guizhou.gov.cn/zlxz/202603/P020250625419082410128.pdf,https://zsksy.guizhou.gov.cn/zlxz/202603/t20260324_89900333.html,guizhou_2025_历史类_score_rank.pdf,pdf_table
2025,贵州,历史类,465,465,473,36286,40.279,35814,36286,贵州省招生考试院,https://zsksy.guizhou.gov.cn/zlxz/202603/P020250625419082410128.pdf,https://zsksy.guizhou.gov.cn/zlxz/202603/t20260324_89900333.html,guizhou_2025_历史类_score_rank.pdf,pdf_table
2025,贵州,历史类,464,464,420,36706,40.745,36287,36706,贵州省招生考试院,https://zsksy.guizhou.gov.cn/zlxz/202603/P020250625419082410128.pdf,https://zsksy.guizhou.gov.cn/zlxz/202603/t20260324_89900333.html,guizhou_2025_历史类_score_rank.pdf,pdf_table
2025,贵州,历史类,463,463,425,37131,41.217,36707,37131,贵州省招生考试院,https://zsksy.guizhou.gov.cn/zlxz/202603/P020250625419082410128.pdf,https://zsksy.guizhou.gov.cn/zlxz/202603/t20260324_89900333.html,guizhou_2025_历史类_score_rank.pdf,pdf_table
2025,贵州,历史类,462,462,469,37600,41.737,37132,37600,贵州省招生考试院,https://zsksy.guizhou.gov.cn/zlxz/202603/P020250625419082410128.pdf,https://zsksy.guizhou.gov.cn/zlxz/202603/t20260324_89900333.html,guizhou_2025_历史类_score_rank.pdf,pdf_table
2025,贵州,历史类,461,461,457,38057,42.245,37601,38057,贵州省招生考试院,https://zsksy.guizhou.gov.cn/zlxz/202603/P020250625419082410128.pdf,https://zsksy.guizhou.gov.cn/zlxz/202603/t20260324_89900333.html,guizhou_2025_历史类_score_rank.pdf,pdf_table
2025,贵州,历史类,460,460,416,38473,42.706,38058,38473,贵州省招生考试院,https://zsksy.guizhou.gov.cn/zlxz/202603/P020250625419082410128.pdf,https://zsksy.guizhou.gov.cn/zlxz/202603/t20260324_89900333.html,guizhou_2025_历史类_score_rank.pdf,pdf_table
2025,贵州,历史类,459,459,445,38918,43.2,38474,38918,贵州省招生考试院,https://zsksy.guizhou.gov.cn/zlxz/202603/P020250625419082410128.pdf,https://zsksy.guizhou.gov.cn/zlxz/202603/t20260324_89900333.html,guizhou_2025_历史类_score_rank.pdf,pdf_table
2025,贵州,历史类,458,458,413,39331,43.659,38919,39331,贵州省招生考试院,https://zsksy.guizhou.gov.cn/zlxz/202603/P020250625419082410128.pdf,https://zsksy.guizhou.gov.cn/zlxz/202603/t20260324_89900333.html,guizhou_2025_历史类_score_rank.pdf,pdf_table
2025,贵州,历史类,457,457,415,39746,44.12,39332,39746,贵州省招生考试院,https://zsksy.guizhou.gov.cn/zlxz/202603/P020250625419082410128.pdf,https://zsksy.guizhou.gov.cn/zlxz/202603/t20260324_89900333.html,guizhou_2025_历史类_score_rank.pdf,pdf_table
2025,贵州,历史类,456,456,412,40158,44.577,39747,40158,贵州省招生考试院,https://zsksy.guizhou.gov.cn/zlxz/202603/P020250625419082410128.pdf,https://zsksy.guizhou.gov.cn/zlxz/202603/t20260324_89900333.html,guizhou_2025_历史类_score_rank.pdf,pdf_table
2025,贵州,历史类,455,455,425,40583,45.049,40159,40583,贵州省招生考试院,https://zsksy.guizhou.gov.cn/zlxz/202603/P020250625419082410128.pdf,https://zsksy.guizhou.gov.cn/zlxz/202603/t20260324_89900333.html,guizhou_2025_历史类_score_rank.pdf,pdf_table
2025,贵州,历史类,454,454,438,41021,45.535,40584,41021,贵州省招生考试院,https://zsksy.guizhou.gov.cn/zlxz/202603/P020250625419082410128.pdf,https://zsksy.guizhou.gov.cn/zlxz/202603/t20260324_89900333.html,guizhou_2025_历史类_score_rank.pdf,pdf_table
2025,贵州,历史类,453,453,453,41474,46.038,41022,41474,贵州省招生考试院,https://zsksy.guizhou.gov.cn/zlxz/202603/P020250625419082410128.pdf,https://zsksy.guizhou.gov.cn/zlxz/202603/t20260324_89900333.html,guizhou_2025_历史类_score_rank.pdf,pdf_table
2025,贵州,历史类,452,452,424,41898,46.508,41475,41898,贵州省招生考试院,https://zsksy.guizhou.gov.cn/zlxz/202603/P020250625419082410128.pdf,https://zsksy.guizhou.gov.cn/zlxz/202603/t20260324_89900333.html,guizhou_2025_历史类_score_rank.pdf,pdf_table
2025,贵州,历史类,451,451,433,42331,46.989,41899,42331,贵州省招生考试院,https://zsksy.guizhou.gov.cn/zlxz/202603/P020250625419082410128.pdf,https://zsksy.guizhou.gov.cn/zlxz/202603/t20260324_89900333.html,guizhou_2025_历史类_score_rank.pdf,pdf_table
2025,贵州,历史类,450,450,438,42769,47.475,42332,42769,贵州省招生考试院,https://zsksy.guizhou.gov.cn/zlxz/202603/P020250625419082410128.pdf,https://zsksy.guizhou.gov.cn/zlxz/202603/t20260324_89900333.html,guizhou_2025_历史类_score_rank.pdf,pdf_table
2025,贵州,历史类,449,449,446,43215,47.97,42770,43215,贵州省招生考试院,https://zsksy.guizhou.gov.cn/zlxz/202603/P020250625419082410128.pdf,https://zsksy.guizhou.gov.cn/zlxz/202603/t20260324_89900333.html,guizhou_2025_历史类_score_rank.pdf,pdf_table
2025,贵州,历史类,448,448,419,43634,48.435,43216,43634,贵州省招生考试院,https://zsksy.guizhou.gov.cn/zlxz/202603/P020250625419082410128.pdf,https://zsksy.guizhou.gov.cn/zlxz/202603/t20260324_89900333.html,guizhou_2025_历史类_score_rank.pdf,pdf_table
2025,贵州,历史类,447,447,452,44086,48.937,43635,44086,贵州省招生考试院,https://zsksy.guizhou.gov.cn/zlxz/202603/P020250625419082410128.pdf,https://zsksy.guizhou.gov.cn/zlxz/202603/t20260324_89900333.html,guizhou_2025_历史类_score_rank.pdf,pdf_table
2025,贵州,历史类,446,446,440,44526,49.426,44087,44526,贵州省招生考试院,https://zsksy.guizhou.gov.cn/zlxz/202603/P020250625419082410128.pdf,https://zsksy.guizhou.gov.cn/zlxz/202603/t20260324_89900333.html,guizhou_2025_历史类_score_rank.pdf,pdf_table
2025,贵州,历史类,445,445,454,44980,49.93,44527,44980,贵州省招生考试院,https://zsksy.guizhou.gov.cn/zlxz/202603/P020250625419082410128.pdf,https://zsksy.guizhou.gov.cn/zlxz/202603/t20260324_89900333.html,guizhou_2025_历史类_score_rank.pdf,pdf_table
2025,贵州,历史类,444,444,421,45401,50.397,44981,45401,贵州省招生考试院,https://zsksy.guizhou.gov.cn/zlxz/202603/P020250625419082410128.pdf,https://zsksy.guizhou.gov.cn/zlxz/202603/t20260324_89900333.html,guizhou_2025_历史类_score_rank.pdf,pdf_table
2025,贵州,历史类,443,443,428,45829,50.872,45402,45829,贵州省招生考试院,https://zsksy.guizhou.gov.cn/zlxz/202603/P020250625419082410128.pdf,https://zsksy.guizhou.gov.cn/zlxz/202603/t20260324_89900333.html,guizhou_2025_历史类_score_rank.pdf,pdf_table
2025,贵州,历史类,442,442,466,46295,51.389,45830,46295,贵州省招生考试院,https://zsksy.guizhou.gov.cn/zlxz/202603/P020250625419082410128.pdf,https://zsksy.guizhou.gov.cn/zlxz/202603/t20260324_89900333.html,guizhou_2025_历史类_score_rank.pdf,pdf_table
2025,贵州,历史类,441,441,400,46695,51.833,46296,46695,贵州省招生考试院,https://zsksy.guizhou.gov.cn/zlxz/202603/P020250625419082410128.pdf,https://zsksy.guizhou.gov.cn/zlxz/202603/t20260324_89900333.html,guizhou_2025_历史类_score_rank.pdf,pdf_table
2025,贵州,历史类,440,440,425,47120,52.305,46696,47120,贵州省招生考试院,https://zsksy.guizhou.gov.cn/zlxz/202603/P020250625419082410128.pdf,https://zsksy.guizhou.gov.cn/zlxz/202603/t20260324_89900333.html,guizhou_2025_历史类_score_rank.pdf,pdf_table
2025,贵州,历史类,439,439,409,47529,52.759,47121,47529,贵州省招生考试院,https://zsksy.guizhou.gov.cn/zlxz/202603/P020250625419082410128.pdf,https://zsksy.guizhou.gov.cn/zlxz/202603/t20260324_89900333.html,guizhou_2025_历史类_score_rank.pdf,pdf_table
2025,贵州,历史类,438,438,458,47987,53.267,47530,47987,贵州省招生考试院,https://zsksy.guizhou.gov.cn/zlxz/202603/P020250625419082410128.pdf,https://zsksy.guizhou.gov.cn/zlxz/202603/t20260324_89900333.html,guizhou_2025_历史类_score_rank.pdf,pdf_table
2025,贵州,历史类,437,437,441,48428,53.757,47988,48428,贵州省招生考试院,https://zsksy.guizhou.gov.cn/zlxz/202603/P020250625419082410128.pdf,https://zsksy.guizhou.gov.cn/zlxz/202603/t20260324_89900333.html,guizhou_2025_历史类_score_rank.pdf,pdf_table
2025,贵州,历史类,436,436,433,48861,54.238,48429,48861,贵州省招生考试院,https://zsksy.guizhou.gov.cn/zlxz/202603/P020250625419082410128.pdf,https://zsksy.guizhou.gov.cn/zlxz/202603/t20260324_89900333.html,guizhou_2025_历史类_score_rank.pdf,pdf_table
2025,贵州,历史类,435,435,436,49297,54.722,48862,49297,贵州省招生考试院,https://zsksy.guizhou.gov.cn/zlxz/202603/P020250625419082410128.pdf,https://zsksy.guizhou.gov.cn/zlxz/202603/t20260324_89900333.html,guizhou_2025_历史类_score_rank.pdf,pdf_table
2025,贵州,历史类,434,434,462,49759,55.234,49298,49759,贵州省招生考试院,https://zsksy.guizhou.gov.cn/zlxz/202603/P020250625419082410128.pdf,https://zsksy.guizhou.gov.cn/zlxz/202603/t20260324_89900333.html,guizhou_2025_历史类_score_rank.pdf,pdf_table
2025,贵州,历史类,433,433,452,50211,55.736,49760,50211,贵州省招生考试院,https://zsksy.guizhou.gov.cn/zlxz/202603/P020250625419082410128.pdf,https://zsksy.guizhou.gov.cn/zlxz/202603/t20260324_89900333.html,guizhou_2025_历史类_score_rank.pdf,pdf_table
2025,贵州,历史类,432,432,448,50659,56.233,50212,50659,贵州省招生考试院,https://zsksy.guizhou.gov.cn/zlxz/202603/P020250625419082410128.pdf,https://zsksy.guizhou.gov.cn/zlxz/202603/t20260324_89900333.html,guizhou_2025_历史类_score_rank.pdf,pdf_table
2025,贵州,历史类,431,431,403,51062,56.681,50660,51062,贵州省招生考试院,https://zsksy.guizhou.gov.cn/zlxz/202603/P020250625419082410128.pdf,https://zsksy.guizhou.gov.cn/zlxz/202603/t20260324_89900333.html,guizhou_2025_历史类_score_rank.pdf,pdf_table
2025,贵州,历史类,430,430,416,51478,57.143,51063,51478,贵州省招生考试院,https://zsksy.guizhou.gov.cn/zlxz/202603/P020250625419082410128.pdf,https://zsksy.guizhou.gov.cn/zlxz/202603/t20260324_89900333.html,guizhou_2025_历史类_score_rank.pdf,pdf_table
2025,贵州,历史类,429,429,445,51923,57.637,51479,51923,贵州省招生考试院,https://zsksy.guizhou.gov.cn/zlxz/202603/P020250625419082410128.pdf,https://zsksy.guizhou.gov.cn/zlxz/202603/t20260324_89900333.html,guizhou_2025_历史类_score_rank.pdf,pdf_table
2025,贵州,历史类,428,428,430,52353,58.114,51924,52353,贵州省招生考试院,https://zsksy.guizhou.gov.cn/zlxz/202603/P020250625419082410128.pdf,https://zsksy.guizhou.gov.cn/zlxz/202603/t20260324_89900333.html,guizhou_2025_历史类_score_rank.pdf,pdf_table
2025,贵州,历史类,427,427,421,52774,58.581,52354,52774,贵州省招生考试院,https://zsksy.guizhou.gov.cn/zlxz/202603/P020250625419082410128.pdf,https://zsksy.guizhou.gov.cn/zlxz/202603/t20260324_89900333.html,guizhou_2025_历史类_score_rank.pdf,pdf_table
2025,贵州,历史类,426,426,429,53203,59.057,52775,53203,贵州省招生考试院,https://zsksy.guizhou.gov.cn/zlxz/202603/P020250625419082410128.pdf,https://zsksy.guizhou.gov.cn/zlxz/202603/t20260324_89900333.html,guizhou_2025_历史类_score_rank.pdf,pdf_table
2025,贵州,历史类,425,425,437,53640,59.542,53204,53640,贵州省招生考试院,https://zsksy.guizhou.gov.cn/zlxz/202603/P020250625419082410128.pdf,https://zsksy.guizhou.gov.cn/zlxz/202603/t20260324_89900333.html,guizhou_2025_历史类_score_rank.pdf,pdf_table
2025,贵州,历史类,424,424,413,54053,60.001,53641,54053,贵州省招生考试院,https://zsksy.guizhou.gov.cn/zlxz/202603/P020250625419082410128.pdf,https://zsksy.guizhou.gov.cn/zlxz/202603/t20260324_89900333.html,guizhou_2025_历史类_score_rank.pdf,pdf_table
2025,贵州,历史类,423,423,431,54484,60.479,54054,54484,贵州省招生考试院,https://zsksy.guizhou.gov.cn/zlxz/202603/P020250625419082410128.pdf,https://zsksy.guizhou.gov.cn/zlxz/202603/t20260324_89900333.html,guizhou_2025_历史类_score_rank.pdf,pdf_table
2025,贵州,历史类,422,422,419,54903,60.944,54485,54903,贵州省招生考试院,https://zsksy.guizhou.gov.cn/zlxz/202603/P020250625419082410128.pdf,https://zsksy.guizhou.gov.cn/zlxz/202603/t20260324_89900333.html,guizhou_2025_历史类_score_rank.pdf,pdf_table
2025,贵州,历史类,421,421,371,55274,61.356,54904,55274,贵州省招生考试院,https://zsksy.guizhou.gov.cn/zlxz/202603/P020250625419082410128.pdf,https://zsksy.guizhou.gov.cn/zlxz/202603/t20260324_89900333.html,guizhou_2025_历史类_score_rank.pdf,pdf_table
2025,贵州,历史类,420,420,421,55695,61.824,55275,55695,贵州省招生考试院,https://zsksy.guizhou.gov.cn/zlxz/202603/P020250625419082410128.pdf,https://zsksy.guizhou.gov.cn/zlxz/202603/t20260324_89900333.html,guizhou_2025_历史类_score_rank.pdf,pdf_table
2025,贵州,历史类,419,419,411,56106,62.28,55696,56106,贵州省招生考试院,https://zsksy.guizhou.gov.cn/zlxz/202603/P020250625419082410128.pdf,https://zsksy.guizhou.gov.cn/zlxz/202603/t20260324_89900333.html,guizhou_2025_历史类_score_rank.pdf,pdf_table
2025,贵州,历史类,418,418,432,56538,62.759,56107,56538,贵州省招生考试院,https://zsksy.guizhou.gov.cn/zlxz/202603/P020250625419082410128.pdf,https://zsksy.guizhou.gov.cn/zlxz/202603/t20260324_89900333.html,guizhou_2025_历史类_score_rank.pdf,pdf_table
2025,贵州,历史类,417,417,445,56983,63.253,56539,56983,贵州省招生考试院,https://zsksy.guizhou.gov.cn/zlxz/202603/P020250625419082410128.pdf,https://zsksy.guizhou.gov.cn/zlxz/202603/t20260324_89900333.html,guizhou_2025_历史类_score_rank.pdf,pdf_table
2025,贵州,历史类,416,416,378,57361,63.673,56984,57361,贵州省招生考试院,https://zsksy.guizhou.gov.cn/zlxz/202603/P020250625419082410128.pdf,https://zsksy.guizhou.gov.cn/zlxz/202603/t20260324_89900333.html,guizhou_2025_历史类_score_rank.pdf,pdf_table
2025,贵州,历史类,415,415,405,57766,64.122,57362,57766,贵州省招生考试院,https://zsksy.guizhou.gov.cn/zlxz/202603/P020250625419082410128.pdf,https://zsksy.guizhou.gov.cn/zlxz/202603/t20260324_89900333.html,guizhou_2025_历史类_score_rank.pdf,pdf_table
2025,贵州,历史类,414,414,429,58195,64.599,57767,58195,贵州省招生考试院,https://zsksy.guizhou.gov.cn/zlxz/202603/P020250625419082410128.pdf,https://zsksy.guizhou.gov.cn/zlxz/202603/t20260324_89900333.html,guizhou_2025_历史类_score_rank.pdf,pdf_table
2025,贵州,历史类,413,413,442,58637,65.089,58196,58637,贵州省招生考试院,https://zsksy.guizhou.gov.cn/zlxz/202603/P020250625419082410128.pdf,https://zsksy.guizhou.gov.cn/zlxz/202603/t20260324_89900333.html,guizhou_2025_历史类_score_rank.pdf,pdf_table
2025,贵州,历史类,412,412,398,59035,65.531,58638,59035,贵州省招生考试院,https://zsksy.guizhou.gov.cn/zlxz/202603/P020250625419082410128.pdf,https://zsksy.guizhou.gov.cn/zlxz/202603/t20260324_89900333.html,guizhou_2025_历史类_score_rank.pdf,pdf_table
2025,贵州,历史类,411,411,383,59418,65.956,59036,59418,贵州省招生考试院,https://zsksy.guizhou.gov.cn/zlxz/202603/P020250625419082410128.pdf,https://zsksy.guizhou.gov.cn/zlxz/202603/t20260324_89900333.html,guizhou_2025_历史类_score_rank.pdf,pdf_table
2025,贵州,历史类,410,410,391,59809,66.39,59419,59809,贵州省招生考试院,https://zsksy.guizhou.gov.cn/zlxz/202603/P020250625419082410128.pdf,https://zsksy.guizhou.gov.cn/zlxz/202603/t20260324_89900333.html,guizhou_2025_历史类_score_rank.pdf,pdf_table
2025,贵州,历史类,409,409,370,60179,66.801,59810,60179,贵州省招生考试院,https://zsksy.guizhou.gov.cn/zlxz/202603/P020250625419082410128.pdf,https://zsksy.guizhou.gov.cn/zlxz/202603/t20260324_89900333.html,guizhou_2025_历史类_score_rank.pdf,pdf_table
2025,贵州,历史类,408,408,404,60583,67.249,60180,60583,贵州省招生考试院,https://zsksy.guizhou.gov.cn/zlxz/202603/P020250625419082410128.pdf,https://zsksy.guizhou.gov.cn/zlxz/202603/t20260324_89900333.html,guizhou_2025_历史类_score_rank.pdf,pdf_table
2025,贵州,历史类,407,407,387,60970,67.679,60584,60970,贵州省招生考试院,https://zsksy.guizhou.gov.cn/zlxz/202603/P020250625419082410128.pdf,https://zsksy.guizhou.gov.cn/zlxz/202603/t20260324_89900333.html,guizhou_2025_历史类_score_rank.pdf,pdf_table
2025,贵州,历史类,406,406,409,61379,68.133,60971,61379,贵州省招生考试院,https://zsksy.guizhou.gov.cn/zlxz/202603/P020250625419082410128.pdf,https://zsksy.guizhou.gov.cn/zlxz/202603/t20260324_89900333.html,guizhou_2025_历史类_score_rank.pdf,pdf_table
2025,贵州,历史类,405,405,373,61752,68.547,61380,61752,贵州省招生考试院,https://zsksy.guizhou.gov.cn/zlxz/202603/P020250625419082410128.pdf,https://zsksy.guizhou.gov.cn/zlxz/202603/t20260324_89900333.html,guizhou_2025_历史类_score_rank.pdf,pdf_table
2025,贵州,历史类,404,404,386,62138,68.976,61753,62138,贵州省招生考试院,https://zsksy.guizhou.gov.cn/zlxz/202603/P020250625419082410128.pdf,https://zsksy.guizhou.gov.cn/zlxz/202603/t20260324_89900333.html,guizhou_2025_历史类_score_rank.pdf,pdf_table
2025,贵州,历史类,403,403,398,62536,69.417,62139,62536,贵州省招生考试院,https://zsksy.guizhou.gov.cn/zlxz/202603/P020250625419082410128.pdf,https://zsksy.guizhou.gov.cn/zlxz/202603/t20260324_89900333.html,guizhou_2025_历史类_score_rank.pdf,pdf_table
2025,贵州,历史类,402,402,404,62940,69.866,62537,62940,贵州省招生考试院,https://zsksy.guizhou.gov.cn/zlxz/202603/P020250625419082410128.pdf,https://zsksy.guizhou.gov.cn/zlxz/202603/t20260324_89900333.html,guizhou_2025_历史类_score_rank.pdf,pdf_table
2025,贵州,历史类,401,401,383,63323,70.291,62941,63323,贵州省招生考试院,https://zsksy.guizhou.gov.cn/zlxz/202603/P020250625419082410128.pdf,https://zsksy.guizhou.gov.cn/zlxz/202603/t20260324_89900333.html,guizhou_2025_历史类_score_rank.pdf,pdf_table
2025,贵州,历史类,400,400,387,63710,70.721,63324,63710,贵州省招生考试院,https://zsksy.guizhou.gov.cn/zlxz/202603/P020250625419082410128.pdf,https://zsksy.guizhou.gov.cn/zlxz/202603/t20260324_89900333.html,guizhou_2025_历史类_score_rank.pdf,pdf_table
2025,贵州,历史类,399,399,353,64063,71.112,63711,64063,贵州省招生考试院,https://zsksy.guizhou.gov.cn/zlxz/202603/P020250625419082410128.pdf,https://zsksy.guizhou.gov.cn/zlxz/202603/t20260324_89900333.html,guizhou_2025_历史类_score_rank.pdf,pdf_table
2025,贵州,历史类,398,398,369,64432,71.522,64064,64432,贵州省招生考试院,https://zsksy.guizhou.gov.cn/zlxz/202603/P020250625419082410128.pdf,https://zsksy.guizhou.gov.cn/zlxz/202603/t20260324_89900333.html,guizhou_2025_历史类_score_rank.pdf,pdf_table
2025,贵州,历史类,397,397,339,64771,71.898,64433,64771,贵州省招生考试院,https://zsksy.guizhou.gov.cn/zlxz/202603/P020250625419082410128.pdf,https://zsksy.guizhou.gov.cn/zlxz/202603/t20260324_89900333.html,guizhou_2025_历史类_score_rank.pdf,pdf_table
2025,贵州,历史类,396,396,344,65115,72.28,64772,65115,贵州省招生考试院,https://zsksy.guizhou.gov.cn/zlxz/202603/P020250625419082410128.pdf,https://zsksy.guizhou.gov.cn/zlxz/202603/t20260324_89900333.html,guizhou_2025_历史类_score_rank.pdf,pdf_table
2025,贵州,历史类,395,395,355,65470,72.674,65116,65470,贵州省招生考试院,https://zsksy.guizhou.gov.cn/zlxz/202603/P020250625419082410128.pdf,https://zsksy.guizhou.gov.cn/zlxz/202603/t20260324_89900333.html,guizhou_2025_历史类_score_rank.pdf,pdf_table
2025,贵州,历史类,394,394,367,65837,73.082,65471,65837,贵州省招生考试院,https://zsksy.guizhou.gov.cn/zlxz/202603/P020250625419082410128.pdf,https://zsksy.guizhou.gov.cn/zlxz/202603/t20260324_89900333.html,guizhou_2025_历史类_score_rank.pdf,pdf_table
2025,贵州,历史类,393,393,375,66212,73.498,65838,66212,贵州省招生考试院,https://zsksy.guizhou.gov.cn/zlxz/202603/P020250625419082410128.pdf,https://zsksy.guizhou.gov.cn/zlxz/202603/t20260324_89900333.html,guizhou_2025_历史类_score_rank.pdf,pdf_table
2025,贵州,历史类,392,392,346,66558,73.882,66213,66558,贵州省招生考试院,https://zsksy.guizhou.gov.cn/zlxz/202603/P020250625419082410128.pdf,https://zsksy.guizhou.gov.cn/zlxz/202603/t20260324_89900333.html,guizhou_2025_历史类_score_rank.pdf,pdf_table
2025,贵州,历史类,391,391,350,66908,74.27,66559,66908,贵州省招生考试院,https://zsksy.guizhou.gov.cn/zlxz/202603/P020250625419082410128.pdf,https://zsksy.guizhou.gov.cn/zlxz/202603/t20260324_89900333.html,guizhou_2025_历史类_score_rank.pdf,pdf_table
2025,贵州,历史类,390,390,390,67298,74.703,66909,67298,贵州省招生考试院,https://zsksy.guizhou.gov.cn/zlxz/202603/P020250625419082410128.pdf,https://zsksy.guizhou.gov.cn/zlxz/202603/t20260324_89900333.html,guizhou_2025_历史类_score_rank.pdf,pdf_table
2025,贵州,历史类,389,389,320,67618,75.059,67299,67618,贵州省招生考试院,https://zsksy.guizhou.gov.cn/zlxz/202603/P020250625419082410128.pdf,https://zsksy.guizhou.gov.cn/zlxz/202603/t20260324_89900333.html,guizhou_2025_历史类_score_rank.pdf,pdf_table
2025,贵州,历史类,388,388,352,67970,75.449,67619,67970,贵州省招生考试院,https://zsksy.guizhou.gov.cn/zlxz/202603/P020250625419082410128.pdf,https://zsksy.guizhou.gov.cn/zlxz/202603/t20260324_89900333.html,guizhou_2025_历史类_score_rank.pdf,pdf_table
2025,贵州,历史类,387,387,345,68315,75.832,67971,68315,贵州省招生考试院,https://zsksy.guizhou.gov.cn/zlxz/202603/P020250625419082410128.pdf,https://zsksy.guizhou.gov.cn/zlxz/202603/t20260324_89900333.html,guizhou_2025_历史类_score_rank.pdf,pdf_table
2025,贵州,历史类,386,386,318,68633,76.185,68316,68633,贵州省招生考试院,https://zsksy.guizhou.gov.cn/zlxz/202603/P020250625419082410128.pdf,https://zsksy.guizhou.gov.cn/zlxz/202603/t20260324_89900333.html,guizhou_2025_历史类_score_rank.pdf,pdf_table
2025,贵州,历史类,385,385,361,68994,76.586,68634,68994,贵州省招生考试院,https://zsksy.guizhou.gov.cn/zlxz/202603/P020250625419082410128.pdf,https://zsksy.guizhou.gov.cn/zlxz/202603/t20260324_89900333.html,guizhou_2025_历史类_score_rank.pdf,pdf_table
2025,贵州,历史类,384,384,327,69321,76.949,68995,69321,贵州省招生考试院,https://zsksy.guizhou.gov.cn/zlxz/202603/P020250625419082410128.pdf,https://zsksy.guizhou.gov.cn/zlxz/202603/t20260324_89900333.html,guizhou_2025_历史类_score_rank.pdf,pdf_table
2025,贵州,历史类,383,383,338,69659,77.324,69322,69659,贵州省招生考试院,https://zsksy.guizhou.gov.cn/zlxz/202603/P020250625419082410128.pdf,https://zsksy.guizhou.gov.cn/zlxz/202603/t20260324_89900333.html,guizhou_2025_历史类_score_rank.pdf,pdf_table
2025,贵州,历史类,382,382,313,69972,77.672,69660,69972,贵州省招生考试院,https://zsksy.guizhou.gov.cn/zlxz/202603/P020250625419082410128.pdf,https://zsksy.guizhou.gov.cn/zlxz/202603/t20260324_89900333.html,guizhou_2025_历史类_score_rank.pdf,pdf_table
2025,贵州,历史类,381,381,330,70302,78.038,69973,70302,贵州省招生考试院,https://zsksy.guizhou.gov.cn/zlxz/202603/P020250625419082410128.pdf,https://zsksy.guizhou.gov.cn/zlxz/202603/t20260324_89900333.html,guizhou_2025_历史类_score_rank.pdf,pdf_table
2025,贵州,历史类,380,380,321,70623,78.394,70303,70623,贵州省招生考试院,https://zsksy.guizhou.gov.cn/zlxz/202603/P020250625419082410128.pdf,https://zsksy.guizhou.gov.cn/zlxz/202603/t20260324_89900333.html,guizhou_2025_历史类_score_rank.pdf,pdf_table
2025,贵州,历史类,379,379,320,70943,78.749,70624,70943,贵州省招生考试院,https://zsksy.guizhou.gov.cn/zlxz/202603/P020250625419082410128.pdf,https://zsksy.guizhou.gov.cn/zlxz/202603/t20260324_89900333.html,guizhou_2025_历史类_score_rank.pdf,pdf_table
2025,贵州,历史类,378,378,311,71254,79.095,70944,71254,贵州省招生考试院,https://zsksy.guizhou.gov.cn/zlxz/202603/P020250625419082410128.pdf,https://zsksy.guizhou.gov.cn/zlxz/202603/t20260324_89900333.html,guizhou_2025_历史类_score_rank.pdf,pdf_table
2025,贵州,历史类,377,377,306,71560,79.434,71255,71560,贵州省招生考试院,https://zsksy.guizhou.gov.cn/zlxz/202603/P020250625419082410128.pdf,https://zsksy.guizhou.gov.cn/zlxz/202603/t20260324_89900333.html,guizhou_2025_历史类_score_rank.pdf,pdf_table
2025,贵州,历史类,376,376,319,71879,79.788,71561,71879,贵州省招生考试院,https://zsksy.guizhou.gov.cn/zlxz/202603/P020250625419082410128.pdf,https://zsksy.guizhou.gov.cn/zlxz/202603/t20260324_89900333.html,guizhou_2025_历史类_score_rank.pdf,pdf_table
2025,贵州,历史类,375,375,313,72192,80.136,71880,72192,贵州省招生考试院,https://zsksy.guizhou.gov.cn/zlxz/202603/P020250625419082410128.pdf,https://zsksy.guizhou.gov.cn/zlxz/202603/t20260324_89900333.html,guizhou_2025_历史类_score_rank.pdf,pdf_table
2025,贵州,历史类,374,374,320,72512,80.491,72193,72512,贵州省招生考试院,https://zsksy.guizhou.gov.cn/zlxz/202603/P020250625419082410128.pdf,https://zsksy.guizhou.gov.cn/zlxz/202603/t20260324_89900333.html,guizhou_2025_历史类_score_rank.pdf,pdf_table
2025,贵州,历史类,373,373,287,72799,80.81,72513,72799,贵州省招生考试院,https://zsksy.guizhou.gov.cn/zlxz/202603/P020250625419082410128.pdf,https://zsksy.guizhou.gov.cn/zlxz/202603/t20260324_89900333.html,guizhou_2025_历史类_score_rank.pdf,pdf_table
2025,贵州,历史类,372,372,307,73106,81.15,72800,73106,贵州省招生考试院,https://zsksy.guizhou.gov.cn/zlxz/202603/P020250625419082410128.pdf,https://zsksy.guizhou.gov.cn/zlxz/202603/t20260324_89900333.html,guizhou_2025_历史类_score_rank.pdf,pdf_table
2025,贵州,历史类,371,371,298,73404,81.481,73107,73404,贵州省招生考试院,https://zsksy.guizhou.gov.cn/zlxz/202603/P020250625419082410128.pdf,https://zsksy.guizhou.gov.cn/zlxz/202603/t20260324_89900333.html,guizhou_2025_历史类_score_rank.pdf,pdf_table
2025,贵州,历史类,370,370,287,73691,81.8,73405,73691,贵州省招生考试院,https://zsksy.guizhou.gov.cn/zlxz/202603/P020250625419082410128.pdf,https://zsksy.guizhou.gov.cn/zlxz/202603/t20260324_89900333.html,guizhou_2025_历史类_score_rank.pdf,pdf_table
2025,贵州,历史类,369,369,304,73995,82.137,73692,73995,贵州省招生考试院,https://zsksy.guizhou.gov.cn/zlxz/202603/P020250625419082410128.pdf,https://zsksy.guizhou.gov.cn/zlxz/202603/t20260324_89900333.html,guizhou_2025_历史类_score_rank.pdf,pdf_table
2025,贵州,历史类,368,368,270,74265,82.437,73996,74265,贵州省招生考试院,https://zsksy.guizhou.gov.cn/zlxz/202603/P020250625419082410128.pdf,https://zsksy.guizhou.gov.cn/zlxz/202603/t20260324_89900333.html,guizhou_2025_历史类_score_rank.pdf,pdf_table
2025,贵州,历史类,367,367,270,74535,82.737,74266,74535,贵州省招生考试院,https://zsksy.guizhou.gov.cn/zlxz/202603/P020250625419082410128.pdf,https://zsksy.guizhou.gov.cn/zlxz/202603/t20260324_89900333.html,guizhou_2025_历史类_score_rank.pdf,pdf_table
2025,贵州,历史类,366,366,267,74802,83.033,74536,74802,贵州省招生考试院,https://zsksy.guizhou.gov.cn/zlxz/202603/P020250625419082410128.pdf,https://zsksy.guizhou.gov.cn/zlxz/202603/t20260324_89900333.html,guizhou_2025_历史类_score_rank.pdf,pdf_table
2025,贵州,历史类,365,365,289,75091,83.354,74803,75091,贵州省招生考试院,https://zsksy.guizhou.gov.cn/zlxz/202603/P020250625419082410128.pdf,https://zsksy.guizhou.gov.cn/zlxz/202603/t20260324_89900333.html,guizhou_2025_历史类_score_rank.pdf,pdf_table
2025,贵州,历史类,364,364,251,75342,83.632,75092,75342,贵州省招生考试院,https://zsksy.guizhou.gov.cn/zlxz/202603/P020250625419082410128.pdf,https://zsksy.guizhou.gov.cn/zlxz/202603/t20260324_89900333.html,guizhou_2025_历史类_score_rank.pdf,pdf_table
2025,贵州,历史类,363,363,287,75629,83.951,75343,75629,贵州省招生考试院,https://zsksy.guizhou.gov.cn/zlxz/202603/P020250625419082410128.pdf,https://zsksy.guizhou.gov.cn/zlxz/202603/t20260324_89900333.html,guizhou_2025_历史类_score_rank.pdf,pdf_table
2025,贵州,历史类,362,362,264,75893,84.244,75630,75893,贵州省招生考试院,https://zsksy.guizhou.gov.cn/zlxz/202603/P020250625419082410128.pdf,https://zsksy.guizhou.gov.cn/zlxz/202603/t20260324_89900333.html,guizhou_2025_历史类_score_rank.pdf,pdf_table
2025,贵州,历史类,361,361,240,76133,84.511,75894,76133,贵州省招生考试院,https://zsksy.guizhou.gov.cn/zlxz/202603/P020250625419082410128.pdf,https://zsksy.guizhou.gov.cn/zlxz/202603/t20260324_89900333.html,guizhou_2025_历史类_score_rank.pdf,pdf_table
2025,贵州,历史类,360,360,260,76393,84.799,76134,76393,贵州省招生考试院,https://zsksy.guizhou.gov.cn/zlxz/202603/P020250625419082410128.pdf,https://zsksy.guizhou.gov.cn/zlxz/202603/t20260324_89900333.html,guizhou_2025_历史类_score_rank.pdf,pdf_table
2025,贵州,历史类,359,359,249,76642,85.076,76394,76642,贵州省招生考试院,https://zsksy.guizhou.gov.cn/zlxz/202603/P020250625419082410128.pdf,https://zsksy.guizhou.gov.cn/zlxz/202603/t20260324_89900333.html,guizhou_2025_历史类_score_rank.pdf,pdf_table
2025,贵州,历史类,358,358,249,76891,85.352,76643,76891,贵州省招生考试院,https://zsksy.guizhou.gov.cn/zlxz/202603/P020250625419082410128.pdf,https://zsksy.guizhou.gov.cn/zlxz/202603/t20260324_89900333.html,guizhou_2025_历史类_score_rank.pdf,pdf_table
2025,贵州,历史类,357,357,261,77152,85.642,76892,77152,贵州省招生考试院,https://zsksy.guizhou.gov.cn/zlxz/202603/P020250625419082410128.pdf,https://zsksy.guizhou.gov.cn/zlxz/202603/t20260324_89900333.html,guizhou_2025_历史类_score_rank.pdf,pdf_table
2025,贵州,历史类,356,356,245,77397,85.914,77153,77397,贵州省招生考试院,https://zsksy.guizhou.gov.cn/zlxz/202603/P020250625419082410128.pdf,https://zsksy.guizhou.gov.cn/zlxz/202603/t20260324_89900333.html,guizhou_2025_历史类_score_rank.pdf,pdf_table
2025,贵州,历史类,355,355,231,77628,86.17,77398,77628,贵州省招生考试院,https://zsksy.guizhou.gov.cn/zlxz/202603/P020250625419082410128.pdf,https://zsksy.guizhou.gov.cn/zlxz/202603/t20260324_89900333.html,guizhou_2025_历史类_score_rank.pdf,pdf_table
2025,贵州,历史类,354,354,237,77865,86.433,77629,77865,贵州省招生考试院,https://zsksy.guizhou.gov.cn/zlxz/202603/P020250625419082410128.pdf,https://zsksy.guizhou.gov.cn/zlxz/202603/t20260324_89900333.html,guizhou_2025_历史类_score_rank.pdf,pdf_table
2025,贵州,历史类,353,353,231,78096,86.69,77866,78096,贵州省招生考试院,https://zsksy.guizhou.gov.cn/zlxz/202603/P020250625419082410128.pdf,https://zsksy.guizhou.gov.cn/zlxz/202603/t20260324_89900333.html,guizhou_2025_历史类_score_rank.pdf,pdf_table
2025,贵州,历史类,352,352,206,78302,86.918,78097,78302,贵州省招生考试院,https://zsksy.guizhou.gov.cn/zlxz/202603/P020250625419082410128.pdf,https://zsksy.guizhou.gov.cn/zlxz/202603/t20260324_89900333.html,guizhou_2025_历史类_score_rank.pdf,pdf_table
2025,贵州,历史类,351,351,225,78527,87.168,78303,78527,贵州省招生考试院,https://zsksy.guizhou.gov.cn/zlxz/202603/P020250625419082410128.pdf,https://zsksy.guizhou.gov.cn/zlxz/202603/t20260324_89900333.html,guizhou_2025_历史类_score_rank.pdf,pdf_table
2025,贵州,历史类,350,350,199,78726,87.389,78528,78726,贵州省招生考试院,https://zsksy.guizhou.gov.cn/zlxz/202603/P020250625419082410128.pdf,https://zsksy.guizhou.gov.cn/zlxz/202603/t20260324_89900333.html,guizhou_2025_历史类_score_rank.pdf,pdf_table
2025,贵州,历史类,349,349,223,78949,87.636,78727,78949,贵州省招生考试院,https://zsksy.guizhou.gov.cn/zlxz/202603/P020250625419082410128.pdf,https://zsksy.guizhou.gov.cn/zlxz/202603/t20260324_89900333.html,guizhou_2025_历史类_score_rank.pdf,pdf_table
2025,贵州,历史类,348,348,202,79151,87.861,78950,79151,贵州省招生考试院,https://zsksy.guizhou.gov.cn/zlxz/202603/P020250625419082410128.pdf,https://zsksy.guizhou.gov.cn/zlxz/202603/t20260324_89900333.html,guizhou_2025_历史类_score_rank.pdf,pdf_table
2025,贵州,历史类,347,347,230,79381,88.116,79152,79381,贵州省招生考试院,https://zsksy.guizhou.gov.cn/zlxz/202603/P020250625419082410128.pdf,https://zsksy.guizhou.gov.cn/zlxz/202603/t20260324_89900333.html,guizhou_2025_历史类_score_rank.pdf,pdf_table
2025,贵州,历史类,346,346,186,79567,88.322,79382,79567,贵州省招生考试院,https://zsksy.guizhou.gov.cn/zlxz/202603/P020250625419082410128.pdf,https://zsksy.guizhou.gov.cn/zlxz/202603/t20260324_89900333.html,guizhou_2025_历史类_score_rank.pdf,pdf_table
2025,贵州,历史类,345,345,195,79762,88.539,79568,79762,贵州省招生考试院,https://zsksy.guizhou.gov.cn/zlxz/202603/P020250625419082410128.pdf,https://zsksy.guizhou.gov.cn/zlxz/202603/t20260324_89900333.html,guizhou_2025_历史类_score_rank.pdf,pdf_table
2025,贵州,历史类,344,344,213,79975,88.775,79763,79975,贵州省招生考试院,https://zsksy.guizhou.gov.cn/zlxz/202603/P020250625419082410128.pdf,https://zsksy.guizhou.gov.cn/zlxz/202603/t20260324_89900333.html,guizhou_2025_历史类_score_rank.pdf,pdf_table
2025,贵州,历史类,343,343,184,80159,88.98,79976,80159,贵州省招生考试院,https://zsksy.guizhou.gov.cn/zlxz/202603/P020250625419082410128.pdf,https://zsksy.guizhou.gov.cn/zlxz/202603/t20260324_89900333.html,guizhou_2025_历史类_score_rank.pdf,pdf_table
2025,贵州,历史类,342,342,207,80366,89.209,80160,80366,贵州省招生考试院,https://zsksy.guizhou.gov.cn/zlxz/202603/P020250625419082410128.pdf,https://zsksy.guizhou.gov.cn/zlxz/202603/t20260324_89900333.html,guizhou_2025_历史类_score_rank.pdf,pdf_table
2025,贵州,历史类,341,341,190,80556,89.42,80367,80556,贵州省招生考试院,https://zsksy.guizhou.gov.cn/zlxz/202603/P020250625419082410128.pdf,https://zsksy.guizhou.gov.cn/zlxz/202603/t20260324_89900333.html,guizhou_2025_历史类_score_rank.pdf,pdf_table
2025,贵州,历史类,340,340,179,80735,89.619,80557,80735,贵州省招生考试院,https://zsksy.guizhou.gov.cn/zlxz/202603/P020250625419082410128.pdf,https://zsksy.guizhou.gov.cn/zlxz/202603/t20260324_89900333.html,guizhou_2025_历史类_score_rank.pdf,pdf_table
2025,贵州,历史类,339,339,172,80907,89.81,80736,80907,贵州省招生考试院,https://zsksy.guizhou.gov.cn/zlxz/202603/P020250625419082410128.pdf,https://zsksy.guizhou.gov.cn/zlxz/202603/t20260324_89900333.html,guizhou_2025_历史类_score_rank.pdf,pdf_table
2025,贵州,历史类,338,338,177,81084,90.006,80908,81084,贵州省招生考试院,https://zsksy.guizhou.gov.cn/zlxz/202603/P020250625419082410128.pdf,https://zsksy.guizhou.gov.cn/zlxz/202603/t20260324_89900333.html,guizhou_2025_历史类_score_rank.pdf,pdf_table
2025,贵州,历史类,337,337,155,81239,90.178,81085,81239,贵州省招生考试院,https://zsksy.guizhou.gov.cn/zlxz/202603/P020250625419082410128.pdf,https://zsksy.guizhou.gov.cn/zlxz/202603/t20260324_89900333.html,guizhou_2025_历史类_score_rank.pdf,pdf_table
2025,贵州,历史类,336,336,155,81394,90.35,81240,81394,贵州省招生考试院,https://zsksy.guizhou.gov.cn/zlxz/202603/P020250625419082410128.pdf,https://zsksy.guizhou.gov.cn/zlxz/202603/t20260324_89900333.html,guizhou_2025_历史类_score_rank.pdf,pdf_table
2025,贵州,历史类,335,335,174,81568,90.544,81395,81568,贵州省招生考试院,https://zsksy.guizhou.gov.cn/zlxz/202603/P020250625419082410128.pdf,https://zsksy.guizhou.gov.cn/zlxz/202603/t20260324_89900333.html,guizhou_2025_历史类_score_rank.pdf,pdf_table
2025,贵州,历史类,334,334,172,81740,90.735,81569,81740,贵州省招生考试院,https://zsksy.guizhou.gov.cn/zlxz/202603/P020250625419082410128.pdf,https://zsksy.guizhou.gov.cn/zlxz/202603/t20260324_89900333.html,guizhou_2025_历史类_score_rank.pdf,pdf_table
2025,贵州,历史类,333,333,179,81919,90.933,81741,81919,贵州省招生考试院,https://zsksy.guizhou.gov.cn/zlxz/202603/P020250625419082410128.pdf,https://zsksy.guizhou.gov.cn/zlxz/202603/t20260324_89900333.html,guizhou_2025_历史类_score_rank.pdf,pdf_table
2025,贵州,历史类,332,332,122,82041,91.069,81920,82041,贵州省招生考试院,https://zsksy.guizhou.gov.cn/zlxz/202603/P020250625419082410128.pdf,https://zsksy.guizhou.gov.cn/zlxz/202603/t20260324_89900333.html,guizhou_2025_历史类_score_rank.pdf,pdf_table
2025,贵州,历史类,331,331,169,82210,91.256,82042,82210,贵州省招生考试院,https://zsksy.guizhou.gov.cn/zlxz/202603/P020250625419082410128.pdf,https://zsksy.guizhou.gov.cn/zlxz/202603/t20260324_89900333.html,guizhou_2025_历史类_score_rank.pdf,pdf_table
2025,贵州,历史类,330,330,149,82359,91.422,82211,82359,贵州省招生考试院,https://zsksy.guizhou.gov.cn/zlxz/202603/P020250625419082410128.pdf,https://zsksy.guizhou.gov.cn/zlxz/202603/t20260324_89900333.html,guizhou_2025_历史类_score_rank.pdf,pdf_table
2025,贵州,历史类,329,329,151,82510,91.589,82360,82510,贵州省招生考试院,https://zsksy.guizhou.gov.cn/zlxz/202603/P020250625419082410128.pdf,https://zsksy.guizhou.gov.cn/zlxz/202603/t20260324_89900333.html,guizhou_2025_历史类_score_rank.pdf,pdf_table
2025,贵州,历史类,328,328,150,82660,91.756,82511,82660,贵州省招生考试院,https://zsksy.guizhou.gov.cn/zlxz/202603/P020250625419082410128.pdf,https://zsksy.guizhou.gov.cn/zlxz/202603/t20260324_89900333.html,guizhou_2025_历史类_score_rank.pdf,pdf_table
2025,贵州,历史类,327,327,140,82800,91.911,82661,82800,贵州省招生考试院,https://zsksy.guizhou.gov.cn/zlxz/202603/P020250625419082410128.pdf,https://zsksy.guizhou.gov.cn/zlxz/202603/t20260324_89900333.html,guizhou_2025_历史类_score_rank.pdf,pdf_table
2025,贵州,历史类,326,326,142,82942,92.069,82801,82942,贵州省招生考试院,https://zsksy.guizhou.gov.cn/zlxz/202603/P020250625419082410128.pdf,https://zsksy.guizhou.gov.cn/zlxz/202603/t20260324_89900333.html,guizhou_2025_历史类_score_rank.pdf,pdf_table
2025,贵州,历史类,325,325,132,83074,92.215,82943,83074,贵州省招生考试院,https://zsksy.guizhou.gov.cn/zlxz/202603/P020250625419082410128.pdf,https://zsksy.guizhou.gov.cn/zlxz/202603/t20260324_89900333.html,guizhou_2025_历史类_score_rank.pdf,pdf_table
2025,贵州,历史类,324,324,123,83197,92.352,83075,83197,贵州省招生考试院,https://zsksy.guizhou.gov.cn/zlxz/202603/P020250625419082410128.pdf,https://zsksy.guizhou.gov.cn/zlxz/202603/t20260324_89900333.html,guizhou_2025_历史类_score_rank.pdf,pdf_table
2025,贵州,历史类,323,323,121,83318,92.486,83198,83318,贵州省招生考试院,https://zsksy.guizhou.gov.cn/zlxz/202603/P020250625419082410128.pdf,https://zsksy.guizhou.gov.cn/zlxz/202603/t20260324_89900333.html,guizhou_2025_历史类_score_rank.pdf,pdf_table
2025,贵州,历史类,322,322,143,83461,92.645,83319,83461,贵州省招生考试院,https://zsksy.guizhou.gov.cn/zlxz/202603/P020250625419082410128.pdf,https://zsksy.guizhou.gov.cn/zlxz/202603/t20260324_89900333.html,guizhou_2025_历史类_score_rank.pdf,pdf_table
2025,贵州,历史类,321,321,123,83584,92.781,83462,83584,贵州省招生考试院,https://zsksy.guizhou.gov.cn/zlxz/202603/P020250625419082410128.pdf,https://zsksy.guizhou.gov.cn/zlxz/202603/t20260324_89900333.html,guizhou_2025_历史类_score_rank.pdf,pdf_table
2025,贵州,历史类,320,320,115,83699,92.909,83585,83699,贵州省招生考试院,https://zsksy.guizhou.gov.cn/zlxz/202603/P020250625419082410128.pdf,https://zsksy.guizhou.gov.cn/zlxz/202603/t20260324_89900333.html,guizhou_2025_历史类_score_rank.pdf,pdf_table
2025,贵州,历史类,319,319,116,83815,93.038,83700,83815,贵州省招生考试院,https://zsksy.guizhou.gov.cn/zlxz/202603/P020250625419082410128.pdf,https://zsksy.guizhou.gov.cn/zlxz/202603/t20260324_89900333.html,guizhou_2025_历史类_score_rank.pdf,pdf_table
2025,贵州,历史类,318,318,107,83922,93.157,83816,83922,贵州省招生考试院,https://zsksy.guizhou.gov.cn/zlxz/202603/P020250625419082410128.pdf,https://zsksy.guizhou.gov.cn/zlxz/202603/t20260324_89900333.html,guizhou_2025_历史类_score_rank.pdf,pdf_table
2025,贵州,历史类,317,317,104,84026,93.272,83923,84026,贵州省招生考试院,https://zsksy.guizhou.gov.cn/zlxz/202603/P020250625419082410128.pdf,https://zsksy.guizhou.gov.cn/zlxz/202603/t20260324_89900333.html,guizhou_2025_历史类_score_rank.pdf,pdf_table
2025,贵州,历史类,316,316,104,84130,93.388,84027,84130,贵州省招生考试院,https://zsksy.guizhou.gov.cn/zlxz/202603/P020250625419082410128.pdf,https://zsksy.guizhou.gov.cn/zlxz/202603/t20260324_89900333.html,guizhou_2025_历史类_score_rank.pdf,pdf_table
2025,贵州,历史类,315,315,102,84232,93.501,84131,84232,贵州省招生考试院,https://zsksy.guizhou.gov.cn/zlxz/202603/P020250625419082410128.pdf,https://zsksy.guizhou.gov.cn/zlxz/202603/t20260324_89900333.html,guizhou_2025_历史类_score_rank.pdf,pdf_table
2025,贵州,历史类,314,314,113,84345,93.626,84233,84345,贵州省招生考试院,https://zsksy.guizhou.gov.cn/zlxz/202603/P020250625419082410128.pdf,https://zsksy.guizhou.gov.cn/zlxz/202603/t20260324_89900333.html,guizhou_2025_历史类_score_rank.pdf,pdf_table
2025,贵州,历史类,313,313,110,84455,93.748,84346,84455,贵州省招生考试院,https://zsksy.guizhou.gov.cn/zlxz/202603/P020250625419082410128.pdf,https://zsksy.guizhou.gov.cn/zlxz/202603/t20260324_89900333.html,guizhou_2025_历史类_score_rank.pdf,pdf_table
2025,贵州,历史类,312,312,98,84553,93.857,84456,84553,贵州省招生考试院,https://zsksy.guizhou.gov.cn/zlxz/202603/P020250625419082410128.pdf,https://zsksy.guizhou.gov.cn/zlxz/202603/t20260324_89900333.html,guizhou_2025_历史类_score_rank.pdf,pdf_table
2025,贵州,历史类,311,311,114,84667,93.984,84554,84667,贵州省招生考试院,https://zsksy.guizhou.gov.cn/zlxz/202603/P020250625419082410128.pdf,https://zsksy.guizhou.gov.cn/zlxz/202603/t20260324_89900333.html,guizhou_2025_历史类_score_rank.pdf,pdf_table
2025,贵州,历史类,310,310,105,84772,94.1,84668,84772,贵州省招生考试院,https://zsksy.guizhou.gov.cn/zlxz/202603/P020250625419082410128.pdf,https://zsksy.guizhou.gov.cn/zlxz/202603/t20260324_89900333.html,guizhou_2025_历史类_score_rank.pdf,pdf_table
2025,贵州,历史类,309,309,106,84878,94.218,84773,84878,贵州省招生考试院,https://zsksy.guizhou.gov.cn/zlxz/202603/P020250625419082410128.pdf,https://zsksy.guizhou.gov.cn/zlxz/202603/t20260324_89900333.html,guizhou_2025_历史类_score_rank.pdf,pdf_table
2025,贵州,历史类,308,308,115,84993,94.345,84879,84993,贵州省招生考试院,https://zsksy.guizhou.gov.cn/zlxz/202603/P020250625419082410128.pdf,https://zsksy.guizhou.gov.cn/zlxz/202603/t20260324_89900333.html,guizhou_2025_历史类_score_rank.pdf,pdf_table
2025,贵州,历史类,307,307,98,85091,94.454,84994,85091,贵州省招生考试院,https://zsksy.guizhou.gov.cn/zlxz/202603/P020250625419082410128.pdf,https://zsksy.guizhou.gov.cn/zlxz/202603/t20260324_89900333.html,guizhou_2025_历史类_score_rank.pdf,pdf_table
2025,贵州,历史类,306,306,102,85193,94.567,85092,85193,贵州省招生考试院,https://zsksy.guizhou.gov.cn/zlxz/202603/P020250625419082410128.pdf,https://zsksy.guizhou.gov.cn/zlxz/202603/t20260324_89900333.html,guizhou_2025_历史类_score_rank.pdf,pdf_table
2025,贵州,历史类,305,305,98,85291,94.676,85194,85291,贵州省招生考试院,https://zsksy.guizhou.gov.cn/zlxz/202603/P020250625419082410128.pdf,https://zsksy.guizhou.gov.cn/zlxz/202603/t20260324_89900333.html,guizhou_2025_历史类_score_rank.pdf,pdf_table
2025,贵州,历史类,304,304,82,85373,94.767,85292,85373,贵州省招生考试院,https://zsksy.guizhou.gov.cn/zlxz/202603/P020250625419082410128.pdf,https://zsksy.guizhou.gov.cn/zlxz/202603/t20260324_89900333.html,guizhou_2025_历史类_score_rank.pdf,pdf_table
2025,贵州,历史类,303,303,103,85476,94.882,85374,85476,贵州省招生考试院,https://zsksy.guizhou.gov.cn/zlxz/202603/P020250625419082410128.pdf,https://zsksy.guizhou.gov.cn/zlxz/202603/t20260324_89900333.html,guizhou_2025_历史类_score_rank.pdf,pdf_table
2025,贵州,历史类,302,302,85,85561,94.976,85477,85561,贵州省招生考试院,https://zsksy.guizhou.gov.cn/zlxz/202603/P020250625419082410128.pdf,https://zsksy.guizhou.gov.cn/zlxz/202603/t20260324_89900333.html,guizhou_2025_历史类_score_rank.pdf,pdf_table
2025,贵州,历史类,301,301,84,85645,95.069,85562,85645,贵州省招生考试院,https://zsksy.guizhou.gov.cn/zlxz/202603/P020250625419082410128.pdf,https://zsksy.guizhou.gov.cn/zlxz/202603/t20260324_89900333.html,guizhou_2025_历史类_score_rank.pdf,pdf_table
2025,贵州,历史类,300,300,71,85716,95.148,85646,85716,贵州省招生考试院,https://zsksy.guizhou.gov.cn/zlxz/202603/P020250625419082410128.pdf,https://zsksy.guizhou.gov.cn/zlxz/202603/t20260324_89900333.html,guizhou_2025_历史类_score_rank.pdf,pdf_table
2025,贵州,历史类,299,299,85,85801,95.242,85717,85801,贵州省招生考试院,https://zsksy.guizhou.gov.cn/zlxz/202603/P020250625419082410128.pdf,https://zsksy.guizhou.gov.cn/zlxz/202603/t20260324_89900333.html,guizhou_2025_历史类_score_rank.pdf,pdf_table
2025,贵州,历史类,298,298,76,85877,95.327,85802,85877,贵州省招生考试院,https://zsksy.guizhou.gov.cn/zlxz/202603/P020250625419082410128.pdf,https://zsksy.guizhou.gov.cn/zlxz/202603/t20260324_89900333.html,guizhou_2025_历史类_score_rank.pdf,pdf_table
2025,贵州,历史类,297,297,87,85964,95.423,85878,85964,贵州省招生考试院,https://zsksy.guizhou.gov.cn/zlxz/202603/P020250625419082410128.pdf,https://zsksy.guizhou.gov.cn/zlxz/202603/t20260324_89900333.html,guizhou_2025_历史类_score_rank.pdf,pdf_table
2025,贵州,历史类,296,296,55,86019,95.484,85965,86019,贵州省招生考试院,https://zsksy.guizhou.gov.cn/zlxz/202603/P020250625419082410128.pdf,https://zsksy.guizhou.gov.cn/zlxz/202603/t20260324_89900333.html,guizhou_2025_历史类_score_rank.pdf,pdf_table
2025,贵州,历史类,295,295,68,86087,95.56,86020,86087,贵州省招生考试院,https://zsksy.guizhou.gov.cn/zlxz/202603/P020250625419082410128.pdf,https://zsksy.guizhou.gov.cn/zlxz/202603/t20260324_89900333.html,guizhou_2025_历史类_score_rank.pdf,pdf_table
2025,贵州,历史类,294,294,65,86152,95.632,86088,86152,贵州省招生考试院,https://zsksy.guizhou.gov.cn/zlxz/202603/P020250625419082410128.pdf,https://zsksy.guizhou.gov.cn/zlxz/202603/t20260324_89900333.html,guizhou_2025_历史类_score_rank.pdf,pdf_table
2025,贵州,历史类,293,293,57,86209,95.695,86153,86209,贵州省招生考试院,https://zsksy.guizhou.gov.cn/zlxz/202603/P020250625419082410128.pdf,https://zsksy.guizhou.gov.cn/zlxz/202603/t20260324_89900333.html,guizhou_2025_历史类_score_rank.pdf,pdf_table
2025,贵州,历史类,292,292,71,86280,95.774,86210,86280,贵州省招生考试院,https://zsksy.guizhou.gov.cn/zlxz/202603/P020250625419082410128.pdf,https://zsksy.guizhou.gov.cn/zlxz/202603/t20260324_89900333.html,guizhou_2025_历史类_score_rank.pdf,pdf_table
2025,贵州,历史类,291,291,68,86348,95.85,86281,86348,贵州省招生考试院,https://zsksy.guizhou.gov.cn/zlxz/202603/P020250625419082410128.pdf,https://zsksy.guizhou.gov.cn/zlxz/202603/t20260324_89900333.html,guizhou_2025_历史类_score_rank.pdf,pdf_table
2025,贵州,历史类,290,290,53,86401,95.908,86349,86401,贵州省招生考试院,https://zsksy.guizhou.gov.cn/zlxz/202603/P020250625419082410128.pdf,https://zsksy.guizhou.gov.cn/zlxz/202603/t20260324_89900333.html,guizhou_2025_历史类_score_rank.pdf,pdf_table
2025,贵州,历史类,289,289,51,86452,95.965,86402,86452,贵州省招生考试院,https://zsksy.guizhou.gov.cn/zlxz/202603/P020250625419082410128.pdf,https://zsksy.guizhou.gov.cn/zlxz/202603/t20260324_89900333.html,guizhou_2025_历史类_score_rank.pdf,pdf_table
2025,贵州,历史类,288,288,60,86512,96.032,86453,86512,贵州省招生考试院,https://zsksy.guizhou.gov.cn/zlxz/202603/P020250625419082410128.pdf,https://zsksy.guizhou.gov.cn/zlxz/202603/t20260324_89900333.html,guizhou_2025_历史类_score_rank.pdf,pdf_table
2025,贵州,历史类,287,287,53,86565,96.09,86513,86565,贵州省招生考试院,https://zsksy.guizhou.gov.cn/zlxz/202603/P020250625419082410128.pdf,https://zsksy.guizhou.gov.cn/zlxz/202603/t20260324_89900333.html,guizhou_2025_历史类_score_rank.pdf,pdf_table
2025,贵州,历史类,286,286,65,86630,96.163,86566,86630,贵州省招生考试院,https://zsksy.guizhou.gov.cn/zlxz/202603/P020250625419082410128.pdf,https://zsksy.guizhou.gov.cn/zlxz/202603/t20260324_89900333.html,guizhou_2025_历史类_score_rank.pdf,pdf_table
2025,贵州,历史类,285,285,57,86687,96.226,86631,86687,贵州省招生考试院,https://zsksy.guizhou.gov.cn/zlxz/202603/P020250625419082410128.pdf,https://zsksy.guizhou.gov.cn/zlxz/202603/t20260324_89900333.html,guizhou_2025_历史类_score_rank.pdf,pdf_table
2025,贵州,历史类,284,284,59,86746,96.291,86688,86746,贵州省招生考试院,https://zsksy.guizhou.gov.cn/zlxz/202603/P020250625419082410128.pdf,https://zsksy.guizhou.gov.cn/zlxz/202603/t20260324_89900333.html,guizhou_2025_历史类_score_rank.pdf,pdf_table
2025,贵州,历史类,283,283,59,86805,96.357,86747,86805,贵州省招生考试院,https://zsksy.guizhou.gov.cn/zlxz/202603/P020250625419082410128.pdf,https://zsksy.guizhou.gov.cn/zlxz/202603/t20260324_89900333.html,guizhou_2025_历史类_score_rank.pdf,pdf_table
2025,贵州,历史类,282,282,42,86847,96.403,86806,86847,贵州省招生考试院,https://zsksy.guizhou.gov.cn/zlxz/202603/P020250625419082410128.pdf,https://zsksy.guizhou.gov.cn/zlxz/202603/t20260324_89900333.html,guizhou_2025_历史类_score_rank.pdf,pdf_table
2025,贵州,历史类,281,281,40,86887,96.448,86848,86887,贵州省招生考试院,https://zsksy.guizhou.gov.cn/zlxz/202603/P020250625419082410128.pdf,https://zsksy.guizhou.gov.cn/zlxz/202603/t20260324_89900333.html,guizhou_2025_历史类_score_rank.pdf,pdf_table
2025,贵州,历史类,280,280,47,86934,96.5,86888,86934,贵州省招生考试院,https://zsksy.guizhou.gov.cn/zlxz/202603/P020250625419082410128.pdf,https://zsksy.guizhou.gov.cn/zlxz/202603/t20260324_89900333.html,guizhou_2025_历史类_score_rank.pdf,pdf_table
2025,贵州,历史类,279,279,46,86980,96.551,86935,86980,贵州省招生考试院,https://zsksy.guizhou.gov.cn/zlxz/202603/P020250625419082410128.pdf,https://zsksy.guizhou.gov.cn/zlxz/202603/t20260324_89900333.html,guizhou_2025_历史类_score_rank.pdf,pdf_table
2025,贵州,历史类,278,278,44,87024,96.6,86981,87024,贵州省招生考试院,https://zsksy.guizhou.gov.cn/zlxz/202603/P020250625419082410128.pdf,https://zsksy.guizhou.gov.cn/zlxz/202603/t20260324_89900333.html,guizhou_2025_历史类_score_rank.pdf,pdf_table
2025,贵州,历史类,277,277,35,87059,96.639,87025,87059,贵州省招生考试院,https://zsksy.guizhou.gov.cn/zlxz/202603/P020250625419082410128.pdf,https://zsksy.guizhou.gov.cn/zlxz/202603/t20260324_89900333.html,guizhou_2025_历史类_score_rank.pdf,pdf_table
2025,贵州,历史类,276,276,37,87096,96.68,87060,87096,贵州省招生考试院,https://zsksy.guizhou.gov.cn/zlxz/202603/P020250625419082410128.pdf,https://zsksy.guizhou.gov.cn/zlxz/202603/t20260324_89900333.html,guizhou_2025_历史类_score_rank.pdf,pdf_table
2025,贵州,历史类,275,275,51,87147,96.736,87097,87147,贵州省招生考试院,https://zsksy.guizhou.gov.cn/zlxz/202603/P020250625419082410128.pdf,https://zsksy.guizhou.gov.cn/zlxz/202603/t20260324_89900333.html,guizhou_2025_历史类_score_rank.pdf,pdf_table
2025,贵州,历史类,274,274,43,87190,96.784,87148,87190,贵州省招生考试院,https://zsksy.guizhou.gov.cn/zlxz/202603/P020250625419082410128.pdf,https://zsksy.guizhou.gov.cn/zlxz/202603/t20260324_89900333.html,guizhou_2025_历史类_score_rank.pdf,pdf_table
2025,贵州,历史类,273,273,43,87233,96.832,87191,87233,贵州省招生考试院,https://zsksy.guizhou.gov.cn/zlxz/202603/P020250625419082410128.pdf,https://zsksy.guizhou.gov.cn/zlxz/202603/t20260324_89900333.html,guizhou_2025_历史类_score_rank.pdf,pdf_table
2025,贵州,历史类,272,272,34,87267,96.87,87234,87267,贵州省招生考试院,https://zsksy.guizhou.gov.cn/zlxz/202603/P020250625419082410128.pdf,https://zsksy.guizhou.gov.cn/zlxz/202603/t20260324_89900333.html,guizhou_2025_历史类_score_rank.pdf,pdf_table
2025,贵州,历史类,271,271,37,87304,96.911,87268,87304,贵州省招生考试院,https://zsksy.guizhou.gov.cn/zlxz/202603/P020250625419082410128.pdf,https://zsksy.guizhou.gov.cn/zlxz/202603/t20260324_89900333.html,guizhou_2025_历史类_score_rank.pdf,pdf_table
2025,贵州,历史类,270,270,36,87340,96.951,87305,87340,贵州省招生考试院,https://zsksy.guizhou.gov.cn/zlxz/202603/P020250625419082410128.pdf,https://zsksy.guizhou.gov.cn/zlxz/202603/t20260324_89900333.html,guizhou_2025_历史类_score_rank.pdf,pdf_table
2025,贵州,历史类,269,269,33,87373,96.987,87341,87373,贵州省招生考试院,https://zsksy.guizhou.gov.cn/zlxz/202603/P020250625419082410128.pdf,https://zsksy.guizhou.gov.cn/zlxz/202603/t20260324_89900333.html,guizhou_2025_历史类_score_rank.pdf,pdf_table
2025,贵州,历史类,268,268,46,87419,97.038,87374,87419,贵州省招生考试院,https://zsksy.guizhou.gov.cn/zlxz/202603/P020250625419082410128.pdf,https://zsksy.guizhou.gov.cn/zlxz/202603/t20260324_89900333.html,guizhou_2025_历史类_score_rank.pdf,pdf_table
2025,贵州,历史类,267,267,31,87450,97.073,87420,87450,贵州省招生考试院,https://zsksy.guizhou.gov.cn/zlxz/202603/P020250625419082410128.pdf,https://zsksy.guizhou.gov.cn/zlxz/202603/t20260324_89900333.html,guizhou_2025_历史类_score_rank.pdf,pdf_table
2025,贵州,历史类,266,266,42,87492,97.119,87451,87492,贵州省招生考试院,https://zsksy.guizhou.gov.cn/zlxz/202603/P020250625419082410128.pdf,https://zsksy.guizhou.gov.cn/zlxz/202603/t20260324_89900333.html,guizhou_2025_历史类_score_rank.pdf,pdf_table
2025,贵州,历史类,265,265,28,87520,97.151,87493,87520,贵州省招生考试院,https://zsksy.guizhou.gov.cn/zlxz/202603/P020250625419082410128.pdf,https://zsksy.guizhou.gov.cn/zlxz/202603/t20260324_89900333.html,guizhou_2025_历史类_score_rank.pdf,pdf_table
2025,贵州,历史类,264,264,36,87556,97.19,87521,87556,贵州省招生考试院,https://zsksy.guizhou.gov.cn/zlxz/202603/P020250625419082410128.pdf,https://zsksy.guizhou.gov.cn/zlxz/202603/t20260324_89900333.html,guizhou_2025_历史类_score_rank.pdf,pdf_table
2025,贵州,历史类,263,263,26,87582,97.219,87557,87582,贵州省招生考试院,https://zsksy.guizhou.gov.cn/zlxz/202603/P020250625419082410128.pdf,https://zsksy.guizhou.gov.cn/zlxz/202603/t20260324_89900333.html,guizhou_2025_历史类_score_rank.pdf,pdf_table
2025,贵州,历史类,262,262,16,87598,97.237,87583,87598,贵州省招生考试院,https://zsksy.guizhou.gov.cn/zlxz/202603/P020250625419082410128.pdf,https://zsksy.guizhou.gov.cn/zlxz/202603/t20260324_89900333.html,guizhou_2025_历史类_score_rank.pdf,pdf_table
2025,贵州,历史类,261,261,31,87629,97.272,87599,87629,贵州省招生考试院,https://zsksy.guizhou.gov.cn/zlxz/202603/P020250625419082410128.pdf,https://zsksy.guizhou.gov.cn/zlxz/202603/t20260324_89900333.html,guizhou_2025_历史类_score_rank.pdf,pdf_table
2025,贵州,历史类,260,260,26,87655,97.3,87630,87655,贵州省招生考试院,https://zsksy.guizhou.gov.cn/zlxz/202603/P020250625419082410128.pdf,https://zsksy.guizhou.gov.cn/zlxz/202603/t20260324_89900333.html,guizhou_2025_历史类_score_rank.pdf,pdf_table
2025,贵州,历史类,259,259,34,87689,97.338,87656,87689,贵州省招生考试院,https://zsksy.guizhou.gov.cn/zlxz/202603/P020250625419082410128.pdf,https://zsksy.guizhou.gov.cn/zlxz/202603/t20260324_89900333.html,guizhou_2025_历史类_score_rank.pdf,pdf_table
2025,贵州,历史类,258,258,31,87720,97.373,87690,87720,贵州省招生考试院,https://zsksy.guizhou.gov.cn/zlxz/202603/P020250625419082410128.pdf,https://zsksy.guizhou.gov.cn/zlxz/202603/t20260324_89900333.html,guizhou_2025_历史类_score_rank.pdf,pdf_table
2025,贵州,历史类,257,257,24,87744,97.399,87721,87744,贵州省招生考试院,https://zsksy.guizhou.gov.cn/zlxz/202603/P020250625419082410128.pdf,https://zsksy.guizhou.gov.cn/zlxz/202603/t20260324_89900333.html,guizhou_2025_历史类_score_rank.pdf,pdf_table
2025,贵州,历史类,256,256,27,87771,97.429,87745,87771,贵州省招生考试院,https://zsksy.guizhou.gov.cn/zlxz/202603/P020250625419082410128.pdf,https://zsksy.guizhou.gov.cn/zlxz/202603/t20260324_89900333.html,guizhou_2025_历史类_score_rank.pdf,pdf_table
2025,贵州,历史类,255,255,29,87800,97.461,87772,87800,贵州省招生考试院,https://zsksy.guizhou.gov.cn/zlxz/202603/P020250625419082410128.pdf,https://zsksy.guizhou.gov.cn/zlxz/202603/t20260324_89900333.html,guizhou_2025_历史类_score_rank.pdf,pdf_table
2025,贵州,历史类,254,254,24,87824,97.488,87801,87824,贵州省招生考试院,https://zsksy.guizhou.gov.cn/zlxz/202603/P020250625419082410128.pdf,https://zsksy.guizhou.gov.cn/zlxz/202603/t20260324_89900333.html,guizhou_2025_历史类_score_rank.pdf,pdf_table
2025,贵州,历史类,253,253,24,87848,97.515,87825,87848,贵州省招生考试院,https://zsksy.guizhou.gov.cn/zlxz/202603/P020250625419082410128.pdf,https://zsksy.guizhou.gov.cn/zlxz/202603/t20260324_89900333.html,guizhou_2025_历史类_score_rank.pdf,pdf_table
2025,贵州,历史类,252,252,22,87870,97.539,87849,87870,贵州省招生考试院,https://zsksy.guizhou.gov.cn/zlxz/202603/P020250625419082410128.pdf,https://zsksy.guizhou.gov.cn/zlxz/202603/t20260324_89900333.html,guizhou_2025_历史类_score_rank.pdf,pdf_table
2025,贵州,历史类,251,251,19,87889,97.56,87871,87889,贵州省招生考试院,https://zsksy.guizhou.gov.cn/zlxz/202603/P020250625419082410128.pdf,https://zsksy.guizhou.gov.cn/zlxz/202603/t20260324_89900333.html,guizhou_2025_历史类_score_rank.pdf,pdf_table
2025,贵州,历史类,250,250,17,87906,97.579,87890,87906,贵州省招生考试院,https://zsksy.guizhou.gov.cn/zlxz/202603/P020250625419082410128.pdf,https://zsksy.guizhou.gov.cn/zlxz/202603/t20260324_89900333.html,guizhou_2025_历史类_score_rank.pdf,pdf_table
2025,贵州,历史类,249,249,14,87920,97.595,87907,87920,贵州省招生考试院,https://zsksy.guizhou.gov.cn/zlxz/202603/P020250625419082410128.pdf,https://zsksy.guizhou.gov.cn/zlxz/202603/t20260324_89900333.html,guizhou_2025_历史类_score_rank.pdf,pdf_table
2025,贵州,历史类,248,248,16,87936,97.612,87921,87936,贵州省招生考试院,https://zsksy.guizhou.gov.cn/zlxz/202603/P020250625419082410128.pdf,https://zsksy.guizhou.gov.cn/zlxz/202603/t20260324_89900333.html,guizhou_2025_历史类_score_rank.pdf,pdf_table
2025,贵州,历史类,247,247,22,87958,97.637,87937,87958,贵州省招生考试院,https://zsksy.guizhou.gov.cn/zlxz/202603/P020250625419082410128.pdf,https://zsksy.guizhou.gov.cn/zlxz/202603/t20260324_89900333.html,guizhou_2025_历史类_score_rank.pdf,pdf_table
2025,贵州,历史类,246,246,16,87974,97.654,87959,87974,贵州省招生考试院,https://zsksy.guizhou.gov.cn/zlxz/202603/P020250625419082410128.pdf,https://zsksy.guizhou.gov.cn/zlxz/202603/t20260324_89900333.html,guizhou_2025_历史类_score_rank.pdf,pdf_table
2025,贵州,历史类,245,245,12,87986,97.668,87975,87986,贵州省招生考试院,https://zsksy.guizhou.gov.cn/zlxz/202603/P020250625419082410128.pdf,https://zsksy.guizhou.gov.cn/zlxz/202603/t20260324_89900333.html,guizhou_2025_历史类_score_rank.pdf,pdf_table
2025,贵州,历史类,244,244,13,87999,97.682,87987,87999,贵州省招生考试院,https://zsksy.guizhou.gov.cn/zlxz/202603/P020250625419082410128.pdf,https://zsksy.guizhou.gov.cn/zlxz/202603/t20260324_89900333.html,guizhou_2025_历史类_score_rank.pdf,pdf_table
2025,贵州,历史类,243,243,14,88013,97.698,88000,88013,贵州省招生考试院,https://zsksy.guizhou.gov.cn/zlxz/202603/P020250625419082410128.pdf,https://zsksy.guizhou.gov.cn/zlxz/202603/t20260324_89900333.html,guizhou_2025_历史类_score_rank.pdf,pdf_table
2025,贵州,历史类,242,242,25,88038,97.726,88014,88038,贵州省招生考试院,https://zsksy.guizhou.gov.cn/zlxz/202603/P020250625419082410128.pdf,https://zsksy.guizhou.gov.cn/zlxz/202603/t20260324_89900333.html,guizhou_2025_历史类_score_rank.pdf,pdf_table
2025,贵州,历史类,241,241,10,88048,97.737,88039,88048,贵州省招生考试院,https://zsksy.guizhou.gov.cn/zlxz/202603/P020250625419082410128.pdf,https://zsksy.guizhou.gov.cn/zlxz/202603/t20260324_89900333.html,guizhou_2025_历史类_score_rank.pdf,pdf_table
2025,贵州,历史类,240,240,20,88068,97.759,88049,88068,贵州省招生考试院,https://zsksy.guizhou.gov.cn/zlxz/202603/P020250625419082410128.pdf,https://zsksy.guizhou.gov.cn/zlxz/202603/t20260324_89900333.html,guizhou_2025_历史类_score_rank.pdf,pdf_table
2025,贵州,历史类,239,239,23,88091,97.784,88069,88091,贵州省招生考试院,https://zsksy.guizhou.gov.cn/zlxz/202603/P020250625419082410128.pdf,https://zsksy.guizhou.gov.cn/zlxz/202603/t20260324_89900333.html,guizhou_2025_历史类_score_rank.pdf,pdf_table
2025,贵州,历史类,238,238,16,88107,97.802,88092,88107,贵州省招生考试院,https://zsksy.guizhou.gov.cn/zlxz/202603/P020250625419082410128.pdf,https://zsksy.guizhou.gov.cn/zlxz/202603/t20260324_89900333.html,guizhou_2025_历史类_score_rank.pdf,pdf_table
2025,贵州,历史类,237,237,13,88120,97.817,88108,88120,贵州省招生考试院,https://zsksy.guizhou.gov.cn/zlxz/202603/P020250625419082410128.pdf,https://zsksy.guizhou.gov.cn/zlxz/202603/t20260324_89900333.html,guizhou_2025_历史类_score_rank.pdf,pdf_table
2025,贵州,历史类,236,236,9,88129,97.827,88121,88129,贵州省招生考试院,https://zsksy.guizhou.gov.cn/zlxz/202603/P020250625419082410128.pdf,https://zsksy.guizhou.gov.cn/zlxz/202603/t20260324_89900333.html,guizhou_2025_历史类_score_rank.pdf,pdf_table
2025,贵州,历史类,235,235,9,88138,97.837,88130,88138,贵州省招生考试院,https://zsksy.guizhou.gov.cn/zlxz/202603/P020250625419082410128.pdf,https://zsksy.guizhou.gov.cn/zlxz/202603/t20260324_89900333.html,guizhou_2025_历史类_score_rank.pdf,pdf_table
2025,贵州,历史类,234,234,12,88150,97.85,88139,88150,贵州省招生考试院,https://zsksy.guizhou.gov.cn/zlxz/202603/P020250625419082410128.pdf,https://zsksy.guizhou.gov.cn/zlxz/202603/t20260324_89900333.html,guizhou_2025_历史类_score_rank.pdf,pdf_table
2025,贵州,历史类,233,233,12,88162,97.863,88151,88162,贵州省招生考试院,https://zsksy.guizhou.gov.cn/zlxz/202603/P020250625419082410128.pdf,https://zsksy.guizhou.gov.cn/zlxz/202603/t20260324_89900333.html,guizhou_2025_历史类_score_rank.pdf,pdf_table
2025,贵州,历史类,232,232,18,88180,97.883,88163,88180,贵州省招生考试院,https://zsksy.guizhou.gov.cn/zlxz/202603/P020250625419082410128.pdf,https://zsksy.guizhou.gov.cn/zlxz/202603/t20260324_89900333.html,guizhou_2025_历史类_score_rank.pdf,pdf_table
2025,贵州,历史类,231,231,4,88184,97.888,88181,88184,贵州省招生考试院,https://zsksy.guizhou.gov.cn/zlxz/202603/P020250625419082410128.pdf,https://zsksy.guizhou.gov.cn/zlxz/202603/t20260324_89900333.html,guizhou_2025_历史类_score_rank.pdf,pdf_table
2025,贵州,历史类,230,230,9,88193,97.898,88185,88193,贵州省招生考试院,https://zsksy.guizhou.gov.cn/zlxz/202603/P020250625419082410128.pdf,https://zsksy.guizhou.gov.cn/zlxz/202603/t20260324_89900333.html,guizhou_2025_历史类_score_rank.pdf,pdf_table
2025,贵州,历史类,229,229,6,88199,97.904,88194,88199,贵州省招生考试院,https://zsksy.guizhou.gov.cn/zlxz/202603/P020250625419082410128.pdf,https://zsksy.guizhou.gov.cn/zlxz/202603/t20260324_89900333.html,guizhou_2025_历史类_score_rank.pdf,pdf_table
2025,贵州,历史类,228,228,11,88210,97.916,88200,88210,贵州省招生考试院,https://zsksy.guizhou.gov.cn/zlxz/202603/P020250625419082410128.pdf,https://zsksy.guizhou.gov.cn/zlxz/202603/t20260324_89900333.html,guizhou_2025_历史类_score_rank.pdf,pdf_table
2025,贵州,历史类,227,227,10,88220,97.928,88211,88220,贵州省招生考试院,https://zsksy.guizhou.gov.cn/zlxz/202603/P020250625419082410128.pdf,https://zsksy.guizhou.gov.cn/zlxz/202603/t20260324_89900333.html,guizhou_2025_历史类_score_rank.pdf,pdf_table
2025,贵州,历史类,226,226,6,88226,97.934,88221,88226,贵州省招生考试院,https://zsksy.guizhou.gov.cn/zlxz/202603/P020250625419082410128.pdf,https://zsksy.guizhou.gov.cn/zlxz/202603/t20260324_89900333.html,guizhou_2025_历史类_score_rank.pdf,pdf_table
2025,贵州,历史类,225,225,8,88234,97.943,88227,88234,贵州省招生考试院,https://zsksy.guizhou.gov.cn/zlxz/202603/P020250625419082410128.pdf,https://zsksy.guizhou.gov.cn/zlxz/202603/t20260324_89900333.html,guizhou_2025_历史类_score_rank.pdf,pdf_table
2025,贵州,历史类,224,224,7,88241,97.951,88235,88241,贵州省招生考试院,https://zsksy.guizhou.gov.cn/zlxz/202603/P020250625419082410128.pdf,https://zsksy.guizhou.gov.cn/zlxz/202603/t20260324_89900333.html,guizhou_2025_历史类_score_rank.pdf,pdf_table
2025,贵州,历史类,223,223,6,88247,97.958,88242,88247,贵州省招生考试院,https://zsksy.guizhou.gov.cn/zlxz/202603/P020250625419082410128.pdf,https://zsksy.guizhou.gov.cn/zlxz/202603/t20260324_89900333.html,guizhou_2025_历史类_score_rank.pdf,pdf_table
2025,贵州,历史类,222,222,4,88251,97.962,88248,88251,贵州省招生考试院,https://zsksy.guizhou.gov.cn/zlxz/202603/P020250625419082410128.pdf,https://zsksy.guizhou.gov.cn/zlxz/202603/t20260324_89900333.html,guizhou_2025_历史类_score_rank.pdf,pdf_table
2025,贵州,历史类,221,221,11,88262,97.974,88252,88262,贵州省招生考试院,https://zsksy.guizhou.gov.cn/zlxz/202603/P020250625419082410128.pdf,https://zsksy.guizhou.gov.cn/zlxz/202603/t20260324_89900333.html,guizhou_2025_历史类_score_rank.pdf,pdf_table
2025,贵州,历史类,220,220,5,88267,97.98,88263,88267,贵州省招生考试院,https://zsksy.guizhou.gov.cn/zlxz/202603/P020250625419082410128.pdf,https://zsksy.guizhou.gov.cn/zlxz/202603/t20260324_89900333.html,guizhou_2025_历史类_score_rank.pdf,pdf_table
2025,贵州,历史类,219,219,5,88272,97.985,88268,88272,贵州省招生考试院,https://zsksy.guizhou.gov.cn/zlxz/202603/P020250625419082410128.pdf,https://zsksy.guizhou.gov.cn/zlxz/202603/t20260324_89900333.html,guizhou_2025_历史类_score_rank.pdf,pdf_table
2025,贵州,历史类,218,218,5,88277,97.991,88273,88277,贵州省招生考试院,https://zsksy.guizhou.gov.cn/zlxz/202603/P020250625419082410128.pdf,https://zsksy.guizhou.gov.cn/zlxz/202603/t20260324_89900333.html,guizhou_2025_历史类_score_rank.pdf,pdf_table
2025,贵州,历史类,217,217,4,88281,97.995,88278,88281,贵州省招生考试院,https://zsksy.guizhou.gov.cn/zlxz/202603/P020250625419082410128.pdf,https://zsksy.guizhou.gov.cn/zlxz/202603/t20260324_89900333.html,guizhou_2025_历史类_score_rank.pdf,pdf_table
2025,贵州,历史类,216,216,4,88285,98,88282,88285,贵州省招生考试院,https://zsksy.guizhou.gov.cn/zlxz/202603/P020250625419082410128.pdf,https://zsksy.guizhou.gov.cn/zlxz/202603/t20260324_89900333.html,guizhou_2025_历史类_score_rank.pdf,pdf_table
2025,贵州,历史类,215,215,10,88295,98.011,88286,88295,贵州省招生考试院,https://zsksy.guizhou.gov.cn/zlxz/202603/P020250625419082410128.pdf,https://zsksy.guizhou.gov.cn/zlxz/202603/t20260324_89900333.html,guizhou_2025_历史类_score_rank.pdf,pdf_table
2025,贵州,历史类,214,214,4,88299,98.015,88296,88299,贵州省招生考试院,https://zsksy.guizhou.gov.cn/zlxz/202603/P020250625419082410128.pdf,https://zsksy.guizhou.gov.cn/zlxz/202603/t20260324_89900333.html,guizhou_2025_历史类_score_rank.pdf,pdf_table
2025,贵州,历史类,213,213,5,88304,98.021,88300,88304,贵州省招生考试院,https://zsksy.guizhou.gov.cn/zlxz/202603/P020250625419082410128.pdf,https://zsksy.guizhou.gov.cn/zlxz/202603/t20260324_89900333.html,guizhou_2025_历史类_score_rank.pdf,pdf_table
2025,贵州,历史类,212,212,4,88308,98.025,88305,88308,贵州省招生考试院,https://zsksy.guizhou.gov.cn/zlxz/202603/P020250625419082410128.pdf,https://zsksy.guizhou.gov.cn/zlxz/202603/t20260324_89900333.html,guizhou_2025_历史类_score_rank.pdf,pdf_table
2025,贵州,历史类,211,211,4,88312,98.03,88309,88312,贵州省招生考试院,https://zsksy.guizhou.gov.cn/zlxz/202603/P020250625419082410128.pdf,https://zsksy.guizhou.gov.cn/zlxz/202603/t20260324_89900333.html,guizhou_2025_历史类_score_rank.pdf,pdf_table
2025,贵州,历史类,210,210,4,88316,98.034,88313,88316,贵州省招生考试院,https://zsksy.guizhou.gov.cn/zlxz/202603/P020250625419082410128.pdf,https://zsksy.guizhou.gov.cn/zlxz/202603/t20260324_89900333.html,guizhou_2025_历史类_score_rank.pdf,pdf_table
2025,贵州,历史类,209,209,9,88325,98.044,88317,88325,贵州省招生考试院,https://zsksy.guizhou.gov.cn/zlxz/202603/P020250625419082410128.pdf,https://zsksy.guizhou.gov.cn/zlxz/202603/t20260324_89900333.html,guizhou_2025_历史类_score_rank.pdf,pdf_table
2025,贵州,历史类,208,208,4,88329,98.049,88326,88329,贵州省招生考试院,https://zsksy.guizhou.gov.cn/zlxz/202603/P020250625419082410128.pdf,https://zsksy.guizhou.gov.cn/zlxz/202603/t20260324_89900333.html,guizhou_2025_历史类_score_rank.pdf,pdf_table
2025,贵州,历史类,207,207,4,88333,98.053,88330,88333,贵州省招生考试院,https://zsksy.guizhou.gov.cn/zlxz/202603/P020250625419082410128.pdf,https://zsksy.guizhou.gov.cn/zlxz/202603/t20260324_89900333.html,guizhou_2025_历史类_score_rank.pdf,pdf_table
2025,贵州,历史类,206,206,5,88338,98.059,88334,88338,贵州省招生考试院,https://zsksy.guizhou.gov.cn/zlxz/202603/P020250625419082410128.pdf,https://zsksy.guizhou.gov.cn/zlxz/202603/t20260324_89900333.html,guizhou_2025_历史类_score_rank.pdf,pdf_table
2025,贵州,历史类,205,205,4,88342,98.063,88339,88342,贵州省招生考试院,https://zsksy.guizhou.gov.cn/zlxz/202603/P020250625419082410128.pdf,https://zsksy.guizhou.gov.cn/zlxz/202603/t20260324_89900333.html,guizhou_2025_历史类_score_rank.pdf,pdf_table
2025,贵州,历史类,204,204,1,88343,98.064,88343,88343,贵州省招生考试院,https://zsksy.guizhou.gov.cn/zlxz/202603/P020250625419082410128.pdf,https://zsksy.guizhou.gov.cn/zlxz/202603/t20260324_89900333.html,guizhou_2025_历史类_score_rank.pdf,pdf_table
2025,贵州,历史类,203,203,4,88347,98.069,88344,88347,贵州省招生考试院,https://zsksy.guizhou.gov.cn/zlxz/202603/P020250625419082410128.pdf,https://zsksy.guizhou.gov.cn/zlxz/202603/t20260324_89900333.html,guizhou_2025_历史类_score_rank.pdf,pdf_table
2025,贵州,历史类,202,202,4,88351,98.073,88348,88351,贵州省招生考试院,https://zsksy.guizhou.gov.cn/zlxz/202603/P020250625419082410128.pdf,https://zsksy.guizhou.gov.cn/zlxz/202603/t20260324_89900333.html,guizhou_2025_历史类_score_rank.pdf,pdf_table
2025,贵州,历史类,201,201,5,88356,98.079,88352,88356,贵州省招生考试院,https://zsksy.guizhou.gov.cn/zlxz/202603/P020250625419082410128.pdf,https://zsksy.guizhou.gov.cn/zlxz/202603/t20260324_89900333.html,guizhou_2025_历史类_score_rank.pdf,pdf_table
2025,贵州,历史类,200,200,2,88358,98.081,88357,88358,贵州省招生考试院,https://zsksy.guizhou.gov.cn/zlxz/202603/P020250625419082410128.pdf,https://zsksy.guizhou.gov.cn/zlxz/202603/t20260324_89900333.html,guizhou_2025_历史类_score_rank.pdf,pdf_table
2025,贵州,历史类,199,199,3,88361,98.084,88359,88361,贵州省招生考试院,https://zsksy.guizhou.gov.cn/zlxz/202603/P020250625419082410128.pdf,https://zsksy.guizhou.gov.cn/zlxz/202603/t20260324_89900333.html,guizhou_2025_历史类_score_rank.pdf,pdf_table
2025,贵州,历史类,198,198,6,88367,98.091,88362,88367,贵州省招生考试院,https://zsksy.guizhou.gov.cn/zlxz/202603/P020250625419082410128.pdf,https://zsksy.guizhou.gov.cn/zlxz/202603/t20260324_89900333.html,guizhou_2025_历史类_score_rank.pdf,pdf_table
2025,贵州,历史类,197,197,3,88370,98.094,88368,88370,贵州省招生考试院,https://zsksy.guizhou.gov.cn/zlxz/202603/P020250625419082410128.pdf,https://zsksy.guizhou.gov.cn/zlxz/202603/t20260324_89900333.html,guizhou_2025_历史类_score_rank.pdf,pdf_table
2025,贵州,历史类,196,196,1,88371,98.095,88371,88371,贵州省招生考试院,https://zsksy.guizhou.gov.cn/zlxz/202603/P020250625419082410128.pdf,https://zsksy.guizhou.gov.cn/zlxz/202603/t20260324_89900333.html,guizhou_2025_历史类_score_rank.pdf,pdf_table
2025,贵州,历史类,195,195,1,88372,98.096,88372,88372,贵州省招生考试院,https://zsksy.guizhou.gov.cn/zlxz/202603/P020250625419082410128.pdf,https://zsksy.guizhou.gov.cn/zlxz/202603/t20260324_89900333.html,guizhou_2025_历史类_score_rank.pdf,pdf_table
2025,贵州,历史类,193,193,1,88373,98.097,88373,88373,贵州省招生考试院,https://zsksy.guizhou.gov.cn/zlxz/202603/P020250625419082410128.pdf,https://zsksy.guizhou.gov.cn/zlxz/202603/t20260324_89900333.html,guizhou_2025_历史类_score_rank.pdf,pdf_table
2025,贵州,历史类,192,192,3,88376,98.101,88374,88376,贵州省招生考试院,https://zsksy.guizhou.gov.cn/zlxz/202603/P020250625419082410128.pdf,https://zsksy.guizhou.gov.cn/zlxz/202603/t20260324_89900333.html,guizhou_2025_历史类_score_rank.pdf,pdf_table
2025,贵州,历史类,191,191,4,88380,98.105,88377,88380,贵州省招生考试院,https://zsksy.guizhou.gov.cn/zlxz/202603/P020250625419082410128.pdf,https://zsksy.guizhou.gov.cn/zlxz/202603/t20260324_89900333.html,guizhou_2025_历史类_score_rank.pdf,pdf_table
2025,贵州,历史类,189,189,1,88381,98.106,88381,88381,贵州省招生考试院,https://zsksy.guizhou.gov.cn/zlxz/202603/P020250625419082410128.pdf,https://zsksy.guizhou.gov.cn/zlxz/202603/t20260324_89900333.html,guizhou_2025_历史类_score_rank.pdf,pdf_table
2025,贵州,历史类,188,188,1,88382,98.107,88382,88382,贵州省招生考试院,https://zsksy.guizhou.gov.cn/zlxz/202603/P020250625419082410128.pdf,https://zsksy.guizhou.gov.cn/zlxz/202603/t20260324_89900333.html,guizhou_2025_历史类_score_rank.pdf,pdf_table
2025,贵州,历史类,187,187,1,88383,98.108,88383,88383,贵州省招生考试院,https://zsksy.guizhou.gov.cn/zlxz/202603/P020250625419082410128.pdf,https://zsksy.guizhou.gov.cn/zlxz/202603/t20260324_89900333.html,guizhou_2025_历史类_score_rank.pdf,pdf_table
2025,贵州,历史类,186,186,3,88386,98.112,88384,88386,贵州省招生考试院,https://zsksy.guizhou.gov.cn/zlxz/202603/P020250625419082410128.pdf,https://zsksy.guizhou.gov.cn/zlxz/202603/t20260324_89900333.html,guizhou_2025_历史类_score_rank.pdf,pdf_table
2025,贵州,历史类,185,185,2,88388,98.114,88387,88388,贵州省招生考试院,https://zsksy.guizhou.gov.cn/zlxz/202603/P020250625419082410128.pdf,https://zsksy.guizhou.gov.cn/zlxz/202603/t20260324_89900333.html,guizhou_2025_历史类_score_rank.pdf,pdf_table
2025,贵州,历史类,184,184,6,88394,98.121,88389,88394,贵州省招生考试院,https://zsksy.guizhou.gov.cn/zlxz/202603/P020250625419082410128.pdf,https://zsksy.guizhou.gov.cn/zlxz/202603/t20260324_89900333.html,guizhou_2025_历史类_score_rank.pdf,pdf_table
2025,贵州,历史类,183,183,2,88396,98.123,88395,88396,贵州省招生考试院,https://zsksy.guizhou.gov.cn/zlxz/202603/P020250625419082410128.pdf,https://zsksy.guizhou.gov.cn/zlxz/202603/t20260324_89900333.html,guizhou_2025_历史类_score_rank.pdf,pdf_table
2025,贵州,历史类,182,182,1,88397,98.124,88397,88397,贵州省招生考试院,https://zsksy.guizhou.gov.cn/zlxz/202603/P020250625419082410128.pdf,https://zsksy.guizhou.gov.cn/zlxz/202603/t20260324_89900333.html,guizhou_2025_历史类_score_rank.pdf,pdf_table
2025,贵州,历史类,180,180,1,88398,98.125,88398,88398,贵州省招生考试院,https://zsksy.guizhou.gov.cn/zlxz/202603/P020250625419082410128.pdf,https://zsksy.guizhou.gov.cn/zlxz/202603/t20260324_89900333.html,guizhou_2025_历史类_score_rank.pdf,pdf_table
2025,贵州,历史类,178,178,4,88402,98.13,88399,88402,贵州省招生考试院,https://zsksy.guizhou.gov.cn/zlxz/202603/P020250625419082410128.pdf,https://zsksy.guizhou.gov.cn/zlxz/202603/t20260324_89900333.html,guizhou_2025_历史类_score_rank.pdf,pdf_table
2025,贵州,历史类,177,177,1,88403,98.131,88403,88403,贵州省招生考试院,https://zsksy.guizhou.gov.cn/zlxz/202603/P020250625419082410128.pdf,https://zsksy.guizhou.gov.cn/zlxz/202603/t20260324_89900333.html,guizhou_2025_历史类_score_rank.pdf,pdf_table
2025,贵州,历史类,176,176,3,88406,98.134,88404,88406,贵州省招生考试院,https://zsksy.guizhou.gov.cn/zlxz/202603/P020250625419082410128.pdf,https://zsksy.guizhou.gov.cn/zlxz/202603/t20260324_89900333.html,guizhou_2025_历史类_score_rank.pdf,pdf_table
2025,贵州,历史类,175,175,1,88407,98.135,88407,88407,贵州省招生考试院,https://zsksy.guizhou.gov.cn/zlxz/202603/P020250625419082410128.pdf,https://zsksy.guizhou.gov.cn/zlxz/202603/t20260324_89900333.html,guizhou_2025_历史类_score_rank.pdf,pdf_table
2025,贵州,历史类,174,174,3,88410,98.138,88408,88410,贵州省招生考试院,https://zsksy.guizhou.gov.cn/zlxz/202603/P020250625419082410128.pdf,https://zsksy.guizhou.gov.cn/zlxz/202603/t20260324_89900333.html,guizhou_2025_历史类_score_rank.pdf,pdf_table
2025,贵州,历史类,173,173,2,88412,98.141,88411,88412,贵州省招生考试院,https://zsksy.guizhou.gov.cn/zlxz/202603/P020250625419082410128.pdf,https://zsksy.guizhou.gov.cn/zlxz/202603/t20260324_89900333.html,guizhou_2025_历史类_score_rank.pdf,pdf_table
2025,贵州,历史类,171,171,1,88413,98.142,88413,88413,贵州省招生考试院,https://zsksy.guizhou.gov.cn/zlxz/202603/P020250625419082410128.pdf,https://zsksy.guizhou.gov.cn/zlxz/202603/t20260324_89900333.html,guizhou_2025_历史类_score_rank.pdf,pdf_table
2025,贵州,历史类,169,169,2,88415,98.144,88414,88415,贵州省招生考试院,https://zsksy.guizhou.gov.cn/zlxz/202603/P020250625419082410128.pdf,https://zsksy.guizhou.gov.cn/zlxz/202603/t20260324_89900333.html,guizhou_2025_历史类_score_rank.pdf,pdf_table
2025,贵州,历史类,167,167,2,88417,98.146,88416,88417,贵州省招生考试院,https://zsksy.guizhou.gov.cn/zlxz/202603/P020250625419082410128.pdf,https://zsksy.guizhou.gov.cn/zlxz/202603/t20260324_89900333.html,guizhou_2025_历史类_score_rank.pdf,pdf_table
2025,贵州,历史类,165,165,1,88418,98.147,88418,88418,贵州省招生考试院,https://zsksy.guizhou.gov.cn/zlxz/202603/P020250625419082410128.pdf,https://zsksy.guizhou.gov.cn/zlxz/202603/t20260324_89900333.html,guizhou_2025_历史类_score_rank.pdf,pdf_table
2025,贵州,历史类,164,164,1,88419,98.148,88419,88419,贵州省招生考试院,https://zsksy.guizhou.gov.cn/zlxz/202603/P020250625419082410128.pdf,https://zsksy.guizhou.gov.cn/zlxz/202603/t20260324_89900333.html,guizhou_2025_历史类_score_rank.pdf,pdf_table
2025,贵州,历史类,163,163,1,88420,98.15,88420,88420,贵州省招生考试院,https://zsksy.guizhou.gov.cn/zlxz/202603/P020250625419082410128.pdf,https://zsksy.guizhou.gov.cn/zlxz/202603/t20260324_89900333.html,guizhou_2025_历史类_score_rank.pdf,pdf_table
2025,贵州,历史类,162,162,2,88422,98.152,88421,88422,贵州省招生考试院,https://zsksy.guizhou.gov.cn/zlxz/202603/P020250625419082410128.pdf,https://zsksy.guizhou.gov.cn/zlxz/202603/t20260324_89900333.html,guizhou_2025_历史类_score_rank.pdf,pdf_table
2025,贵州,历史类,161,161,1,88423,98.153,88423,88423,贵州省招生考试院,https://zsksy.guizhou.gov.cn/zlxz/202603/P020250625419082410128.pdf,https://zsksy.guizhou.gov.cn/zlxz/202603/t20260324_89900333.html,guizhou_2025_历史类_score_rank.pdf,pdf_table
2025,贵州,历史类,160,160,2,88425,98.155,88424,88425,贵州省招生考试院,https://zsksy.guizhou.gov.cn/zlxz/202603/P020250625419082410128.pdf,https://zsksy.guizhou.gov.cn/zlxz/202603/t20260324_89900333.html,guizhou_2025_历史类_score_rank.pdf,pdf_table
2025,贵州,历史类,159,159,1,88426,98.156,88426,88426,贵州省招生考试院,https://zsksy.guizhou.gov.cn/zlxz/202603/P020250625419082410128.pdf,https://zsksy.guizhou.gov.cn/zlxz/202603/t20260324_89900333.html,guizhou_2025_历史类_score_rank.pdf,pdf_table
2025,贵州,历史类,156,156,4,88430,98.161,88427,88430,贵州省招生考试院,https://zsksy.guizhou.gov.cn/zlxz/202603/P020250625419082410128.pdf,https://zsksy.guizhou.gov.cn/zlxz/202603/t20260324_89900333.html,guizhou_2025_历史类_score_rank.pdf,pdf_table
2025,贵州,历史类,153,153,3,88433,98.164,88431,88433,贵州省招生考试院,https://zsksy.guizhou.gov.cn/zlxz/202603/P020250625419082410128.pdf,https://zsksy.guizhou.gov.cn/zlxz/202603/t20260324_89900333.html,guizhou_2025_历史类_score_rank.pdf,pdf_table
2025,贵州,历史类,152,152,2,88435,98.166,88434,88435,贵州省招生考试院,https://zsksy.guizhou.gov.cn/zlxz/202603/P020250625419082410128.pdf,https://zsksy.guizhou.gov.cn/zlxz/202603/t20260324_89900333.html,guizhou_2025_历史类_score_rank.pdf,pdf_table
2025,贵州,历史类,151,151,2,88437,98.168,88436,88437,贵州省招生考试院,https://zsksy.guizhou.gov.cn/zlxz/202603/P020250625419082410128.pdf,https://zsksy.guizhou.gov.cn/zlxz/202603/t20260324_89900333.html,guizhou_2025_历史类_score_rank.pdf,pdf_table
2025,贵州,历史类,149,149,1,88438,98.17,88438,88438,贵州省招生考试院,https://zsksy.guizhou.gov.cn/zlxz/202603/P020250625419082410128.pdf,https://zsksy.guizhou.gov.cn/zlxz/202603/t20260324_89900333.html,guizhou_2025_历史类_score_rank.pdf,pdf_table
2025,贵州,历史类,148,148,1,88439,98.171,88439,88439,贵州省招生考试院,https://zsksy.guizhou.gov.cn/zlxz/202603/P020250625419082410128.pdf,https://zsksy.guizhou.gov.cn/zlxz/202603/t20260324_89900333.html,guizhou_2025_历史类_score_rank.pdf,pdf_table
2025,贵州,历史类,147,147,1,88440,98.172,88440,88440,贵州省招生考试院,https://zsksy.guizhou.gov.cn/zlxz/202603/P020250625419082410128.pdf,https://zsksy.guizhou.gov.cn/zlxz/202603/t20260324_89900333.html,guizhou_2025_历史类_score_rank.pdf,pdf_table
2025,贵州,历史类,144,144,1,88441,98.173,88441,88441,贵州省招生考试院,https://zsksy.guizhou.gov.cn/zlxz/202603/P020250625419082410128.pdf,https://zsksy.guizhou.gov.cn/zlxz/202603/t20260324_89900333.html,guizhou_2025_历史类_score_rank.pdf,pdf_table
2025,贵州,历史类,140,140,1,88442,98.174,88442,88442,贵州省招生考试院,https://zsksy.guizhou.gov.cn/zlxz/202603/P020250625419082410128.pdf,https://zsksy.guizhou.gov.cn/zlxz/202603/t20260324_89900333.html,guizhou_2025_历史类_score_rank.pdf,pdf_table
2025,贵州,历史类,138,138,1,88443,98.175,88443,88443,贵州省招生考试院,https://zsksy.guizhou.gov.cn/zlxz/202603/P020250625419082410128.pdf,https://zsksy.guizhou.gov.cn/zlxz/202603/t20260324_89900333.html,guizhou_2025_历史类_score_rank.pdf,pdf_table
2025,贵州,历史类,137,137,2,88445,98.177,88444,88445,贵州省招生考试院,https://zsksy.guizhou.gov.cn/zlxz/202603/P020250625419082410128.pdf,https://zsksy.guizhou.gov.cn/zlxz/202603/t20260324_89900333.html,guizhou_2025_历史类_score_rank.pdf,pdf_table
2025,贵州,历史类,136,136,2,88447,98.18,88446,88447,贵州省招生考试院,https://zsksy.guizhou.gov.cn/zlxz/202603/P020250625419082410128.pdf,https://zsksy.guizhou.gov.cn/zlxz/202603/t20260324_89900333.html,guizhou_2025_历史类_score_rank.pdf,pdf_table
2025,贵州,历史类,135,135,2,88449,98.182,88448,88449,贵州省招生考试院,https://zsksy.guizhou.gov.cn/zlxz/202603/P020250625419082410128.pdf,https://zsksy.guizhou.gov.cn/zlxz/202603/t20260324_89900333.html,guizhou_2025_历史类_score_rank.pdf,pdf_table
2025,贵州,历史类,130,130,2,88451,98.184,88450,88451,贵州省招生考试院,https://zsksy.guizhou.gov.cn/zlxz/202603/P020250625419082410128.pdf,https://zsksy.guizhou.gov.cn/zlxz/202603/t20260324_89900333.html,guizhou_2025_历史类_score_rank.pdf,pdf_table
2025,贵州,历史类,124,124,1,88452,98.185,88452,88452,贵州省招生考试院,https://zsksy.guizhou.gov.cn/zlxz/202603/P020250625419082410128.pdf,https://zsksy.guizhou.gov.cn/zlxz/202603/t20260324_89900333.html,guizhou_2025_历史类_score_rank.pdf,pdf_table
2025,贵州,历史类,123,123,1,88453,98.186,88453,88453,贵州省招生考试院,https://zsksy.guizhou.gov.cn/zlxz/202603/P020250625419082410128.pdf,https://zsksy.guizhou.gov.cn/zlxz/202603/t20260324_89900333.html,guizhou_2025_历史类_score_rank.pdf,pdf_table
2025,贵州,历史类,122,122,2,88455,98.188,88454,88455,贵州省招生考试院,https://zsksy.guizhou.gov.cn/zlxz/202603/P020250625419082410128.pdf,https://zsksy.guizhou.gov.cn/zlxz/202603/t20260324_89900333.html,guizhou_2025_历史类_score_rank.pdf,pdf_table
2025,贵州,历史类,120,120,2,88457,98.191,88456,88457,贵州省招生考试院,https://zsksy.guizhou.gov.cn/zlxz/202603/P020250625419082410128.pdf,https://zsksy.guizhou.gov.cn/zlxz/202603/t20260324_89900333.html,guizhou_2025_历史类_score_rank.pdf,pdf_table
2025,贵州,历史类,109,109,1,88458,98.192,88458,88458,贵州省招生考试院,https://zsksy.guizhou.gov.cn/zlxz/202603/P020250625419082410128.pdf,https://zsksy.guizhou.gov.cn/zlxz/202603/t20260324_89900333.html,guizhou_2025_历史类_score_rank.pdf,pdf_table
2025,贵州,历史类,108,108,2,88460,98.194,88459,88460,贵州省招生考试院,https://zsksy.guizhou.gov.cn/zlxz/202603/P020250625419082410128.pdf,https://zsksy.guizhou.gov.cn/zlxz/202603/t20260324_89900333.html,guizhou_2025_历史类_score_rank.pdf,pdf_table
2025,贵州,历史类,107,107,1,88461,98.195,88461,88461,贵州省招生考试院,https://zsksy.guizhou.gov.cn/zlxz/202603/P020250625419082410128.pdf,https://zsksy.guizhou.gov.cn/zlxz/202603/t20260324_89900333.html,guizhou_2025_历史类_score_rank.pdf,pdf_table
2025,贵州,历史类,106,106,1,88462,98.196,88462,88462,贵州省招生考试院,https://zsksy.guizhou.gov.cn/zlxz/202603/P020250625419082410128.pdf,https://zsksy.guizhou.gov.cn/zlxz/202603/t20260324_89900333.html,guizhou_2025_历史类_score_rank.pdf,pdf_table
2025,贵州,历史类,101,101,2,88464,98.198,88463,88464,贵州省招生考试院,https://zsksy.guizhou.gov.cn/zlxz/202603/P020250625419082410128.pdf,https://zsksy.guizhou.gov.cn/zlxz/202603/t20260324_89900333.html,guizhou_2025_历史类_score_rank.pdf,pdf_table
2025,贵州,历史类,97,97,3,88467,98.202,88465,88467,贵州省招生考试院,https://zsksy.guizhou.gov.cn/zlxz/202603/P020250625419082410128.pdf,https://zsksy.guizhou.gov.cn/zlxz/202603/t20260324_89900333.html,guizhou_2025_历史类_score_rank.pdf,pdf_table
2025,贵州,历史类,96,96,1,88468,98.203,88468,88468,贵州省招生考试院,https://zsksy.guizhou.gov.cn/zlxz/202603/P020250625419082410128.pdf,https://zsksy.guizhou.gov.cn/zlxz/202603/t20260324_89900333.html,guizhou_2025_历史类_score_rank.pdf,pdf_table
2025,贵州,历史类,92,92,1,88469,98.204,88469,88469,贵州省招生考试院,https://zsksy.guizhou.gov.cn/zlxz/202603/P020250625419082410128.pdf,https://zsksy.guizhou.gov.cn/zlxz/202603/t20260324_89900333.html,guizhou_2025_历史类_score_rank.pdf,pdf_table
2025,贵州,历史类,88,88,2,88471,98.206,88470,88471,贵州省招生考试院,https://zsksy.guizhou.gov.cn/zlxz/202603/P020250625419082410128.pdf,https://zsksy.guizhou.gov.cn/zlxz/202603/t20260324_89900333.html,guizhou_2025_历史类_score_rank.pdf,pdf_table
2025,贵州,历史类,87,87,1,88472,98.207,88472,88472,贵州省招生考试院,https://zsksy.guizhou.gov.cn/zlxz/202603/P020250625419082410128.pdf,https://zsksy.guizhou.gov.cn/zlxz/202603/t20260324_89900333.html,guizhou_2025_历史类_score_rank.pdf,pdf_table
2025,贵州,历史类,86,86,1,88473,98.208,88473,88473,贵州省招生考试院,https://zsksy.guizhou.gov.cn/zlxz/202603/P020250625419082410128.pdf,https://zsksy.guizhou.gov.cn/zlxz/202603/t20260324_89900333.html,guizhou_2025_历史类_score_rank.pdf,pdf_table
2025,贵州,历史类,75,75,2,88475,98.211,88474,88475,贵州省招生考试院,https://zsksy.guizhou.gov.cn/zlxz/202603/P020250625419082410128.pdf,https://zsksy.guizhou.gov.cn/zlxz/202603/t20260324_89900333.html,guizhou_2025_历史类_score_rank.pdf,pdf_table
2025,贵州,历史类,68,68,1,88476,98.212,88476,88476,贵州省招生考试院,https://zsksy.guizhou.gov.cn/zlxz/202603/P020250625419082410128.pdf,https://zsksy.guizhou.gov.cn/zlxz/202603/t20260324_89900333.html,guizhou_2025_历史类_score_rank.pdf,pdf_table
2025,贵州,历史类,66,66,2,88478,98.214,88477,88478,贵州省招生考试院,https://zsksy.guizhou.gov.cn/zlxz/202603/P020250625419082410128.pdf,https://zsksy.guizhou.gov.cn/zlxz/202603/t20260324_89900333.html,guizhou_2025_历史类_score_rank.pdf,pdf_table
2025,贵州,历史类,65,65,1,88479,98.215,88479,88479,贵州省招生考试院,https://zsksy.guizhou.gov.cn/zlxz/202603/P020250625419082410128.pdf,https://zsksy.guizhou.gov.cn/zlxz/202603/t20260324_89900333.html,guizhou_2025_历史类_score_rank.pdf,pdf_table
2025,贵州,历史类,64,64,2,88481,98.217,88480,88481,贵州省招生考试院,https://zsksy.guizhou.gov.cn/zlxz/202603/P020250625419082410128.pdf,https://zsksy.guizhou.gov.cn/zlxz/202603/t20260324_89900333.html,guizhou_2025_历史类_score_rank.pdf,pdf_table
2025,贵州,历史类,62,62,2,88483,98.219,88482,88483,贵州省招生考试院,https://zsksy.guizhou.gov.cn/zlxz/202603/P020250625419082410128.pdf,https://zsksy.guizhou.gov.cn/zlxz/202603/t20260324_89900333.html,guizhou_2025_历史类_score_rank.pdf,pdf_table
2025,贵州,历史类,59,59,1,88484,98.221,88484,88484,贵州省招生考试院,https://zsksy.guizhou.gov.cn/zlxz/202603/P020250625419082410128.pdf,https://zsksy.guizhou.gov.cn/zlxz/202603/t20260324_89900333.html,guizhou_2025_历史类_score_rank.pdf,pdf_table
2025,贵州,历史类,56,56,1,88485,98.222,88485,88485,贵州省招生考试院,https://zsksy.guizhou.gov.cn/zlxz/202603/P020250625419082410128.pdf,https://zsksy.guizhou.gov.cn/zlxz/202603/t20260324_89900333.html,guizhou_2025_历史类_score_rank.pdf,pdf_table
2025,贵州,历史类,55,55,1,88486,98.223,88486,88486,贵州省招生考试院,https://zsksy.guizhou.gov.cn/zlxz/202603/P020250625419082410128.pdf,https://zsksy.guizhou.gov.cn/zlxz/202603/t20260324_89900333.html,guizhou_2025_历史类_score_rank.pdf,pdf_table
2025,贵州,历史类,50,50,1,88487,98.224,88487,88487,贵州省招生考试院,https://zsksy.guizhou.gov.cn/zlxz/202603/P020250625419082410128.pdf,https://zsksy.guizhou.gov.cn/zlxz/202603/t20260324_89900333.html,guizhou_2025_历史类_score_rank.pdf,pdf_table
2025,贵州,历史类,47,47,2,88489,98.226,88488,88489,贵州省招生考试院,https://zsksy.guizhou.gov.cn/zlxz/202603/P020250625419082410128.pdf,https://zsksy.guizhou.gov.cn/zlxz/202603/t20260324_89900333.html,guizhou_2025_历史类_score_rank.pdf,pdf_table
2025,贵州,历史类,43,43,1,88490,98.227,88490,88490,贵州省招生考试院,https://zsksy.guizhou.gov.cn/zlxz/202603/P020250625419082410128.pdf,https://zsksy.guizhou.gov.cn/zlxz/202603/t20260324_89900333.html,guizhou_2025_历史类_score_rank.pdf,pdf_table
2025,贵州,历史类,40,40,1,88491,98.228,88491,88491,贵州省招生考试院,https://zsksy.guizhou.gov.cn/zlxz/202603/P020250625419082410128.pdf,https://zsksy.guizhou.gov.cn/zlxz/202603/t20260324_89900333.html,guizhou_2025_历史类_score_rank.pdf,pdf_table
2025,贵州,历史类,39,39,2,88493,98.231,88492,88493,贵州省招生考试院,https://zsksy.guizhou.gov.cn/zlxz/202603/P020250625419082410128.pdf,https://zsksy.guizhou.gov.cn/zlxz/202603/t20260324_89900333.html,guizhou_2025_历史类_score_rank.pdf,pdf_table
2025,贵州,历史类,37,37,2,88495,98.233,88494,88495,贵州省招生考试院,https://zsksy.guizhou.gov.cn/zlxz/202603/P020250625419082410128.pdf,https://zsksy.guizhou.gov.cn/zlxz/202603/t20260324_89900333.html,guizhou_2025_历史类_score_rank.pdf,pdf_table
2025,贵州,历史类,35,35,1,88496,98.234,88496,88496,贵州省招生考试院,https://zsksy.guizhou.gov.cn/zlxz/202603/P020250625419082410128.pdf,https://zsksy.guizhou.gov.cn/zlxz/202603/t20260324_89900333.html,guizhou_2025_历史类_score_rank.pdf,pdf_table
2025,贵州,历史类,34,34,7,88503,98.242,88497,88503,贵州省招生考试院,https://zsksy.guizhou.gov.cn/zlxz/202603/P020250625419082410128.pdf,https://zsksy.guizhou.gov.cn/zlxz/202603/t20260324_89900333.html,guizhou_2025_历史类_score_rank.pdf,pdf_table
2025,贵州,历史类,33,33,1,88504,98.243,88504,88504,贵州省招生考试院,https://zsksy.guizhou.gov.cn/zlxz/202603/P020250625419082410128.pdf,https://zsksy.guizhou.gov.cn/zlxz/202603/t20260324_89900333.html,guizhou_2025_历史类_score_rank.pdf,pdf_table
2025,贵州,历史类,32,32,5,88509,98.248,88505,88509,贵州省招生考试院,https://zsksy.guizhou.gov.cn/zlxz/202603/P020250625419082410128.pdf,https://zsksy.guizhou.gov.cn/zlxz/202603/t20260324_89900333.html,guizhou_2025_历史类_score_rank.pdf,pdf_table
2025,贵州,历史类,31,31,5,88514,98.254,88510,88514,贵州省招生考试院,https://zsksy.guizhou.gov.cn/zlxz/202603/P020250625419082410128.pdf,https://zsksy.guizhou.gov.cn/zlxz/202603/t20260324_89900333.html,guizhou_2025_历史类_score_rank.pdf,pdf_table
2025,贵州,历史类,30,30,11,88525,98.266,88515,88525,贵州省招生考试院,https://zsksy.guizhou.gov.cn/zlxz/202603/P020250625419082410128.pdf,https://zsksy.guizhou.gov.cn/zlxz/202603/t20260324_89900333.html,guizhou_2025_历史类_score_rank.pdf,pdf_table
2025,贵州,历史类,29,29,11,88536,98.278,88526,88536,贵州省招生考试院,https://zsksy.guizhou.gov.cn/zlxz/202603/P020250625419082410128.pdf,https://zsksy.guizhou.gov.cn/zlxz/202603/t20260324_89900333.html,guizhou_2025_历史类_score_rank.pdf,pdf_table
2025,贵州,历史类,28,28,10,88546,98.289,88537,88546,贵州省招生考试院,https://zsksy.guizhou.gov.cn/zlxz/202603/P020250625419082410128.pdf,https://zsksy.guizhou.gov.cn/zlxz/202603/t20260324_89900333.html,guizhou_2025_历史类_score_rank.pdf,pdf_table
2025,贵州,历史类,27,27,15,88561,98.306,88547,88561,贵州省招生考试院,https://zsksy.guizhou.gov.cn/zlxz/202603/P020250625419082410128.pdf,https://zsksy.guizhou.gov.cn/zlxz/202603/t20260324_89900333.html,guizhou_2025_历史类_score_rank.pdf,pdf_table
2025,贵州,历史类,26,26,18,88579,98.326,88562,88579,贵州省招生考试院,https://zsksy.guizhou.gov.cn/zlxz/202603/P020250625419082410128.pdf,https://zsksy.guizhou.gov.cn/zlxz/202603/t20260324_89900333.html,guizhou_2025_历史类_score_rank.pdf,pdf_table
2025,贵州,历史类,25,25,26,88605,98.355,88580,88605,贵州省招生考试院,https://zsksy.guizhou.gov.cn/zlxz/202603/P020250625419082410128.pdf,https://zsksy.guizhou.gov.cn/zlxz/202603/t20260324_89900333.html,guizhou_2025_历史类_score_rank.pdf,pdf_table
2025,贵州,历史类,24,24,19,88624,98.376,88606,88624,贵州省招生考试院,https://zsksy.guizhou.gov.cn/zlxz/202603/P020250625419082410128.pdf,https://zsksy.guizhou.gov.cn/zlxz/202603/t20260324_89900333.html,guizhou_2025_历史类_score_rank.pdf,pdf_table
2025,贵州,历史类,23,23,33,88657,98.413,88625,88657,贵州省招生考试院,https://zsksy.guizhou.gov.cn/zlxz/202603/P020250625419082410128.pdf,https://zsksy.guizhou.gov.cn/zlxz/202603/t20260324_89900333.html,guizhou_2025_历史类_score_rank.pdf,pdf_table
2025,贵州,历史类,22,22,27,88684,98.443,88658,88684,贵州省招生考试院,https://zsksy.guizhou.gov.cn/zlxz/202603/P020250625419082410128.pdf,https://zsksy.guizhou.gov.cn/zlxz/202603/t20260324_89900333.html,guizhou_2025_历史类_score_rank.pdf,pdf_table
2025,贵州,历史类,21,21,26,88710,98.471,88685,88710,贵州省招生考试院,https://zsksy.guizhou.gov.cn/zlxz/202603/P020250625419082410128.pdf,https://zsksy.guizhou.gov.cn/zlxz/202603/t20260324_89900333.html,guizhou_2025_历史类_score_rank.pdf,pdf_table
2025,贵州,历史类,20,20,46,88756,98.523,88711,88756,贵州省招生考试院,https://zsksy.guizhou.gov.cn/zlxz/202603/P020250625419082410128.pdf,https://zsksy.guizhou.gov.cn/zlxz/202603/t20260324_89900333.html,guizhou_2025_历史类_score_rank.pdf,pdf_table
2025,贵州,历史类,19,19,30,88786,98.556,88757,88786,贵州省招生考试院,https://zsksy.guizhou.gov.cn/zlxz/202603/P020250625419082410128.pdf,https://zsksy.guizhou.gov.cn/zlxz/202603/t20260324_89900333.html,guizhou_2025_历史类_score_rank.pdf,pdf_table
2025,贵州,历史类,18,18,43,88829,98.604,88787,88829,贵州省招生考试院,https://zsksy.guizhou.gov.cn/zlxz/202603/P020250625419082410128.pdf,https://zsksy.guizhou.gov.cn/zlxz/202603/t20260324_89900333.html,guizhou_2025_历史类_score_rank.pdf,pdf_table
2025,贵州,历史类,17,17,78,88907,98.69,88830,88907,贵州省招生考试院,https://zsksy.guizhou.gov.cn/zlxz/202603/P020250625419082410128.pdf,https://zsksy.guizhou.gov.cn/zlxz/202603/t20260324_89900333.html,guizhou_2025_历史类_score_rank.pdf,pdf_table
2025,贵州,历史类,16,16,32,88939,98.726,88908,88939,贵州省招生考试院,https://zsksy.guizhou.gov.cn/zlxz/202603/P020250625419082410128.pdf,https://zsksy.guizhou.gov.cn/zlxz/202603/t20260324_89900333.html,guizhou_2025_历史类_score_rank.pdf,pdf_table
2025,贵州,历史类,15,15,59,88998,98.791,88940,88998,贵州省招生考试院,https://zsksy.guizhou.gov.cn/zlxz/202603/P020250625419082410128.pdf,https://zsksy.guizhou.gov.cn/zlxz/202603/t20260324_89900333.html,guizhou_2025_历史类_score_rank.pdf,pdf_table
2025,贵州,历史类,14,14,71,89069,98.87,88999,89069,贵州省招生考试院,https://zsksy.guizhou.gov.cn/zlxz/202603/P020250625419082410128.pdf,https://zsksy.guizhou.gov.cn/zlxz/202603/t20260324_89900333.html,guizhou_2025_历史类_score_rank.pdf,pdf_table
2025,贵州,历史类,13,13,12,89081,98.883,89070,89081,贵州省招生考试院,https://zsksy.guizhou.gov.cn/zlxz/202603/P020250625419082410128.pdf,https://zsksy.guizhou.gov.cn/zlxz/202603/t20260324_89900333.html,guizhou_2025_历史类_score_rank.pdf,pdf_table
2025,贵州,历史类,12,12,60,89141,98.95,89082,89141,贵州省招生考试院,https://zsksy.guizhou.gov.cn/zlxz/202603/P020250625419082410128.pdf,https://zsksy.guizhou.gov.cn/zlxz/202603/t20260324_89900333.html,guizhou_2025_历史类_score_rank.pdf,pdf_table
2025,贵州,历史类,11,11,79,89220,99.038,89142,89220,贵州省招生考试院,https://zsksy.guizhou.gov.cn/zlxz/202603/P020250625419082410128.pdf,https://zsksy.guizhou.gov.cn/zlxz/202603/t20260324_89900333.html,guizhou_2025_历史类_score_rank.pdf,pdf_table
2025,贵州,历史类,10,10,4,89224,99.042,89221,89224,贵州省招生考试院,https://zsksy.guizhou.gov.cn/zlxz/202603/P020250625419082410128.pdf,https://zsksy.guizhou.gov.cn/zlxz/202603/t20260324_89900333.html,guizhou_2025_历史类_score_rank.pdf,pdf_table
2025,贵州,历史类,9,9,49,89273,99.096,89225,89273,贵州省招生考试院,https://zsksy.guizhou.gov.cn/zlxz/202603/P020250625419082410128.pdf,https://zsksy.guizhou.gov.cn/zlxz/202603/t20260324_89900333.html,guizhou_2025_历史类_score_rank.pdf,pdf_table
2025,贵州,历史类,8,8,22,89295,99.121,89274,89295,贵州省招生考试院,https://zsksy.guizhou.gov.cn/zlxz/202603/P020250625419082410128.pdf,https://zsksy.guizhou.gov.cn/zlxz/202603/t20260324_89900333.html,guizhou_2025_历史类_score_rank.pdf,pdf_table
2025,贵州,历史类,7,7,1,89296,99.122,89296,89296,贵州省招生考试院,https://zsksy.guizhou.gov.cn/zlxz/202603/P020250625419082410128.pdf,https://zsksy.guizhou.gov.cn/zlxz/202603/t20260324_89900333.html,guizhou_2025_历史类_score_rank.pdf,pdf_table
2025,贵州,历史类,6,6,13,89309,99.136,89297,89309,贵州省招生考试院,https://zsksy.guizhou.gov.cn/zlxz/202603/P020250625419082410128.pdf,https://zsksy.guizhou.gov.cn/zlxz/202603/t20260324_89900333.html,guizhou_2025_历史类_score_rank.pdf,pdf_table
2025,贵州,历史类,5,5,3,89312,99.14,89310,89312,贵州省招生考试院,https://zsksy.guizhou.gov.cn/zlxz/202603/P020250625419082410128.pdf,https://zsksy.guizhou.gov.cn/zlxz/202603/t20260324_89900333.html,guizhou_2025_历史类_score_rank.pdf,pdf_table
2025,贵州,历史类,3,3,5,89317,99.145,89313,89317,贵州省招生考试院,https://zsksy.guizhou.gov.cn/zlxz/202603/P020250625419082410128.pdf,https://zsksy.guizhou.gov.cn/zlxz/202603/t20260324_89900333.html,guizhou_2025_历史类_score_rank.pdf,pdf_table
2025,贵州,历史类,2,2,1,89318,99.146,89318,89318,贵州省招生考试院,https://zsksy.guizhou.gov.cn/zlxz/202603/P020250625419082410128.pdf,https://zsksy.guizhou.gov.cn/zlxz/202603/t20260324_89900333.html,guizhou_2025_历史类_score_rank.pdf,pdf_table
2025,贵州,历史类,0,0,769,90087,100,89319,90087,贵州省招生考试院,https://zsksy.guizhou.gov.cn/zlxz/202603/P020250625419082410128.pdf,https://zsksy.guizhou.gov.cn/zlxz/202603/t20260324_89900333.html,guizhou_2025_历史类_score_rank.pdf,pdf_table
2024,贵州,物理类,686,686,55,55,0.026,1,55,贵州省招生考试院,https://zsksy.guizhou.gov.cn/zlxz/202603/P020240625688381550083.pdf,https://zsksy.guizhou.gov.cn/zlxz/202603/t20260324_89900474.html,guizhou_2024_物理类_score_rank.pdf,pdf_table
2024,贵州,物理类,685,685,7,62,0.029,56,62,贵州省招生考试院,https://zsksy.guizhou.gov.cn/zlxz/202603/P020240625688381550083.pdf,https://zsksy.guizhou.gov.cn/zlxz/202603/t20260324_89900474.html,guizhou_2024_物理类_score_rank.pdf,pdf_table
2024,贵州,物理类,684,684,10,72,0.034,63,72,贵州省招生考试院,https://zsksy.guizhou.gov.cn/zlxz/202603/P020240625688381550083.pdf,https://zsksy.guizhou.gov.cn/zlxz/202603/t20260324_89900474.html,guizhou_2024_物理类_score_rank.pdf,pdf_table
2024,贵州,物理类,683,683,14,86,0.04,73,86,贵州省招生考试院,https://zsksy.guizhou.gov.cn/zlxz/202603/P020240625688381550083.pdf,https://zsksy.guizhou.gov.cn/zlxz/202603/t20260324_89900474.html,guizhou_2024_物理类_score_rank.pdf,pdf_table
2024,贵州,物理类,682,682,16,102,0.048,87,102,贵州省招生考试院,https://zsksy.guizhou.gov.cn/zlxz/202603/P020240625688381550083.pdf,https://zsksy.guizhou.gov.cn/zlxz/202603/t20260324_89900474.html,guizhou_2024_物理类_score_rank.pdf,pdf_table
2024,贵州,物理类,681,681,9,111,0.052,103,111,贵州省招生考试院,https://zsksy.guizhou.gov.cn/zlxz/202603/P020240625688381550083.pdf,https://zsksy.guizhou.gov.cn/zlxz/202603/t20260324_89900474.html,guizhou_2024_物理类_score_rank.pdf,pdf_table
2024,贵州,物理类,680,680,8,119,0.055,112,119,贵州省招生考试院,https://zsksy.guizhou.gov.cn/zlxz/202603/P020240625688381550083.pdf,https://zsksy.guizhou.gov.cn/zlxz/202603/t20260324_89900474.html,guizhou_2024_物理类_score_rank.pdf,pdf_table
2024,贵州,物理类,679,679,13,132,0.062,120,132,贵州省招生考试院,https://zsksy.guizhou.gov.cn/zlxz/202603/P020240625688381550083.pdf,https://zsksy.guizhou.gov.cn/zlxz/202603/t20260324_89900474.html,guizhou_2024_物理类_score_rank.pdf,pdf_table
2024,贵州,物理类,678,678,22,154,0.072,133,154,贵州省招生考试院,https://zsksy.guizhou.gov.cn/zlxz/202603/P020240625688381550083.pdf,https://zsksy.guizhou.gov.cn/zlxz/202603/t20260324_89900474.html,guizhou_2024_物理类_score_rank.pdf,pdf_table
2024,贵州,物理类,677,677,19,173,0.081,155,173,贵州省招生考试院,https://zsksy.guizhou.gov.cn/zlxz/202603/P020240625688381550083.pdf,https://zsksy.guizhou.gov.cn/zlxz/202603/t20260324_89900474.html,guizhou_2024_物理类_score_rank.pdf,pdf_table
2024,贵州,物理类,676,676,25,198,0.092,174,198,贵州省招生考试院,https://zsksy.guizhou.gov.cn/zlxz/202603/P020240625688381550083.pdf,https://zsksy.guizhou.gov.cn/zlxz/202603/t20260324_89900474.html,guizhou_2024_物理类_score_rank.pdf,pdf_table
2024,贵州,物理类,675,675,21,219,0.102,199,219,贵州省招生考试院,https://zsksy.guizhou.gov.cn/zlxz/202603/P020240625688381550083.pdf,https://zsksy.guizhou.gov.cn/zlxz/202603/t20260324_89900474.html,guizhou_2024_物理类_score_rank.pdf,pdf_table
2024,贵州,物理类,674,674,24,243,0.113,220,243,贵州省招生考试院,https://zsksy.guizhou.gov.cn/zlxz/202603/P020240625688381550083.pdf,https://zsksy.guizhou.gov.cn/zlxz/202603/t20260324_89900474.html,guizhou_2024_物理类_score_rank.pdf,pdf_table
2024,贵州,物理类,673,673,28,271,0.126,244,271,贵州省招生考试院,https://zsksy.guizhou.gov.cn/zlxz/202603/P020240625688381550083.pdf,https://zsksy.guizhou.gov.cn/zlxz/202603/t20260324_89900474.html,guizhou_2024_物理类_score_rank.pdf,pdf_table
2024,贵州,物理类,672,672,26,297,0.138,272,297,贵州省招生考试院,https://zsksy.guizhou.gov.cn/zlxz/202603/P020240625688381550083.pdf,https://zsksy.guizhou.gov.cn/zlxz/202603/t20260324_89900474.html,guizhou_2024_物理类_score_rank.pdf,pdf_table
2024,贵州,物理类,671,671,33,330,0.154,298,330,贵州省招生考试院,https://zsksy.guizhou.gov.cn/zlxz/202603/P020240625688381550083.pdf,https://zsksy.guizhou.gov.cn/zlxz/202603/t20260324_89900474.html,guizhou_2024_物理类_score_rank.pdf,pdf_table
2024,贵州,物理类,670,670,28,358,0.167,331,358,贵州省招生考试院,https://zsksy.guizhou.gov.cn/zlxz/202603/P020240625688381550083.pdf,https://zsksy.guizhou.gov.cn/zlxz/202603/t20260324_89900474.html,guizhou_2024_物理类_score_rank.pdf,pdf_table
2024,贵州,物理类,669,669,26,384,0.179,359,384,贵州省招生考试院,https://zsksy.guizhou.gov.cn/zlxz/202603/P020240625688381550083.pdf,https://zsksy.guizhou.gov.cn/zlxz/202603/t20260324_89900474.html,guizhou_2024_物理类_score_rank.pdf,pdf_table
2024,贵州,物理类,668,668,16,400,0.186,385,400,贵州省招生考试院,https://zsksy.guizhou.gov.cn/zlxz/202603/P020240625688381550083.pdf,https://zsksy.guizhou.gov.cn/zlxz/202603/t20260324_89900474.html,guizhou_2024_物理类_score_rank.pdf,pdf_table
2024,贵州,物理类,667,667,42,442,0.206,401,442,贵州省招生考试院,https://zsksy.guizhou.gov.cn/zlxz/202603/P020240625688381550083.pdf,https://zsksy.guizhou.gov.cn/zlxz/202603/t20260324_89900474.html,guizhou_2024_物理类_score_rank.pdf,pdf_table
2024,贵州,物理类,666,666,33,475,0.221,443,475,贵州省招生考试院,https://zsksy.guizhou.gov.cn/zlxz/202603/P020240625688381550083.pdf,https://zsksy.guizhou.gov.cn/zlxz/202603/t20260324_89900474.html,guizhou_2024_物理类_score_rank.pdf,pdf_table
2024,贵州,物理类,665,665,43,518,0.241,476,518,贵州省招生考试院,https://zsksy.guizhou.gov.cn/zlxz/202603/P020240625688381550083.pdf,https://zsksy.guizhou.gov.cn/zlxz/202603/t20260324_89900474.html,guizhou_2024_物理类_score_rank.pdf,pdf_table
2024,贵州,物理类,664,664,42,560,0.261,519,560,贵州省招生考试院,https://zsksy.guizhou.gov.cn/zlxz/202603/P020240625688381550083.pdf,https://zsksy.guizhou.gov.cn/zlxz/202603/t20260324_89900474.html,guizhou_2024_物理类_score_rank.pdf,pdf_table
2024,贵州,物理类,663,663,35,595,0.277,561,595,贵州省招生考试院,https://zsksy.guizhou.gov.cn/zlxz/202603/P020240625688381550083.pdf,https://zsksy.guizhou.gov.cn/zlxz/202603/t20260324_89900474.html,guizhou_2024_物理类_score_rank.pdf,pdf_table
2024,贵州,物理类,662,662,47,642,0.299,596,642,贵州省招生考试院,https://zsksy.guizhou.gov.cn/zlxz/202603/P020240625688381550083.pdf,https://zsksy.guizhou.gov.cn/zlxz/202603/t20260324_89900474.html,guizhou_2024_物理类_score_rank.pdf,pdf_table
2024,贵州,物理类,661,661,52,694,0.323,643,694,贵州省招生考试院,https://zsksy.guizhou.gov.cn/zlxz/202603/P020240625688381550083.pdf,https://zsksy.guizhou.gov.cn/zlxz/202603/t20260324_89900474.html,guizhou_2024_物理类_score_rank.pdf,pdf_table
2024,贵州,物理类,660,660,49,743,0.346,695,743,贵州省招生考试院,https://zsksy.guizhou.gov.cn/zlxz/202603/P020240625688381550083.pdf,https://zsksy.guizhou.gov.cn/zlxz/202603/t20260324_89900474.html,guizhou_2024_物理类_score_rank.pdf,pdf_table
2024,贵州,物理类,659,659,49,792,0.369,744,792,贵州省招生考试院,https://zsksy.guizhou.gov.cn/zlxz/202603/P020240625688381550083.pdf,https://zsksy.guizhou.gov.cn/zlxz/202603/t20260324_89900474.html,guizhou_2024_物理类_score_rank.pdf,pdf_table
2024,贵州,物理类,658,658,48,840,0.392,793,840,贵州省招生考试院,https://zsksy.guizhou.gov.cn/zlxz/202603/P020240625688381550083.pdf,https://zsksy.guizhou.gov.cn/zlxz/202603/t20260324_89900474.html,guizhou_2024_物理类_score_rank.pdf,pdf_table
2024,贵州,物理类,657,657,58,898,0.419,841,898,贵州省招生考试院,https://zsksy.guizhou.gov.cn/zlxz/202603/P020240625688381550083.pdf,https://zsksy.guizhou.gov.cn/zlxz/202603/t20260324_89900474.html,guizhou_2024_物理类_score_rank.pdf,pdf_table
2024,贵州,物理类,656,656,55,953,0.444,899,953,贵州省招生考试院,https://zsksy.guizhou.gov.cn/zlxz/202603/P020240625688381550083.pdf,https://zsksy.guizhou.gov.cn/zlxz/202603/t20260324_89900474.html,guizhou_2024_物理类_score_rank.pdf,pdf_table
2024,贵州,物理类,655,655,69,1022,0.476,954,1022,贵州省招生考试院,https://zsksy.guizhou.gov.cn/zlxz/202603/P020240625688381550083.pdf,https://zsksy.guizhou.gov.cn/zlxz/202603/t20260324_89900474.html,guizhou_2024_物理类_score_rank.pdf,pdf_table
2024,贵州,物理类,654,654,66,1088,0.507,1023,1088,贵州省招生考试院,https://zsksy.guizhou.gov.cn/zlxz/202603/P020240625688381550083.pdf,https://zsksy.guizhou.gov.cn/zlxz/202603/t20260324_89900474.html,guizhou_2024_物理类_score_rank.pdf,pdf_table
2024,贵州,物理类,653,653,69,1157,0.539,1089,1157,贵州省招生考试院,https://zsksy.guizhou.gov.cn/zlxz/202603/P020240625688381550083.pdf,https://zsksy.guizhou.gov.cn/zlxz/202603/t20260324_89900474.html,guizhou_2024_物理类_score_rank.pdf,pdf_table
2024,贵州,物理类,652,652,73,1230,0.573,1158,1230,贵州省招生考试院,https://zsksy.guizhou.gov.cn/zlxz/202603/P020240625688381550083.pdf,https://zsksy.guizhou.gov.cn/zlxz/202603/t20260324_89900474.html,guizhou_2024_物理类_score_rank.pdf,pdf_table
2024,贵州,物理类,651,651,49,1279,0.596,1231,1279,贵州省招生考试院,https://zsksy.guizhou.gov.cn/zlxz/202603/P020240625688381550083.pdf,https://zsksy.guizhou.gov.cn/zlxz/202603/t20260324_89900474.html,guizhou_2024_物理类_score_rank.pdf,pdf_table
2024,贵州,物理类,650,650,58,1337,0.623,1280,1337,贵州省招生考试院,https://zsksy.guizhou.gov.cn/zlxz/202603/P020240625688381550083.pdf,https://zsksy.guizhou.gov.cn/zlxz/202603/t20260324_89900474.html,guizhou_2024_物理类_score_rank.pdf,pdf_table
2024,贵州,物理类,649,649,61,1398,0.652,1338,1398,贵州省招生考试院,https://zsksy.guizhou.gov.cn/zlxz/202603/P020240625688381550083.pdf,https://zsksy.guizhou.gov.cn/zlxz/202603/t20260324_89900474.html,guizhou_2024_物理类_score_rank.pdf,pdf_table
2024,贵州,物理类,648,648,69,1467,0.684,1399,1467,贵州省招生考试院,https://zsksy.guizhou.gov.cn/zlxz/202603/P020240625688381550083.pdf,https://zsksy.guizhou.gov.cn/zlxz/202603/t20260324_89900474.html,guizhou_2024_物理类_score_rank.pdf,pdf_table
2024,贵州,物理类,647,647,86,1553,0.724,1468,1553,贵州省招生考试院,https://zsksy.guizhou.gov.cn/zlxz/202603/P020240625688381550083.pdf,https://zsksy.guizhou.gov.cn/zlxz/202603/t20260324_89900474.html,guizhou_2024_物理类_score_rank.pdf,pdf_table
2024,贵州,物理类,646,646,88,1641,0.765,1554,1641,贵州省招生考试院,https://zsksy.guizhou.gov.cn/zlxz/202603/P020240625688381550083.pdf,https://zsksy.guizhou.gov.cn/zlxz/202603/t20260324_89900474.html,guizhou_2024_物理类_score_rank.pdf,pdf_table
2024,贵州,物理类,645,645,84,1725,0.804,1642,1725,贵州省招生考试院,https://zsksy.guizhou.gov.cn/zlxz/202603/P020240625688381550083.pdf,https://zsksy.guizhou.gov.cn/zlxz/202603/t20260324_89900474.html,guizhou_2024_物理类_score_rank.pdf,pdf_table
2024,贵州,物理类,644,644,89,1814,0.846,1726,1814,贵州省招生考试院,https://zsksy.guizhou.gov.cn/zlxz/202603/P020240625688381550083.pdf,https://zsksy.guizhou.gov.cn/zlxz/202603/t20260324_89900474.html,guizhou_2024_物理类_score_rank.pdf,pdf_table
2024,贵州,物理类,643,643,94,1908,0.889,1815,1908,贵州省招生考试院,https://zsksy.guizhou.gov.cn/zlxz/202603/P020240625688381550083.pdf,https://zsksy.guizhou.gov.cn/zlxz/202603/t20260324_89900474.html,guizhou_2024_物理类_score_rank.pdf,pdf_table
2024,贵州,物理类,642,642,111,2019,0.941,1909,2019,贵州省招生考试院,https://zsksy.guizhou.gov.cn/zlxz/202603/P020240625688381550083.pdf,https://zsksy.guizhou.gov.cn/zlxz/202603/t20260324_89900474.html,guizhou_2024_物理类_score_rank.pdf,pdf_table
2024,贵州,物理类,641,641,117,2136,0.996,2020,2136,贵州省招生考试院,https://zsksy.guizhou.gov.cn/zlxz/202603/P020240625688381550083.pdf,https://zsksy.guizhou.gov.cn/zlxz/202603/t20260324_89900474.html,guizhou_2024_物理类_score_rank.pdf,pdf_table
2024,贵州,物理类,640,640,95,2231,1.04,2137,2231,贵州省招生考试院,https://zsksy.guizhou.gov.cn/zlxz/202603/P020240625688381550083.pdf,https://zsksy.guizhou.gov.cn/zlxz/202603/t20260324_89900474.html,guizhou_2024_物理类_score_rank.pdf,pdf_table
2024,贵州,物理类,639,639,95,2326,1.084,2232,2326,贵州省招生考试院,https://zsksy.guizhou.gov.cn/zlxz/202603/P020240625688381550083.pdf,https://zsksy.guizhou.gov.cn/zlxz/202603/t20260324_89900474.html,guizhou_2024_物理类_score_rank.pdf,pdf_table
2024,贵州,物理类,638,638,92,2418,1.127,2327,2418,贵州省招生考试院,https://zsksy.guizhou.gov.cn/zlxz/202603/P020240625688381550083.pdf,https://zsksy.guizhou.gov.cn/zlxz/202603/t20260324_89900474.html,guizhou_2024_物理类_score_rank.pdf,pdf_table
2024,贵州,物理类,637,637,96,2514,1.172,2419,2514,贵州省招生考试院,https://zsksy.guizhou.gov.cn/zlxz/202603/P020240625688381550083.pdf,https://zsksy.guizhou.gov.cn/zlxz/202603/t20260324_89900474.html,guizhou_2024_物理类_score_rank.pdf,pdf_table
2024,贵州,物理类,636,636,102,2616,1.219,2515,2616,贵州省招生考试院,https://zsksy.guizhou.gov.cn/zlxz/202603/P020240625688381550083.pdf,https://zsksy.guizhou.gov.cn/zlxz/202603/t20260324_89900474.html,guizhou_2024_物理类_score_rank.pdf,pdf_table
2024,贵州,物理类,635,635,106,2722,1.269,2617,2722,贵州省招生考试院,https://zsksy.guizhou.gov.cn/zlxz/202603/P020240625688381550083.pdf,https://zsksy.guizhou.gov.cn/zlxz/202603/t20260324_89900474.html,guizhou_2024_物理类_score_rank.pdf,pdf_table
2024,贵州,物理类,634,634,113,2835,1.321,2723,2835,贵州省招生考试院,https://zsksy.guizhou.gov.cn/zlxz/202603/P020240625688381550083.pdf,https://zsksy.guizhou.gov.cn/zlxz/202603/t20260324_89900474.html,guizhou_2024_物理类_score_rank.pdf,pdf_table
2024,贵州,物理类,633,633,133,2968,1.383,2836,2968,贵州省招生考试院,https://zsksy.guizhou.gov.cn/zlxz/202603/P020240625688381550083.pdf,https://zsksy.guizhou.gov.cn/zlxz/202603/t20260324_89900474.html,guizhou_2024_物理类_score_rank.pdf,pdf_table
2024,贵州,物理类,632,632,136,3104,1.447,2969,3104,贵州省招生考试院,https://zsksy.guizhou.gov.cn/zlxz/202603/P020240625688381550083.pdf,https://zsksy.guizhou.gov.cn/zlxz/202603/t20260324_89900474.html,guizhou_2024_物理类_score_rank.pdf,pdf_table
2024,贵州,物理类,631,631,127,3231,1.506,3105,3231,贵州省招生考试院,https://zsksy.guizhou.gov.cn/zlxz/202603/P020240625688381550083.pdf,https://zsksy.guizhou.gov.cn/zlxz/202603/t20260324_89900474.html,guizhou_2024_物理类_score_rank.pdf,pdf_table
2024,贵州,物理类,630,630,127,3358,1.565,3232,3358,贵州省招生考试院,https://zsksy.guizhou.gov.cn/zlxz/202603/P020240625688381550083.pdf,https://zsksy.guizhou.gov.cn/zlxz/202603/t20260324_89900474.html,guizhou_2024_物理类_score_rank.pdf,pdf_table
2024,贵州,物理类,629,629,140,3498,1.631,3359,3498,贵州省招生考试院,https://zsksy.guizhou.gov.cn/zlxz/202603/P020240625688381550083.pdf,https://zsksy.guizhou.gov.cn/zlxz/202603/t20260324_89900474.html,guizhou_2024_物理类_score_rank.pdf,pdf_table
2024,贵州,物理类,628,628,123,3621,1.688,3499,3621,贵州省招生考试院,https://zsksy.guizhou.gov.cn/zlxz/202603/P020240625688381550083.pdf,https://zsksy.guizhou.gov.cn/zlxz/202603/t20260324_89900474.html,guizhou_2024_物理类_score_rank.pdf,pdf_table
2024,贵州,物理类,627,627,127,3748,1.747,3622,3748,贵州省招生考试院,https://zsksy.guizhou.gov.cn/zlxz/202603/P020240625688381550083.pdf,https://zsksy.guizhou.gov.cn/zlxz/202603/t20260324_89900474.html,guizhou_2024_物理类_score_rank.pdf,pdf_table
2024,贵州,物理类,626,626,142,3890,1.813,3749,3890,贵州省招生考试院,https://zsksy.guizhou.gov.cn/zlxz/202603/P020240625688381550083.pdf,https://zsksy.guizhou.gov.cn/zlxz/202603/t20260324_89900474.html,guizhou_2024_物理类_score_rank.pdf,pdf_table
2024,贵州,物理类,625,625,151,4041,1.884,3891,4041,贵州省招生考试院,https://zsksy.guizhou.gov.cn/zlxz/202603/P020240625688381550083.pdf,https://zsksy.guizhou.gov.cn/zlxz/202603/t20260324_89900474.html,guizhou_2024_物理类_score_rank.pdf,pdf_table
2024,贵州,物理类,624,624,166,4207,1.961,4042,4207,贵州省招生考试院,https://zsksy.guizhou.gov.cn/zlxz/202603/P020240625688381550083.pdf,https://zsksy.guizhou.gov.cn/zlxz/202603/t20260324_89900474.html,guizhou_2024_物理类_score_rank.pdf,pdf_table
2024,贵州,物理类,623,623,141,4348,2.027,4208,4348,贵州省招生考试院,https://zsksy.guizhou.gov.cn/zlxz/202603/P020240625688381550083.pdf,https://zsksy.guizhou.gov.cn/zlxz/202603/t20260324_89900474.html,guizhou_2024_物理类_score_rank.pdf,pdf_table
2024,贵州,物理类,622,622,156,4504,2.099,4349,4504,贵州省招生考试院,https://zsksy.guizhou.gov.cn/zlxz/202603/P020240625688381550083.pdf,https://zsksy.guizhou.gov.cn/zlxz/202603/t20260324_89900474.html,guizhou_2024_物理类_score_rank.pdf,pdf_table
2024,贵州,物理类,621,621,166,4670,2.177,4505,4670,贵州省招生考试院,https://zsksy.guizhou.gov.cn/zlxz/202603/P020240625688381550083.pdf,https://zsksy.guizhou.gov.cn/zlxz/202603/t20260324_89900474.html,guizhou_2024_物理类_score_rank.pdf,pdf_table
2024,贵州,物理类,620,620,193,4863,2.267,4671,4863,贵州省招生考试院,https://zsksy.guizhou.gov.cn/zlxz/202603/P020240625688381550083.pdf,https://zsksy.guizhou.gov.cn/zlxz/202603/t20260324_89900474.html,guizhou_2024_物理类_score_rank.pdf,pdf_table
2024,贵州,物理类,619,619,170,5033,2.346,4864,5033,贵州省招生考试院,https://zsksy.guizhou.gov.cn/zlxz/202603/P020240625688381550083.pdf,https://zsksy.guizhou.gov.cn/zlxz/202603/t20260324_89900474.html,guizhou_2024_物理类_score_rank.pdf,pdf_table
2024,贵州,物理类,618,618,174,5207,2.427,5034,5207,贵州省招生考试院,https://zsksy.guizhou.gov.cn/zlxz/202603/P020240625688381550083.pdf,https://zsksy.guizhou.gov.cn/zlxz/202603/t20260324_89900474.html,guizhou_2024_物理类_score_rank.pdf,pdf_table
2024,贵州,物理类,617,617,168,5375,2.505,5208,5375,贵州省招生考试院,https://zsksy.guizhou.gov.cn/zlxz/202603/P020240625688381550083.pdf,https://zsksy.guizhou.gov.cn/zlxz/202603/t20260324_89900474.html,guizhou_2024_物理类_score_rank.pdf,pdf_table
2024,贵州,物理类,616,616,163,5538,2.581,5376,5538,贵州省招生考试院,https://zsksy.guizhou.gov.cn/zlxz/202603/P020240625688381550083.pdf,https://zsksy.guizhou.gov.cn/zlxz/202603/t20260324_89900474.html,guizhou_2024_物理类_score_rank.pdf,pdf_table
2024,贵州,物理类,615,615,189,5727,2.67,5539,5727,贵州省招生考试院,https://zsksy.guizhou.gov.cn/zlxz/202603/P020240625688381550083.pdf,https://zsksy.guizhou.gov.cn/zlxz/202603/t20260324_89900474.html,guizhou_2024_物理类_score_rank.pdf,pdf_table
2024,贵州,物理类,614,614,157,5884,2.743,5728,5884,贵州省招生考试院,https://zsksy.guizhou.gov.cn/zlxz/202603/P020240625688381550083.pdf,https://zsksy.guizhou.gov.cn/zlxz/202603/t20260324_89900474.html,guizhou_2024_物理类_score_rank.pdf,pdf_table
2024,贵州,物理类,613,613,165,6049,2.82,5885,6049,贵州省招生考试院,https://zsksy.guizhou.gov.cn/zlxz/202603/P020240625688381550083.pdf,https://zsksy.guizhou.gov.cn/zlxz/202603/t20260324_89900474.html,guizhou_2024_物理类_score_rank.pdf,pdf_table
2024,贵州,物理类,612,612,179,6228,2.903,6050,6228,贵州省招生考试院,https://zsksy.guizhou.gov.cn/zlxz/202603/P020240625688381550083.pdf,https://zsksy.guizhou.gov.cn/zlxz/202603/t20260324_89900474.html,guizhou_2024_物理类_score_rank.pdf,pdf_table
2024,贵州,物理类,611,611,184,6412,2.989,6229,6412,贵州省招生考试院,https://zsksy.guizhou.gov.cn/zlxz/202603/P020240625688381550083.pdf,https://zsksy.guizhou.gov.cn/zlxz/202603/t20260324_89900474.html,guizhou_2024_物理类_score_rank.pdf,pdf_table
2024,贵州,物理类,610,610,214,6626,3.089,6413,6626,贵州省招生考试院,https://zsksy.guizhou.gov.cn/zlxz/202603/P020240625688381550083.pdf,https://zsksy.guizhou.gov.cn/zlxz/202603/t20260324_89900474.html,guizhou_2024_物理类_score_rank.pdf,pdf_table
2024,贵州,物理类,609,609,198,6824,3.181,6627,6824,贵州省招生考试院,https://zsksy.guizhou.gov.cn/zlxz/202603/P020240625688381550083.pdf,https://zsksy.guizhou.gov.cn/zlxz/202603/t20260324_89900474.html,guizhou_2024_物理类_score_rank.pdf,pdf_table
2024,贵州,物理类,608,608,209,7033,3.278,6825,7033,贵州省招生考试院,https://zsksy.guizhou.gov.cn/zlxz/202603/P020240625688381550083.pdf,https://zsksy.guizhou.gov.cn/zlxz/202603/t20260324_89900474.html,guizhou_2024_物理类_score_rank.pdf,pdf_table
2024,贵州,物理类,607,607,216,7249,3.379,7034,7249,贵州省招生考试院,https://zsksy.guizhou.gov.cn/zlxz/202603/P020240625688381550083.pdf,https://zsksy.guizhou.gov.cn/zlxz/202603/t20260324_89900474.html,guizhou_2024_物理类_score_rank.pdf,pdf_table
2024,贵州,物理类,606,606,213,7462,3.478,7250,7462,贵州省招生考试院,https://zsksy.guizhou.gov.cn/zlxz/202603/P020240625688381550083.pdf,https://zsksy.guizhou.gov.cn/zlxz/202603/t20260324_89900474.html,guizhou_2024_物理类_score_rank.pdf,pdf_table
2024,贵州,物理类,605,605,234,7696,3.587,7463,7696,贵州省招生考试院,https://zsksy.guizhou.gov.cn/zlxz/202603/P020240625688381550083.pdf,https://zsksy.guizhou.gov.cn/zlxz/202603/t20260324_89900474.html,guizhou_2024_物理类_score_rank.pdf,pdf_table
2024,贵州,物理类,604,604,215,7911,3.688,7697,7911,贵州省招生考试院,https://zsksy.guizhou.gov.cn/zlxz/202603/P020240625688381550083.pdf,https://zsksy.guizhou.gov.cn/zlxz/202603/t20260324_89900474.html,guizhou_2024_物理类_score_rank.pdf,pdf_table
2024,贵州,物理类,603,603,217,8128,3.789,7912,8128,贵州省招生考试院,https://zsksy.guizhou.gov.cn/zlxz/202603/P020240625688381550083.pdf,https://zsksy.guizhou.gov.cn/zlxz/202603/t20260324_89900474.html,guizhou_2024_物理类_score_rank.pdf,pdf_table
2024,贵州,物理类,602,602,233,8361,3.897,8129,8361,贵州省招生考试院,https://zsksy.guizhou.gov.cn/zlxz/202603/P020240625688381550083.pdf,https://zsksy.guizhou.gov.cn/zlxz/202603/t20260324_89900474.html,guizhou_2024_物理类_score_rank.pdf,pdf_table
2024,贵州,物理类,601,601,213,8574,3.997,8362,8574,贵州省招生考试院,https://zsksy.guizhou.gov.cn/zlxz/202603/P020240625688381550083.pdf,https://zsksy.guizhou.gov.cn/zlxz/202603/t20260324_89900474.html,guizhou_2024_物理类_score_rank.pdf,pdf_table
2024,贵州,物理类,600,600,250,8824,4.113,8575,8824,贵州省招生考试院,https://zsksy.guizhou.gov.cn/zlxz/202603/P020240625688381550083.pdf,https://zsksy.guizhou.gov.cn/zlxz/202603/t20260324_89900474.html,guizhou_2024_物理类_score_rank.pdf,pdf_table
2024,贵州,物理类,599,599,229,9053,4.22,8825,9053,贵州省招生考试院,https://zsksy.guizhou.gov.cn/zlxz/202603/P020240625688381550083.pdf,https://zsksy.guizhou.gov.cn/zlxz/202603/t20260324_89900474.html,guizhou_2024_物理类_score_rank.pdf,pdf_table
2024,贵州,物理类,598,598,246,9299,4.335,9054,9299,贵州省招生考试院,https://zsksy.guizhou.gov.cn/zlxz/202603/P020240625688381550083.pdf,https://zsksy.guizhou.gov.cn/zlxz/202603/t20260324_89900474.html,guizhou_2024_物理类_score_rank.pdf,pdf_table
2024,贵州,物理类,597,597,227,9526,4.44,9300,9526,贵州省招生考试院,https://zsksy.guizhou.gov.cn/zlxz/202603/P020240625688381550083.pdf,https://zsksy.guizhou.gov.cn/zlxz/202603/t20260324_89900474.html,guizhou_2024_物理类_score_rank.pdf,pdf_table
2024,贵州,物理类,596,596,252,9778,4.558,9527,9778,贵州省招生考试院,https://zsksy.guizhou.gov.cn/zlxz/202603/P020240625688381550083.pdf,https://zsksy.guizhou.gov.cn/zlxz/202603/t20260324_89900474.html,guizhou_2024_物理类_score_rank.pdf,pdf_table
2024,贵州,物理类,595,595,280,10058,4.688,9779,10058,贵州省招生考试院,https://zsksy.guizhou.gov.cn/zlxz/202603/P020240625688381550083.pdf,https://zsksy.guizhou.gov.cn/zlxz/202603/t20260324_89900474.html,guizhou_2024_物理类_score_rank.pdf,pdf_table
2024,贵州,物理类,594,594,265,10323,4.812,10059,10323,贵州省招生考试院,https://zsksy.guizhou.gov.cn/zlxz/202603/P020240625688381550083.pdf,https://zsksy.guizhou.gov.cn/zlxz/202603/t20260324_89900474.html,guizhou_2024_物理类_score_rank.pdf,pdf_table
2024,贵州,物理类,593,593,279,10602,4.942,10324,10602,贵州省招生考试院,https://zsksy.guizhou.gov.cn/zlxz/202603/P020240625688381550083.pdf,https://zsksy.guizhou.gov.cn/zlxz/202603/t20260324_89900474.html,guizhou_2024_物理类_score_rank.pdf,pdf_table
2024,贵州,物理类,592,592,268,10870,5.067,10603,10870,贵州省招生考试院,https://zsksy.guizhou.gov.cn/zlxz/202603/P020240625688381550083.pdf,https://zsksy.guizhou.gov.cn/zlxz/202603/t20260324_89900474.html,guizhou_2024_物理类_score_rank.pdf,pdf_table
2024,贵州,物理类,591,591,274,11144,5.195,10871,11144,贵州省招生考试院,https://zsksy.guizhou.gov.cn/zlxz/202603/P020240625688381550083.pdf,https://zsksy.guizhou.gov.cn/zlxz/202603/t20260324_89900474.html,guizhou_2024_物理类_score_rank.pdf,pdf_table
2024,贵州,物理类,590,590,256,11400,5.314,11145,11400,贵州省招生考试院,https://zsksy.guizhou.gov.cn/zlxz/202603/P020240625688381550083.pdf,https://zsksy.guizhou.gov.cn/zlxz/202603/t20260324_89900474.html,guizhou_2024_物理类_score_rank.pdf,pdf_table
2024,贵州,物理类,589,589,266,11666,5.438,11401,11666,贵州省招生考试院,https://zsksy.guizhou.gov.cn/zlxz/202603/P020240625688381550083.pdf,https://zsksy.guizhou.gov.cn/zlxz/202603/t20260324_89900474.html,guizhou_2024_物理类_score_rank.pdf,pdf_table
2024,贵州,物理类,588,588,262,11928,5.56,11667,11928,贵州省招生考试院,https://zsksy.guizhou.gov.cn/zlxz/202603/P020240625688381550083.pdf,https://zsksy.guizhou.gov.cn/zlxz/202603/t20260324_89900474.html,guizhou_2024_物理类_score_rank.pdf,pdf_table
2024,贵州,物理类,587,587,286,12214,5.693,11929,12214,贵州省招生考试院,https://zsksy.guizhou.gov.cn/zlxz/202603/P020240625688381550083.pdf,https://zsksy.guizhou.gov.cn/zlxz/202603/t20260324_89900474.html,guizhou_2024_物理类_score_rank.pdf,pdf_table
2024,贵州,物理类,586,586,289,12503,5.828,12215,12503,贵州省招生考试院,https://zsksy.guizhou.gov.cn/zlxz/202603/P020240625688381550083.pdf,https://zsksy.guizhou.gov.cn/zlxz/202603/t20260324_89900474.html,guizhou_2024_物理类_score_rank.pdf,pdf_table
2024,贵州,物理类,585,585,282,12785,5.959,12504,12785,贵州省招生考试院,https://zsksy.guizhou.gov.cn/zlxz/202603/P020240625688381550083.pdf,https://zsksy.guizhou.gov.cn/zlxz/202603/t20260324_89900474.html,guizhou_2024_物理类_score_rank.pdf,pdf_table
2024,贵州,物理类,584,584,318,13103,6.108,12786,13103,贵州省招生考试院,https://zsksy.guizhou.gov.cn/zlxz/202603/P020240625688381550083.pdf,https://zsksy.guizhou.gov.cn/zlxz/202603/t20260324_89900474.html,guizhou_2024_物理类_score_rank.pdf,pdf_table
2024,贵州,物理类,583,583,294,13397,6.245,13104,13397,贵州省招生考试院,https://zsksy.guizhou.gov.cn/zlxz/202603/P020240625688381550083.pdf,https://zsksy.guizhou.gov.cn/zlxz/202603/t20260324_89900474.html,guizhou_2024_物理类_score_rank.pdf,pdf_table
2024,贵州,物理类,582,582,286,13683,6.378,13398,13683,贵州省招生考试院,https://zsksy.guizhou.gov.cn/zlxz/202603/P020240625688381550083.pdf,https://zsksy.guizhou.gov.cn/zlxz/202603/t20260324_89900474.html,guizhou_2024_物理类_score_rank.pdf,pdf_table
2024,贵州,物理类,581,581,287,13970,6.512,13684,13970,贵州省招生考试院,https://zsksy.guizhou.gov.cn/zlxz/202603/P020240625688381550083.pdf,https://zsksy.guizhou.gov.cn/zlxz/202603/t20260324_89900474.html,guizhou_2024_物理类_score_rank.pdf,pdf_table
2024,贵州,物理类,580,580,285,14255,6.645,13971,14255,贵州省招生考试院,https://zsksy.guizhou.gov.cn/zlxz/202603/P020240625688381550083.pdf,https://zsksy.guizhou.gov.cn/zlxz/202603/t20260324_89900474.html,guizhou_2024_物理类_score_rank.pdf,pdf_table
2024,贵州,物理类,579,579,299,14554,6.784,14256,14554,贵州省招生考试院,https://zsksy.guizhou.gov.cn/zlxz/202603/P020240625688381550083.pdf,https://zsksy.guizhou.gov.cn/zlxz/202603/t20260324_89900474.html,guizhou_2024_物理类_score_rank.pdf,pdf_table
2024,贵州,物理类,578,578,306,14860,6.927,14555,14860,贵州省招生考试院,https://zsksy.guizhou.gov.cn/zlxz/202603/P020240625688381550083.pdf,https://zsksy.guizhou.gov.cn/zlxz/202603/t20260324_89900474.html,guizhou_2024_物理类_score_rank.pdf,pdf_table
2024,贵州,物理类,577,577,330,15190,7.08,14861,15190,贵州省招生考试院,https://zsksy.guizhou.gov.cn/zlxz/202603/P020240625688381550083.pdf,https://zsksy.guizhou.gov.cn/zlxz/202603/t20260324_89900474.html,guizhou_2024_物理类_score_rank.pdf,pdf_table
2024,贵州,物理类,576,576,284,15474,7.213,15191,15474,贵州省招生考试院,https://zsksy.guizhou.gov.cn/zlxz/202603/P020240625688381550083.pdf,https://zsksy.guizhou.gov.cn/zlxz/202603/t20260324_89900474.html,guizhou_2024_物理类_score_rank.pdf,pdf_table
2024,贵州,物理类,575,575,302,15776,7.354,15475,15776,贵州省招生考试院,https://zsksy.guizhou.gov.cn/zlxz/202603/P020240625688381550083.pdf,https://zsksy.guizhou.gov.cn/zlxz/202603/t20260324_89900474.html,guizhou_2024_物理类_score_rank.pdf,pdf_table
2024,贵州,物理类,574,574,312,16088,7.499,15777,16088,贵州省招生考试院,https://zsksy.guizhou.gov.cn/zlxz/202603/P020240625688381550083.pdf,https://zsksy.guizhou.gov.cn/zlxz/202603/t20260324_89900474.html,guizhou_2024_物理类_score_rank.pdf,pdf_table
2024,贵州,物理类,573,573,313,16401,7.645,16089,16401,贵州省招生考试院,https://zsksy.guizhou.gov.cn/zlxz/202603/P020240625688381550083.pdf,https://zsksy.guizhou.gov.cn/zlxz/202603/t20260324_89900474.html,guizhou_2024_物理类_score_rank.pdf,pdf_table
2024,贵州,物理类,572,572,303,16704,7.786,16402,16704,贵州省招生考试院,https://zsksy.guizhou.gov.cn/zlxz/202603/P020240625688381550083.pdf,https://zsksy.guizhou.gov.cn/zlxz/202603/t20260324_89900474.html,guizhou_2024_物理类_score_rank.pdf,pdf_table
2024,贵州,物理类,571,571,338,17042,7.944,16705,17042,贵州省招生考试院,https://zsksy.guizhou.gov.cn/zlxz/202603/P020240625688381550083.pdf,https://zsksy.guizhou.gov.cn/zlxz/202603/t20260324_89900474.html,guizhou_2024_物理类_score_rank.pdf,pdf_table
2024,贵州,物理类,570,570,382,17424,8.122,17043,17424,贵州省招生考试院,https://zsksy.guizhou.gov.cn/zlxz/202603/P020240625688381550083.pdf,https://zsksy.guizhou.gov.cn/zlxz/202603/t20260324_89900474.html,guizhou_2024_物理类_score_rank.pdf,pdf_table
2024,贵州,物理类,569,569,321,17745,8.271,17425,17745,贵州省招生考试院,https://zsksy.guizhou.gov.cn/zlxz/202603/P020240625688381550083.pdf,https://zsksy.guizhou.gov.cn/zlxz/202603/t20260324_89900474.html,guizhou_2024_物理类_score_rank.pdf,pdf_table
2024,贵州,物理类,568,568,330,18075,8.425,17746,18075,贵州省招生考试院,https://zsksy.guizhou.gov.cn/zlxz/202603/P020240625688381550083.pdf,https://zsksy.guizhou.gov.cn/zlxz/202603/t20260324_89900474.html,guizhou_2024_物理类_score_rank.pdf,pdf_table
2024,贵州,物理类,567,567,371,18446,8.598,18076,18446,贵州省招生考试院,https://zsksy.guizhou.gov.cn/zlxz/202603/P020240625688381550083.pdf,https://zsksy.guizhou.gov.cn/zlxz/202603/t20260324_89900474.html,guizhou_2024_物理类_score_rank.pdf,pdf_table
2024,贵州,物理类,566,566,314,18760,8.745,18447,18760,贵州省招生考试院,https://zsksy.guizhou.gov.cn/zlxz/202603/P020240625688381550083.pdf,https://zsksy.guizhou.gov.cn/zlxz/202603/t20260324_89900474.html,guizhou_2024_物理类_score_rank.pdf,pdf_table
2024,贵州,物理类,565,565,306,19066,8.887,18761,19066,贵州省招生考试院,https://zsksy.guizhou.gov.cn/zlxz/202603/P020240625688381550083.pdf,https://zsksy.guizhou.gov.cn/zlxz/202603/t20260324_89900474.html,guizhou_2024_物理类_score_rank.pdf,pdf_table
2024,贵州,物理类,564,564,332,19398,9.042,19067,19398,贵州省招生考试院,https://zsksy.guizhou.gov.cn/zlxz/202603/P020240625688381550083.pdf,https://zsksy.guizhou.gov.cn/zlxz/202603/t20260324_89900474.html,guizhou_2024_物理类_score_rank.pdf,pdf_table
2024,贵州,物理类,563,563,429,19827,9.242,19399,19827,贵州省招生考试院,https://zsksy.guizhou.gov.cn/zlxz/202603/P020240625688381550083.pdf,https://zsksy.guizhou.gov.cn/zlxz/202603/t20260324_89900474.html,guizhou_2024_物理类_score_rank.pdf,pdf_table
2024,贵州,物理类,562,562,381,20208,9.42,19828,20208,贵州省招生考试院,https://zsksy.guizhou.gov.cn/zlxz/202603/P020240625688381550083.pdf,https://zsksy.guizhou.gov.cn/zlxz/202603/t20260324_89900474.html,guizhou_2024_物理类_score_rank.pdf,pdf_table
2024,贵州,物理类,561,561,382,20590,9.598,20209,20590,贵州省招生考试院,https://zsksy.guizhou.gov.cn/zlxz/202603/P020240625688381550083.pdf,https://zsksy.guizhou.gov.cn/zlxz/202603/t20260324_89900474.html,guizhou_2024_物理类_score_rank.pdf,pdf_table
2024,贵州,物理类,560,560,366,20956,9.768,20591,20956,贵州省招生考试院,https://zsksy.guizhou.gov.cn/zlxz/202603/P020240625688381550083.pdf,https://zsksy.guizhou.gov.cn/zlxz/202603/t20260324_89900474.html,guizhou_2024_物理类_score_rank.pdf,pdf_table
2024,贵州,物理类,559,559,413,21369,9.961,20957,21369,贵州省招生考试院,https://zsksy.guizhou.gov.cn/zlxz/202603/P020240625688381550083.pdf,https://zsksy.guizhou.gov.cn/zlxz/202603/t20260324_89900474.html,guizhou_2024_物理类_score_rank.pdf,pdf_table
2024,贵州,物理类,558,558,389,21758,10.142,21370,21758,贵州省招生考试院,https://zsksy.guizhou.gov.cn/zlxz/202603/P020240625688381550083.pdf,https://zsksy.guizhou.gov.cn/zlxz/202603/t20260324_89900474.html,guizhou_2024_物理类_score_rank.pdf,pdf_table
2024,贵州,物理类,557,557,404,22162,10.33,21759,22162,贵州省招生考试院,https://zsksy.guizhou.gov.cn/zlxz/202603/P020240625688381550083.pdf,https://zsksy.guizhou.gov.cn/zlxz/202603/t20260324_89900474.html,guizhou_2024_物理类_score_rank.pdf,pdf_table
2024,贵州,物理类,556,556,428,22590,10.53,22163,22590,贵州省招生考试院,https://zsksy.guizhou.gov.cn/zlxz/202603/P020240625688381550083.pdf,https://zsksy.guizhou.gov.cn/zlxz/202603/t20260324_89900474.html,guizhou_2024_物理类_score_rank.pdf,pdf_table
2024,贵州,物理类,555,555,402,22992,10.717,22591,22992,贵州省招生考试院,https://zsksy.guizhou.gov.cn/zlxz/202603/P020240625688381550083.pdf,https://zsksy.guizhou.gov.cn/zlxz/202603/t20260324_89900474.html,guizhou_2024_物理类_score_rank.pdf,pdf_table
2024,贵州,物理类,554,554,370,23362,10.89,22993,23362,贵州省招生考试院,https://zsksy.guizhou.gov.cn/zlxz/202603/P020240625688381550083.pdf,https://zsksy.guizhou.gov.cn/zlxz/202603/t20260324_89900474.html,guizhou_2024_物理类_score_rank.pdf,pdf_table
2024,贵州,物理类,553,553,424,23786,11.087,23363,23786,贵州省招生考试院,https://zsksy.guizhou.gov.cn/zlxz/202603/P020240625688381550083.pdf,https://zsksy.guizhou.gov.cn/zlxz/202603/t20260324_89900474.html,guizhou_2024_物理类_score_rank.pdf,pdf_table
2024,贵州,物理类,552,552,407,24193,11.277,23787,24193,贵州省招生考试院,https://zsksy.guizhou.gov.cn/zlxz/202603/P020240625688381550083.pdf,https://zsksy.guizhou.gov.cn/zlxz/202603/t20260324_89900474.html,guizhou_2024_物理类_score_rank.pdf,pdf_table
2024,贵州,物理类,551,551,380,24573,11.454,24194,24573,贵州省招生考试院,https://zsksy.guizhou.gov.cn/zlxz/202603/P020240625688381550083.pdf,https://zsksy.guizhou.gov.cn/zlxz/202603/t20260324_89900474.html,guizhou_2024_物理类_score_rank.pdf,pdf_table
2024,贵州,物理类,550,550,427,25000,11.653,24574,25000,贵州省招生考试院,https://zsksy.guizhou.gov.cn/zlxz/202603/P020240625688381550083.pdf,https://zsksy.guizhou.gov.cn/zlxz/202603/t20260324_89900474.html,guizhou_2024_物理类_score_rank.pdf,pdf_table
2024,贵州,物理类,549,549,417,25417,11.848,25001,25417,贵州省招生考试院,https://zsksy.guizhou.gov.cn/zlxz/202603/P020240625688381550083.pdf,https://zsksy.guizhou.gov.cn/zlxz/202603/t20260324_89900474.html,guizhou_2024_物理类_score_rank.pdf,pdf_table
2024,贵州,物理类,548,548,439,25856,12.052,25418,25856,贵州省招生考试院,https://zsksy.guizhou.gov.cn/zlxz/202603/P020240625688381550083.pdf,https://zsksy.guizhou.gov.cn/zlxz/202603/t20260324_89900474.html,guizhou_2024_物理类_score_rank.pdf,pdf_table
2024,贵州,物理类,547,547,484,26340,12.278,25857,26340,贵州省招生考试院,https://zsksy.guizhou.gov.cn/zlxz/202603/P020240625688381550083.pdf,https://zsksy.guizhou.gov.cn/zlxz/202603/t20260324_89900474.html,guizhou_2024_物理类_score_rank.pdf,pdf_table
2024,贵州,物理类,546,546,432,26772,12.479,26341,26772,贵州省招生考试院,https://zsksy.guizhou.gov.cn/zlxz/202603/P020240625688381550083.pdf,https://zsksy.guizhou.gov.cn/zlxz/202603/t20260324_89900474.html,guizhou_2024_物理类_score_rank.pdf,pdf_table
2024,贵州,物理类,545,545,425,27197,12.677,26773,27197,贵州省招生考试院,https://zsksy.guizhou.gov.cn/zlxz/202603/P020240625688381550083.pdf,https://zsksy.guizhou.gov.cn/zlxz/202603/t20260324_89900474.html,guizhou_2024_物理类_score_rank.pdf,pdf_table
2024,贵州,物理类,544,544,457,27654,12.89,27198,27654,贵州省招生考试院,https://zsksy.guizhou.gov.cn/zlxz/202603/P020240625688381550083.pdf,https://zsksy.guizhou.gov.cn/zlxz/202603/t20260324_89900474.html,guizhou_2024_物理类_score_rank.pdf,pdf_table
2024,贵州,物理类,543,543,436,28090,13.094,27655,28090,贵州省招生考试院,https://zsksy.guizhou.gov.cn/zlxz/202603/P020240625688381550083.pdf,https://zsksy.guizhou.gov.cn/zlxz/202603/t20260324_89900474.html,guizhou_2024_物理类_score_rank.pdf,pdf_table
2024,贵州,物理类,542,542,429,28519,13.294,28091,28519,贵州省招生考试院,https://zsksy.guizhou.gov.cn/zlxz/202603/P020240625688381550083.pdf,https://zsksy.guizhou.gov.cn/zlxz/202603/t20260324_89900474.html,guizhou_2024_物理类_score_rank.pdf,pdf_table
2024,贵州,物理类,541,541,514,29033,13.533,28520,29033,贵州省招生考试院,https://zsksy.guizhou.gov.cn/zlxz/202603/P020240625688381550083.pdf,https://zsksy.guizhou.gov.cn/zlxz/202603/t20260324_89900474.html,guizhou_2024_物理类_score_rank.pdf,pdf_table
2024,贵州,物理类,540,540,452,29485,13.744,29034,29485,贵州省招生考试院,https://zsksy.guizhou.gov.cn/zlxz/202603/P020240625688381550083.pdf,https://zsksy.guizhou.gov.cn/zlxz/202603/t20260324_89900474.html,guizhou_2024_物理类_score_rank.pdf,pdf_table
2024,贵州,物理类,539,539,504,29989,13.979,29486,29989,贵州省招生考试院,https://zsksy.guizhou.gov.cn/zlxz/202603/P020240625688381550083.pdf,https://zsksy.guizhou.gov.cn/zlxz/202603/t20260324_89900474.html,guizhou_2024_物理类_score_rank.pdf,pdf_table
2024,贵州,物理类,538,538,461,30450,14.194,29990,30450,贵州省招生考试院,https://zsksy.guizhou.gov.cn/zlxz/202603/P020240625688381550083.pdf,https://zsksy.guizhou.gov.cn/zlxz/202603/t20260324_89900474.html,guizhou_2024_物理类_score_rank.pdf,pdf_table
2024,贵州,物理类,537,537,490,30940,14.422,30451,30940,贵州省招生考试院,https://zsksy.guizhou.gov.cn/zlxz/202603/P020240625688381550083.pdf,https://zsksy.guizhou.gov.cn/zlxz/202603/t20260324_89900474.html,guizhou_2024_物理类_score_rank.pdf,pdf_table
2024,贵州,物理类,536,536,481,31421,14.646,30941,31421,贵州省招生考试院,https://zsksy.guizhou.gov.cn/zlxz/202603/P020240625688381550083.pdf,https://zsksy.guizhou.gov.cn/zlxz/202603/t20260324_89900474.html,guizhou_2024_物理类_score_rank.pdf,pdf_table
2024,贵州,物理类,535,535,481,31902,14.87,31422,31902,贵州省招生考试院,https://zsksy.guizhou.gov.cn/zlxz/202603/P020240625688381550083.pdf,https://zsksy.guizhou.gov.cn/zlxz/202603/t20260324_89900474.html,guizhou_2024_物理类_score_rank.pdf,pdf_table
2024,贵州,物理类,534,534,497,32399,15.102,31903,32399,贵州省招生考试院,https://zsksy.guizhou.gov.cn/zlxz/202603/P020240625688381550083.pdf,https://zsksy.guizhou.gov.cn/zlxz/202603/t20260324_89900474.html,guizhou_2024_物理类_score_rank.pdf,pdf_table
2024,贵州,物理类,533,533,490,32889,15.331,32400,32889,贵州省招生考试院,https://zsksy.guizhou.gov.cn/zlxz/202603/P020240625688381550083.pdf,https://zsksy.guizhou.gov.cn/zlxz/202603/t20260324_89900474.html,guizhou_2024_物理类_score_rank.pdf,pdf_table
2024,贵州,物理类,532,532,503,33392,15.565,32890,33392,贵州省招生考试院,https://zsksy.guizhou.gov.cn/zlxz/202603/P020240625688381550083.pdf,https://zsksy.guizhou.gov.cn/zlxz/202603/t20260324_89900474.html,guizhou_2024_物理类_score_rank.pdf,pdf_table
2024,贵州,物理类,531,531,470,33862,15.784,33393,33862,贵州省招生考试院,https://zsksy.guizhou.gov.cn/zlxz/202603/P020240625688381550083.pdf,https://zsksy.guizhou.gov.cn/zlxz/202603/t20260324_89900474.html,guizhou_2024_物理类_score_rank.pdf,pdf_table
2024,贵州,物理类,530,530,506,34368,16.02,33863,34368,贵州省招生考试院,https://zsksy.guizhou.gov.cn/zlxz/202603/P020240625688381550083.pdf,https://zsksy.guizhou.gov.cn/zlxz/202603/t20260324_89900474.html,guizhou_2024_物理类_score_rank.pdf,pdf_table
2024,贵州,物理类,529,529,548,34916,16.275,34369,34916,贵州省招生考试院,https://zsksy.guizhou.gov.cn/zlxz/202603/P020240625688381550083.pdf,https://zsksy.guizhou.gov.cn/zlxz/202603/t20260324_89900474.html,guizhou_2024_物理类_score_rank.pdf,pdf_table
2024,贵州,物理类,528,528,513,35429,16.514,34917,35429,贵州省招生考试院,https://zsksy.guizhou.gov.cn/zlxz/202603/P020240625688381550083.pdf,https://zsksy.guizhou.gov.cn/zlxz/202603/t20260324_89900474.html,guizhou_2024_物理类_score_rank.pdf,pdf_table
2024,贵州,物理类,527,527,519,35948,16.756,35430,35948,贵州省招生考试院,https://zsksy.guizhou.gov.cn/zlxz/202603/P020240625688381550083.pdf,https://zsksy.guizhou.gov.cn/zlxz/202603/t20260324_89900474.html,guizhou_2024_物理类_score_rank.pdf,pdf_table
2024,贵州,物理类,526,526,501,36449,16.99,35949,36449,贵州省招生考试院,https://zsksy.guizhou.gov.cn/zlxz/202603/P020240625688381550083.pdf,https://zsksy.guizhou.gov.cn/zlxz/202603/t20260324_89900474.html,guizhou_2024_物理类_score_rank.pdf,pdf_table
2024,贵州,物理类,525,525,537,36986,17.24,36450,36986,贵州省招生考试院,https://zsksy.guizhou.gov.cn/zlxz/202603/P020240625688381550083.pdf,https://zsksy.guizhou.gov.cn/zlxz/202603/t20260324_89900474.html,guizhou_2024_物理类_score_rank.pdf,pdf_table
2024,贵州,物理类,524,524,551,37537,17.497,36987,37537,贵州省招生考试院,https://zsksy.guizhou.gov.cn/zlxz/202603/P020240625688381550083.pdf,https://zsksy.guizhou.gov.cn/zlxz/202603/t20260324_89900474.html,guizhou_2024_物理类_score_rank.pdf,pdf_table
2024,贵州,物理类,523,523,531,38068,17.745,37538,38068,贵州省招生考试院,https://zsksy.guizhou.gov.cn/zlxz/202603/P020240625688381550083.pdf,https://zsksy.guizhou.gov.cn/zlxz/202603/t20260324_89900474.html,guizhou_2024_物理类_score_rank.pdf,pdf_table
2024,贵州,物理类,522,522,566,38634,18.008,38069,38634,贵州省招生考试院,https://zsksy.guizhou.gov.cn/zlxz/202603/P020240625688381550083.pdf,https://zsksy.guizhou.gov.cn/zlxz/202603/t20260324_89900474.html,guizhou_2024_物理类_score_rank.pdf,pdf_table
2024,贵州,物理类,521,521,550,39184,18.265,38635,39184,贵州省招生考试院,https://zsksy.guizhou.gov.cn/zlxz/202603/P020240625688381550083.pdf,https://zsksy.guizhou.gov.cn/zlxz/202603/t20260324_89900474.html,guizhou_2024_物理类_score_rank.pdf,pdf_table
2024,贵州,物理类,520,520,533,39717,18.513,39185,39717,贵州省招生考试院,https://zsksy.guizhou.gov.cn/zlxz/202603/P020240625688381550083.pdf,https://zsksy.guizhou.gov.cn/zlxz/202603/t20260324_89900474.html,guizhou_2024_物理类_score_rank.pdf,pdf_table
2024,贵州,物理类,519,519,551,40268,18.77,39718,40268,贵州省招生考试院,https://zsksy.guizhou.gov.cn/zlxz/202603/P020240625688381550083.pdf,https://zsksy.guizhou.gov.cn/zlxz/202603/t20260324_89900474.html,guizhou_2024_物理类_score_rank.pdf,pdf_table
2024,贵州,物理类,518,518,594,40862,19.047,40269,40862,贵州省招生考试院,https://zsksy.guizhou.gov.cn/zlxz/202603/P020240625688381550083.pdf,https://zsksy.guizhou.gov.cn/zlxz/202603/t20260324_89900474.html,guizhou_2024_物理类_score_rank.pdf,pdf_table
2024,贵州,物理类,517,517,588,41450,19.321,40863,41450,贵州省招生考试院,https://zsksy.guizhou.gov.cn/zlxz/202603/P020240625688381550083.pdf,https://zsksy.guizhou.gov.cn/zlxz/202603/t20260324_89900474.html,guizhou_2024_物理类_score_rank.pdf,pdf_table
2024,贵州,物理类,516,516,533,41983,19.569,41451,41983,贵州省招生考试院,https://zsksy.guizhou.gov.cn/zlxz/202603/P020240625688381550083.pdf,https://zsksy.guizhou.gov.cn/zlxz/202603/t20260324_89900474.html,guizhou_2024_物理类_score_rank.pdf,pdf_table
2024,贵州,物理类,515,515,590,42573,19.844,41984,42573,贵州省招生考试院,https://zsksy.guizhou.gov.cn/zlxz/202603/P020240625688381550083.pdf,https://zsksy.guizhou.gov.cn/zlxz/202603/t20260324_89900474.html,guizhou_2024_物理类_score_rank.pdf,pdf_table
2024,贵州,物理类,514,514,576,43149,20.113,42574,43149,贵州省招生考试院,https://zsksy.guizhou.gov.cn/zlxz/202603/P020240625688381550083.pdf,https://zsksy.guizhou.gov.cn/zlxz/202603/t20260324_89900474.html,guizhou_2024_物理类_score_rank.pdf,pdf_table
2024,贵州,物理类,513,513,608,43757,20.396,43150,43757,贵州省招生考试院,https://zsksy.guizhou.gov.cn/zlxz/202603/P020240625688381550083.pdf,https://zsksy.guizhou.gov.cn/zlxz/202603/t20260324_89900474.html,guizhou_2024_物理类_score_rank.pdf,pdf_table
2024,贵州,物理类,512,512,572,44329,20.663,43758,44329,贵州省招生考试院,https://zsksy.guizhou.gov.cn/zlxz/202603/P020240625688381550083.pdf,https://zsksy.guizhou.gov.cn/zlxz/202603/t20260324_89900474.html,guizhou_2024_物理类_score_rank.pdf,pdf_table
2024,贵州,物理类,511,511,629,44958,20.956,44330,44958,贵州省招生考试院,https://zsksy.guizhou.gov.cn/zlxz/202603/P020240625688381550083.pdf,https://zsksy.guizhou.gov.cn/zlxz/202603/t20260324_89900474.html,guizhou_2024_物理类_score_rank.pdf,pdf_table
2024,贵州,物理类,510,510,631,45589,21.25,44959,45589,贵州省招生考试院,https://zsksy.guizhou.gov.cn/zlxz/202603/P020240625688381550083.pdf,https://zsksy.guizhou.gov.cn/zlxz/202603/t20260324_89900474.html,guizhou_2024_物理类_score_rank.pdf,pdf_table
2024,贵州,物理类,509,509,633,46222,21.545,45590,46222,贵州省招生考试院,https://zsksy.guizhou.gov.cn/zlxz/202603/P020240625688381550083.pdf,https://zsksy.guizhou.gov.cn/zlxz/202603/t20260324_89900474.html,guizhou_2024_物理类_score_rank.pdf,pdf_table
2024,贵州,物理类,508,508,644,46866,21.846,46223,46866,贵州省招生考试院,https://zsksy.guizhou.gov.cn/zlxz/202603/P020240625688381550083.pdf,https://zsksy.guizhou.gov.cn/zlxz/202603/t20260324_89900474.html,guizhou_2024_物理类_score_rank.pdf,pdf_table
2024,贵州,物理类,507,507,640,47506,22.144,46867,47506,贵州省招生考试院,https://zsksy.guizhou.gov.cn/zlxz/202603/P020240625688381550083.pdf,https://zsksy.guizhou.gov.cn/zlxz/202603/t20260324_89900474.html,guizhou_2024_物理类_score_rank.pdf,pdf_table
2024,贵州,物理类,506,506,678,48184,22.46,47507,48184,贵州省招生考试院,https://zsksy.guizhou.gov.cn/zlxz/202603/P020240625688381550083.pdf,https://zsksy.guizhou.gov.cn/zlxz/202603/t20260324_89900474.html,guizhou_2024_物理类_score_rank.pdf,pdf_table
2024,贵州,物理类,505,505,620,48804,22.749,48185,48804,贵州省招生考试院,https://zsksy.guizhou.gov.cn/zlxz/202603/P020240625688381550083.pdf,https://zsksy.guizhou.gov.cn/zlxz/202603/t20260324_89900474.html,guizhou_2024_物理类_score_rank.pdf,pdf_table
2024,贵州,物理类,504,504,615,49419,23.036,48805,49419,贵州省招生考试院,https://zsksy.guizhou.gov.cn/zlxz/202603/P020240625688381550083.pdf,https://zsksy.guizhou.gov.cn/zlxz/202603/t20260324_89900474.html,guizhou_2024_物理类_score_rank.pdf,pdf_table
2024,贵州,物理类,503,503,643,50062,23.335,49420,50062,贵州省招生考试院,https://zsksy.guizhou.gov.cn/zlxz/202603/P020240625688381550083.pdf,https://zsksy.guizhou.gov.cn/zlxz/202603/t20260324_89900474.html,guizhou_2024_物理类_score_rank.pdf,pdf_table
2024,贵州,物理类,502,502,628,50690,23.628,50063,50690,贵州省招生考试院,https://zsksy.guizhou.gov.cn/zlxz/202603/P020240625688381550083.pdf,https://zsksy.guizhou.gov.cn/zlxz/202603/t20260324_89900474.html,guizhou_2024_物理类_score_rank.pdf,pdf_table
2024,贵州,物理类,501,501,636,51326,23.925,50691,51326,贵州省招生考试院,https://zsksy.guizhou.gov.cn/zlxz/202603/P020240625688381550083.pdf,https://zsksy.guizhou.gov.cn/zlxz/202603/t20260324_89900474.html,guizhou_2024_物理类_score_rank.pdf,pdf_table
2024,贵州,物理类,500,500,700,52026,24.251,51327,52026,贵州省招生考试院,https://zsksy.guizhou.gov.cn/zlxz/202603/P020240625688381550083.pdf,https://zsksy.guizhou.gov.cn/zlxz/202603/t20260324_89900474.html,guizhou_2024_物理类_score_rank.pdf,pdf_table
2024,贵州,物理类,499,499,658,52684,24.558,52027,52684,贵州省招生考试院,https://zsksy.guizhou.gov.cn/zlxz/202603/P020240625688381550083.pdf,https://zsksy.guizhou.gov.cn/zlxz/202603/t20260324_89900474.html,guizhou_2024_物理类_score_rank.pdf,pdf_table
2024,贵州,物理类,498,498,682,53366,24.875,52685,53366,贵州省招生考试院,https://zsksy.guizhou.gov.cn/zlxz/202603/P020240625688381550083.pdf,https://zsksy.guizhou.gov.cn/zlxz/202603/t20260324_89900474.html,guizhou_2024_物理类_score_rank.pdf,pdf_table
2024,贵州,物理类,497,497,646,54012,25.177,53367,54012,贵州省招生考试院,https://zsksy.guizhou.gov.cn/zlxz/202603/P020240625688381550083.pdf,https://zsksy.guizhou.gov.cn/zlxz/202603/t20260324_89900474.html,guizhou_2024_物理类_score_rank.pdf,pdf_table
2024,贵州,物理类,496,496,653,54665,25.481,54013,54665,贵州省招生考试院,https://zsksy.guizhou.gov.cn/zlxz/202603/P020240625688381550083.pdf,https://zsksy.guizhou.gov.cn/zlxz/202603/t20260324_89900474.html,guizhou_2024_物理类_score_rank.pdf,pdf_table
2024,贵州,物理类,495,495,676,55341,25.796,54666,55341,贵州省招生考试院,https://zsksy.guizhou.gov.cn/zlxz/202603/P020240625688381550083.pdf,https://zsksy.guizhou.gov.cn/zlxz/202603/t20260324_89900474.html,guizhou_2024_物理类_score_rank.pdf,pdf_table
2024,贵州,物理类,494,494,709,56050,26.127,55342,56050,贵州省招生考试院,https://zsksy.guizhou.gov.cn/zlxz/202603/P020240625688381550083.pdf,https://zsksy.guizhou.gov.cn/zlxz/202603/t20260324_89900474.html,guizhou_2024_物理类_score_rank.pdf,pdf_table
2024,贵州,物理类,493,493,693,56743,26.45,56051,56743,贵州省招生考试院,https://zsksy.guizhou.gov.cn/zlxz/202603/P020240625688381550083.pdf,https://zsksy.guizhou.gov.cn/zlxz/202603/t20260324_89900474.html,guizhou_2024_物理类_score_rank.pdf,pdf_table
2024,贵州,物理类,492,492,669,57412,26.761,56744,57412,贵州省招生考试院,https://zsksy.guizhou.gov.cn/zlxz/202603/P020240625688381550083.pdf,https://zsksy.guizhou.gov.cn/zlxz/202603/t20260324_89900474.html,guizhou_2024_物理类_score_rank.pdf,pdf_table
2024,贵州,物理类,491,491,700,58112,27.088,57413,58112,贵州省招生考试院,https://zsksy.guizhou.gov.cn/zlxz/202603/P020240625688381550083.pdf,https://zsksy.guizhou.gov.cn/zlxz/202603/t20260324_89900474.html,guizhou_2024_物理类_score_rank.pdf,pdf_table
2024,贵州,物理类,490,490,686,58798,27.407,58113,58798,贵州省招生考试院,https://zsksy.guizhou.gov.cn/zlxz/202603/P020240625688381550083.pdf,https://zsksy.guizhou.gov.cn/zlxz/202603/t20260324_89900474.html,guizhou_2024_物理类_score_rank.pdf,pdf_table
2024,贵州,物理类,489,489,668,59466,27.719,58799,59466,贵州省招生考试院,https://zsksy.guizhou.gov.cn/zlxz/202603/P020240625688381550083.pdf,https://zsksy.guizhou.gov.cn/zlxz/202603/t20260324_89900474.html,guizhou_2024_物理类_score_rank.pdf,pdf_table
2024,贵州,物理类,488,488,725,60191,28.057,59467,60191,贵州省招生考试院,https://zsksy.guizhou.gov.cn/zlxz/202603/P020240625688381550083.pdf,https://zsksy.guizhou.gov.cn/zlxz/202603/t20260324_89900474.html,guizhou_2024_物理类_score_rank.pdf,pdf_table
2024,贵州,物理类,487,487,744,60935,28.404,60192,60935,贵州省招生考试院,https://zsksy.guizhou.gov.cn/zlxz/202603/P020240625688381550083.pdf,https://zsksy.guizhou.gov.cn/zlxz/202603/t20260324_89900474.html,guizhou_2024_物理类_score_rank.pdf,pdf_table
2024,贵州,物理类,486,486,684,61619,28.722,60936,61619,贵州省招生考试院,https://zsksy.guizhou.gov.cn/zlxz/202603/P020240625688381550083.pdf,https://zsksy.guizhou.gov.cn/zlxz/202603/t20260324_89900474.html,guizhou_2024_物理类_score_rank.pdf,pdf_table
2024,贵州,物理类,485,485,734,62353,29.065,61620,62353,贵州省招生考试院,https://zsksy.guizhou.gov.cn/zlxz/202603/P020240625688381550083.pdf,https://zsksy.guizhou.gov.cn/zlxz/202603/t20260324_89900474.html,guizhou_2024_物理类_score_rank.pdf,pdf_table
2024,贵州,物理类,484,484,717,63070,29.399,62354,63070,贵州省招生考试院,https://zsksy.guizhou.gov.cn/zlxz/202603/P020240625688381550083.pdf,https://zsksy.guizhou.gov.cn/zlxz/202603/t20260324_89900474.html,guizhou_2024_物理类_score_rank.pdf,pdf_table
2024,贵州,物理类,483,483,773,63843,29.759,63071,63843,贵州省招生考试院,https://zsksy.guizhou.gov.cn/zlxz/202603/P020240625688381550083.pdf,https://zsksy.guizhou.gov.cn/zlxz/202603/t20260324_89900474.html,guizhou_2024_物理类_score_rank.pdf,pdf_table
2024,贵州,物理类,482,482,732,64575,30.1,63844,64575,贵州省招生考试院,https://zsksy.guizhou.gov.cn/zlxz/202603/P020240625688381550083.pdf,https://zsksy.guizhou.gov.cn/zlxz/202603/t20260324_89900474.html,guizhou_2024_物理类_score_rank.pdf,pdf_table
2024,贵州,物理类,481,481,742,65317,30.446,64576,65317,贵州省招生考试院,https://zsksy.guizhou.gov.cn/zlxz/202603/P020240625688381550083.pdf,https://zsksy.guizhou.gov.cn/zlxz/202603/t20260324_89900474.html,guizhou_2024_物理类_score_rank.pdf,pdf_table
2024,贵州,物理类,480,480,739,66056,30.791,65318,66056,贵州省招生考试院,https://zsksy.guizhou.gov.cn/zlxz/202603/P020240625688381550083.pdf,https://zsksy.guizhou.gov.cn/zlxz/202603/t20260324_89900474.html,guizhou_2024_物理类_score_rank.pdf,pdf_table
2024,贵州,物理类,479,479,773,66829,31.151,66057,66829,贵州省招生考试院,https://zsksy.guizhou.gov.cn/zlxz/202603/P020240625688381550083.pdf,https://zsksy.guizhou.gov.cn/zlxz/202603/t20260324_89900474.html,guizhou_2024_物理类_score_rank.pdf,pdf_table
2024,贵州,物理类,478,478,757,67586,31.504,66830,67586,贵州省招生考试院,https://zsksy.guizhou.gov.cn/zlxz/202603/P020240625688381550083.pdf,https://zsksy.guizhou.gov.cn/zlxz/202603/t20260324_89900474.html,guizhou_2024_物理类_score_rank.pdf,pdf_table
2024,贵州,物理类,477,477,787,68373,31.871,67587,68373,贵州省招生考试院,https://zsksy.guizhou.gov.cn/zlxz/202603/P020240625688381550083.pdf,https://zsksy.guizhou.gov.cn/zlxz/202603/t20260324_89900474.html,guizhou_2024_物理类_score_rank.pdf,pdf_table
2024,贵州,物理类,476,476,822,69195,32.254,68374,69195,贵州省招生考试院,https://zsksy.guizhou.gov.cn/zlxz/202603/P020240625688381550083.pdf,https://zsksy.guizhou.gov.cn/zlxz/202603/t20260324_89900474.html,guizhou_2024_物理类_score_rank.pdf,pdf_table
2024,贵州,物理类,475,475,774,69969,32.615,69196,69969,贵州省招生考试院,https://zsksy.guizhou.gov.cn/zlxz/202603/P020240625688381550083.pdf,https://zsksy.guizhou.gov.cn/zlxz/202603/t20260324_89900474.html,guizhou_2024_物理类_score_rank.pdf,pdf_table
2024,贵州,物理类,474,474,798,70767,32.987,69970,70767,贵州省招生考试院,https://zsksy.guizhou.gov.cn/zlxz/202603/P020240625688381550083.pdf,https://zsksy.guizhou.gov.cn/zlxz/202603/t20260324_89900474.html,guizhou_2024_物理类_score_rank.pdf,pdf_table
2024,贵州,物理类,473,473,787,71554,33.353,70768,71554,贵州省招生考试院,https://zsksy.guizhou.gov.cn/zlxz/202603/P020240625688381550083.pdf,https://zsksy.guizhou.gov.cn/zlxz/202603/t20260324_89900474.html,guizhou_2024_物理类_score_rank.pdf,pdf_table
2024,贵州,物理类,472,472,809,72363,33.73,71555,72363,贵州省招生考试院,https://zsksy.guizhou.gov.cn/zlxz/202603/P020240625688381550083.pdf,https://zsksy.guizhou.gov.cn/zlxz/202603/t20260324_89900474.html,guizhou_2024_物理类_score_rank.pdf,pdf_table
2024,贵州,物理类,471,471,806,73169,34.106,72364,73169,贵州省招生考试院,https://zsksy.guizhou.gov.cn/zlxz/202603/P020240625688381550083.pdf,https://zsksy.guizhou.gov.cn/zlxz/202603/t20260324_89900474.html,guizhou_2024_物理类_score_rank.pdf,pdf_table
2024,贵州,物理类,470,470,812,73981,34.485,73170,73981,贵州省招生考试院,https://zsksy.guizhou.gov.cn/zlxz/202603/P020240625688381550083.pdf,https://zsksy.guizhou.gov.cn/zlxz/202603/t20260324_89900474.html,guizhou_2024_物理类_score_rank.pdf,pdf_table
2024,贵州,物理类,469,469,812,74793,34.863,73982,74793,贵州省招生考试院,https://zsksy.guizhou.gov.cn/zlxz/202603/P020240625688381550083.pdf,https://zsksy.guizhou.gov.cn/zlxz/202603/t20260324_89900474.html,guizhou_2024_物理类_score_rank.pdf,pdf_table
2024,贵州,物理类,468,468,840,75633,35.255,74794,75633,贵州省招生考试院,https://zsksy.guizhou.gov.cn/zlxz/202603/P020240625688381550083.pdf,https://zsksy.guizhou.gov.cn/zlxz/202603/t20260324_89900474.html,guizhou_2024_物理类_score_rank.pdf,pdf_table
2024,贵州,物理类,467,467,793,76426,35.624,75634,76426,贵州省招生考试院,https://zsksy.guizhou.gov.cn/zlxz/202603/P020240625688381550083.pdf,https://zsksy.guizhou.gov.cn/zlxz/202603/t20260324_89900474.html,guizhou_2024_物理类_score_rank.pdf,pdf_table
2024,贵州,物理类,466,466,857,77283,36.024,76427,77283,贵州省招生考试院,https://zsksy.guizhou.gov.cn/zlxz/202603/P020240625688381550083.pdf,https://zsksy.guizhou.gov.cn/zlxz/202603/t20260324_89900474.html,guizhou_2024_物理类_score_rank.pdf,pdf_table
2024,贵州,物理类,465,465,842,78125,36.416,77284,78125,贵州省招生考试院,https://zsksy.guizhou.gov.cn/zlxz/202603/P020240625688381550083.pdf,https://zsksy.guizhou.gov.cn/zlxz/202603/t20260324_89900474.html,guizhou_2024_物理类_score_rank.pdf,pdf_table
2024,贵州,物理类,464,464,894,79019,36.833,78126,79019,贵州省招生考试院,https://zsksy.guizhou.gov.cn/zlxz/202603/P020240625688381550083.pdf,https://zsksy.guizhou.gov.cn/zlxz/202603/t20260324_89900474.html,guizhou_2024_物理类_score_rank.pdf,pdf_table
2024,贵州,物理类,463,463,822,79841,37.216,79020,79841,贵州省招生考试院,https://zsksy.guizhou.gov.cn/zlxz/202603/P020240625688381550083.pdf,https://zsksy.guizhou.gov.cn/zlxz/202603/t20260324_89900474.html,guizhou_2024_物理类_score_rank.pdf,pdf_table
2024,贵州,物理类,462,462,856,80697,37.615,79842,80697,贵州省招生考试院,https://zsksy.guizhou.gov.cn/zlxz/202603/P020240625688381550083.pdf,https://zsksy.guizhou.gov.cn/zlxz/202603/t20260324_89900474.html,guizhou_2024_物理类_score_rank.pdf,pdf_table
2024,贵州,物理类,461,461,840,81537,38.007,80698,81537,贵州省招生考试院,https://zsksy.guizhou.gov.cn/zlxz/202603/P020240625688381550083.pdf,https://zsksy.guizhou.gov.cn/zlxz/202603/t20260324_89900474.html,guizhou_2024_物理类_score_rank.pdf,pdf_table
2024,贵州,物理类,460,460,840,82377,38.398,81538,82377,贵州省招生考试院,https://zsksy.guizhou.gov.cn/zlxz/202603/P020240625688381550083.pdf,https://zsksy.guizhou.gov.cn/zlxz/202603/t20260324_89900474.html,guizhou_2024_物理类_score_rank.pdf,pdf_table
2024,贵州,物理类,459,459,965,83342,38.848,82378,83342,贵州省招生考试院,https://zsksy.guizhou.gov.cn/zlxz/202603/P020240625688381550083.pdf,https://zsksy.guizhou.gov.cn/zlxz/202603/t20260324_89900474.html,guizhou_2024_物理类_score_rank.pdf,pdf_table
2024,贵州,物理类,458,458,878,84220,39.257,83343,84220,贵州省招生考试院,https://zsksy.guizhou.gov.cn/zlxz/202603/P020240625688381550083.pdf,https://zsksy.guizhou.gov.cn/zlxz/202603/t20260324_89900474.html,guizhou_2024_物理类_score_rank.pdf,pdf_table
2024,贵州,物理类,457,457,861,85081,39.659,84221,85081,贵州省招生考试院,https://zsksy.guizhou.gov.cn/zlxz/202603/P020240625688381550083.pdf,https://zsksy.guizhou.gov.cn/zlxz/202603/t20260324_89900474.html,guizhou_2024_物理类_score_rank.pdf,pdf_table
2024,贵州,物理类,456,456,844,85925,40.052,85082,85925,贵州省招生考试院,https://zsksy.guizhou.gov.cn/zlxz/202603/P020240625688381550083.pdf,https://zsksy.guizhou.gov.cn/zlxz/202603/t20260324_89900474.html,guizhou_2024_物理类_score_rank.pdf,pdf_table
2024,贵州,物理类,455,455,889,86814,40.467,85926,86814,贵州省招生考试院,https://zsksy.guizhou.gov.cn/zlxz/202603/P020240625688381550083.pdf,https://zsksy.guizhou.gov.cn/zlxz/202603/t20260324_89900474.html,guizhou_2024_物理类_score_rank.pdf,pdf_table
2024,贵州,物理类,454,454,939,87753,40.904,86815,87753,贵州省招生考试院,https://zsksy.guizhou.gov.cn/zlxz/202603/P020240625688381550083.pdf,https://zsksy.guizhou.gov.cn/zlxz/202603/t20260324_89900474.html,guizhou_2024_物理类_score_rank.pdf,pdf_table
2024,贵州,物理类,453,453,911,88664,41.329,87754,88664,贵州省招生考试院,https://zsksy.guizhou.gov.cn/zlxz/202603/P020240625688381550083.pdf,https://zsksy.guizhou.gov.cn/zlxz/202603/t20260324_89900474.html,guizhou_2024_物理类_score_rank.pdf,pdf_table
2024,贵州,物理类,452,452,842,89506,41.721,88665,89506,贵州省招生考试院,https://zsksy.guizhou.gov.cn/zlxz/202603/P020240625688381550083.pdf,https://zsksy.guizhou.gov.cn/zlxz/202603/t20260324_89900474.html,guizhou_2024_物理类_score_rank.pdf,pdf_table
2024,贵州,物理类,451,451,892,90398,42.137,89507,90398,贵州省招生考试院,https://zsksy.guizhou.gov.cn/zlxz/202603/P020240625688381550083.pdf,https://zsksy.guizhou.gov.cn/zlxz/202603/t20260324_89900474.html,guizhou_2024_物理类_score_rank.pdf,pdf_table
2024,贵州,物理类,450,450,901,91299,42.557,90399,91299,贵州省招生考试院,https://zsksy.guizhou.gov.cn/zlxz/202603/P020240625688381550083.pdf,https://zsksy.guizhou.gov.cn/zlxz/202603/t20260324_89900474.html,guizhou_2024_物理类_score_rank.pdf,pdf_table
2024,贵州,物理类,449,449,964,92263,43.006,91300,92263,贵州省招生考试院,https://zsksy.guizhou.gov.cn/zlxz/202603/P020240625688381550083.pdf,https://zsksy.guizhou.gov.cn/zlxz/202603/t20260324_89900474.html,guizhou_2024_物理类_score_rank.pdf,pdf_table
2024,贵州,物理类,448,448,967,93230,43.457,92264,93230,贵州省招生考试院,https://zsksy.guizhou.gov.cn/zlxz/202603/P020240625688381550083.pdf,https://zsksy.guizhou.gov.cn/zlxz/202603/t20260324_89900474.html,guizhou_2024_物理类_score_rank.pdf,pdf_table
2024,贵州,物理类,447,447,923,94153,43.887,93231,94153,贵州省招生考试院,https://zsksy.guizhou.gov.cn/zlxz/202603/P020240625688381550083.pdf,https://zsksy.guizhou.gov.cn/zlxz/202603/t20260324_89900474.html,guizhou_2024_物理类_score_rank.pdf,pdf_table
2024,贵州,物理类,446,446,925,95078,44.319,94154,95078,贵州省招生考试院,https://zsksy.guizhou.gov.cn/zlxz/202603/P020240625688381550083.pdf,https://zsksy.guizhou.gov.cn/zlxz/202603/t20260324_89900474.html,guizhou_2024_物理类_score_rank.pdf,pdf_table
2024,贵州,物理类,445,445,861,95939,44.72,95079,95939,贵州省招生考试院,https://zsksy.guizhou.gov.cn/zlxz/202603/P020240625688381550083.pdf,https://zsksy.guizhou.gov.cn/zlxz/202603/t20260324_89900474.html,guizhou_2024_物理类_score_rank.pdf,pdf_table
2024,贵州,物理类,444,444,946,96885,45.161,95940,96885,贵州省招生考试院,https://zsksy.guizhou.gov.cn/zlxz/202603/P020240625688381550083.pdf,https://zsksy.guizhou.gov.cn/zlxz/202603/t20260324_89900474.html,guizhou_2024_物理类_score_rank.pdf,pdf_table
2024,贵州,物理类,443,443,939,97824,45.599,96886,97824,贵州省招生考试院,https://zsksy.guizhou.gov.cn/zlxz/202603/P020240625688381550083.pdf,https://zsksy.guizhou.gov.cn/zlxz/202603/t20260324_89900474.html,guizhou_2024_物理类_score_rank.pdf,pdf_table
2024,贵州,物理类,442,442,954,98778,46.043,97825,98778,贵州省招生考试院,https://zsksy.guizhou.gov.cn/zlxz/202603/P020240625688381550083.pdf,https://zsksy.guizhou.gov.cn/zlxz/202603/t20260324_89900474.html,guizhou_2024_物理类_score_rank.pdf,pdf_table
2024,贵州,物理类,441,441,967,99745,46.494,98779,99745,贵州省招生考试院,https://zsksy.guizhou.gov.cn/zlxz/202603/P020240625688381550083.pdf,https://zsksy.guizhou.gov.cn/zlxz/202603/t20260324_89900474.html,guizhou_2024_物理类_score_rank.pdf,pdf_table
2024,贵州,物理类,440,440,930,100675,46.928,99746,100675,贵州省招生考试院,https://zsksy.guizhou.gov.cn/zlxz/202603/P020240625688381550083.pdf,https://zsksy.guizhou.gov.cn/zlxz/202603/t20260324_89900474.html,guizhou_2024_物理类_score_rank.pdf,pdf_table
2024,贵州,物理类,439,439,979,101654,47.384,100676,101654,贵州省招生考试院,https://zsksy.guizhou.gov.cn/zlxz/202603/P020240625688381550083.pdf,https://zsksy.guizhou.gov.cn/zlxz/202603/t20260324_89900474.html,guizhou_2024_物理类_score_rank.pdf,pdf_table
2024,贵州,物理类,438,438,984,102638,47.843,101655,102638,贵州省招生考试院,https://zsksy.guizhou.gov.cn/zlxz/202603/P020240625688381550083.pdf,https://zsksy.guizhou.gov.cn/zlxz/202603/t20260324_89900474.html,guizhou_2024_物理类_score_rank.pdf,pdf_table
2024,贵州,物理类,437,437,979,103617,48.299,102639,103617,贵州省招生考试院,https://zsksy.guizhou.gov.cn/zlxz/202603/P020240625688381550083.pdf,https://zsksy.guizhou.gov.cn/zlxz/202603/t20260324_89900474.html,guizhou_2024_物理类_score_rank.pdf,pdf_table
2024,贵州,物理类,436,436,960,104577,48.746,103618,104577,贵州省招生考试院,https://zsksy.guizhou.gov.cn/zlxz/202603/P020240625688381550083.pdf,https://zsksy.guizhou.gov.cn/zlxz/202603/t20260324_89900474.html,guizhou_2024_物理类_score_rank.pdf,pdf_table
2024,贵州,物理类,435,435,1006,105583,49.215,104578,105583,贵州省招生考试院,https://zsksy.guizhou.gov.cn/zlxz/202603/P020240625688381550083.pdf,https://zsksy.guizhou.gov.cn/zlxz/202603/t20260324_89900474.html,guizhou_2024_物理类_score_rank.pdf,pdf_table
2024,贵州,物理类,434,434,990,106573,49.677,105584,106573,贵州省招生考试院,https://zsksy.guizhou.gov.cn/zlxz/202603/P020240625688381550083.pdf,https://zsksy.guizhou.gov.cn/zlxz/202603/t20260324_89900474.html,guizhou_2024_物理类_score_rank.pdf,pdf_table
2024,贵州,物理类,433,433,933,107506,50.112,106574,107506,贵州省招生考试院,https://zsksy.guizhou.gov.cn/zlxz/202603/P020240625688381550083.pdf,https://zsksy.guizhou.gov.cn/zlxz/202603/t20260324_89900474.html,guizhou_2024_物理类_score_rank.pdf,pdf_table
2024,贵州,物理类,432,432,891,108397,50.527,107507,108397,贵州省招生考试院,https://zsksy.guizhou.gov.cn/zlxz/202603/P020240625688381550083.pdf,https://zsksy.guizhou.gov.cn/zlxz/202603/t20260324_89900474.html,guizhou_2024_物理类_score_rank.pdf,pdf_table
2024,贵州,物理类,431,431,1026,109423,51.005,108398,109423,贵州省招生考试院,https://zsksy.guizhou.gov.cn/zlxz/202603/P020240625688381550083.pdf,https://zsksy.guizhou.gov.cn/zlxz/202603/t20260324_89900474.html,guizhou_2024_物理类_score_rank.pdf,pdf_table
2024,贵州,物理类,430,430,954,110377,51.45,109424,110377,贵州省招生考试院,https://zsksy.guizhou.gov.cn/zlxz/202603/P020240625688381550083.pdf,https://zsksy.guizhou.gov.cn/zlxz/202603/t20260324_89900474.html,guizhou_2024_物理类_score_rank.pdf,pdf_table
2024,贵州,物理类,429,429,1027,111404,51.929,110378,111404,贵州省招生考试院,https://zsksy.guizhou.gov.cn/zlxz/202603/P020240625688381550083.pdf,https://zsksy.guizhou.gov.cn/zlxz/202603/t20260324_89900474.html,guizhou_2024_物理类_score_rank.pdf,pdf_table
2024,贵州,物理类,428,428,949,112353,52.371,111405,112353,贵州省招生考试院,https://zsksy.guizhou.gov.cn/zlxz/202603/P020240625688381550083.pdf,https://zsksy.guizhou.gov.cn/zlxz/202603/t20260324_89900474.html,guizhou_2024_物理类_score_rank.pdf,pdf_table
2024,贵州,物理类,427,427,952,113305,52.815,112354,113305,贵州省招生考试院,https://zsksy.guizhou.gov.cn/zlxz/202603/P020240625688381550083.pdf,https://zsksy.guizhou.gov.cn/zlxz/202603/t20260324_89900474.html,guizhou_2024_物理类_score_rank.pdf,pdf_table
2024,贵州,物理类,426,426,930,114235,53.248,113306,114235,贵州省招生考试院,https://zsksy.guizhou.gov.cn/zlxz/202603/P020240625688381550083.pdf,https://zsksy.guizhou.gov.cn/zlxz/202603/t20260324_89900474.html,guizhou_2024_物理类_score_rank.pdf,pdf_table
2024,贵州,物理类,425,425,942,115177,53.687,114236,115177,贵州省招生考试院,https://zsksy.guizhou.gov.cn/zlxz/202603/P020240625688381550083.pdf,https://zsksy.guizhou.gov.cn/zlxz/202603/t20260324_89900474.html,guizhou_2024_物理类_score_rank.pdf,pdf_table
2024,贵州,物理类,424,424,962,116139,54.136,115178,116139,贵州省招生考试院,https://zsksy.guizhou.gov.cn/zlxz/202603/P020240625688381550083.pdf,https://zsksy.guizhou.gov.cn/zlxz/202603/t20260324_89900474.html,guizhou_2024_物理类_score_rank.pdf,pdf_table
2024,贵州,物理类,423,423,1005,117144,54.604,116140,117144,贵州省招生考试院,https://zsksy.guizhou.gov.cn/zlxz/202603/P020240625688381550083.pdf,https://zsksy.guizhou.gov.cn/zlxz/202603/t20260324_89900474.html,guizhou_2024_物理类_score_rank.pdf,pdf_table
2024,贵州,物理类,422,422,948,118092,55.046,117145,118092,贵州省招生考试院,https://zsksy.guizhou.gov.cn/zlxz/202603/P020240625688381550083.pdf,https://zsksy.guizhou.gov.cn/zlxz/202603/t20260324_89900474.html,guizhou_2024_物理类_score_rank.pdf,pdf_table
2024,贵州,物理类,421,421,912,119004,55.471,118093,119004,贵州省招生考试院,https://zsksy.guizhou.gov.cn/zlxz/202603/P020240625688381550083.pdf,https://zsksy.guizhou.gov.cn/zlxz/202603/t20260324_89900474.html,guizhou_2024_物理类_score_rank.pdf,pdf_table
2024,贵州,物理类,420,420,1013,120017,55.943,119005,120017,贵州省招生考试院,https://zsksy.guizhou.gov.cn/zlxz/202603/P020240625688381550083.pdf,https://zsksy.guizhou.gov.cn/zlxz/202603/t20260324_89900474.html,guizhou_2024_物理类_score_rank.pdf,pdf_table
2024,贵州,物理类,419,419,982,120999,56.401,120018,120999,贵州省招生考试院,https://zsksy.guizhou.gov.cn/zlxz/202603/P020240625688381550083.pdf,https://zsksy.guizhou.gov.cn/zlxz/202603/t20260324_89900474.html,guizhou_2024_物理类_score_rank.pdf,pdf_table
2024,贵州,物理类,418,418,948,121947,56.843,121000,121947,贵州省招生考试院,https://zsksy.guizhou.gov.cn/zlxz/202603/P020240625688381550083.pdf,https://zsksy.guizhou.gov.cn/zlxz/202603/t20260324_89900474.html,guizhou_2024_物理类_score_rank.pdf,pdf_table
2024,贵州,物理类,417,417,914,122861,57.269,121948,122861,贵州省招生考试院,https://zsksy.guizhou.gov.cn/zlxz/202603/P020240625688381550083.pdf,https://zsksy.guizhou.gov.cn/zlxz/202603/t20260324_89900474.html,guizhou_2024_物理类_score_rank.pdf,pdf_table
2024,贵州,物理类,416,416,949,123810,57.711,122862,123810,贵州省招生考试院,https://zsksy.guizhou.gov.cn/zlxz/202603/P020240625688381550083.pdf,https://zsksy.guizhou.gov.cn/zlxz/202603/t20260324_89900474.html,guizhou_2024_物理类_score_rank.pdf,pdf_table
2024,贵州,物理类,415,415,926,124736,58.143,123811,124736,贵州省招生考试院,https://zsksy.guizhou.gov.cn/zlxz/202603/P020240625688381550083.pdf,https://zsksy.guizhou.gov.cn/zlxz/202603/t20260324_89900474.html,guizhou_2024_物理类_score_rank.pdf,pdf_table
2024,贵州,物理类,414,414,1009,125745,58.613,124737,125745,贵州省招生考试院,https://zsksy.guizhou.gov.cn/zlxz/202603/P020240625688381550083.pdf,https://zsksy.guizhou.gov.cn/zlxz/202603/t20260324_89900474.html,guizhou_2024_物理类_score_rank.pdf,pdf_table
2024,贵州,物理类,413,413,967,126712,59.064,125746,126712,贵州省招生考试院,https://zsksy.guizhou.gov.cn/zlxz/202603/P020240625688381550083.pdf,https://zsksy.guizhou.gov.cn/zlxz/202603/t20260324_89900474.html,guizhou_2024_物理类_score_rank.pdf,pdf_table
2024,贵州,物理类,412,412,919,127631,59.492,126713,127631,贵州省招生考试院,https://zsksy.guizhou.gov.cn/zlxz/202603/P020240625688381550083.pdf,https://zsksy.guizhou.gov.cn/zlxz/202603/t20260324_89900474.html,guizhou_2024_物理类_score_rank.pdf,pdf_table
2024,贵州,物理类,411,411,927,128558,59.925,127632,128558,贵州省招生考试院,https://zsksy.guizhou.gov.cn/zlxz/202603/P020240625688381550083.pdf,https://zsksy.guizhou.gov.cn/zlxz/202603/t20260324_89900474.html,guizhou_2024_物理类_score_rank.pdf,pdf_table
2024,贵州,物理类,410,410,906,129464,60.347,128559,129464,贵州省招生考试院,https://zsksy.guizhou.gov.cn/zlxz/202603/P020240625688381550083.pdf,https://zsksy.guizhou.gov.cn/zlxz/202603/t20260324_89900474.html,guizhou_2024_物理类_score_rank.pdf,pdf_table
2024,贵州,物理类,409,409,939,130403,60.785,129465,130403,贵州省招生考试院,https://zsksy.guizhou.gov.cn/zlxz/202603/P020240625688381550083.pdf,https://zsksy.guizhou.gov.cn/zlxz/202603/t20260324_89900474.html,guizhou_2024_物理类_score_rank.pdf,pdf_table
2024,贵州,物理类,408,408,917,131320,61.212,130404,131320,贵州省招生考试院,https://zsksy.guizhou.gov.cn/zlxz/202603/P020240625688381550083.pdf,https://zsksy.guizhou.gov.cn/zlxz/202603/t20260324_89900474.html,guizhou_2024_物理类_score_rank.pdf,pdf_table
2024,贵州,物理类,407,407,912,132232,61.637,131321,132232,贵州省招生考试院,https://zsksy.guizhou.gov.cn/zlxz/202603/P020240625688381550083.pdf,https://zsksy.guizhou.gov.cn/zlxz/202603/t20260324_89900474.html,guizhou_2024_物理类_score_rank.pdf,pdf_table
2024,贵州,物理类,406,406,876,133108,62.045,132233,133108,贵州省招生考试院,https://zsksy.guizhou.gov.cn/zlxz/202603/P020240625688381550083.pdf,https://zsksy.guizhou.gov.cn/zlxz/202603/t20260324_89900474.html,guizhou_2024_物理类_score_rank.pdf,pdf_table
2024,贵州,物理类,405,405,935,134043,62.481,133109,134043,贵州省招生考试院,https://zsksy.guizhou.gov.cn/zlxz/202603/P020240625688381550083.pdf,https://zsksy.guizhou.gov.cn/zlxz/202603/t20260324_89900474.html,guizhou_2024_物理类_score_rank.pdf,pdf_table
2024,贵州,物理类,404,404,892,134935,62.897,134044,134935,贵州省招生考试院,https://zsksy.guizhou.gov.cn/zlxz/202603/P020240625688381550083.pdf,https://zsksy.guizhou.gov.cn/zlxz/202603/t20260324_89900474.html,guizhou_2024_物理类_score_rank.pdf,pdf_table
2024,贵州,物理类,403,403,937,135872,63.334,134936,135872,贵州省招生考试院,https://zsksy.guizhou.gov.cn/zlxz/202603/P020240625688381550083.pdf,https://zsksy.guizhou.gov.cn/zlxz/202603/t20260324_89900474.html,guizhou_2024_物理类_score_rank.pdf,pdf_table
2024,贵州,物理类,402,402,880,136752,63.744,135873,136752,贵州省招生考试院,https://zsksy.guizhou.gov.cn/zlxz/202603/P020240625688381550083.pdf,https://zsksy.guizhou.gov.cn/zlxz/202603/t20260324_89900474.html,guizhou_2024_物理类_score_rank.pdf,pdf_table
2024,贵州,物理类,401,401,941,137693,64.183,136753,137693,贵州省招生考试院,https://zsksy.guizhou.gov.cn/zlxz/202603/P020240625688381550083.pdf,https://zsksy.guizhou.gov.cn/zlxz/202603/t20260324_89900474.html,guizhou_2024_物理类_score_rank.pdf,pdf_table
2024,贵州,物理类,400,400,872,138565,64.589,137694,138565,贵州省招生考试院,https://zsksy.guizhou.gov.cn/zlxz/202603/P020240625688381550083.pdf,https://zsksy.guizhou.gov.cn/zlxz/202603/t20260324_89900474.html,guizhou_2024_物理类_score_rank.pdf,pdf_table
2024,贵州,物理类,399,399,897,139462,65.007,138566,139462,贵州省招生考试院,https://zsksy.guizhou.gov.cn/zlxz/202603/P020240625688381550083.pdf,https://zsksy.guizhou.gov.cn/zlxz/202603/t20260324_89900474.html,guizhou_2024_物理类_score_rank.pdf,pdf_table
2024,贵州,物理类,398,398,892,140354,65.423,139463,140354,贵州省招生考试院,https://zsksy.guizhou.gov.cn/zlxz/202603/P020240625688381550083.pdf,https://zsksy.guizhou.gov.cn/zlxz/202603/t20260324_89900474.html,guizhou_2024_物理类_score_rank.pdf,pdf_table
2024,贵州,物理类,397,397,889,141243,65.837,140355,141243,贵州省招生考试院,https://zsksy.guizhou.gov.cn/zlxz/202603/P020240625688381550083.pdf,https://zsksy.guizhou.gov.cn/zlxz/202603/t20260324_89900474.html,guizhou_2024_物理类_score_rank.pdf,pdf_table
2024,贵州,物理类,396,396,938,142181,66.275,141244,142181,贵州省招生考试院,https://zsksy.guizhou.gov.cn/zlxz/202603/P020240625688381550083.pdf,https://zsksy.guizhou.gov.cn/zlxz/202603/t20260324_89900474.html,guizhou_2024_物理类_score_rank.pdf,pdf_table
2024,贵州,物理类,395,395,869,143050,66.68,142182,143050,贵州省招生考试院,https://zsksy.guizhou.gov.cn/zlxz/202603/P020240625688381550083.pdf,https://zsksy.guizhou.gov.cn/zlxz/202603/t20260324_89900474.html,guizhou_2024_物理类_score_rank.pdf,pdf_table
2024,贵州,物理类,394,394,870,143920,67.085,143051,143920,贵州省招生考试院,https://zsksy.guizhou.gov.cn/zlxz/202603/P020240625688381550083.pdf,https://zsksy.guizhou.gov.cn/zlxz/202603/t20260324_89900474.html,guizhou_2024_物理类_score_rank.pdf,pdf_table
2024,贵州,物理类,393,393,900,144820,67.505,143921,144820,贵州省招生考试院,https://zsksy.guizhou.gov.cn/zlxz/202603/P020240625688381550083.pdf,https://zsksy.guizhou.gov.cn/zlxz/202603/t20260324_89900474.html,guizhou_2024_物理类_score_rank.pdf,pdf_table
2024,贵州,物理类,392,392,847,145667,67.9,144821,145667,贵州省招生考试院,https://zsksy.guizhou.gov.cn/zlxz/202603/P020240625688381550083.pdf,https://zsksy.guizhou.gov.cn/zlxz/202603/t20260324_89900474.html,guizhou_2024_物理类_score_rank.pdf,pdf_table
2024,贵州,物理类,391,391,864,146531,68.302,145668,146531,贵州省招生考试院,https://zsksy.guizhou.gov.cn/zlxz/202603/P020240625688381550083.pdf,https://zsksy.guizhou.gov.cn/zlxz/202603/t20260324_89900474.html,guizhou_2024_物理类_score_rank.pdf,pdf_table
2024,贵州,物理类,390,390,850,147381,68.699,146532,147381,贵州省招生考试院,https://zsksy.guizhou.gov.cn/zlxz/202603/P020240625688381550083.pdf,https://zsksy.guizhou.gov.cn/zlxz/202603/t20260324_89900474.html,guizhou_2024_物理类_score_rank.pdf,pdf_table
2024,贵州,物理类,389,389,856,148237,69.098,147382,148237,贵州省招生考试院,https://zsksy.guizhou.gov.cn/zlxz/202603/P020240625688381550083.pdf,https://zsksy.guizhou.gov.cn/zlxz/202603/t20260324_89900474.html,guizhou_2024_物理类_score_rank.pdf,pdf_table
2024,贵州,物理类,388,388,852,149089,69.495,148238,149089,贵州省招生考试院,https://zsksy.guizhou.gov.cn/zlxz/202603/P020240625688381550083.pdf,https://zsksy.guizhou.gov.cn/zlxz/202603/t20260324_89900474.html,guizhou_2024_物理类_score_rank.pdf,pdf_table
2024,贵州,物理类,387,387,893,149982,69.911,149090,149982,贵州省招生考试院,https://zsksy.guizhou.gov.cn/zlxz/202603/P020240625688381550083.pdf,https://zsksy.guizhou.gov.cn/zlxz/202603/t20260324_89900474.html,guizhou_2024_物理类_score_rank.pdf,pdf_table
2024,贵州,物理类,386,386,868,150850,70.316,149983,150850,贵州省招生考试院,https://zsksy.guizhou.gov.cn/zlxz/202603/P020240625688381550083.pdf,https://zsksy.guizhou.gov.cn/zlxz/202603/t20260324_89900474.html,guizhou_2024_物理类_score_rank.pdf,pdf_table
2024,贵州,物理类,385,385,810,151660,70.693,150851,151660,贵州省招生考试院,https://zsksy.guizhou.gov.cn/zlxz/202603/P020240625688381550083.pdf,https://zsksy.guizhou.gov.cn/zlxz/202603/t20260324_89900474.html,guizhou_2024_物理类_score_rank.pdf,pdf_table
2024,贵州,物理类,384,384,822,152482,71.076,151661,152482,贵州省招生考试院,https://zsksy.guizhou.gov.cn/zlxz/202603/P020240625688381550083.pdf,https://zsksy.guizhou.gov.cn/zlxz/202603/t20260324_89900474.html,guizhou_2024_物理类_score_rank.pdf,pdf_table
2024,贵州,物理类,383,383,804,153286,71.451,152483,153286,贵州省招生考试院,https://zsksy.guizhou.gov.cn/zlxz/202603/P020240625688381550083.pdf,https://zsksy.guizhou.gov.cn/zlxz/202603/t20260324_89900474.html,guizhou_2024_物理类_score_rank.pdf,pdf_table
2024,贵州,物理类,382,382,836,154122,71.841,153287,154122,贵州省招生考试院,https://zsksy.guizhou.gov.cn/zlxz/202603/P020240625688381550083.pdf,https://zsksy.guizhou.gov.cn/zlxz/202603/t20260324_89900474.html,guizhou_2024_物理类_score_rank.pdf,pdf_table
2024,贵州,物理类,381,381,851,154973,72.237,154123,154973,贵州省招生考试院,https://zsksy.guizhou.gov.cn/zlxz/202603/P020240625688381550083.pdf,https://zsksy.guizhou.gov.cn/zlxz/202603/t20260324_89900474.html,guizhou_2024_物理类_score_rank.pdf,pdf_table
2024,贵州,物理类,380,380,826,155799,72.622,154974,155799,贵州省招生考试院,https://zsksy.guizhou.gov.cn/zlxz/202603/P020240625688381550083.pdf,https://zsksy.guizhou.gov.cn/zlxz/202603/t20260324_89900474.html,guizhou_2024_物理类_score_rank.pdf,pdf_table
2024,贵州,物理类,379,379,822,156621,73.006,155800,156621,贵州省招生考试院,https://zsksy.guizhou.gov.cn/zlxz/202603/P020240625688381550083.pdf,https://zsksy.guizhou.gov.cn/zlxz/202603/t20260324_89900474.html,guizhou_2024_物理类_score_rank.pdf,pdf_table
2024,贵州,物理类,378,378,772,157393,73.365,156622,157393,贵州省招生考试院,https://zsksy.guizhou.gov.cn/zlxz/202603/P020240625688381550083.pdf,https://zsksy.guizhou.gov.cn/zlxz/202603/t20260324_89900474.html,guizhou_2024_物理类_score_rank.pdf,pdf_table
2024,贵州,物理类,377,377,806,158199,73.741,157394,158199,贵州省招生考试院,https://zsksy.guizhou.gov.cn/zlxz/202603/P020240625688381550083.pdf,https://zsksy.guizhou.gov.cn/zlxz/202603/t20260324_89900474.html,guizhou_2024_物理类_score_rank.pdf,pdf_table
2024,贵州,物理类,376,376,710,158909,74.072,158200,158909,贵州省招生考试院,https://zsksy.guizhou.gov.cn/zlxz/202603/P020240625688381550083.pdf,https://zsksy.guizhou.gov.cn/zlxz/202603/t20260324_89900474.html,guizhou_2024_物理类_score_rank.pdf,pdf_table
2024,贵州,物理类,375,375,773,159682,74.432,158910,159682,贵州省招生考试院,https://zsksy.guizhou.gov.cn/zlxz/202603/P020240625688381550083.pdf,https://zsksy.guizhou.gov.cn/zlxz/202603/t20260324_89900474.html,guizhou_2024_物理类_score_rank.pdf,pdf_table
2024,贵州,物理类,374,374,787,160469,74.799,159683,160469,贵州省招生考试院,https://zsksy.guizhou.gov.cn/zlxz/202603/P020240625688381550083.pdf,https://zsksy.guizhou.gov.cn/zlxz/202603/t20260324_89900474.html,guizhou_2024_物理类_score_rank.pdf,pdf_table
2024,贵州,物理类,373,373,735,161204,75.142,160470,161204,贵州省招生考试院,https://zsksy.guizhou.gov.cn/zlxz/202603/P020240625688381550083.pdf,https://zsksy.guizhou.gov.cn/zlxz/202603/t20260324_89900474.html,guizhou_2024_物理类_score_rank.pdf,pdf_table
2024,贵州,物理类,372,372,701,161905,75.469,161205,161905,贵州省招生考试院,https://zsksy.guizhou.gov.cn/zlxz/202603/P020240625688381550083.pdf,https://zsksy.guizhou.gov.cn/zlxz/202603/t20260324_89900474.html,guizhou_2024_物理类_score_rank.pdf,pdf_table
2024,贵州,物理类,371,371,806,162711,75.844,161906,162711,贵州省招生考试院,https://zsksy.guizhou.gov.cn/zlxz/202603/P020240625688381550083.pdf,https://zsksy.guizhou.gov.cn/zlxz/202603/t20260324_89900474.html,guizhou_2024_物理类_score_rank.pdf,pdf_table
2024,贵州,物理类,370,370,758,163469,76.198,162712,163469,贵州省招生考试院,https://zsksy.guizhou.gov.cn/zlxz/202603/P020240625688381550083.pdf,https://zsksy.guizhou.gov.cn/zlxz/202603/t20260324_89900474.html,guizhou_2024_物理类_score_rank.pdf,pdf_table
2024,贵州,物理类,369,369,706,164175,76.527,163470,164175,贵州省招生考试院,https://zsksy.guizhou.gov.cn/zlxz/202603/P020240625688381550083.pdf,https://zsksy.guizhou.gov.cn/zlxz/202603/t20260324_89900474.html,guizhou_2024_物理类_score_rank.pdf,pdf_table
2024,贵州,物理类,368,368,749,164924,76.876,164176,164924,贵州省招生考试院,https://zsksy.guizhou.gov.cn/zlxz/202603/P020240625688381550083.pdf,https://zsksy.guizhou.gov.cn/zlxz/202603/t20260324_89900474.html,guizhou_2024_物理类_score_rank.pdf,pdf_table
2024,贵州,物理类,367,367,714,165638,77.209,164925,165638,贵州省招生考试院,https://zsksy.guizhou.gov.cn/zlxz/202603/P020240625688381550083.pdf,https://zsksy.guizhou.gov.cn/zlxz/202603/t20260324_89900474.html,guizhou_2024_物理类_score_rank.pdf,pdf_table
2024,贵州,物理类,366,366,687,166325,77.529,165639,166325,贵州省招生考试院,https://zsksy.guizhou.gov.cn/zlxz/202603/P020240625688381550083.pdf,https://zsksy.guizhou.gov.cn/zlxz/202603/t20260324_89900474.html,guizhou_2024_物理类_score_rank.pdf,pdf_table
2024,贵州,物理类,365,365,733,167058,77.871,166326,167058,贵州省招生考试院,https://zsksy.guizhou.gov.cn/zlxz/202603/P020240625688381550083.pdf,https://zsksy.guizhou.gov.cn/zlxz/202603/t20260324_89900474.html,guizhou_2024_物理类_score_rank.pdf,pdf_table
2024,贵州,物理类,364,364,700,167758,78.197,167059,167758,贵州省招生考试院,https://zsksy.guizhou.gov.cn/zlxz/202603/P020240625688381550083.pdf,https://zsksy.guizhou.gov.cn/zlxz/202603/t20260324_89900474.html,guizhou_2024_物理类_score_rank.pdf,pdf_table
2024,贵州,物理类,363,363,657,168415,78.503,167759,168415,贵州省招生考试院,https://zsksy.guizhou.gov.cn/zlxz/202603/P020240625688381550083.pdf,https://zsksy.guizhou.gov.cn/zlxz/202603/t20260324_89900474.html,guizhou_2024_物理类_score_rank.pdf,pdf_table
2024,贵州,物理类,362,362,672,169087,78.816,168416,169087,贵州省招生考试院,https://zsksy.guizhou.gov.cn/zlxz/202603/P020240625688381550083.pdf,https://zsksy.guizhou.gov.cn/zlxz/202603/t20260324_89900474.html,guizhou_2024_物理类_score_rank.pdf,pdf_table
2024,贵州,物理类,361,361,626,169713,79.108,169088,169713,贵州省招生考试院,https://zsksy.guizhou.gov.cn/zlxz/202603/P020240625688381550083.pdf,https://zsksy.guizhou.gov.cn/zlxz/202603/t20260324_89900474.html,guizhou_2024_物理类_score_rank.pdf,pdf_table
2024,贵州,物理类,360,360,626,170339,79.4,169714,170339,贵州省招生考试院,https://zsksy.guizhou.gov.cn/zlxz/202603/P020240625688381550083.pdf,https://zsksy.guizhou.gov.cn/zlxz/202603/t20260324_89900474.html,guizhou_2024_物理类_score_rank.pdf,pdf_table
2024,贵州,物理类,359,359,609,170948,79.684,170340,170948,贵州省招生考试院,https://zsksy.guizhou.gov.cn/zlxz/202603/P020240625688381550083.pdf,https://zsksy.guizhou.gov.cn/zlxz/202603/t20260324_89900474.html,guizhou_2024_物理类_score_rank.pdf,pdf_table
2024,贵州,物理类,358,358,698,171646,80.009,170949,171646,贵州省招生考试院,https://zsksy.guizhou.gov.cn/zlxz/202603/P020240625688381550083.pdf,https://zsksy.guizhou.gov.cn/zlxz/202603/t20260324_89900474.html,guizhou_2024_物理类_score_rank.pdf,pdf_table
2024,贵州,物理类,357,357,624,172270,80.3,171647,172270,贵州省招生考试院,https://zsksy.guizhou.gov.cn/zlxz/202603/P020240625688381550083.pdf,https://zsksy.guizhou.gov.cn/zlxz/202603/t20260324_89900474.html,guizhou_2024_物理类_score_rank.pdf,pdf_table
2024,贵州,物理类,356,356,674,172944,80.614,172271,172944,贵州省招生考试院,https://zsksy.guizhou.gov.cn/zlxz/202603/P020240625688381550083.pdf,https://zsksy.guizhou.gov.cn/zlxz/202603/t20260324_89900474.html,guizhou_2024_物理类_score_rank.pdf,pdf_table
2024,贵州,物理类,355,355,677,173621,80.93,172945,173621,贵州省招生考试院,https://zsksy.guizhou.gov.cn/zlxz/202603/P020240625688381550083.pdf,https://zsksy.guizhou.gov.cn/zlxz/202603/t20260324_89900474.html,guizhou_2024_物理类_score_rank.pdf,pdf_table
2024,贵州,物理类,354,354,638,174259,81.227,173622,174259,贵州省招生考试院,https://zsksy.guizhou.gov.cn/zlxz/202603/P020240625688381550083.pdf,https://zsksy.guizhou.gov.cn/zlxz/202603/t20260324_89900474.html,guizhou_2024_物理类_score_rank.pdf,pdf_table
2024,贵州,物理类,353,353,643,174902,81.527,174260,174902,贵州省招生考试院,https://zsksy.guizhou.gov.cn/zlxz/202603/P020240625688381550083.pdf,https://zsksy.guizhou.gov.cn/zlxz/202603/t20260324_89900474.html,guizhou_2024_物理类_score_rank.pdf,pdf_table
2024,贵州,物理类,352,352,616,175518,81.814,174903,175518,贵州省招生考试院,https://zsksy.guizhou.gov.cn/zlxz/202603/P020240625688381550083.pdf,https://zsksy.guizhou.gov.cn/zlxz/202603/t20260324_89900474.html,guizhou_2024_物理类_score_rank.pdf,pdf_table
2024,贵州,物理类,351,351,583,176101,82.086,175519,176101,贵州省招生考试院,https://zsksy.guizhou.gov.cn/zlxz/202603/P020240625688381550083.pdf,https://zsksy.guizhou.gov.cn/zlxz/202603/t20260324_89900474.html,guizhou_2024_物理类_score_rank.pdf,pdf_table
2024,贵州,物理类,350,350,631,176732,82.38,176102,176732,贵州省招生考试院,https://zsksy.guizhou.gov.cn/zlxz/202603/P020240625688381550083.pdf,https://zsksy.guizhou.gov.cn/zlxz/202603/t20260324_89900474.html,guizhou_2024_物理类_score_rank.pdf,pdf_table
2024,贵州,物理类,349,349,583,177315,82.652,176733,177315,贵州省招生考试院,https://zsksy.guizhou.gov.cn/zlxz/202603/P020240625688381550083.pdf,https://zsksy.guizhou.gov.cn/zlxz/202603/t20260324_89900474.html,guizhou_2024_物理类_score_rank.pdf,pdf_table
2024,贵州,物理类,348,348,594,177909,82.929,177316,177909,贵州省招生考试院,https://zsksy.guizhou.gov.cn/zlxz/202603/P020240625688381550083.pdf,https://zsksy.guizhou.gov.cn/zlxz/202603/t20260324_89900474.html,guizhou_2024_物理类_score_rank.pdf,pdf_table
2024,贵州,物理类,347,347,613,178522,83.214,177910,178522,贵州省招生考试院,https://zsksy.guizhou.gov.cn/zlxz/202603/P020240625688381550083.pdf,https://zsksy.guizhou.gov.cn/zlxz/202603/t20260324_89900474.html,guizhou_2024_物理类_score_rank.pdf,pdf_table
2024,贵州,物理类,346,346,636,179158,83.511,178523,179158,贵州省招生考试院,https://zsksy.guizhou.gov.cn/zlxz/202603/P020240625688381550083.pdf,https://zsksy.guizhou.gov.cn/zlxz/202603/t20260324_89900474.html,guizhou_2024_物理类_score_rank.pdf,pdf_table
2024,贵州,物理类,345,345,559,179717,83.771,179159,179717,贵州省招生考试院,https://zsksy.guizhou.gov.cn/zlxz/202603/P020240625688381550083.pdf,https://zsksy.guizhou.gov.cn/zlxz/202603/t20260324_89900474.html,guizhou_2024_物理类_score_rank.pdf,pdf_table
2024,贵州,物理类,344,344,497,180214,84.003,179718,180214,贵州省招生考试院,https://zsksy.guizhou.gov.cn/zlxz/202603/P020240625688381550083.pdf,https://zsksy.guizhou.gov.cn/zlxz/202603/t20260324_89900474.html,guizhou_2024_物理类_score_rank.pdf,pdf_table
2024,贵州,物理类,343,343,546,180760,84.257,180215,180760,贵州省招生考试院,https://zsksy.guizhou.gov.cn/zlxz/202603/P020240625688381550083.pdf,https://zsksy.guizhou.gov.cn/zlxz/202603/t20260324_89900474.html,guizhou_2024_物理类_score_rank.pdf,pdf_table
2024,贵州,物理类,342,342,566,181326,84.521,180761,181326,贵州省招生考试院,https://zsksy.guizhou.gov.cn/zlxz/202603/P020240625688381550083.pdf,https://zsksy.guizhou.gov.cn/zlxz/202603/t20260324_89900474.html,guizhou_2024_物理类_score_rank.pdf,pdf_table
2024,贵州,物理类,341,341,549,181875,84.777,181327,181875,贵州省招生考试院,https://zsksy.guizhou.gov.cn/zlxz/202603/P020240625688381550083.pdf,https://zsksy.guizhou.gov.cn/zlxz/202603/t20260324_89900474.html,guizhou_2024_物理类_score_rank.pdf,pdf_table
2024,贵州,物理类,340,340,536,182411,85.027,181876,182411,贵州省招生考试院,https://zsksy.guizhou.gov.cn/zlxz/202603/P020240625688381550083.pdf,https://zsksy.guizhou.gov.cn/zlxz/202603/t20260324_89900474.html,guizhou_2024_物理类_score_rank.pdf,pdf_table
2024,贵州,物理类,339,339,527,182938,85.273,182412,182938,贵州省招生考试院,https://zsksy.guizhou.gov.cn/zlxz/202603/P020240625688381550083.pdf,https://zsksy.guizhou.gov.cn/zlxz/202603/t20260324_89900474.html,guizhou_2024_物理类_score_rank.pdf,pdf_table
2024,贵州,物理类,338,338,541,183479,85.525,182939,183479,贵州省招生考试院,https://zsksy.guizhou.gov.cn/zlxz/202603/P020240625688381550083.pdf,https://zsksy.guizhou.gov.cn/zlxz/202603/t20260324_89900474.html,guizhou_2024_物理类_score_rank.pdf,pdf_table
2024,贵州,物理类,337,337,491,183970,85.754,183480,183970,贵州省招生考试院,https://zsksy.guizhou.gov.cn/zlxz/202603/P020240625688381550083.pdf,https://zsksy.guizhou.gov.cn/zlxz/202603/t20260324_89900474.html,guizhou_2024_物理类_score_rank.pdf,pdf_table
2024,贵州,物理类,336,336,515,184485,85.994,183971,184485,贵州省招生考试院,https://zsksy.guizhou.gov.cn/zlxz/202603/P020240625688381550083.pdf,https://zsksy.guizhou.gov.cn/zlxz/202603/t20260324_89900474.html,guizhou_2024_物理类_score_rank.pdf,pdf_table
2024,贵州,物理类,335,335,508,184993,86.231,184486,184993,贵州省招生考试院,https://zsksy.guizhou.gov.cn/zlxz/202603/P020240625688381550083.pdf,https://zsksy.guizhou.gov.cn/zlxz/202603/t20260324_89900474.html,guizhou_2024_物理类_score_rank.pdf,pdf_table
2024,贵州,物理类,334,334,539,185532,86.482,184994,185532,贵州省招生考试院,https://zsksy.guizhou.gov.cn/zlxz/202603/P020240625688381550083.pdf,https://zsksy.guizhou.gov.cn/zlxz/202603/t20260324_89900474.html,guizhou_2024_物理类_score_rank.pdf,pdf_table
2024,贵州,物理类,333,333,510,186042,86.72,185533,186042,贵州省招生考试院,https://zsksy.guizhou.gov.cn/zlxz/202603/P020240625688381550083.pdf,https://zsksy.guizhou.gov.cn/zlxz/202603/t20260324_89900474.html,guizhou_2024_物理类_score_rank.pdf,pdf_table
2024,贵州,物理类,332,332,478,186520,86.942,186043,186520,贵州省招生考试院,https://zsksy.guizhou.gov.cn/zlxz/202603/P020240625688381550083.pdf,https://zsksy.guizhou.gov.cn/zlxz/202603/t20260324_89900474.html,guizhou_2024_物理类_score_rank.pdf,pdf_table
2024,贵州,物理类,331,331,459,186979,87.156,186521,186979,贵州省招生考试院,https://zsksy.guizhou.gov.cn/zlxz/202603/P020240625688381550083.pdf,https://zsksy.guizhou.gov.cn/zlxz/202603/t20260324_89900474.html,guizhou_2024_物理类_score_rank.pdf,pdf_table
2024,贵州,物理类,330,330,490,187469,87.385,186980,187469,贵州省招生考试院,https://zsksy.guizhou.gov.cn/zlxz/202603/P020240625688381550083.pdf,https://zsksy.guizhou.gov.cn/zlxz/202603/t20260324_89900474.html,guizhou_2024_物理类_score_rank.pdf,pdf_table
2024,贵州,物理类,329,329,519,187988,87.627,187470,187988,贵州省招生考试院,https://zsksy.guizhou.gov.cn/zlxz/202603/P020240625688381550083.pdf,https://zsksy.guizhou.gov.cn/zlxz/202603/t20260324_89900474.html,guizhou_2024_物理类_score_rank.pdf,pdf_table
2024,贵州,物理类,328,328,479,188467,87.85,187989,188467,贵州省招生考试院,https://zsksy.guizhou.gov.cn/zlxz/202603/P020240625688381550083.pdf,https://zsksy.guizhou.gov.cn/zlxz/202603/t20260324_89900474.html,guizhou_2024_物理类_score_rank.pdf,pdf_table
2024,贵州,物理类,327,327,463,188930,88.066,188468,188930,贵州省招生考试院,https://zsksy.guizhou.gov.cn/zlxz/202603/P020240625688381550083.pdf,https://zsksy.guizhou.gov.cn/zlxz/202603/t20260324_89900474.html,guizhou_2024_物理类_score_rank.pdf,pdf_table
2024,贵州,物理类,326,326,439,189369,88.27,188931,189369,贵州省招生考试院,https://zsksy.guizhou.gov.cn/zlxz/202603/P020240625688381550083.pdf,https://zsksy.guizhou.gov.cn/zlxz/202603/t20260324_89900474.html,guizhou_2024_物理类_score_rank.pdf,pdf_table
2024,贵州,物理类,325,325,420,189789,88.466,189370,189789,贵州省招生考试院,https://zsksy.guizhou.gov.cn/zlxz/202603/P020240625688381550083.pdf,https://zsksy.guizhou.gov.cn/zlxz/202603/t20260324_89900474.html,guizhou_2024_物理类_score_rank.pdf,pdf_table
2024,贵州,物理类,324,324,466,190255,88.683,189790,190255,贵州省招生考试院,https://zsksy.guizhou.gov.cn/zlxz/202603/P020240625688381550083.pdf,https://zsksy.guizhou.gov.cn/zlxz/202603/t20260324_89900474.html,guizhou_2024_物理类_score_rank.pdf,pdf_table
2024,贵州,物理类,323,323,446,190701,88.891,190256,190701,贵州省招生考试院,https://zsksy.guizhou.gov.cn/zlxz/202603/P020240625688381550083.pdf,https://zsksy.guizhou.gov.cn/zlxz/202603/t20260324_89900474.html,guizhou_2024_物理类_score_rank.pdf,pdf_table
2024,贵州,物理类,322,322,443,191144,89.098,190702,191144,贵州省招生考试院,https://zsksy.guizhou.gov.cn/zlxz/202603/P020240625688381550083.pdf,https://zsksy.guizhou.gov.cn/zlxz/202603/t20260324_89900474.html,guizhou_2024_物理类_score_rank.pdf,pdf_table
2024,贵州,物理类,321,321,500,191644,89.331,191145,191644,贵州省招生考试院,https://zsksy.guizhou.gov.cn/zlxz/202603/P020240625688381550083.pdf,https://zsksy.guizhou.gov.cn/zlxz/202603/t20260324_89900474.html,guizhou_2024_物理类_score_rank.pdf,pdf_table
2024,贵州,物理类,320,320,477,192121,89.553,191645,192121,贵州省招生考试院,https://zsksy.guizhou.gov.cn/zlxz/202603/P020240625688381550083.pdf,https://zsksy.guizhou.gov.cn/zlxz/202603/t20260324_89900474.html,guizhou_2024_物理类_score_rank.pdf,pdf_table
2024,贵州,物理类,319,319,394,192515,89.737,192122,192515,贵州省招生考试院,https://zsksy.guizhou.gov.cn/zlxz/202603/P020240625688381550083.pdf,https://zsksy.guizhou.gov.cn/zlxz/202603/t20260324_89900474.html,guizhou_2024_物理类_score_rank.pdf,pdf_table
2024,贵州,物理类,318,318,433,192948,89.939,192516,192948,贵州省招生考试院,https://zsksy.guizhou.gov.cn/zlxz/202603/P020240625688381550083.pdf,https://zsksy.guizhou.gov.cn/zlxz/202603/t20260324_89900474.html,guizhou_2024_物理类_score_rank.pdf,pdf_table
2024,贵州,物理类,317,317,443,193391,90.145,192949,193391,贵州省招生考试院,https://zsksy.guizhou.gov.cn/zlxz/202603/P020240625688381550083.pdf,https://zsksy.guizhou.gov.cn/zlxz/202603/t20260324_89900474.html,guizhou_2024_物理类_score_rank.pdf,pdf_table
2024,贵州,物理类,316,316,350,193741,90.308,193392,193741,贵州省招生考试院,https://zsksy.guizhou.gov.cn/zlxz/202603/P020240625688381550083.pdf,https://zsksy.guizhou.gov.cn/zlxz/202603/t20260324_89900474.html,guizhou_2024_物理类_score_rank.pdf,pdf_table
2024,贵州,物理类,315,315,416,194157,90.502,193742,194157,贵州省招生考试院,https://zsksy.guizhou.gov.cn/zlxz/202603/P020240625688381550083.pdf,https://zsksy.guizhou.gov.cn/zlxz/202603/t20260324_89900474.html,guizhou_2024_物理类_score_rank.pdf,pdf_table
2024,贵州,物理类,314,314,400,194557,90.689,194158,194557,贵州省招生考试院,https://zsksy.guizhou.gov.cn/zlxz/202603/P020240625688381550083.pdf,https://zsksy.guizhou.gov.cn/zlxz/202603/t20260324_89900474.html,guizhou_2024_物理类_score_rank.pdf,pdf_table
2024,贵州,物理类,313,313,394,194951,90.872,194558,194951,贵州省招生考试院,https://zsksy.guizhou.gov.cn/zlxz/202603/P020240625688381550083.pdf,https://zsksy.guizhou.gov.cn/zlxz/202603/t20260324_89900474.html,guizhou_2024_物理类_score_rank.pdf,pdf_table
2024,贵州,物理类,312,312,370,195321,91.045,194952,195321,贵州省招生考试院,https://zsksy.guizhou.gov.cn/zlxz/202603/P020240625688381550083.pdf,https://zsksy.guizhou.gov.cn/zlxz/202603/t20260324_89900474.html,guizhou_2024_物理类_score_rank.pdf,pdf_table
2024,贵州,物理类,311,311,400,195721,91.231,195322,195721,贵州省招生考试院,https://zsksy.guizhou.gov.cn/zlxz/202603/P020240625688381550083.pdf,https://zsksy.guizhou.gov.cn/zlxz/202603/t20260324_89900474.html,guizhou_2024_物理类_score_rank.pdf,pdf_table
2024,贵州,物理类,310,310,357,196078,91.398,195722,196078,贵州省招生考试院,https://zsksy.guizhou.gov.cn/zlxz/202603/P020240625688381550083.pdf,https://zsksy.guizhou.gov.cn/zlxz/202603/t20260324_89900474.html,guizhou_2024_物理类_score_rank.pdf,pdf_table
2024,贵州,物理类,309,309,360,196438,91.565,196079,196438,贵州省招生考试院,https://zsksy.guizhou.gov.cn/zlxz/202603/P020240625688381550083.pdf,https://zsksy.guizhou.gov.cn/zlxz/202603/t20260324_89900474.html,guizhou_2024_物理类_score_rank.pdf,pdf_table
2024,贵州,物理类,308,308,356,196794,91.731,196439,196794,贵州省招生考试院,https://zsksy.guizhou.gov.cn/zlxz/202603/P020240625688381550083.pdf,https://zsksy.guizhou.gov.cn/zlxz/202603/t20260324_89900474.html,guizhou_2024_物理类_score_rank.pdf,pdf_table
2024,贵州,物理类,307,307,366,197160,91.902,196795,197160,贵州省招生考试院,https://zsksy.guizhou.gov.cn/zlxz/202603/P020240625688381550083.pdf,https://zsksy.guizhou.gov.cn/zlxz/202603/t20260324_89900474.html,guizhou_2024_物理类_score_rank.pdf,pdf_table
2024,贵州,物理类,306,306,359,197519,92.069,197161,197519,贵州省招生考试院,https://zsksy.guizhou.gov.cn/zlxz/202603/P020240625688381550083.pdf,https://zsksy.guizhou.gov.cn/zlxz/202603/t20260324_89900474.html,guizhou_2024_物理类_score_rank.pdf,pdf_table
2024,贵州,物理类,305,305,340,197859,92.228,197520,197859,贵州省招生考试院,https://zsksy.guizhou.gov.cn/zlxz/202603/P020240625688381550083.pdf,https://zsksy.guizhou.gov.cn/zlxz/202603/t20260324_89900474.html,guizhou_2024_物理类_score_rank.pdf,pdf_table
2024,贵州,物理类,304,304,321,198180,92.377,197860,198180,贵州省招生考试院,https://zsksy.guizhou.gov.cn/zlxz/202603/P020240625688381550083.pdf,https://zsksy.guizhou.gov.cn/zlxz/202603/t20260324_89900474.html,guizhou_2024_物理类_score_rank.pdf,pdf_table
2024,贵州,物理类,303,303,324,198504,92.528,198181,198504,贵州省招生考试院,https://zsksy.guizhou.gov.cn/zlxz/202603/P020240625688381550083.pdf,https://zsksy.guizhou.gov.cn/zlxz/202603/t20260324_89900474.html,guizhou_2024_物理类_score_rank.pdf,pdf_table
2024,贵州,物理类,302,302,318,198822,92.677,198505,198822,贵州省招生考试院,https://zsksy.guizhou.gov.cn/zlxz/202603/P020240625688381550083.pdf,https://zsksy.guizhou.gov.cn/zlxz/202603/t20260324_89900474.html,guizhou_2024_物理类_score_rank.pdf,pdf_table
2024,贵州,物理类,301,301,321,199143,92.826,198823,199143,贵州省招生考试院,https://zsksy.guizhou.gov.cn/zlxz/202603/P020240625688381550083.pdf,https://zsksy.guizhou.gov.cn/zlxz/202603/t20260324_89900474.html,guizhou_2024_物理类_score_rank.pdf,pdf_table
2024,贵州,物理类,300,300,286,199429,92.96,199144,199429,贵州省招生考试院,https://zsksy.guizhou.gov.cn/zlxz/202603/P020240625688381550083.pdf,https://zsksy.guizhou.gov.cn/zlxz/202603/t20260324_89900474.html,guizhou_2024_物理类_score_rank.pdf,pdf_table
2024,贵州,物理类,299,299,319,199748,93.108,199430,199748,贵州省招生考试院,https://zsksy.guizhou.gov.cn/zlxz/202603/P020240625688381550083.pdf,https://zsksy.guizhou.gov.cn/zlxz/202603/t20260324_89900474.html,guizhou_2024_物理类_score_rank.pdf,pdf_table
2024,贵州,物理类,298,298,308,200056,93.252,199749,200056,贵州省招生考试院,https://zsksy.guizhou.gov.cn/zlxz/202603/P020240625688381550083.pdf,https://zsksy.guizhou.gov.cn/zlxz/202603/t20260324_89900474.html,guizhou_2024_物理类_score_rank.pdf,pdf_table
2024,贵州,物理类,297,297,330,200386,93.406,200057,200386,贵州省招生考试院,https://zsksy.guizhou.gov.cn/zlxz/202603/P020240625688381550083.pdf,https://zsksy.guizhou.gov.cn/zlxz/202603/t20260324_89900474.html,guizhou_2024_物理类_score_rank.pdf,pdf_table
2024,贵州,物理类,296,296,320,200706,93.555,200387,200706,贵州省招生考试院,https://zsksy.guizhou.gov.cn/zlxz/202603/P020240625688381550083.pdf,https://zsksy.guizhou.gov.cn/zlxz/202603/t20260324_89900474.html,guizhou_2024_物理类_score_rank.pdf,pdf_table
2024,贵州,物理类,295,295,302,201008,93.696,200707,201008,贵州省招生考试院,https://zsksy.guizhou.gov.cn/zlxz/202603/P020240625688381550083.pdf,https://zsksy.guizhou.gov.cn/zlxz/202603/t20260324_89900474.html,guizhou_2024_物理类_score_rank.pdf,pdf_table
2024,贵州,物理类,294,294,286,201294,93.829,201009,201294,贵州省招生考试院,https://zsksy.guizhou.gov.cn/zlxz/202603/P020240625688381550083.pdf,https://zsksy.guizhou.gov.cn/zlxz/202603/t20260324_89900474.html,guizhou_2024_物理类_score_rank.pdf,pdf_table
2024,贵州,物理类,293,293,290,201584,93.964,201295,201584,贵州省招生考试院,https://zsksy.guizhou.gov.cn/zlxz/202603/P020240625688381550083.pdf,https://zsksy.guizhou.gov.cn/zlxz/202603/t20260324_89900474.html,guizhou_2024_物理类_score_rank.pdf,pdf_table
2024,贵州,物理类,292,292,277,201861,94.093,201585,201861,贵州省招生考试院,https://zsksy.guizhou.gov.cn/zlxz/202603/P020240625688381550083.pdf,https://zsksy.guizhou.gov.cn/zlxz/202603/t20260324_89900474.html,guizhou_2024_物理类_score_rank.pdf,pdf_table
2024,贵州,物理类,291,291,311,202172,94.238,201862,202172,贵州省招生考试院,https://zsksy.guizhou.gov.cn/zlxz/202603/P020240625688381550083.pdf,https://zsksy.guizhou.gov.cn/zlxz/202603/t20260324_89900474.html,guizhou_2024_物理类_score_rank.pdf,pdf_table
2024,贵州,物理类,290,290,301,202473,94.378,202173,202473,贵州省招生考试院,https://zsksy.guizhou.gov.cn/zlxz/202603/P020240625688381550083.pdf,https://zsksy.guizhou.gov.cn/zlxz/202603/t20260324_89900474.html,guizhou_2024_物理类_score_rank.pdf,pdf_table
2024,贵州,物理类,289,289,279,202752,94.509,202474,202752,贵州省招生考试院,https://zsksy.guizhou.gov.cn/zlxz/202603/P020240625688381550083.pdf,https://zsksy.guizhou.gov.cn/zlxz/202603/t20260324_89900474.html,guizhou_2024_物理类_score_rank.pdf,pdf_table
2024,贵州,物理类,288,288,280,203032,94.639,202753,203032,贵州省招生考试院,https://zsksy.guizhou.gov.cn/zlxz/202603/P020240625688381550083.pdf,https://zsksy.guizhou.gov.cn/zlxz/202603/t20260324_89900474.html,guizhou_2024_物理类_score_rank.pdf,pdf_table
2024,贵州,物理类,287,287,248,203280,94.755,203033,203280,贵州省招生考试院,https://zsksy.guizhou.gov.cn/zlxz/202603/P020240625688381550083.pdf,https://zsksy.guizhou.gov.cn/zlxz/202603/t20260324_89900474.html,guizhou_2024_物理类_score_rank.pdf,pdf_table
2024,贵州,物理类,286,286,247,203527,94.87,203281,203527,贵州省招生考试院,https://zsksy.guizhou.gov.cn/zlxz/202603/P020240625688381550083.pdf,https://zsksy.guizhou.gov.cn/zlxz/202603/t20260324_89900474.html,guizhou_2024_物理类_score_rank.pdf,pdf_table
2024,贵州,物理类,285,285,228,203755,94.976,203528,203755,贵州省招生考试院,https://zsksy.guizhou.gov.cn/zlxz/202603/P020240625688381550083.pdf,https://zsksy.guizhou.gov.cn/zlxz/202603/t20260324_89900474.html,guizhou_2024_物理类_score_rank.pdf,pdf_table
2024,贵州,物理类,284,284,246,204001,95.091,203756,204001,贵州省招生考试院,https://zsksy.guizhou.gov.cn/zlxz/202603/P020240625688381550083.pdf,https://zsksy.guizhou.gov.cn/zlxz/202603/t20260324_89900474.html,guizhou_2024_物理类_score_rank.pdf,pdf_table
2024,贵州,物理类,283,283,242,204243,95.204,204002,204243,贵州省招生考试院,https://zsksy.guizhou.gov.cn/zlxz/202603/P020240625688381550083.pdf,https://zsksy.guizhou.gov.cn/zlxz/202603/t20260324_89900474.html,guizhou_2024_物理类_score_rank.pdf,pdf_table
2024,贵州,物理类,282,282,248,204491,95.319,204244,204491,贵州省招生考试院,https://zsksy.guizhou.gov.cn/zlxz/202603/P020240625688381550083.pdf,https://zsksy.guizhou.gov.cn/zlxz/202603/t20260324_89900474.html,guizhou_2024_物理类_score_rank.pdf,pdf_table
2024,贵州,物理类,281,281,264,204755,95.442,204492,204755,贵州省招生考试院,https://zsksy.guizhou.gov.cn/zlxz/202603/P020240625688381550083.pdf,https://zsksy.guizhou.gov.cn/zlxz/202603/t20260324_89900474.html,guizhou_2024_物理类_score_rank.pdf,pdf_table
2024,贵州,物理类,280,280,251,205006,95.559,204756,205006,贵州省招生考试院,https://zsksy.guizhou.gov.cn/zlxz/202603/P020240625688381550083.pdf,https://zsksy.guizhou.gov.cn/zlxz/202603/t20260324_89900474.html,guizhou_2024_物理类_score_rank.pdf,pdf_table
2024,贵州,物理类,279,279,215,205221,95.659,205007,205221,贵州省招生考试院,https://zsksy.guizhou.gov.cn/zlxz/202603/P020240625688381550083.pdf,https://zsksy.guizhou.gov.cn/zlxz/202603/t20260324_89900474.html,guizhou_2024_物理类_score_rank.pdf,pdf_table
2024,贵州,物理类,278,278,211,205432,95.758,205222,205432,贵州省招生考试院,https://zsksy.guizhou.gov.cn/zlxz/202603/P020240625688381550083.pdf,https://zsksy.guizhou.gov.cn/zlxz/202603/t20260324_89900474.html,guizhou_2024_物理类_score_rank.pdf,pdf_table
2024,贵州,物理类,277,277,229,205661,95.865,205433,205661,贵州省招生考试院,https://zsksy.guizhou.gov.cn/zlxz/202603/P020240625688381550083.pdf,https://zsksy.guizhou.gov.cn/zlxz/202603/t20260324_89900474.html,guizhou_2024_物理类_score_rank.pdf,pdf_table
2024,贵州,物理类,276,276,218,205879,95.966,205662,205879,贵州省招生考试院,https://zsksy.guizhou.gov.cn/zlxz/202603/P020240625688381550083.pdf,https://zsksy.guizhou.gov.cn/zlxz/202603/t20260324_89900474.html,guizhou_2024_物理类_score_rank.pdf,pdf_table
2024,贵州,物理类,275,275,201,206080,96.06,205880,206080,贵州省招生考试院,https://zsksy.guizhou.gov.cn/zlxz/202603/P020240625688381550083.pdf,https://zsksy.guizhou.gov.cn/zlxz/202603/t20260324_89900474.html,guizhou_2024_物理类_score_rank.pdf,pdf_table
2024,贵州,物理类,274,274,169,206249,96.139,206081,206249,贵州省招生考试院,https://zsksy.guizhou.gov.cn/zlxz/202603/P020240625688381550083.pdf,https://zsksy.guizhou.gov.cn/zlxz/202603/t20260324_89900474.html,guizhou_2024_物理类_score_rank.pdf,pdf_table
2024,贵州,物理类,273,273,185,206434,96.225,206250,206434,贵州省招生考试院,https://zsksy.guizhou.gov.cn/zlxz/202603/P020240625688381550083.pdf,https://zsksy.guizhou.gov.cn/zlxz/202603/t20260324_89900474.html,guizhou_2024_物理类_score_rank.pdf,pdf_table
2024,贵州,物理类,272,272,207,206641,96.321,206435,206641,贵州省招生考试院,https://zsksy.guizhou.gov.cn/zlxz/202603/P020240625688381550083.pdf,https://zsksy.guizhou.gov.cn/zlxz/202603/t20260324_89900474.html,guizhou_2024_物理类_score_rank.pdf,pdf_table
2024,贵州,物理类,271,271,190,206831,96.41,206642,206831,贵州省招生考试院,https://zsksy.guizhou.gov.cn/zlxz/202603/P020240625688381550083.pdf,https://zsksy.guizhou.gov.cn/zlxz/202603/t20260324_89900474.html,guizhou_2024_物理类_score_rank.pdf,pdf_table
2024,贵州,物理类,270,270,186,207017,96.497,206832,207017,贵州省招生考试院,https://zsksy.guizhou.gov.cn/zlxz/202603/P020240625688381550083.pdf,https://zsksy.guizhou.gov.cn/zlxz/202603/t20260324_89900474.html,guizhou_2024_物理类_score_rank.pdf,pdf_table
2024,贵州,物理类,269,269,193,207210,96.587,207018,207210,贵州省招生考试院,https://zsksy.guizhou.gov.cn/zlxz/202603/P020240625688381550083.pdf,https://zsksy.guizhou.gov.cn/zlxz/202603/t20260324_89900474.html,guizhou_2024_物理类_score_rank.pdf,pdf_table
2024,贵州,物理类,268,268,164,207374,96.663,207211,207374,贵州省招生考试院,https://zsksy.guizhou.gov.cn/zlxz/202603/P020240625688381550083.pdf,https://zsksy.guizhou.gov.cn/zlxz/202603/t20260324_89900474.html,guizhou_2024_物理类_score_rank.pdf,pdf_table
2024,贵州,物理类,267,267,147,207521,96.732,207375,207521,贵州省招生考试院,https://zsksy.guizhou.gov.cn/zlxz/202603/P020240625688381550083.pdf,https://zsksy.guizhou.gov.cn/zlxz/202603/t20260324_89900474.html,guizhou_2024_物理类_score_rank.pdf,pdf_table
2024,贵州,物理类,266,266,168,207689,96.81,207522,207689,贵州省招生考试院,https://zsksy.guizhou.gov.cn/zlxz/202603/P020240625688381550083.pdf,https://zsksy.guizhou.gov.cn/zlxz/202603/t20260324_89900474.html,guizhou_2024_物理类_score_rank.pdf,pdf_table
2024,贵州,物理类,265,265,185,207874,96.896,207690,207874,贵州省招生考试院,https://zsksy.guizhou.gov.cn/zlxz/202603/P020240625688381550083.pdf,https://zsksy.guizhou.gov.cn/zlxz/202603/t20260324_89900474.html,guizhou_2024_物理类_score_rank.pdf,pdf_table
2024,贵州,物理类,264,264,161,208035,96.971,207875,208035,贵州省招生考试院,https://zsksy.guizhou.gov.cn/zlxz/202603/P020240625688381550083.pdf,https://zsksy.guizhou.gov.cn/zlxz/202603/t20260324_89900474.html,guizhou_2024_物理类_score_rank.pdf,pdf_table
2024,贵州,物理类,263,263,173,208208,97.052,208036,208208,贵州省招生考试院,https://zsksy.guizhou.gov.cn/zlxz/202603/P020240625688381550083.pdf,https://zsksy.guizhou.gov.cn/zlxz/202603/t20260324_89900474.html,guizhou_2024_物理类_score_rank.pdf,pdf_table
2024,贵州,物理类,262,262,179,208387,97.135,208209,208387,贵州省招生考试院,https://zsksy.guizhou.gov.cn/zlxz/202603/P020240625688381550083.pdf,https://zsksy.guizhou.gov.cn/zlxz/202603/t20260324_89900474.html,guizhou_2024_物理类_score_rank.pdf,pdf_table
2024,贵州,物理类,261,261,155,208542,97.207,208388,208542,贵州省招生考试院,https://zsksy.guizhou.gov.cn/zlxz/202603/P020240625688381550083.pdf,https://zsksy.guizhou.gov.cn/zlxz/202603/t20260324_89900474.html,guizhou_2024_物理类_score_rank.pdf,pdf_table
2024,贵州,物理类,260,260,165,208707,97.284,208543,208707,贵州省招生考试院,https://zsksy.guizhou.gov.cn/zlxz/202603/P020240625688381550083.pdf,https://zsksy.guizhou.gov.cn/zlxz/202603/t20260324_89900474.html,guizhou_2024_物理类_score_rank.pdf,pdf_table
2024,贵州,物理类,259,259,130,208837,97.345,208708,208837,贵州省招生考试院,https://zsksy.guizhou.gov.cn/zlxz/202603/P020240625688381550083.pdf,https://zsksy.guizhou.gov.cn/zlxz/202603/t20260324_89900474.html,guizhou_2024_物理类_score_rank.pdf,pdf_table
2024,贵州,物理类,258,258,147,208984,97.413,208838,208984,贵州省招生考试院,https://zsksy.guizhou.gov.cn/zlxz/202603/P020240625688381550083.pdf,https://zsksy.guizhou.gov.cn/zlxz/202603/t20260324_89900474.html,guizhou_2024_物理类_score_rank.pdf,pdf_table
2024,贵州,物理类,257,257,145,209129,97.481,208985,209129,贵州省招生考试院,https://zsksy.guizhou.gov.cn/zlxz/202603/P020240625688381550083.pdf,https://zsksy.guizhou.gov.cn/zlxz/202603/t20260324_89900474.html,guizhou_2024_物理类_score_rank.pdf,pdf_table
2024,贵州,物理类,256,256,133,209262,97.543,209130,209262,贵州省招生考试院,https://zsksy.guizhou.gov.cn/zlxz/202603/P020240625688381550083.pdf,https://zsksy.guizhou.gov.cn/zlxz/202603/t20260324_89900474.html,guizhou_2024_物理类_score_rank.pdf,pdf_table
2024,贵州,物理类,255,255,119,209381,97.599,209263,209381,贵州省招生考试院,https://zsksy.guizhou.gov.cn/zlxz/202603/P020240625688381550083.pdf,https://zsksy.guizhou.gov.cn/zlxz/202603/t20260324_89900474.html,guizhou_2024_物理类_score_rank.pdf,pdf_table
2024,贵州,物理类,254,254,133,209514,97.66,209382,209514,贵州省招生考试院,https://zsksy.guizhou.gov.cn/zlxz/202603/P020240625688381550083.pdf,https://zsksy.guizhou.gov.cn/zlxz/202603/t20260324_89900474.html,guizhou_2024_物理类_score_rank.pdf,pdf_table
2024,贵州,物理类,253,253,121,209635,97.717,209515,209635,贵州省招生考试院,https://zsksy.guizhou.gov.cn/zlxz/202603/P020240625688381550083.pdf,https://zsksy.guizhou.gov.cn/zlxz/202603/t20260324_89900474.html,guizhou_2024_物理类_score_rank.pdf,pdf_table
2024,贵州,物理类,252,252,136,209771,97.78,209636,209771,贵州省招生考试院,https://zsksy.guizhou.gov.cn/zlxz/202603/P020240625688381550083.pdf,https://zsksy.guizhou.gov.cn/zlxz/202603/t20260324_89900474.html,guizhou_2024_物理类_score_rank.pdf,pdf_table
2024,贵州,物理类,251,251,113,209884,97.833,209772,209884,贵州省招生考试院,https://zsksy.guizhou.gov.cn/zlxz/202603/P020240625688381550083.pdf,https://zsksy.guizhou.gov.cn/zlxz/202603/t20260324_89900474.html,guizhou_2024_物理类_score_rank.pdf,pdf_table
2024,贵州,物理类,250,250,119,210003,97.888,209885,210003,贵州省招生考试院,https://zsksy.guizhou.gov.cn/zlxz/202603/P020240625688381550083.pdf,https://zsksy.guizhou.gov.cn/zlxz/202603/t20260324_89900474.html,guizhou_2024_物理类_score_rank.pdf,pdf_table
2024,贵州,物理类,249,249,124,210127,97.946,210004,210127,贵州省招生考试院,https://zsksy.guizhou.gov.cn/zlxz/202603/P020240625688381550083.pdf,https://zsksy.guizhou.gov.cn/zlxz/202603/t20260324_89900474.html,guizhou_2024_物理类_score_rank.pdf,pdf_table
2024,贵州,物理类,248,248,106,210233,97.996,210128,210233,贵州省招生考试院,https://zsksy.guizhou.gov.cn/zlxz/202603/P020240625688381550083.pdf,https://zsksy.guizhou.gov.cn/zlxz/202603/t20260324_89900474.html,guizhou_2024_物理类_score_rank.pdf,pdf_table
2024,贵州,物理类,247,247,105,210338,98.045,210234,210338,贵州省招生考试院,https://zsksy.guizhou.gov.cn/zlxz/202603/P020240625688381550083.pdf,https://zsksy.guizhou.gov.cn/zlxz/202603/t20260324_89900474.html,guizhou_2024_物理类_score_rank.pdf,pdf_table
2024,贵州,物理类,246,246,83,210421,98.083,210339,210421,贵州省招生考试院,https://zsksy.guizhou.gov.cn/zlxz/202603/P020240625688381550083.pdf,https://zsksy.guizhou.gov.cn/zlxz/202603/t20260324_89900474.html,guizhou_2024_物理类_score_rank.pdf,pdf_table
2024,贵州,物理类,245,245,98,210519,98.129,210422,210519,贵州省招生考试院,https://zsksy.guizhou.gov.cn/zlxz/202603/P020240625688381550083.pdf,https://zsksy.guizhou.gov.cn/zlxz/202603/t20260324_89900474.html,guizhou_2024_物理类_score_rank.pdf,pdf_table
2024,贵州,物理类,244,244,109,210628,98.18,210520,210628,贵州省招生考试院,https://zsksy.guizhou.gov.cn/zlxz/202603/P020240625688381550083.pdf,https://zsksy.guizhou.gov.cn/zlxz/202603/t20260324_89900474.html,guizhou_2024_物理类_score_rank.pdf,pdf_table
2024,贵州,物理类,243,243,96,210724,98.225,210629,210724,贵州省招生考试院,https://zsksy.guizhou.gov.cn/zlxz/202603/P020240625688381550083.pdf,https://zsksy.guizhou.gov.cn/zlxz/202603/t20260324_89900474.html,guizhou_2024_物理类_score_rank.pdf,pdf_table
2024,贵州,物理类,242,242,86,210810,98.265,210725,210810,贵州省招生考试院,https://zsksy.guizhou.gov.cn/zlxz/202603/P020240625688381550083.pdf,https://zsksy.guizhou.gov.cn/zlxz/202603/t20260324_89900474.html,guizhou_2024_物理类_score_rank.pdf,pdf_table
2024,贵州,物理类,241,241,78,210888,98.301,210811,210888,贵州省招生考试院,https://zsksy.guizhou.gov.cn/zlxz/202603/P020240625688381550083.pdf,https://zsksy.guizhou.gov.cn/zlxz/202603/t20260324_89900474.html,guizhou_2024_物理类_score_rank.pdf,pdf_table
2024,贵州,物理类,240,240,73,210961,98.335,210889,210961,贵州省招生考试院,https://zsksy.guizhou.gov.cn/zlxz/202603/P020240625688381550083.pdf,https://zsksy.guizhou.gov.cn/zlxz/202603/t20260324_89900474.html,guizhou_2024_物理类_score_rank.pdf,pdf_table
2024,贵州,物理类,239,239,91,211052,98.377,210962,211052,贵州省招生考试院,https://zsksy.guizhou.gov.cn/zlxz/202603/P020240625688381550083.pdf,https://zsksy.guizhou.gov.cn/zlxz/202603/t20260324_89900474.html,guizhou_2024_物理类_score_rank.pdf,pdf_table
2024,贵州,物理类,238,238,67,211119,98.409,211053,211119,贵州省招生考试院,https://zsksy.guizhou.gov.cn/zlxz/202603/P020240625688381550083.pdf,https://zsksy.guizhou.gov.cn/zlxz/202603/t20260324_89900474.html,guizhou_2024_物理类_score_rank.pdf,pdf_table
2024,贵州,物理类,237,237,78,211197,98.445,211120,211197,贵州省招生考试院,https://zsksy.guizhou.gov.cn/zlxz/202603/P020240625688381550083.pdf,https://zsksy.guizhou.gov.cn/zlxz/202603/t20260324_89900474.html,guizhou_2024_物理类_score_rank.pdf,pdf_table
2024,贵州,物理类,236,236,76,211273,98.48,211198,211273,贵州省招生考试院,https://zsksy.guizhou.gov.cn/zlxz/202603/P020240625688381550083.pdf,https://zsksy.guizhou.gov.cn/zlxz/202603/t20260324_89900474.html,guizhou_2024_物理类_score_rank.pdf,pdf_table
2024,贵州,物理类,235,235,75,211348,98.515,211274,211348,贵州省招生考试院,https://zsksy.guizhou.gov.cn/zlxz/202603/P020240625688381550083.pdf,https://zsksy.guizhou.gov.cn/zlxz/202603/t20260324_89900474.html,guizhou_2024_物理类_score_rank.pdf,pdf_table
2024,贵州,物理类,234,234,65,211413,98.546,211349,211413,贵州省招生考试院,https://zsksy.guizhou.gov.cn/zlxz/202603/P020240625688381550083.pdf,https://zsksy.guizhou.gov.cn/zlxz/202603/t20260324_89900474.html,guizhou_2024_物理类_score_rank.pdf,pdf_table
2024,贵州,物理类,233,233,62,211475,98.575,211414,211475,贵州省招生考试院,https://zsksy.guizhou.gov.cn/zlxz/202603/P020240625688381550083.pdf,https://zsksy.guizhou.gov.cn/zlxz/202603/t20260324_89900474.html,guizhou_2024_物理类_score_rank.pdf,pdf_table
2024,贵州,物理类,232,232,66,211541,98.605,211476,211541,贵州省招生考试院,https://zsksy.guizhou.gov.cn/zlxz/202603/P020240625688381550083.pdf,https://zsksy.guizhou.gov.cn/zlxz/202603/t20260324_89900474.html,guizhou_2024_物理类_score_rank.pdf,pdf_table
2024,贵州,物理类,231,231,62,211603,98.634,211542,211603,贵州省招生考试院,https://zsksy.guizhou.gov.cn/zlxz/202603/P020240625688381550083.pdf,https://zsksy.guizhou.gov.cn/zlxz/202603/t20260324_89900474.html,guizhou_2024_物理类_score_rank.pdf,pdf_table
2024,贵州,物理类,230,230,65,211668,98.665,211604,211668,贵州省招生考试院,https://zsksy.guizhou.gov.cn/zlxz/202603/P020240625688381550083.pdf,https://zsksy.guizhou.gov.cn/zlxz/202603/t20260324_89900474.html,guizhou_2024_物理类_score_rank.pdf,pdf_table
2024,贵州,物理类,229,229,62,211730,98.693,211669,211730,贵州省招生考试院,https://zsksy.guizhou.gov.cn/zlxz/202603/P020240625688381550083.pdf,https://zsksy.guizhou.gov.cn/zlxz/202603/t20260324_89900474.html,guizhou_2024_物理类_score_rank.pdf,pdf_table
2024,贵州,物理类,228,228,34,211764,98.709,211731,211764,贵州省招生考试院,https://zsksy.guizhou.gov.cn/zlxz/202603/P020240625688381550083.pdf,https://zsksy.guizhou.gov.cn/zlxz/202603/t20260324_89900474.html,guizhou_2024_物理类_score_rank.pdf,pdf_table
2024,贵州,物理类,227,227,39,211803,98.727,211765,211803,贵州省招生考试院,https://zsksy.guizhou.gov.cn/zlxz/202603/P020240625688381550083.pdf,https://zsksy.guizhou.gov.cn/zlxz/202603/t20260324_89900474.html,guizhou_2024_物理类_score_rank.pdf,pdf_table
2024,贵州,物理类,226,226,45,211848,98.748,211804,211848,贵州省招生考试院,https://zsksy.guizhou.gov.cn/zlxz/202603/P020240625688381550083.pdf,https://zsksy.guizhou.gov.cn/zlxz/202603/t20260324_89900474.html,guizhou_2024_物理类_score_rank.pdf,pdf_table
2024,贵州,物理类,225,225,69,211917,98.781,211849,211917,贵州省招生考试院,https://zsksy.guizhou.gov.cn/zlxz/202603/P020240625688381550083.pdf,https://zsksy.guizhou.gov.cn/zlxz/202603/t20260324_89900474.html,guizhou_2024_物理类_score_rank.pdf,pdf_table
2024,贵州,物理类,224,224,40,211957,98.799,211918,211957,贵州省招生考试院,https://zsksy.guizhou.gov.cn/zlxz/202603/P020240625688381550083.pdf,https://zsksy.guizhou.gov.cn/zlxz/202603/t20260324_89900474.html,guizhou_2024_物理类_score_rank.pdf,pdf_table
2024,贵州,物理类,223,223,36,211993,98.816,211958,211993,贵州省招生考试院,https://zsksy.guizhou.gov.cn/zlxz/202603/P020240625688381550083.pdf,https://zsksy.guizhou.gov.cn/zlxz/202603/t20260324_89900474.html,guizhou_2024_物理类_score_rank.pdf,pdf_table
2024,贵州,物理类,222,222,36,212029,98.833,211994,212029,贵州省招生考试院,https://zsksy.guizhou.gov.cn/zlxz/202603/P020240625688381550083.pdf,https://zsksy.guizhou.gov.cn/zlxz/202603/t20260324_89900474.html,guizhou_2024_物理类_score_rank.pdf,pdf_table
2024,贵州,物理类,221,221,37,212066,98.85,212030,212066,贵州省招生考试院,https://zsksy.guizhou.gov.cn/zlxz/202603/P020240625688381550083.pdf,https://zsksy.guizhou.gov.cn/zlxz/202603/t20260324_89900474.html,guizhou_2024_物理类_score_rank.pdf,pdf_table
2024,贵州,物理类,220,220,34,212100,98.866,212067,212100,贵州省招生考试院,https://zsksy.guizhou.gov.cn/zlxz/202603/P020240625688381550083.pdf,https://zsksy.guizhou.gov.cn/zlxz/202603/t20260324_89900474.html,guizhou_2024_物理类_score_rank.pdf,pdf_table
2024,贵州,物理类,219,219,27,212127,98.878,212101,212127,贵州省招生考试院,https://zsksy.guizhou.gov.cn/zlxz/202603/P020240625688381550083.pdf,https://zsksy.guizhou.gov.cn/zlxz/202603/t20260324_89900474.html,guizhou_2024_物理类_score_rank.pdf,pdf_table
2024,贵州,物理类,218,218,36,212163,98.895,212128,212163,贵州省招生考试院,https://zsksy.guizhou.gov.cn/zlxz/202603/P020240625688381550083.pdf,https://zsksy.guizhou.gov.cn/zlxz/202603/t20260324_89900474.html,guizhou_2024_物理类_score_rank.pdf,pdf_table
2024,贵州,物理类,217,217,28,212191,98.908,212164,212191,贵州省招生考试院,https://zsksy.guizhou.gov.cn/zlxz/202603/P020240625688381550083.pdf,https://zsksy.guizhou.gov.cn/zlxz/202603/t20260324_89900474.html,guizhou_2024_物理类_score_rank.pdf,pdf_table
2024,贵州,物理类,216,216,32,212223,98.923,212192,212223,贵州省招生考试院,https://zsksy.guizhou.gov.cn/zlxz/202603/P020240625688381550083.pdf,https://zsksy.guizhou.gov.cn/zlxz/202603/t20260324_89900474.html,guizhou_2024_物理类_score_rank.pdf,pdf_table
2024,贵州,物理类,215,215,19,212242,98.932,212224,212242,贵州省招生考试院,https://zsksy.guizhou.gov.cn/zlxz/202603/P020240625688381550083.pdf,https://zsksy.guizhou.gov.cn/zlxz/202603/t20260324_89900474.html,guizhou_2024_物理类_score_rank.pdf,pdf_table
2024,贵州,物理类,214,214,24,212266,98.943,212243,212266,贵州省招生考试院,https://zsksy.guizhou.gov.cn/zlxz/202603/P020240625688381550083.pdf,https://zsksy.guizhou.gov.cn/zlxz/202603/t20260324_89900474.html,guizhou_2024_物理类_score_rank.pdf,pdf_table
2024,贵州,物理类,213,213,25,212291,98.955,212267,212291,贵州省招生考试院,https://zsksy.guizhou.gov.cn/zlxz/202603/P020240625688381550083.pdf,https://zsksy.guizhou.gov.cn/zlxz/202603/t20260324_89900474.html,guizhou_2024_物理类_score_rank.pdf,pdf_table
2024,贵州,物理类,212,212,21,212312,98.965,212292,212312,贵州省招生考试院,https://zsksy.guizhou.gov.cn/zlxz/202603/P020240625688381550083.pdf,https://zsksy.guizhou.gov.cn/zlxz/202603/t20260324_89900474.html,guizhou_2024_物理类_score_rank.pdf,pdf_table
2024,贵州,物理类,211,211,23,212335,98.975,212313,212335,贵州省招生考试院,https://zsksy.guizhou.gov.cn/zlxz/202603/P020240625688381550083.pdf,https://zsksy.guizhou.gov.cn/zlxz/202603/t20260324_89900474.html,guizhou_2024_物理类_score_rank.pdf,pdf_table
2024,贵州,物理类,210,210,22,212357,98.986,212336,212357,贵州省招生考试院,https://zsksy.guizhou.gov.cn/zlxz/202603/P020240625688381550083.pdf,https://zsksy.guizhou.gov.cn/zlxz/202603/t20260324_89900474.html,guizhou_2024_物理类_score_rank.pdf,pdf_table
2024,贵州,物理类,209,209,29,212386,98.999,212358,212386,贵州省招生考试院,https://zsksy.guizhou.gov.cn/zlxz/202603/P020240625688381550083.pdf,https://zsksy.guizhou.gov.cn/zlxz/202603/t20260324_89900474.html,guizhou_2024_物理类_score_rank.pdf,pdf_table
2024,贵州,物理类,208,208,17,212403,99.007,212387,212403,贵州省招生考试院,https://zsksy.guizhou.gov.cn/zlxz/202603/P020240625688381550083.pdf,https://zsksy.guizhou.gov.cn/zlxz/202603/t20260324_89900474.html,guizhou_2024_物理类_score_rank.pdf,pdf_table
2024,贵州,物理类,207,207,18,212421,99.016,212404,212421,贵州省招生考试院,https://zsksy.guizhou.gov.cn/zlxz/202603/P020240625688381550083.pdf,https://zsksy.guizhou.gov.cn/zlxz/202603/t20260324_89900474.html,guizhou_2024_物理类_score_rank.pdf,pdf_table
2024,贵州,物理类,206,206,20,212441,99.025,212422,212441,贵州省招生考试院,https://zsksy.guizhou.gov.cn/zlxz/202603/P020240625688381550083.pdf,https://zsksy.guizhou.gov.cn/zlxz/202603/t20260324_89900474.html,guizhou_2024_物理类_score_rank.pdf,pdf_table
2024,贵州,物理类,205,205,16,212457,99.032,212442,212457,贵州省招生考试院,https://zsksy.guizhou.gov.cn/zlxz/202603/P020240625688381550083.pdf,https://zsksy.guizhou.gov.cn/zlxz/202603/t20260324_89900474.html,guizhou_2024_物理类_score_rank.pdf,pdf_table
2024,贵州,物理类,204,204,21,212478,99.042,212458,212478,贵州省招生考试院,https://zsksy.guizhou.gov.cn/zlxz/202603/P020240625688381550083.pdf,https://zsksy.guizhou.gov.cn/zlxz/202603/t20260324_89900474.html,guizhou_2024_物理类_score_rank.pdf,pdf_table
2024,贵州,物理类,203,203,15,212493,99.049,212479,212493,贵州省招生考试院,https://zsksy.guizhou.gov.cn/zlxz/202603/P020240625688381550083.pdf,https://zsksy.guizhou.gov.cn/zlxz/202603/t20260324_89900474.html,guizhou_2024_物理类_score_rank.pdf,pdf_table
2024,贵州,物理类,202,202,11,212504,99.054,212494,212504,贵州省招生考试院,https://zsksy.guizhou.gov.cn/zlxz/202603/P020240625688381550083.pdf,https://zsksy.guizhou.gov.cn/zlxz/202603/t20260324_89900474.html,guizhou_2024_物理类_score_rank.pdf,pdf_table
2024,贵州,物理类,201,201,11,212515,99.059,212505,212515,贵州省招生考试院,https://zsksy.guizhou.gov.cn/zlxz/202603/P020240625688381550083.pdf,https://zsksy.guizhou.gov.cn/zlxz/202603/t20260324_89900474.html,guizhou_2024_物理类_score_rank.pdf,pdf_table
2024,贵州,物理类,200,200,16,212531,99.067,212516,212531,贵州省招生考试院,https://zsksy.guizhou.gov.cn/zlxz/202603/P020240625688381550083.pdf,https://zsksy.guizhou.gov.cn/zlxz/202603/t20260324_89900474.html,guizhou_2024_物理类_score_rank.pdf,pdf_table
2024,贵州,物理类,199,199,16,212547,99.074,212532,212547,贵州省招生考试院,https://zsksy.guizhou.gov.cn/zlxz/202603/P020240625688381550083.pdf,https://zsksy.guizhou.gov.cn/zlxz/202603/t20260324_89900474.html,guizhou_2024_物理类_score_rank.pdf,pdf_table
2024,贵州,物理类,198,198,9,212556,99.078,212548,212556,贵州省招生考试院,https://zsksy.guizhou.gov.cn/zlxz/202603/P020240625688381550083.pdf,https://zsksy.guizhou.gov.cn/zlxz/202603/t20260324_89900474.html,guizhou_2024_物理类_score_rank.pdf,pdf_table
2024,贵州,物理类,197,197,8,212564,99.082,212557,212564,贵州省招生考试院,https://zsksy.guizhou.gov.cn/zlxz/202603/P020240625688381550083.pdf,https://zsksy.guizhou.gov.cn/zlxz/202603/t20260324_89900474.html,guizhou_2024_物理类_score_rank.pdf,pdf_table
2024,贵州,物理类,196,196,8,212572,99.086,212565,212572,贵州省招生考试院,https://zsksy.guizhou.gov.cn/zlxz/202603/P020240625688381550083.pdf,https://zsksy.guizhou.gov.cn/zlxz/202603/t20260324_89900474.html,guizhou_2024_物理类_score_rank.pdf,pdf_table
2024,贵州,物理类,195,195,5,212577,99.088,212573,212577,贵州省招生考试院,https://zsksy.guizhou.gov.cn/zlxz/202603/P020240625688381550083.pdf,https://zsksy.guizhou.gov.cn/zlxz/202603/t20260324_89900474.html,guizhou_2024_物理类_score_rank.pdf,pdf_table
2024,贵州,物理类,194,194,13,212590,99.094,212578,212590,贵州省招生考试院,https://zsksy.guizhou.gov.cn/zlxz/202603/P020240625688381550083.pdf,https://zsksy.guizhou.gov.cn/zlxz/202603/t20260324_89900474.html,guizhou_2024_物理类_score_rank.pdf,pdf_table
2024,贵州,物理类,193,193,8,212598,99.098,212591,212598,贵州省招生考试院,https://zsksy.guizhou.gov.cn/zlxz/202603/P020240625688381550083.pdf,https://zsksy.guizhou.gov.cn/zlxz/202603/t20260324_89900474.html,guizhou_2024_物理类_score_rank.pdf,pdf_table
2024,贵州,物理类,192,192,5,212603,99.1,212599,212603,贵州省招生考试院,https://zsksy.guizhou.gov.cn/zlxz/202603/P020240625688381550083.pdf,https://zsksy.guizhou.gov.cn/zlxz/202603/t20260324_89900474.html,guizhou_2024_物理类_score_rank.pdf,pdf_table
2024,贵州,物理类,191,191,6,212609,99.103,212604,212609,贵州省招生考试院,https://zsksy.guizhou.gov.cn/zlxz/202603/P020240625688381550083.pdf,https://zsksy.guizhou.gov.cn/zlxz/202603/t20260324_89900474.html,guizhou_2024_物理类_score_rank.pdf,pdf_table
2024,贵州,物理类,190,190,14,212623,99.11,212610,212623,贵州省招生考试院,https://zsksy.guizhou.gov.cn/zlxz/202603/P020240625688381550083.pdf,https://zsksy.guizhou.gov.cn/zlxz/202603/t20260324_89900474.html,guizhou_2024_物理类_score_rank.pdf,pdf_table
2024,贵州,物理类,189,189,13,212636,99.116,212624,212636,贵州省招生考试院,https://zsksy.guizhou.gov.cn/zlxz/202603/P020240625688381550083.pdf,https://zsksy.guizhou.gov.cn/zlxz/202603/t20260324_89900474.html,guizhou_2024_物理类_score_rank.pdf,pdf_table
2024,贵州,物理类,188,188,3,212639,99.117,212637,212639,贵州省招生考试院,https://zsksy.guizhou.gov.cn/zlxz/202603/P020240625688381550083.pdf,https://zsksy.guizhou.gov.cn/zlxz/202603/t20260324_89900474.html,guizhou_2024_物理类_score_rank.pdf,pdf_table
2024,贵州,物理类,187,187,2,212641,99.118,212640,212641,贵州省招生考试院,https://zsksy.guizhou.gov.cn/zlxz/202603/P020240625688381550083.pdf,https://zsksy.guizhou.gov.cn/zlxz/202603/t20260324_89900474.html,guizhou_2024_物理类_score_rank.pdf,pdf_table
2024,贵州,物理类,186,186,4,212645,99.12,212642,212645,贵州省招生考试院,https://zsksy.guizhou.gov.cn/zlxz/202603/P020240625688381550083.pdf,https://zsksy.guizhou.gov.cn/zlxz/202603/t20260324_89900474.html,guizhou_2024_物理类_score_rank.pdf,pdf_table
2024,贵州,物理类,185,185,5,212650,99.122,212646,212650,贵州省招生考试院,https://zsksy.guizhou.gov.cn/zlxz/202603/P020240625688381550083.pdf,https://zsksy.guizhou.gov.cn/zlxz/202603/t20260324_89900474.html,guizhou_2024_物理类_score_rank.pdf,pdf_table
2024,贵州,物理类,184,184,4,212654,99.124,212651,212654,贵州省招生考试院,https://zsksy.guizhou.gov.cn/zlxz/202603/P020240625688381550083.pdf,https://zsksy.guizhou.gov.cn/zlxz/202603/t20260324_89900474.html,guizhou_2024_物理类_score_rank.pdf,pdf_table
2024,贵州,物理类,183,183,4,212658,99.126,212655,212658,贵州省招生考试院,https://zsksy.guizhou.gov.cn/zlxz/202603/P020240625688381550083.pdf,https://zsksy.guizhou.gov.cn/zlxz/202603/t20260324_89900474.html,guizhou_2024_物理类_score_rank.pdf,pdf_table
2024,贵州,物理类,182,182,6,212664,99.129,212659,212664,贵州省招生考试院,https://zsksy.guizhou.gov.cn/zlxz/202603/P020240625688381550083.pdf,https://zsksy.guizhou.gov.cn/zlxz/202603/t20260324_89900474.html,guizhou_2024_物理类_score_rank.pdf,pdf_table
2024,贵州,物理类,181,181,6,212670,99.132,212665,212670,贵州省招生考试院,https://zsksy.guizhou.gov.cn/zlxz/202603/P020240625688381550083.pdf,https://zsksy.guizhou.gov.cn/zlxz/202603/t20260324_89900474.html,guizhou_2024_物理类_score_rank.pdf,pdf_table
2024,贵州,物理类,180,180,5,212675,99.134,212671,212675,贵州省招生考试院,https://zsksy.guizhou.gov.cn/zlxz/202603/P020240625688381550083.pdf,https://zsksy.guizhou.gov.cn/zlxz/202603/t20260324_89900474.html,guizhou_2024_物理类_score_rank.pdf,pdf_table
2024,贵州,物理类,179,179,3,212678,99.135,212676,212678,贵州省招生考试院,https://zsksy.guizhou.gov.cn/zlxz/202603/P020240625688381550083.pdf,https://zsksy.guizhou.gov.cn/zlxz/202603/t20260324_89900474.html,guizhou_2024_物理类_score_rank.pdf,pdf_table
2024,贵州,物理类,178,178,3,212681,99.137,212679,212681,贵州省招生考试院,https://zsksy.guizhou.gov.cn/zlxz/202603/P020240625688381550083.pdf,https://zsksy.guizhou.gov.cn/zlxz/202603/t20260324_89900474.html,guizhou_2024_物理类_score_rank.pdf,pdf_table
2024,贵州,物理类,177,177,4,212685,99.139,212682,212685,贵州省招生考试院,https://zsksy.guizhou.gov.cn/zlxz/202603/P020240625688381550083.pdf,https://zsksy.guizhou.gov.cn/zlxz/202603/t20260324_89900474.html,guizhou_2024_物理类_score_rank.pdf,pdf_table
2024,贵州,物理类,176,176,5,212690,99.141,212686,212690,贵州省招生考试院,https://zsksy.guizhou.gov.cn/zlxz/202603/P020240625688381550083.pdf,https://zsksy.guizhou.gov.cn/zlxz/202603/t20260324_89900474.html,guizhou_2024_物理类_score_rank.pdf,pdf_table
2024,贵州,物理类,175,175,7,212697,99.144,212691,212697,贵州省招生考试院,https://zsksy.guizhou.gov.cn/zlxz/202603/P020240625688381550083.pdf,https://zsksy.guizhou.gov.cn/zlxz/202603/t20260324_89900474.html,guizhou_2024_物理类_score_rank.pdf,pdf_table
2024,贵州,物理类,174,174,3,212700,99.146,212698,212700,贵州省招生考试院,https://zsksy.guizhou.gov.cn/zlxz/202603/P020240625688381550083.pdf,https://zsksy.guizhou.gov.cn/zlxz/202603/t20260324_89900474.html,guizhou_2024_物理类_score_rank.pdf,pdf_table
2024,贵州,物理类,173,173,4,212704,99.147,212701,212704,贵州省招生考试院,https://zsksy.guizhou.gov.cn/zlxz/202603/P020240625688381550083.pdf,https://zsksy.guizhou.gov.cn/zlxz/202603/t20260324_89900474.html,guizhou_2024_物理类_score_rank.pdf,pdf_table
2024,贵州,物理类,172,172,4,212708,99.149,212705,212708,贵州省招生考试院,https://zsksy.guizhou.gov.cn/zlxz/202603/P020240625688381550083.pdf,https://zsksy.guizhou.gov.cn/zlxz/202603/t20260324_89900474.html,guizhou_2024_物理类_score_rank.pdf,pdf_table
2024,贵州,物理类,171,171,2,212710,99.15,212709,212710,贵州省招生考试院,https://zsksy.guizhou.gov.cn/zlxz/202603/P020240625688381550083.pdf,https://zsksy.guizhou.gov.cn/zlxz/202603/t20260324_89900474.html,guizhou_2024_物理类_score_rank.pdf,pdf_table
2024,贵州,物理类,170,170,2,212712,99.151,212711,212712,贵州省招生考试院,https://zsksy.guizhou.gov.cn/zlxz/202603/P020240625688381550083.pdf,https://zsksy.guizhou.gov.cn/zlxz/202603/t20260324_89900474.html,guizhou_2024_物理类_score_rank.pdf,pdf_table
2024,贵州,物理类,169,169,4,212716,99.153,212713,212716,贵州省招生考试院,https://zsksy.guizhou.gov.cn/zlxz/202603/P020240625688381550083.pdf,https://zsksy.guizhou.gov.cn/zlxz/202603/t20260324_89900474.html,guizhou_2024_物理类_score_rank.pdf,pdf_table
2024,贵州,物理类,167,167,4,212720,99.155,212717,212720,贵州省招生考试院,https://zsksy.guizhou.gov.cn/zlxz/202603/P020240625688381550083.pdf,https://zsksy.guizhou.gov.cn/zlxz/202603/t20260324_89900474.html,guizhou_2024_物理类_score_rank.pdf,pdf_table
2024,贵州,物理类,166,166,3,212723,99.156,212721,212723,贵州省招生考试院,https://zsksy.guizhou.gov.cn/zlxz/202603/P020240625688381550083.pdf,https://zsksy.guizhou.gov.cn/zlxz/202603/t20260324_89900474.html,guizhou_2024_物理类_score_rank.pdf,pdf_table
2024,贵州,物理类,165,165,1,212724,99.157,212724,212724,贵州省招生考试院,https://zsksy.guizhou.gov.cn/zlxz/202603/P020240625688381550083.pdf,https://zsksy.guizhou.gov.cn/zlxz/202603/t20260324_89900474.html,guizhou_2024_物理类_score_rank.pdf,pdf_table
2024,贵州,物理类,164,164,2,212726,99.158,212725,212726,贵州省招生考试院,https://zsksy.guizhou.gov.cn/zlxz/202603/P020240625688381550083.pdf,https://zsksy.guizhou.gov.cn/zlxz/202603/t20260324_89900474.html,guizhou_2024_物理类_score_rank.pdf,pdf_table
2024,贵州,物理类,163,163,4,212730,99.16,212727,212730,贵州省招生考试院,https://zsksy.guizhou.gov.cn/zlxz/202603/P020240625688381550083.pdf,https://zsksy.guizhou.gov.cn/zlxz/202603/t20260324_89900474.html,guizhou_2024_物理类_score_rank.pdf,pdf_table
2024,贵州,物理类,162,162,2,212732,99.161,212731,212732,贵州省招生考试院,https://zsksy.guizhou.gov.cn/zlxz/202603/P020240625688381550083.pdf,https://zsksy.guizhou.gov.cn/zlxz/202603/t20260324_89900474.html,guizhou_2024_物理类_score_rank.pdf,pdf_table
2024,贵州,物理类,160,160,1,212733,99.161,212733,212733,贵州省招生考试院,https://zsksy.guizhou.gov.cn/zlxz/202603/P020240625688381550083.pdf,https://zsksy.guizhou.gov.cn/zlxz/202603/t20260324_89900474.html,guizhou_2024_物理类_score_rank.pdf,pdf_table
2024,贵州,物理类,159,159,4,212737,99.163,212734,212737,贵州省招生考试院,https://zsksy.guizhou.gov.cn/zlxz/202603/P020240625688381550083.pdf,https://zsksy.guizhou.gov.cn/zlxz/202603/t20260324_89900474.html,guizhou_2024_物理类_score_rank.pdf,pdf_table
2024,贵州,物理类,158,158,1,212738,99.163,212738,212738,贵州省招生考试院,https://zsksy.guizhou.gov.cn/zlxz/202603/P020240625688381550083.pdf,https://zsksy.guizhou.gov.cn/zlxz/202603/t20260324_89900474.html,guizhou_2024_物理类_score_rank.pdf,pdf_table
2024,贵州,物理类,157,157,2,212740,99.164,212739,212740,贵州省招生考试院,https://zsksy.guizhou.gov.cn/zlxz/202603/P020240625688381550083.pdf,https://zsksy.guizhou.gov.cn/zlxz/202603/t20260324_89900474.html,guizhou_2024_物理类_score_rank.pdf,pdf_table
2024,贵州,物理类,156,156,1,212741,99.165,212741,212741,贵州省招生考试院,https://zsksy.guizhou.gov.cn/zlxz/202603/P020240625688381550083.pdf,https://zsksy.guizhou.gov.cn/zlxz/202603/t20260324_89900474.html,guizhou_2024_物理类_score_rank.pdf,pdf_table
2024,贵州,物理类,155,155,3,212744,99.166,212742,212744,贵州省招生考试院,https://zsksy.guizhou.gov.cn/zlxz/202603/P020240625688381550083.pdf,https://zsksy.guizhou.gov.cn/zlxz/202603/t20260324_89900474.html,guizhou_2024_物理类_score_rank.pdf,pdf_table
2024,贵州,物理类,154,154,1,212745,99.167,212745,212745,贵州省招生考试院,https://zsksy.guizhou.gov.cn/zlxz/202603/P020240625688381550083.pdf,https://zsksy.guizhou.gov.cn/zlxz/202603/t20260324_89900474.html,guizhou_2024_物理类_score_rank.pdf,pdf_table
2024,贵州,物理类,153,153,2,212747,99.167,212746,212747,贵州省招生考试院,https://zsksy.guizhou.gov.cn/zlxz/202603/P020240625688381550083.pdf,https://zsksy.guizhou.gov.cn/zlxz/202603/t20260324_89900474.html,guizhou_2024_物理类_score_rank.pdf,pdf_table
2024,贵州,物理类,152,152,3,212750,99.169,212748,212750,贵州省招生考试院,https://zsksy.guizhou.gov.cn/zlxz/202603/P020240625688381550083.pdf,https://zsksy.guizhou.gov.cn/zlxz/202603/t20260324_89900474.html,guizhou_2024_物理类_score_rank.pdf,pdf_table
2024,贵州,物理类,151,151,1,212751,99.169,212751,212751,贵州省招生考试院,https://zsksy.guizhou.gov.cn/zlxz/202603/P020240625688381550083.pdf,https://zsksy.guizhou.gov.cn/zlxz/202603/t20260324_89900474.html,guizhou_2024_物理类_score_rank.pdf,pdf_table
2024,贵州,物理类,150,150,3,212754,99.171,212752,212754,贵州省招生考试院,https://zsksy.guizhou.gov.cn/zlxz/202603/P020240625688381550083.pdf,https://zsksy.guizhou.gov.cn/zlxz/202603/t20260324_89900474.html,guizhou_2024_物理类_score_rank.pdf,pdf_table
2024,贵州,物理类,147,147,2,212756,99.172,212755,212756,贵州省招生考试院,https://zsksy.guizhou.gov.cn/zlxz/202603/P020240625688381550083.pdf,https://zsksy.guizhou.gov.cn/zlxz/202603/t20260324_89900474.html,guizhou_2024_物理类_score_rank.pdf,pdf_table
2024,贵州,物理类,146,146,1,212757,99.172,212757,212757,贵州省招生考试院,https://zsksy.guizhou.gov.cn/zlxz/202603/P020240625688381550083.pdf,https://zsksy.guizhou.gov.cn/zlxz/202603/t20260324_89900474.html,guizhou_2024_物理类_score_rank.pdf,pdf_table
2024,贵州,物理类,145,145,3,212760,99.174,212758,212760,贵州省招生考试院,https://zsksy.guizhou.gov.cn/zlxz/202603/P020240625688381550083.pdf,https://zsksy.guizhou.gov.cn/zlxz/202603/t20260324_89900474.html,guizhou_2024_物理类_score_rank.pdf,pdf_table
2024,贵州,物理类,144,144,1,212761,99.174,212761,212761,贵州省招生考试院,https://zsksy.guizhou.gov.cn/zlxz/202603/P020240625688381550083.pdf,https://zsksy.guizhou.gov.cn/zlxz/202603/t20260324_89900474.html,guizhou_2024_物理类_score_rank.pdf,pdf_table
2024,贵州,物理类,142,142,2,212763,99.175,212762,212763,贵州省招生考试院,https://zsksy.guizhou.gov.cn/zlxz/202603/P020240625688381550083.pdf,https://zsksy.guizhou.gov.cn/zlxz/202603/t20260324_89900474.html,guizhou_2024_物理类_score_rank.pdf,pdf_table
2024,贵州,物理类,141,141,1,212764,99.175,212764,212764,贵州省招生考试院,https://zsksy.guizhou.gov.cn/zlxz/202603/P020240625688381550083.pdf,https://zsksy.guizhou.gov.cn/zlxz/202603/t20260324_89900474.html,guizhou_2024_物理类_score_rank.pdf,pdf_table
2024,贵州,物理类,140,140,2,212766,99.176,212765,212766,贵州省招生考试院,https://zsksy.guizhou.gov.cn/zlxz/202603/P020240625688381550083.pdf,https://zsksy.guizhou.gov.cn/zlxz/202603/t20260324_89900474.html,guizhou_2024_物理类_score_rank.pdf,pdf_table
2024,贵州,物理类,139,139,1,212767,99.177,212767,212767,贵州省招生考试院,https://zsksy.guizhou.gov.cn/zlxz/202603/P020240625688381550083.pdf,https://zsksy.guizhou.gov.cn/zlxz/202603/t20260324_89900474.html,guizhou_2024_物理类_score_rank.pdf,pdf_table
2024,贵州,物理类,138,138,3,212770,99.178,212768,212770,贵州省招生考试院,https://zsksy.guizhou.gov.cn/zlxz/202603/P020240625688381550083.pdf,https://zsksy.guizhou.gov.cn/zlxz/202603/t20260324_89900474.html,guizhou_2024_物理类_score_rank.pdf,pdf_table
2024,贵州,物理类,137,137,1,212771,99.179,212771,212771,贵州省招生考试院,https://zsksy.guizhou.gov.cn/zlxz/202603/P020240625688381550083.pdf,https://zsksy.guizhou.gov.cn/zlxz/202603/t20260324_89900474.html,guizhou_2024_物理类_score_rank.pdf,pdf_table
2024,贵州,物理类,136,136,1,212772,99.179,212772,212772,贵州省招生考试院,https://zsksy.guizhou.gov.cn/zlxz/202603/P020240625688381550083.pdf,https://zsksy.guizhou.gov.cn/zlxz/202603/t20260324_89900474.html,guizhou_2024_物理类_score_rank.pdf,pdf_table
2024,贵州,物理类,135,135,1,212773,99.18,212773,212773,贵州省招生考试院,https://zsksy.guizhou.gov.cn/zlxz/202603/P020240625688381550083.pdf,https://zsksy.guizhou.gov.cn/zlxz/202603/t20260324_89900474.html,guizhou_2024_物理类_score_rank.pdf,pdf_table
2024,贵州,物理类,134,134,3,212776,99.181,212774,212776,贵州省招生考试院,https://zsksy.guizhou.gov.cn/zlxz/202603/P020240625688381550083.pdf,https://zsksy.guizhou.gov.cn/zlxz/202603/t20260324_89900474.html,guizhou_2024_物理类_score_rank.pdf,pdf_table
2024,贵州,物理类,132,132,2,212778,99.182,212777,212778,贵州省招生考试院,https://zsksy.guizhou.gov.cn/zlxz/202603/P020240625688381550083.pdf,https://zsksy.guizhou.gov.cn/zlxz/202603/t20260324_89900474.html,guizhou_2024_物理类_score_rank.pdf,pdf_table
2024,贵州,物理类,131,131,1,212779,99.182,212779,212779,贵州省招生考试院,https://zsksy.guizhou.gov.cn/zlxz/202603/P020240625688381550083.pdf,https://zsksy.guizhou.gov.cn/zlxz/202603/t20260324_89900474.html,guizhou_2024_物理类_score_rank.pdf,pdf_table
2024,贵州,物理类,130,130,1,212780,99.183,212780,212780,贵州省招生考试院,https://zsksy.guizhou.gov.cn/zlxz/202603/P020240625688381550083.pdf,https://zsksy.guizhou.gov.cn/zlxz/202603/t20260324_89900474.html,guizhou_2024_物理类_score_rank.pdf,pdf_table
2024,贵州,物理类,128,128,2,212782,99.184,212781,212782,贵州省招生考试院,https://zsksy.guizhou.gov.cn/zlxz/202603/P020240625688381550083.pdf,https://zsksy.guizhou.gov.cn/zlxz/202603/t20260324_89900474.html,guizhou_2024_物理类_score_rank.pdf,pdf_table
2024,贵州,物理类,127,127,1,212783,99.184,212783,212783,贵州省招生考试院,https://zsksy.guizhou.gov.cn/zlxz/202603/P020240625688381550083.pdf,https://zsksy.guizhou.gov.cn/zlxz/202603/t20260324_89900474.html,guizhou_2024_物理类_score_rank.pdf,pdf_table
2024,贵州,物理类,126,126,2,212785,99.185,212784,212785,贵州省招生考试院,https://zsksy.guizhou.gov.cn/zlxz/202603/P020240625688381550083.pdf,https://zsksy.guizhou.gov.cn/zlxz/202603/t20260324_89900474.html,guizhou_2024_物理类_score_rank.pdf,pdf_table
2024,贵州,物理类,125,125,1,212786,99.186,212786,212786,贵州省招生考试院,https://zsksy.guizhou.gov.cn/zlxz/202603/P020240625688381550083.pdf,https://zsksy.guizhou.gov.cn/zlxz/202603/t20260324_89900474.html,guizhou_2024_物理类_score_rank.pdf,pdf_table
2024,贵州,物理类,124,124,1,212787,99.186,212787,212787,贵州省招生考试院,https://zsksy.guizhou.gov.cn/zlxz/202603/P020240625688381550083.pdf,https://zsksy.guizhou.gov.cn/zlxz/202603/t20260324_89900474.html,guizhou_2024_物理类_score_rank.pdf,pdf_table
2024,贵州,物理类,123,123,2,212789,99.187,212788,212789,贵州省招生考试院,https://zsksy.guizhou.gov.cn/zlxz/202603/P020240625688381550083.pdf,https://zsksy.guizhou.gov.cn/zlxz/202603/t20260324_89900474.html,guizhou_2024_物理类_score_rank.pdf,pdf_table
2024,贵州,物理类,122,122,1,212790,99.188,212790,212790,贵州省招生考试院,https://zsksy.guizhou.gov.cn/zlxz/202603/P020240625688381550083.pdf,https://zsksy.guizhou.gov.cn/zlxz/202603/t20260324_89900474.html,guizhou_2024_物理类_score_rank.pdf,pdf_table
2024,贵州,物理类,118,118,2,212792,99.188,212791,212792,贵州省招生考试院,https://zsksy.guizhou.gov.cn/zlxz/202603/P020240625688381550083.pdf,https://zsksy.guizhou.gov.cn/zlxz/202603/t20260324_89900474.html,guizhou_2024_物理类_score_rank.pdf,pdf_table
2024,贵州,物理类,117,117,2,212794,99.189,212793,212794,贵州省招生考试院,https://zsksy.guizhou.gov.cn/zlxz/202603/P020240625688381550083.pdf,https://zsksy.guizhou.gov.cn/zlxz/202603/t20260324_89900474.html,guizhou_2024_物理类_score_rank.pdf,pdf_table
2024,贵州,物理类,116,116,1,212795,99.19,212795,212795,贵州省招生考试院,https://zsksy.guizhou.gov.cn/zlxz/202603/P020240625688381550083.pdf,https://zsksy.guizhou.gov.cn/zlxz/202603/t20260324_89900474.html,guizhou_2024_物理类_score_rank.pdf,pdf_table
2024,贵州,物理类,115,115,2,212797,99.191,212796,212797,贵州省招生考试院,https://zsksy.guizhou.gov.cn/zlxz/202603/P020240625688381550083.pdf,https://zsksy.guizhou.gov.cn/zlxz/202603/t20260324_89900474.html,guizhou_2024_物理类_score_rank.pdf,pdf_table
2024,贵州,物理类,114,114,1,212798,99.191,212798,212798,贵州省招生考试院,https://zsksy.guizhou.gov.cn/zlxz/202603/P020240625688381550083.pdf,https://zsksy.guizhou.gov.cn/zlxz/202603/t20260324_89900474.html,guizhou_2024_物理类_score_rank.pdf,pdf_table
2024,贵州,物理类,112,112,2,212800,99.192,212799,212800,贵州省招生考试院,https://zsksy.guizhou.gov.cn/zlxz/202603/P020240625688381550083.pdf,https://zsksy.guizhou.gov.cn/zlxz/202603/t20260324_89900474.html,guizhou_2024_物理类_score_rank.pdf,pdf_table
2024,贵州,物理类,111,111,1,212801,99.193,212801,212801,贵州省招生考试院,https://zsksy.guizhou.gov.cn/zlxz/202603/P020240625688381550083.pdf,https://zsksy.guizhou.gov.cn/zlxz/202603/t20260324_89900474.html,guizhou_2024_物理类_score_rank.pdf,pdf_table
2024,贵州,物理类,110,110,1,212802,99.193,212802,212802,贵州省招生考试院,https://zsksy.guizhou.gov.cn/zlxz/202603/P020240625688381550083.pdf,https://zsksy.guizhou.gov.cn/zlxz/202603/t20260324_89900474.html,guizhou_2024_物理类_score_rank.pdf,pdf_table
2024,贵州,物理类,109,109,1,212803,99.194,212803,212803,贵州省招生考试院,https://zsksy.guizhou.gov.cn/zlxz/202603/P020240625688381550083.pdf,https://zsksy.guizhou.gov.cn/zlxz/202603/t20260324_89900474.html,guizhou_2024_物理类_score_rank.pdf,pdf_table
2024,贵州,物理类,108,108,2,212805,99.195,212804,212805,贵州省招生考试院,https://zsksy.guizhou.gov.cn/zlxz/202603/P020240625688381550083.pdf,https://zsksy.guizhou.gov.cn/zlxz/202603/t20260324_89900474.html,guizhou_2024_物理类_score_rank.pdf,pdf_table
2024,贵州,物理类,104,104,1,212806,99.195,212806,212806,贵州省招生考试院,https://zsksy.guizhou.gov.cn/zlxz/202603/P020240625688381550083.pdf,https://zsksy.guizhou.gov.cn/zlxz/202603/t20260324_89900474.html,guizhou_2024_物理类_score_rank.pdf,pdf_table
2024,贵州,物理类,103,103,3,212809,99.196,212807,212809,贵州省招生考试院,https://zsksy.guizhou.gov.cn/zlxz/202603/P020240625688381550083.pdf,https://zsksy.guizhou.gov.cn/zlxz/202603/t20260324_89900474.html,guizhou_2024_物理类_score_rank.pdf,pdf_table
2024,贵州,物理类,102,102,2,212811,99.197,212810,212811,贵州省招生考试院,https://zsksy.guizhou.gov.cn/zlxz/202603/P020240625688381550083.pdf,https://zsksy.guizhou.gov.cn/zlxz/202603/t20260324_89900474.html,guizhou_2024_物理类_score_rank.pdf,pdf_table
2024,贵州,物理类,101,101,3,212814,99.199,212812,212814,贵州省招生考试院,https://zsksy.guizhou.gov.cn/zlxz/202603/P020240625688381550083.pdf,https://zsksy.guizhou.gov.cn/zlxz/202603/t20260324_89900474.html,guizhou_2024_物理类_score_rank.pdf,pdf_table
2024,贵州,物理类,100,100,1,212815,99.199,212815,212815,贵州省招生考试院,https://zsksy.guizhou.gov.cn/zlxz/202603/P020240625688381550083.pdf,https://zsksy.guizhou.gov.cn/zlxz/202603/t20260324_89900474.html,guizhou_2024_物理类_score_rank.pdf,pdf_table
2024,贵州,物理类,98,98,1,212816,99.2,212816,212816,贵州省招生考试院,https://zsksy.guizhou.gov.cn/zlxz/202603/P020240625688381550083.pdf,https://zsksy.guizhou.gov.cn/zlxz/202603/t20260324_89900474.html,guizhou_2024_物理类_score_rank.pdf,pdf_table
2024,贵州,物理类,97,97,3,212819,99.201,212817,212819,贵州省招生考试院,https://zsksy.guizhou.gov.cn/zlxz/202603/P020240625688381550083.pdf,https://zsksy.guizhou.gov.cn/zlxz/202603/t20260324_89900474.html,guizhou_2024_物理类_score_rank.pdf,pdf_table
2024,贵州,物理类,95,95,1,212820,99.202,212820,212820,贵州省招生考试院,https://zsksy.guizhou.gov.cn/zlxz/202603/P020240625688381550083.pdf,https://zsksy.guizhou.gov.cn/zlxz/202603/t20260324_89900474.html,guizhou_2024_物理类_score_rank.pdf,pdf_table
2024,贵州,物理类,92,92,1,212821,99.202,212821,212821,贵州省招生考试院,https://zsksy.guizhou.gov.cn/zlxz/202603/P020240625688381550083.pdf,https://zsksy.guizhou.gov.cn/zlxz/202603/t20260324_89900474.html,guizhou_2024_物理类_score_rank.pdf,pdf_table
2024,贵州,物理类,91,91,2,212823,99.203,212822,212823,贵州省招生考试院,https://zsksy.guizhou.gov.cn/zlxz/202603/P020240625688381550083.pdf,https://zsksy.guizhou.gov.cn/zlxz/202603/t20260324_89900474.html,guizhou_2024_物理类_score_rank.pdf,pdf_table
2024,贵州,物理类,90,90,1,212824,99.203,212824,212824,贵州省招生考试院,https://zsksy.guizhou.gov.cn/zlxz/202603/P020240625688381550083.pdf,https://zsksy.guizhou.gov.cn/zlxz/202603/t20260324_89900474.html,guizhou_2024_物理类_score_rank.pdf,pdf_table
2024,贵州,物理类,89,89,2,212826,99.204,212825,212826,贵州省招生考试院,https://zsksy.guizhou.gov.cn/zlxz/202603/P020240625688381550083.pdf,https://zsksy.guizhou.gov.cn/zlxz/202603/t20260324_89900474.html,guizhou_2024_物理类_score_rank.pdf,pdf_table
2024,贵州,物理类,87,87,1,212827,99.205,212827,212827,贵州省招生考试院,https://zsksy.guizhou.gov.cn/zlxz/202603/P020240625688381550083.pdf,https://zsksy.guizhou.gov.cn/zlxz/202603/t20260324_89900474.html,guizhou_2024_物理类_score_rank.pdf,pdf_table
2024,贵州,物理类,86,86,1,212828,99.205,212828,212828,贵州省招生考试院,https://zsksy.guizhou.gov.cn/zlxz/202603/P020240625688381550083.pdf,https://zsksy.guizhou.gov.cn/zlxz/202603/t20260324_89900474.html,guizhou_2024_物理类_score_rank.pdf,pdf_table
2024,贵州,物理类,85,85,1,212829,99.206,212829,212829,贵州省招生考试院,https://zsksy.guizhou.gov.cn/zlxz/202603/P020240625688381550083.pdf,https://zsksy.guizhou.gov.cn/zlxz/202603/t20260324_89900474.html,guizhou_2024_物理类_score_rank.pdf,pdf_table
2024,贵州,物理类,84,84,1,212830,99.206,212830,212830,贵州省招生考试院,https://zsksy.guizhou.gov.cn/zlxz/202603/P020240625688381550083.pdf,https://zsksy.guizhou.gov.cn/zlxz/202603/t20260324_89900474.html,guizhou_2024_物理类_score_rank.pdf,pdf_table
2024,贵州,物理类,83,83,1,212831,99.207,212831,212831,贵州省招生考试院,https://zsksy.guizhou.gov.cn/zlxz/202603/P020240625688381550083.pdf,https://zsksy.guizhou.gov.cn/zlxz/202603/t20260324_89900474.html,guizhou_2024_物理类_score_rank.pdf,pdf_table
2024,贵州,物理类,82,82,1,212832,99.207,212832,212832,贵州省招生考试院,https://zsksy.guizhou.gov.cn/zlxz/202603/P020240625688381550083.pdf,https://zsksy.guizhou.gov.cn/zlxz/202603/t20260324_89900474.html,guizhou_2024_物理类_score_rank.pdf,pdf_table
2024,贵州,物理类,78,78,1,212833,99.208,212833,212833,贵州省招生考试院,https://zsksy.guizhou.gov.cn/zlxz/202603/P020240625688381550083.pdf,https://zsksy.guizhou.gov.cn/zlxz/202603/t20260324_89900474.html,guizhou_2024_物理类_score_rank.pdf,pdf_table
2024,贵州,物理类,77,77,1,212834,99.208,212834,212834,贵州省招生考试院,https://zsksy.guizhou.gov.cn/zlxz/202603/P020240625688381550083.pdf,https://zsksy.guizhou.gov.cn/zlxz/202603/t20260324_89900474.html,guizhou_2024_物理类_score_rank.pdf,pdf_table
2024,贵州,物理类,76,76,1,212835,99.209,212835,212835,贵州省招生考试院,https://zsksy.guizhou.gov.cn/zlxz/202603/P020240625688381550083.pdf,https://zsksy.guizhou.gov.cn/zlxz/202603/t20260324_89900474.html,guizhou_2024_物理类_score_rank.pdf,pdf_table
2024,贵州,物理类,70,70,1,212836,99.209,212836,212836,贵州省招生考试院,https://zsksy.guizhou.gov.cn/zlxz/202603/P020240625688381550083.pdf,https://zsksy.guizhou.gov.cn/zlxz/202603/t20260324_89900474.html,guizhou_2024_物理类_score_rank.pdf,pdf_table
2024,贵州,物理类,69,69,1,212837,99.209,212837,212837,贵州省招生考试院,https://zsksy.guizhou.gov.cn/zlxz/202603/P020240625688381550083.pdf,https://zsksy.guizhou.gov.cn/zlxz/202603/t20260324_89900474.html,guizhou_2024_物理类_score_rank.pdf,pdf_table
2024,贵州,物理类,67,67,2,212839,99.21,212838,212839,贵州省招生考试院,https://zsksy.guizhou.gov.cn/zlxz/202603/P020240625688381550083.pdf,https://zsksy.guizhou.gov.cn/zlxz/202603/t20260324_89900474.html,guizhou_2024_物理类_score_rank.pdf,pdf_table
2024,贵州,物理类,63,63,1,212840,99.211,212840,212840,贵州省招生考试院,https://zsksy.guizhou.gov.cn/zlxz/202603/P020240625688381550083.pdf,https://zsksy.guizhou.gov.cn/zlxz/202603/t20260324_89900474.html,guizhou_2024_物理类_score_rank.pdf,pdf_table
2024,贵州,物理类,55,55,2,212842,99.212,212841,212842,贵州省招生考试院,https://zsksy.guizhou.gov.cn/zlxz/202603/P020240625688381550083.pdf,https://zsksy.guizhou.gov.cn/zlxz/202603/t20260324_89900474.html,guizhou_2024_物理类_score_rank.pdf,pdf_table
2024,贵州,物理类,54,54,1,212843,99.212,212843,212843,贵州省招生考试院,https://zsksy.guizhou.gov.cn/zlxz/202603/P020240625688381550083.pdf,https://zsksy.guizhou.gov.cn/zlxz/202603/t20260324_89900474.html,guizhou_2024_物理类_score_rank.pdf,pdf_table
2024,贵州,物理类,52,52,2,212845,99.213,212844,212845,贵州省招生考试院,https://zsksy.guizhou.gov.cn/zlxz/202603/P020240625688381550083.pdf,https://zsksy.guizhou.gov.cn/zlxz/202603/t20260324_89900474.html,guizhou_2024_物理类_score_rank.pdf,pdf_table
2024,贵州,物理类,49,49,4,212849,99.215,212846,212849,贵州省招生考试院,https://zsksy.guizhou.gov.cn/zlxz/202603/P020240625688381550083.pdf,https://zsksy.guizhou.gov.cn/zlxz/202603/t20260324_89900474.html,guizhou_2024_物理类_score_rank.pdf,pdf_table
2024,贵州,物理类,48,48,1,212850,99.216,212850,212850,贵州省招生考试院,https://zsksy.guizhou.gov.cn/zlxz/202603/P020240625688381550083.pdf,https://zsksy.guizhou.gov.cn/zlxz/202603/t20260324_89900474.html,guizhou_2024_物理类_score_rank.pdf,pdf_table
2024,贵州,物理类,47,47,4,212854,99.217,212851,212854,贵州省招生考试院,https://zsksy.guizhou.gov.cn/zlxz/202603/P020240625688381550083.pdf,https://zsksy.guizhou.gov.cn/zlxz/202603/t20260324_89900474.html,guizhou_2024_物理类_score_rank.pdf,pdf_table
2024,贵州,物理类,46,46,1,212855,99.218,212855,212855,贵州省招生考试院,https://zsksy.guizhou.gov.cn/zlxz/202603/P020240625688381550083.pdf,https://zsksy.guizhou.gov.cn/zlxz/202603/t20260324_89900474.html,guizhou_2024_物理类_score_rank.pdf,pdf_table
2024,贵州,物理类,44,44,1,212856,99.218,212856,212856,贵州省招生考试院,https://zsksy.guizhou.gov.cn/zlxz/202603/P020240625688381550083.pdf,https://zsksy.guizhou.gov.cn/zlxz/202603/t20260324_89900474.html,guizhou_2024_物理类_score_rank.pdf,pdf_table
2024,贵州,物理类,39,39,1,212857,99.219,212857,212857,贵州省招生考试院,https://zsksy.guizhou.gov.cn/zlxz/202603/P020240625688381550083.pdf,https://zsksy.guizhou.gov.cn/zlxz/202603/t20260324_89900474.html,guizhou_2024_物理类_score_rank.pdf,pdf_table
2024,贵州,物理类,36,36,2,212859,99.22,212858,212859,贵州省招生考试院,https://zsksy.guizhou.gov.cn/zlxz/202603/P020240625688381550083.pdf,https://zsksy.guizhou.gov.cn/zlxz/202603/t20260324_89900474.html,guizhou_2024_物理类_score_rank.pdf,pdf_table
2024,贵州,物理类,35,35,2,212861,99.221,212860,212861,贵州省招生考试院,https://zsksy.guizhou.gov.cn/zlxz/202603/P020240625688381550083.pdf,https://zsksy.guizhou.gov.cn/zlxz/202603/t20260324_89900474.html,guizhou_2024_物理类_score_rank.pdf,pdf_table
2024,贵州,物理类,33,33,5,212866,99.223,212862,212866,贵州省招生考试院,https://zsksy.guizhou.gov.cn/zlxz/202603/P020240625688381550083.pdf,https://zsksy.guizhou.gov.cn/zlxz/202603/t20260324_89900474.html,guizhou_2024_物理类_score_rank.pdf,pdf_table
2024,贵州,物理类,31,31,8,212874,99.227,212867,212874,贵州省招生考试院,https://zsksy.guizhou.gov.cn/zlxz/202603/P020240625688381550083.pdf,https://zsksy.guizhou.gov.cn/zlxz/202603/t20260324_89900474.html,guizhou_2024_物理类_score_rank.pdf,pdf_table
2024,贵州,物理类,30,30,11,212885,99.232,212875,212885,贵州省招生考试院,https://zsksy.guizhou.gov.cn/zlxz/202603/P020240625688381550083.pdf,https://zsksy.guizhou.gov.cn/zlxz/202603/t20260324_89900474.html,guizhou_2024_物理类_score_rank.pdf,pdf_table
2024,贵州,物理类,29,29,3,212888,99.233,212886,212888,贵州省招生考试院,https://zsksy.guizhou.gov.cn/zlxz/202603/P020240625688381550083.pdf,https://zsksy.guizhou.gov.cn/zlxz/202603/t20260324_89900474.html,guizhou_2024_物理类_score_rank.pdf,pdf_table
2024,贵州,物理类,28,28,11,212899,99.238,212889,212899,贵州省招生考试院,https://zsksy.guizhou.gov.cn/zlxz/202603/P020240625688381550083.pdf,https://zsksy.guizhou.gov.cn/zlxz/202603/t20260324_89900474.html,guizhou_2024_物理类_score_rank.pdf,pdf_table
2024,贵州,物理类,27,27,20,212919,99.248,212900,212919,贵州省招生考试院,https://zsksy.guizhou.gov.cn/zlxz/202603/P020240625688381550083.pdf,https://zsksy.guizhou.gov.cn/zlxz/202603/t20260324_89900474.html,guizhou_2024_物理类_score_rank.pdf,pdf_table
2024,贵州,物理类,26,26,17,212936,99.256,212920,212936,贵州省招生考试院,https://zsksy.guizhou.gov.cn/zlxz/202603/P020240625688381550083.pdf,https://zsksy.guizhou.gov.cn/zlxz/202603/t20260324_89900474.html,guizhou_2024_物理类_score_rank.pdf,pdf_table
2024,贵州,物理类,25,25,22,212958,99.266,212937,212958,贵州省招生考试院,https://zsksy.guizhou.gov.cn/zlxz/202603/P020240625688381550083.pdf,https://zsksy.guizhou.gov.cn/zlxz/202603/t20260324_89900474.html,guizhou_2024_物理类_score_rank.pdf,pdf_table
2024,贵州,物理类,24,24,23,212981,99.277,212959,212981,贵州省招生考试院,https://zsksy.guizhou.gov.cn/zlxz/202603/P020240625688381550083.pdf,https://zsksy.guizhou.gov.cn/zlxz/202603/t20260324_89900474.html,guizhou_2024_物理类_score_rank.pdf,pdf_table
2024,贵州,物理类,23,23,32,213013,99.291,212982,213013,贵州省招生考试院,https://zsksy.guizhou.gov.cn/zlxz/202603/P020240625688381550083.pdf,https://zsksy.guizhou.gov.cn/zlxz/202603/t20260324_89900474.html,guizhou_2024_物理类_score_rank.pdf,pdf_table
2024,贵州,物理类,22,22,34,213047,99.307,213014,213047,贵州省招生考试院,https://zsksy.guizhou.gov.cn/zlxz/202603/P020240625688381550083.pdf,https://zsksy.guizhou.gov.cn/zlxz/202603/t20260324_89900474.html,guizhou_2024_物理类_score_rank.pdf,pdf_table
2024,贵州,物理类,21,21,38,213085,99.325,213048,213085,贵州省招生考试院,https://zsksy.guizhou.gov.cn/zlxz/202603/P020240625688381550083.pdf,https://zsksy.guizhou.gov.cn/zlxz/202603/t20260324_89900474.html,guizhou_2024_物理类_score_rank.pdf,pdf_table
2024,贵州,物理类,20,20,61,213146,99.353,213086,213146,贵州省招生考试院,https://zsksy.guizhou.gov.cn/zlxz/202603/P020240625688381550083.pdf,https://zsksy.guizhou.gov.cn/zlxz/202603/t20260324_89900474.html,guizhou_2024_物理类_score_rank.pdf,pdf_table
2024,贵州,物理类,19,19,38,213184,99.371,213147,213184,贵州省招生考试院,https://zsksy.guizhou.gov.cn/zlxz/202603/P020240625688381550083.pdf,https://zsksy.guizhou.gov.cn/zlxz/202603/t20260324_89900474.html,guizhou_2024_物理类_score_rank.pdf,pdf_table
2024,贵州,物理类,18,18,37,213221,99.388,213185,213221,贵州省招生考试院,https://zsksy.guizhou.gov.cn/zlxz/202603/P020240625688381550083.pdf,https://zsksy.guizhou.gov.cn/zlxz/202603/t20260324_89900474.html,guizhou_2024_物理类_score_rank.pdf,pdf_table
2024,贵州,物理类,17,17,86,213307,99.429,213222,213307,贵州省招生考试院,https://zsksy.guizhou.gov.cn/zlxz/202603/P020240625688381550083.pdf,https://zsksy.guizhou.gov.cn/zlxz/202603/t20260324_89900474.html,guizhou_2024_物理类_score_rank.pdf,pdf_table
2024,贵州,物理类,16,16,20,213327,99.438,213308,213327,贵州省招生考试院,https://zsksy.guizhou.gov.cn/zlxz/202603/P020240625688381550083.pdf,https://zsksy.guizhou.gov.cn/zlxz/202603/t20260324_89900474.html,guizhou_2024_物理类_score_rank.pdf,pdf_table
2024,贵州,物理类,15,15,65,213392,99.468,213328,213392,贵州省招生考试院,https://zsksy.guizhou.gov.cn/zlxz/202603/P020240625688381550083.pdf,https://zsksy.guizhou.gov.cn/zlxz/202603/t20260324_89900474.html,guizhou_2024_物理类_score_rank.pdf,pdf_table
2024,贵州,物理类,14,14,97,213489,99.513,213393,213489,贵州省招生考试院,https://zsksy.guizhou.gov.cn/zlxz/202603/P020240625688381550083.pdf,https://zsksy.guizhou.gov.cn/zlxz/202603/t20260324_89900474.html,guizhou_2024_物理类_score_rank.pdf,pdf_table
2024,贵州,物理类,13,13,13,213502,99.519,213490,213502,贵州省招生考试院,https://zsksy.guizhou.gov.cn/zlxz/202603/P020240625688381550083.pdf,https://zsksy.guizhou.gov.cn/zlxz/202603/t20260324_89900474.html,guizhou_2024_物理类_score_rank.pdf,pdf_table
2024,贵州,物理类,12,12,79,213581,99.556,213503,213581,贵州省招生考试院,https://zsksy.guizhou.gov.cn/zlxz/202603/P020240625688381550083.pdf,https://zsksy.guizhou.gov.cn/zlxz/202603/t20260324_89900474.html,guizhou_2024_物理类_score_rank.pdf,pdf_table
2024,贵州,物理类,11,11,83,213664,99.595,213582,213664,贵州省招生考试院,https://zsksy.guizhou.gov.cn/zlxz/202603/P020240625688381550083.pdf,https://zsksy.guizhou.gov.cn/zlxz/202603/t20260324_89900474.html,guizhou_2024_物理类_score_rank.pdf,pdf_table
2024,贵州,物理类,10,10,4,213668,99.597,213665,213668,贵州省招生考试院,https://zsksy.guizhou.gov.cn/zlxz/202603/P020240625688381550083.pdf,https://zsksy.guizhou.gov.cn/zlxz/202603/t20260324_89900474.html,guizhou_2024_物理类_score_rank.pdf,pdf_table
2024,贵州,物理类,9,9,45,213713,99.618,213669,213713,贵州省招生考试院,https://zsksy.guizhou.gov.cn/zlxz/202603/P020240625688381550083.pdf,https://zsksy.guizhou.gov.cn/zlxz/202603/t20260324_89900474.html,guizhou_2024_物理类_score_rank.pdf,pdf_table
2024,贵州,物理类,8,8,33,213746,99.633,213714,213746,贵州省招生考试院,https://zsksy.guizhou.gov.cn/zlxz/202603/P020240625688381550083.pdf,https://zsksy.guizhou.gov.cn/zlxz/202603/t20260324_89900474.html,guizhou_2024_物理类_score_rank.pdf,pdf_table
2024,贵州,物理类,6,6,21,213767,99.643,213747,213767,贵州省招生考试院,https://zsksy.guizhou.gov.cn/zlxz/202603/P020240625688381550083.pdf,https://zsksy.guizhou.gov.cn/zlxz/202603/t20260324_89900474.html,guizhou_2024_物理类_score_rank.pdf,pdf_table
2024,贵州,物理类,5,5,3,213770,99.644,213768,213770,贵州省招生考试院,https://zsksy.guizhou.gov.cn/zlxz/202603/P020240625688381550083.pdf,https://zsksy.guizhou.gov.cn/zlxz/202603/t20260324_89900474.html,guizhou_2024_物理类_score_rank.pdf,pdf_table
2024,贵州,物理类,3,3,2,213772,99.645,213771,213772,贵州省招生考试院,https://zsksy.guizhou.gov.cn/zlxz/202603/P020240625688381550083.pdf,https://zsksy.guizhou.gov.cn/zlxz/202603/t20260324_89900474.html,guizhou_2024_物理类_score_rank.pdf,pdf_table
2024,贵州,物理类,2,2,1,213773,99.646,213773,213773,贵州省招生考试院,https://zsksy.guizhou.gov.cn/zlxz/202603/P020240625688381550083.pdf,https://zsksy.guizhou.gov.cn/zlxz/202603/t20260324_89900474.html,guizhou_2024_物理类_score_rank.pdf,pdf_table
2024,贵州,物理类,0,0,760,214533,100,213774,214533,贵州省招生考试院,https://zsksy.guizhou.gov.cn/zlxz/202603/P020240625688381550083.pdf,https://zsksy.guizhou.gov.cn/zlxz/202603/t20260324_89900474.html,guizhou_2024_物理类_score_rank.pdf,pdf_table
2024,贵州,历史类,664,664,34,34,0.034,1,34,贵州省招生考试院,https://zsksy.guizhou.gov.cn/zlxz/202603/P020240625688381616895.pdf,https://zsksy.guizhou.gov.cn/zlxz/202603/t20260324_89900474.html,guizhou_2024_历史类_score_rank.pdf,pdf_table
2024,贵州,历史类,663,663,4,38,0.038,35,38,贵州省招生考试院,https://zsksy.guizhou.gov.cn/zlxz/202603/P020240625688381616895.pdf,https://zsksy.guizhou.gov.cn/zlxz/202603/t20260324_89900474.html,guizhou_2024_历史类_score_rank.pdf,pdf_table
2024,贵州,历史类,662,662,1,39,0.039,39,39,贵州省招生考试院,https://zsksy.guizhou.gov.cn/zlxz/202603/P020240625688381616895.pdf,https://zsksy.guizhou.gov.cn/zlxz/202603/t20260324_89900474.html,guizhou_2024_历史类_score_rank.pdf,pdf_table
2024,贵州,历史类,661,661,3,42,0.042,40,42,贵州省招生考试院,https://zsksy.guizhou.gov.cn/zlxz/202603/P020240625688381616895.pdf,https://zsksy.guizhou.gov.cn/zlxz/202603/t20260324_89900474.html,guizhou_2024_历史类_score_rank.pdf,pdf_table
2024,贵州,历史类,660,660,4,46,0.046,43,46,贵州省招生考试院,https://zsksy.guizhou.gov.cn/zlxz/202603/P020240625688381616895.pdf,https://zsksy.guizhou.gov.cn/zlxz/202603/t20260324_89900474.html,guizhou_2024_历史类_score_rank.pdf,pdf_table
2024,贵州,历史类,659,659,2,48,0.048,47,48,贵州省招生考试院,https://zsksy.guizhou.gov.cn/zlxz/202603/P020240625688381616895.pdf,https://zsksy.guizhou.gov.cn/zlxz/202603/t20260324_89900474.html,guizhou_2024_历史类_score_rank.pdf,pdf_table
2024,贵州,历史类,658,658,3,51,0.051,49,51,贵州省招生考试院,https://zsksy.guizhou.gov.cn/zlxz/202603/P020240625688381616895.pdf,https://zsksy.guizhou.gov.cn/zlxz/202603/t20260324_89900474.html,guizhou_2024_历史类_score_rank.pdf,pdf_table
2024,贵州,历史类,657,657,1,52,0.052,52,52,贵州省招生考试院,https://zsksy.guizhou.gov.cn/zlxz/202603/P020240625688381616895.pdf,https://zsksy.guizhou.gov.cn/zlxz/202603/t20260324_89900474.html,guizhou_2024_历史类_score_rank.pdf,pdf_table
2024,贵州,历史类,656,656,9,61,0.061,53,61,贵州省招生考试院,https://zsksy.guizhou.gov.cn/zlxz/202603/P020240625688381616895.pdf,https://zsksy.guizhou.gov.cn/zlxz/202603/t20260324_89900474.html,guizhou_2024_历史类_score_rank.pdf,pdf_table
2024,贵州,历史类,655,655,9,70,0.07,62,70,贵州省招生考试院,https://zsksy.guizhou.gov.cn/zlxz/202603/P020240625688381616895.pdf,https://zsksy.guizhou.gov.cn/zlxz/202603/t20260324_89900474.html,guizhou_2024_历史类_score_rank.pdf,pdf_table
2024,贵州,历史类,654,654,5,75,0.076,71,75,贵州省招生考试院,https://zsksy.guizhou.gov.cn/zlxz/202603/P020240625688381616895.pdf,https://zsksy.guizhou.gov.cn/zlxz/202603/t20260324_89900474.html,guizhou_2024_历史类_score_rank.pdf,pdf_table
2024,贵州,历史类,653,653,14,89,0.09,76,89,贵州省招生考试院,https://zsksy.guizhou.gov.cn/zlxz/202603/P020240625688381616895.pdf,https://zsksy.guizhou.gov.cn/zlxz/202603/t20260324_89900474.html,guizhou_2024_历史类_score_rank.pdf,pdf_table
2024,贵州,历史类,652,652,10,99,0.1,90,99,贵州省招生考试院,https://zsksy.guizhou.gov.cn/zlxz/202603/P020240625688381616895.pdf,https://zsksy.guizhou.gov.cn/zlxz/202603/t20260324_89900474.html,guizhou_2024_历史类_score_rank.pdf,pdf_table
2024,贵州,历史类,651,651,12,111,0.112,100,111,贵州省招生考试院,https://zsksy.guizhou.gov.cn/zlxz/202603/P020240625688381616895.pdf,https://zsksy.guizhou.gov.cn/zlxz/202603/t20260324_89900474.html,guizhou_2024_历史类_score_rank.pdf,pdf_table
2024,贵州,历史类,650,650,11,122,0.123,112,122,贵州省招生考试院,https://zsksy.guizhou.gov.cn/zlxz/202603/P020240625688381616895.pdf,https://zsksy.guizhou.gov.cn/zlxz/202603/t20260324_89900474.html,guizhou_2024_历史类_score_rank.pdf,pdf_table
2024,贵州,历史类,649,649,15,137,0.138,123,137,贵州省招生考试院,https://zsksy.guizhou.gov.cn/zlxz/202603/P020240625688381616895.pdf,https://zsksy.guizhou.gov.cn/zlxz/202603/t20260324_89900474.html,guizhou_2024_历史类_score_rank.pdf,pdf_table
2024,贵州,历史类,648,648,16,153,0.154,138,153,贵州省招生考试院,https://zsksy.guizhou.gov.cn/zlxz/202603/P020240625688381616895.pdf,https://zsksy.guizhou.gov.cn/zlxz/202603/t20260324_89900474.html,guizhou_2024_历史类_score_rank.pdf,pdf_table
2024,贵州,历史类,647,647,14,167,0.168,154,167,贵州省招生考试院,https://zsksy.guizhou.gov.cn/zlxz/202603/P020240625688381616895.pdf,https://zsksy.guizhou.gov.cn/zlxz/202603/t20260324_89900474.html,guizhou_2024_历史类_score_rank.pdf,pdf_table
2024,贵州,历史类,646,646,12,179,0.18,168,179,贵州省招生考试院,https://zsksy.guizhou.gov.cn/zlxz/202603/P020240625688381616895.pdf,https://zsksy.guizhou.gov.cn/zlxz/202603/t20260324_89900474.html,guizhou_2024_历史类_score_rank.pdf,pdf_table
2024,贵州,历史类,645,645,17,196,0.197,180,196,贵州省招生考试院,https://zsksy.guizhou.gov.cn/zlxz/202603/P020240625688381616895.pdf,https://zsksy.guizhou.gov.cn/zlxz/202603/t20260324_89900474.html,guizhou_2024_历史类_score_rank.pdf,pdf_table
2024,贵州,历史类,644,644,20,216,0.217,197,216,贵州省招生考试院,https://zsksy.guizhou.gov.cn/zlxz/202603/P020240625688381616895.pdf,https://zsksy.guizhou.gov.cn/zlxz/202603/t20260324_89900474.html,guizhou_2024_历史类_score_rank.pdf,pdf_table
2024,贵州,历史类,643,643,23,239,0.241,217,239,贵州省招生考试院,https://zsksy.guizhou.gov.cn/zlxz/202603/P020240625688381616895.pdf,https://zsksy.guizhou.gov.cn/zlxz/202603/t20260324_89900474.html,guizhou_2024_历史类_score_rank.pdf,pdf_table
2024,贵州,历史类,642,642,13,252,0.254,240,252,贵州省招生考试院,https://zsksy.guizhou.gov.cn/zlxz/202603/P020240625688381616895.pdf,https://zsksy.guizhou.gov.cn/zlxz/202603/t20260324_89900474.html,guizhou_2024_历史类_score_rank.pdf,pdf_table
2024,贵州,历史类,641,641,22,274,0.276,253,274,贵州省招生考试院,https://zsksy.guizhou.gov.cn/zlxz/202603/P020240625688381616895.pdf,https://zsksy.guizhou.gov.cn/zlxz/202603/t20260324_89900474.html,guizhou_2024_历史类_score_rank.pdf,pdf_table
2024,贵州,历史类,640,640,15,289,0.291,275,289,贵州省招生考试院,https://zsksy.guizhou.gov.cn/zlxz/202603/P020240625688381616895.pdf,https://zsksy.guizhou.gov.cn/zlxz/202603/t20260324_89900474.html,guizhou_2024_历史类_score_rank.pdf,pdf_table
2024,贵州,历史类,639,639,16,305,0.307,290,305,贵州省招生考试院,https://zsksy.guizhou.gov.cn/zlxz/202603/P020240625688381616895.pdf,https://zsksy.guizhou.gov.cn/zlxz/202603/t20260324_89900474.html,guizhou_2024_历史类_score_rank.pdf,pdf_table
2024,贵州,历史类,638,638,12,317,0.319,306,317,贵州省招生考试院,https://zsksy.guizhou.gov.cn/zlxz/202603/P020240625688381616895.pdf,https://zsksy.guizhou.gov.cn/zlxz/202603/t20260324_89900474.html,guizhou_2024_历史类_score_rank.pdf,pdf_table
2024,贵州,历史类,637,637,25,342,0.344,318,342,贵州省招生考试院,https://zsksy.guizhou.gov.cn/zlxz/202603/P020240625688381616895.pdf,https://zsksy.guizhou.gov.cn/zlxz/202603/t20260324_89900474.html,guizhou_2024_历史类_score_rank.pdf,pdf_table
2024,贵州,历史类,636,636,14,356,0.358,343,356,贵州省招生考试院,https://zsksy.guizhou.gov.cn/zlxz/202603/P020240625688381616895.pdf,https://zsksy.guizhou.gov.cn/zlxz/202603/t20260324_89900474.html,guizhou_2024_历史类_score_rank.pdf,pdf_table
2024,贵州,历史类,635,635,23,379,0.382,357,379,贵州省招生考试院,https://zsksy.guizhou.gov.cn/zlxz/202603/P020240625688381616895.pdf,https://zsksy.guizhou.gov.cn/zlxz/202603/t20260324_89900474.html,guizhou_2024_历史类_score_rank.pdf,pdf_table
2024,贵州,历史类,634,634,21,400,0.403,380,400,贵州省招生考试院,https://zsksy.guizhou.gov.cn/zlxz/202603/P020240625688381616895.pdf,https://zsksy.guizhou.gov.cn/zlxz/202603/t20260324_89900474.html,guizhou_2024_历史类_score_rank.pdf,pdf_table
2024,贵州,历史类,633,633,26,426,0.429,401,426,贵州省招生考试院,https://zsksy.guizhou.gov.cn/zlxz/202603/P020240625688381616895.pdf,https://zsksy.guizhou.gov.cn/zlxz/202603/t20260324_89900474.html,guizhou_2024_历史类_score_rank.pdf,pdf_table
2024,贵州,历史类,632,632,37,463,0.466,427,463,贵州省招生考试院,https://zsksy.guizhou.gov.cn/zlxz/202603/P020240625688381616895.pdf,https://zsksy.guizhou.gov.cn/zlxz/202603/t20260324_89900474.html,guizhou_2024_历史类_score_rank.pdf,pdf_table
2024,贵州,历史类,631,631,24,487,0.49,464,487,贵州省招生考试院,https://zsksy.guizhou.gov.cn/zlxz/202603/P020240625688381616895.pdf,https://zsksy.guizhou.gov.cn/zlxz/202603/t20260324_89900474.html,guizhou_2024_历史类_score_rank.pdf,pdf_table
2024,贵州,历史类,630,630,26,513,0.516,488,513,贵州省招生考试院,https://zsksy.guizhou.gov.cn/zlxz/202603/P020240625688381616895.pdf,https://zsksy.guizhou.gov.cn/zlxz/202603/t20260324_89900474.html,guizhou_2024_历史类_score_rank.pdf,pdf_table
2024,贵州,历史类,629,629,23,536,0.54,514,536,贵州省招生考试院,https://zsksy.guizhou.gov.cn/zlxz/202603/P020240625688381616895.pdf,https://zsksy.guizhou.gov.cn/zlxz/202603/t20260324_89900474.html,guizhou_2024_历史类_score_rank.pdf,pdf_table
2024,贵州,历史类,628,628,28,564,0.568,537,564,贵州省招生考试院,https://zsksy.guizhou.gov.cn/zlxz/202603/P020240625688381616895.pdf,https://zsksy.guizhou.gov.cn/zlxz/202603/t20260324_89900474.html,guizhou_2024_历史类_score_rank.pdf,pdf_table
2024,贵州,历史类,627,627,25,589,0.593,565,589,贵州省招生考试院,https://zsksy.guizhou.gov.cn/zlxz/202603/P020240625688381616895.pdf,https://zsksy.guizhou.gov.cn/zlxz/202603/t20260324_89900474.html,guizhou_2024_历史类_score_rank.pdf,pdf_table
2024,贵州,历史类,626,626,26,615,0.619,590,615,贵州省招生考试院,https://zsksy.guizhou.gov.cn/zlxz/202603/P020240625688381616895.pdf,https://zsksy.guizhou.gov.cn/zlxz/202603/t20260324_89900474.html,guizhou_2024_历史类_score_rank.pdf,pdf_table
2024,贵州,历史类,625,625,27,642,0.646,616,642,贵州省招生考试院,https://zsksy.guizhou.gov.cn/zlxz/202603/P020240625688381616895.pdf,https://zsksy.guizhou.gov.cn/zlxz/202603/t20260324_89900474.html,guizhou_2024_历史类_score_rank.pdf,pdf_table
2024,贵州,历史类,624,624,25,667,0.671,643,667,贵州省招生考试院,https://zsksy.guizhou.gov.cn/zlxz/202603/P020240625688381616895.pdf,https://zsksy.guizhou.gov.cn/zlxz/202603/t20260324_89900474.html,guizhou_2024_历史类_score_rank.pdf,pdf_table
2024,贵州,历史类,623,623,23,690,0.695,668,690,贵州省招生考试院,https://zsksy.guizhou.gov.cn/zlxz/202603/P020240625688381616895.pdf,https://zsksy.guizhou.gov.cn/zlxz/202603/t20260324_89900474.html,guizhou_2024_历史类_score_rank.pdf,pdf_table
2024,贵州,历史类,622,622,36,726,0.731,691,726,贵州省招生考试院,https://zsksy.guizhou.gov.cn/zlxz/202603/P020240625688381616895.pdf,https://zsksy.guizhou.gov.cn/zlxz/202603/t20260324_89900474.html,guizhou_2024_历史类_score_rank.pdf,pdf_table
2024,贵州,历史类,621,621,36,762,0.767,727,762,贵州省招生考试院,https://zsksy.guizhou.gov.cn/zlxz/202603/P020240625688381616895.pdf,https://zsksy.guizhou.gov.cn/zlxz/202603/t20260324_89900474.html,guizhou_2024_历史类_score_rank.pdf,pdf_table
2024,贵州,历史类,620,620,31,793,0.798,763,793,贵州省招生考试院,https://zsksy.guizhou.gov.cn/zlxz/202603/P020240625688381616895.pdf,https://zsksy.guizhou.gov.cn/zlxz/202603/t20260324_89900474.html,guizhou_2024_历史类_score_rank.pdf,pdf_table
2024,贵州,历史类,619,619,40,833,0.839,794,833,贵州省招生考试院,https://zsksy.guizhou.gov.cn/zlxz/202603/P020240625688381616895.pdf,https://zsksy.guizhou.gov.cn/zlxz/202603/t20260324_89900474.html,guizhou_2024_历史类_score_rank.pdf,pdf_table
2024,贵州,历史类,618,618,34,867,0.873,834,867,贵州省招生考试院,https://zsksy.guizhou.gov.cn/zlxz/202603/P020240625688381616895.pdf,https://zsksy.guizhou.gov.cn/zlxz/202603/t20260324_89900474.html,guizhou_2024_历史类_score_rank.pdf,pdf_table
2024,贵州,历史类,617,617,41,908,0.914,868,908,贵州省招生考试院,https://zsksy.guizhou.gov.cn/zlxz/202603/P020240625688381616895.pdf,https://zsksy.guizhou.gov.cn/zlxz/202603/t20260324_89900474.html,guizhou_2024_历史类_score_rank.pdf,pdf_table
2024,贵州,历史类,616,616,44,952,0.958,909,952,贵州省招生考试院,https://zsksy.guizhou.gov.cn/zlxz/202603/P020240625688381616895.pdf,https://zsksy.guizhou.gov.cn/zlxz/202603/t20260324_89900474.html,guizhou_2024_历史类_score_rank.pdf,pdf_table
2024,贵州,历史类,615,615,35,987,0.994,953,987,贵州省招生考试院,https://zsksy.guizhou.gov.cn/zlxz/202603/P020240625688381616895.pdf,https://zsksy.guizhou.gov.cn/zlxz/202603/t20260324_89900474.html,guizhou_2024_历史类_score_rank.pdf,pdf_table
2024,贵州,历史类,614,614,41,1028,1.035,988,1028,贵州省招生考试院,https://zsksy.guizhou.gov.cn/zlxz/202603/P020240625688381616895.pdf,https://zsksy.guizhou.gov.cn/zlxz/202603/t20260324_89900474.html,guizhou_2024_历史类_score_rank.pdf,pdf_table
2024,贵州,历史类,613,613,46,1074,1.081,1029,1074,贵州省招生考试院,https://zsksy.guizhou.gov.cn/zlxz/202603/P020240625688381616895.pdf,https://zsksy.guizhou.gov.cn/zlxz/202603/t20260324_89900474.html,guizhou_2024_历史类_score_rank.pdf,pdf_table
2024,贵州,历史类,612,612,59,1133,1.141,1075,1133,贵州省招生考试院,https://zsksy.guizhou.gov.cn/zlxz/202603/P020240625688381616895.pdf,https://zsksy.guizhou.gov.cn/zlxz/202603/t20260324_89900474.html,guizhou_2024_历史类_score_rank.pdf,pdf_table
2024,贵州,历史类,611,611,52,1185,1.193,1134,1185,贵州省招生考试院,https://zsksy.guizhou.gov.cn/zlxz/202603/P020240625688381616895.pdf,https://zsksy.guizhou.gov.cn/zlxz/202603/t20260324_89900474.html,guizhou_2024_历史类_score_rank.pdf,pdf_table
2024,贵州,历史类,610,610,51,1236,1.244,1186,1236,贵州省招生考试院,https://zsksy.guizhou.gov.cn/zlxz/202603/P020240625688381616895.pdf,https://zsksy.guizhou.gov.cn/zlxz/202603/t20260324_89900474.html,guizhou_2024_历史类_score_rank.pdf,pdf_table
2024,贵州,历史类,609,609,55,1291,1.3,1237,1291,贵州省招生考试院,https://zsksy.guizhou.gov.cn/zlxz/202603/P020240625688381616895.pdf,https://zsksy.guizhou.gov.cn/zlxz/202603/t20260324_89900474.html,guizhou_2024_历史类_score_rank.pdf,pdf_table
2024,贵州,历史类,608,608,55,1346,1.355,1292,1346,贵州省招生考试院,https://zsksy.guizhou.gov.cn/zlxz/202603/P020240625688381616895.pdf,https://zsksy.guizhou.gov.cn/zlxz/202603/t20260324_89900474.html,guizhou_2024_历史类_score_rank.pdf,pdf_table
2024,贵州,历史类,607,607,60,1406,1.415,1347,1406,贵州省招生考试院,https://zsksy.guizhou.gov.cn/zlxz/202603/P020240625688381616895.pdf,https://zsksy.guizhou.gov.cn/zlxz/202603/t20260324_89900474.html,guizhou_2024_历史类_score_rank.pdf,pdf_table
2024,贵州,历史类,606,606,52,1458,1.468,1407,1458,贵州省招生考试院,https://zsksy.guizhou.gov.cn/zlxz/202603/P020240625688381616895.pdf,https://zsksy.guizhou.gov.cn/zlxz/202603/t20260324_89900474.html,guizhou_2024_历史类_score_rank.pdf,pdf_table
2024,贵州,历史类,605,605,48,1506,1.516,1459,1506,贵州省招生考试院,https://zsksy.guizhou.gov.cn/zlxz/202603/P020240625688381616895.pdf,https://zsksy.guizhou.gov.cn/zlxz/202603/t20260324_89900474.html,guizhou_2024_历史类_score_rank.pdf,pdf_table
2024,贵州,历史类,604,604,68,1574,1.585,1507,1574,贵州省招生考试院,https://zsksy.guizhou.gov.cn/zlxz/202603/P020240625688381616895.pdf,https://zsksy.guizhou.gov.cn/zlxz/202603/t20260324_89900474.html,guizhou_2024_历史类_score_rank.pdf,pdf_table
2024,贵州,历史类,603,603,65,1639,1.65,1575,1639,贵州省招生考试院,https://zsksy.guizhou.gov.cn/zlxz/202603/P020240625688381616895.pdf,https://zsksy.guizhou.gov.cn/zlxz/202603/t20260324_89900474.html,guizhou_2024_历史类_score_rank.pdf,pdf_table
2024,贵州,历史类,602,602,66,1705,1.716,1640,1705,贵州省招生考试院,https://zsksy.guizhou.gov.cn/zlxz/202603/P020240625688381616895.pdf,https://zsksy.guizhou.gov.cn/zlxz/202603/t20260324_89900474.html,guizhou_2024_历史类_score_rank.pdf,pdf_table
2024,贵州,历史类,601,601,63,1768,1.78,1706,1768,贵州省招生考试院,https://zsksy.guizhou.gov.cn/zlxz/202603/P020240625688381616895.pdf,https://zsksy.guizhou.gov.cn/zlxz/202603/t20260324_89900474.html,guizhou_2024_历史类_score_rank.pdf,pdf_table
2024,贵州,历史类,600,600,62,1830,1.842,1769,1830,贵州省招生考试院,https://zsksy.guizhou.gov.cn/zlxz/202603/P020240625688381616895.pdf,https://zsksy.guizhou.gov.cn/zlxz/202603/t20260324_89900474.html,guizhou_2024_历史类_score_rank.pdf,pdf_table
2024,贵州,历史类,599,599,68,1898,1.911,1831,1898,贵州省招生考试院,https://zsksy.guizhou.gov.cn/zlxz/202603/P020240625688381616895.pdf,https://zsksy.guizhou.gov.cn/zlxz/202603/t20260324_89900474.html,guizhou_2024_历史类_score_rank.pdf,pdf_table
2024,贵州,历史类,598,598,55,1953,1.966,1899,1953,贵州省招生考试院,https://zsksy.guizhou.gov.cn/zlxz/202603/P020240625688381616895.pdf,https://zsksy.guizhou.gov.cn/zlxz/202603/t20260324_89900474.html,guizhou_2024_历史类_score_rank.pdf,pdf_table
2024,贵州,历史类,597,597,71,2024,2.038,1954,2024,贵州省招生考试院,https://zsksy.guizhou.gov.cn/zlxz/202603/P020240625688381616895.pdf,https://zsksy.guizhou.gov.cn/zlxz/202603/t20260324_89900474.html,guizhou_2024_历史类_score_rank.pdf,pdf_table
2024,贵州,历史类,596,596,66,2090,2.104,2025,2090,贵州省招生考试院,https://zsksy.guizhou.gov.cn/zlxz/202603/P020240625688381616895.pdf,https://zsksy.guizhou.gov.cn/zlxz/202603/t20260324_89900474.html,guizhou_2024_历史类_score_rank.pdf,pdf_table
2024,贵州,历史类,595,595,72,2162,2.177,2091,2162,贵州省招生考试院,https://zsksy.guizhou.gov.cn/zlxz/202603/P020240625688381616895.pdf,https://zsksy.guizhou.gov.cn/zlxz/202603/t20260324_89900474.html,guizhou_2024_历史类_score_rank.pdf,pdf_table
2024,贵州,历史类,594,594,76,2238,2.253,2163,2238,贵州省招生考试院,https://zsksy.guizhou.gov.cn/zlxz/202603/P020240625688381616895.pdf,https://zsksy.guizhou.gov.cn/zlxz/202603/t20260324_89900474.html,guizhou_2024_历史类_score_rank.pdf,pdf_table
2024,贵州,历史类,593,593,78,2316,2.332,2239,2316,贵州省招生考试院,https://zsksy.guizhou.gov.cn/zlxz/202603/P020240625688381616895.pdf,https://zsksy.guizhou.gov.cn/zlxz/202603/t20260324_89900474.html,guizhou_2024_历史类_score_rank.pdf,pdf_table
2024,贵州,历史类,592,592,97,2413,2.429,2317,2413,贵州省招生考试院,https://zsksy.guizhou.gov.cn/zlxz/202603/P020240625688381616895.pdf,https://zsksy.guizhou.gov.cn/zlxz/202603/t20260324_89900474.html,guizhou_2024_历史类_score_rank.pdf,pdf_table
2024,贵州,历史类,591,591,78,2491,2.508,2414,2491,贵州省招生考试院,https://zsksy.guizhou.gov.cn/zlxz/202603/P020240625688381616895.pdf,https://zsksy.guizhou.gov.cn/zlxz/202603/t20260324_89900474.html,guizhou_2024_历史类_score_rank.pdf,pdf_table
2024,贵州,历史类,590,590,84,2575,2.592,2492,2575,贵州省招生考试院,https://zsksy.guizhou.gov.cn/zlxz/202603/P020240625688381616895.pdf,https://zsksy.guizhou.gov.cn/zlxz/202603/t20260324_89900474.html,guizhou_2024_历史类_score_rank.pdf,pdf_table
2024,贵州,历史类,589,589,77,2652,2.67,2576,2652,贵州省招生考试院,https://zsksy.guizhou.gov.cn/zlxz/202603/P020240625688381616895.pdf,https://zsksy.guizhou.gov.cn/zlxz/202603/t20260324_89900474.html,guizhou_2024_历史类_score_rank.pdf,pdf_table
2024,贵州,历史类,588,588,91,2743,2.761,2653,2743,贵州省招生考试院,https://zsksy.guizhou.gov.cn/zlxz/202603/P020240625688381616895.pdf,https://zsksy.guizhou.gov.cn/zlxz/202603/t20260324_89900474.html,guizhou_2024_历史类_score_rank.pdf,pdf_table
2024,贵州,历史类,587,587,80,2823,2.842,2744,2823,贵州省招生考试院,https://zsksy.guizhou.gov.cn/zlxz/202603/P020240625688381616895.pdf,https://zsksy.guizhou.gov.cn/zlxz/202603/t20260324_89900474.html,guizhou_2024_历史类_score_rank.pdf,pdf_table
2024,贵州,历史类,586,586,77,2900,2.92,2824,2900,贵州省招生考试院,https://zsksy.guizhou.gov.cn/zlxz/202603/P020240625688381616895.pdf,https://zsksy.guizhou.gov.cn/zlxz/202603/t20260324_89900474.html,guizhou_2024_历史类_score_rank.pdf,pdf_table
2024,贵州,历史类,585,585,82,2982,3.002,2901,2982,贵州省招生考试院,https://zsksy.guizhou.gov.cn/zlxz/202603/P020240625688381616895.pdf,https://zsksy.guizhou.gov.cn/zlxz/202603/t20260324_89900474.html,guizhou_2024_历史类_score_rank.pdf,pdf_table
2024,贵州,历史类,584,584,70,3052,3.073,2983,3052,贵州省招生考试院,https://zsksy.guizhou.gov.cn/zlxz/202603/P020240625688381616895.pdf,https://zsksy.guizhou.gov.cn/zlxz/202603/t20260324_89900474.html,guizhou_2024_历史类_score_rank.pdf,pdf_table
2024,贵州,历史类,583,583,108,3160,3.181,3053,3160,贵州省招生考试院,https://zsksy.guizhou.gov.cn/zlxz/202603/P020240625688381616895.pdf,https://zsksy.guizhou.gov.cn/zlxz/202603/t20260324_89900474.html,guizhou_2024_历史类_score_rank.pdf,pdf_table
2024,贵州,历史类,582,582,101,3261,3.283,3161,3261,贵州省招生考试院,https://zsksy.guizhou.gov.cn/zlxz/202603/P020240625688381616895.pdf,https://zsksy.guizhou.gov.cn/zlxz/202603/t20260324_89900474.html,guizhou_2024_历史类_score_rank.pdf,pdf_table
2024,贵州,历史类,581,581,88,3349,3.372,3262,3349,贵州省招生考试院,https://zsksy.guizhou.gov.cn/zlxz/202603/P020240625688381616895.pdf,https://zsksy.guizhou.gov.cn/zlxz/202603/t20260324_89900474.html,guizhou_2024_历史类_score_rank.pdf,pdf_table
2024,贵州,历史类,580,580,86,3435,3.458,3350,3435,贵州省招生考试院,https://zsksy.guizhou.gov.cn/zlxz/202603/P020240625688381616895.pdf,https://zsksy.guizhou.gov.cn/zlxz/202603/t20260324_89900474.html,guizhou_2024_历史类_score_rank.pdf,pdf_table
2024,贵州,历史类,579,579,114,3549,3.573,3436,3549,贵州省招生考试院,https://zsksy.guizhou.gov.cn/zlxz/202603/P020240625688381616895.pdf,https://zsksy.guizhou.gov.cn/zlxz/202603/t20260324_89900474.html,guizhou_2024_历史类_score_rank.pdf,pdf_table
2024,贵州,历史类,578,578,82,3631,3.655,3550,3631,贵州省招生考试院,https://zsksy.guizhou.gov.cn/zlxz/202603/P020240625688381616895.pdf,https://zsksy.guizhou.gov.cn/zlxz/202603/t20260324_89900474.html,guizhou_2024_历史类_score_rank.pdf,pdf_table
2024,贵州,历史类,577,577,99,3730,3.755,3632,3730,贵州省招生考试院,https://zsksy.guizhou.gov.cn/zlxz/202603/P020240625688381616895.pdf,https://zsksy.guizhou.gov.cn/zlxz/202603/t20260324_89900474.html,guizhou_2024_历史类_score_rank.pdf,pdf_table
2024,贵州,历史类,576,576,93,3823,3.849,3731,3823,贵州省招生考试院,https://zsksy.guizhou.gov.cn/zlxz/202603/P020240625688381616895.pdf,https://zsksy.guizhou.gov.cn/zlxz/202603/t20260324_89900474.html,guizhou_2024_历史类_score_rank.pdf,pdf_table
2024,贵州,历史类,575,575,104,3927,3.953,3824,3927,贵州省招生考试院,https://zsksy.guizhou.gov.cn/zlxz/202603/P020240625688381616895.pdf,https://zsksy.guizhou.gov.cn/zlxz/202603/t20260324_89900474.html,guizhou_2024_历史类_score_rank.pdf,pdf_table
2024,贵州,历史类,574,574,108,4035,4.062,3928,4035,贵州省招生考试院,https://zsksy.guizhou.gov.cn/zlxz/202603/P020240625688381616895.pdf,https://zsksy.guizhou.gov.cn/zlxz/202603/t20260324_89900474.html,guizhou_2024_历史类_score_rank.pdf,pdf_table
2024,贵州,历史类,573,573,107,4142,4.17,4036,4142,贵州省招生考试院,https://zsksy.guizhou.gov.cn/zlxz/202603/P020240625688381616895.pdf,https://zsksy.guizhou.gov.cn/zlxz/202603/t20260324_89900474.html,guizhou_2024_历史类_score_rank.pdf,pdf_table
2024,贵州,历史类,572,572,112,4254,4.283,4143,4254,贵州省招生考试院,https://zsksy.guizhou.gov.cn/zlxz/202603/P020240625688381616895.pdf,https://zsksy.guizhou.gov.cn/zlxz/202603/t20260324_89900474.html,guizhou_2024_历史类_score_rank.pdf,pdf_table
2024,贵州,历史类,571,571,106,4360,4.389,4255,4360,贵州省招生考试院,https://zsksy.guizhou.gov.cn/zlxz/202603/P020240625688381616895.pdf,https://zsksy.guizhou.gov.cn/zlxz/202603/t20260324_89900474.html,guizhou_2024_历史类_score_rank.pdf,pdf_table
2024,贵州,历史类,570,570,105,4465,4.495,4361,4465,贵州省招生考试院,https://zsksy.guizhou.gov.cn/zlxz/202603/P020240625688381616895.pdf,https://zsksy.guizhou.gov.cn/zlxz/202603/t20260324_89900474.html,guizhou_2024_历史类_score_rank.pdf,pdf_table
2024,贵州,历史类,569,569,114,4579,4.61,4466,4579,贵州省招生考试院,https://zsksy.guizhou.gov.cn/zlxz/202603/P020240625688381616895.pdf,https://zsksy.guizhou.gov.cn/zlxz/202603/t20260324_89900474.html,guizhou_2024_历史类_score_rank.pdf,pdf_table
2024,贵州,历史类,568,568,125,4704,4.736,4580,4704,贵州省招生考试院,https://zsksy.guizhou.gov.cn/zlxz/202603/P020240625688381616895.pdf,https://zsksy.guizhou.gov.cn/zlxz/202603/t20260324_89900474.html,guizhou_2024_历史类_score_rank.pdf,pdf_table
2024,贵州,历史类,567,567,121,4825,4.857,4705,4825,贵州省招生考试院,https://zsksy.guizhou.gov.cn/zlxz/202603/P020240625688381616895.pdf,https://zsksy.guizhou.gov.cn/zlxz/202603/t20260324_89900474.html,guizhou_2024_历史类_score_rank.pdf,pdf_table
2024,贵州,历史类,566,566,123,4948,4.981,4826,4948,贵州省招生考试院,https://zsksy.guizhou.gov.cn/zlxz/202603/P020240625688381616895.pdf,https://zsksy.guizhou.gov.cn/zlxz/202603/t20260324_89900474.html,guizhou_2024_历史类_score_rank.pdf,pdf_table
2024,贵州,历史类,565,565,117,5065,5.099,4949,5065,贵州省招生考试院,https://zsksy.guizhou.gov.cn/zlxz/202603/P020240625688381616895.pdf,https://zsksy.guizhou.gov.cn/zlxz/202603/t20260324_89900474.html,guizhou_2024_历史类_score_rank.pdf,pdf_table
2024,贵州,历史类,564,564,124,5189,5.224,5066,5189,贵州省招生考试院,https://zsksy.guizhou.gov.cn/zlxz/202603/P020240625688381616895.pdf,https://zsksy.guizhou.gov.cn/zlxz/202603/t20260324_89900474.html,guizhou_2024_历史类_score_rank.pdf,pdf_table
2024,贵州,历史类,563,563,132,5321,5.357,5190,5321,贵州省招生考试院,https://zsksy.guizhou.gov.cn/zlxz/202603/P020240625688381616895.pdf,https://zsksy.guizhou.gov.cn/zlxz/202603/t20260324_89900474.html,guizhou_2024_历史类_score_rank.pdf,pdf_table
2024,贵州,历史类,562,562,139,5460,5.497,5322,5460,贵州省招生考试院,https://zsksy.guizhou.gov.cn/zlxz/202603/P020240625688381616895.pdf,https://zsksy.guizhou.gov.cn/zlxz/202603/t20260324_89900474.html,guizhou_2024_历史类_score_rank.pdf,pdf_table
2024,贵州,历史类,561,561,128,5588,5.626,5461,5588,贵州省招生考试院,https://zsksy.guizhou.gov.cn/zlxz/202603/P020240625688381616895.pdf,https://zsksy.guizhou.gov.cn/zlxz/202603/t20260324_89900474.html,guizhou_2024_历史类_score_rank.pdf,pdf_table
2024,贵州,历史类,560,560,140,5728,5.767,5589,5728,贵州省招生考试院,https://zsksy.guizhou.gov.cn/zlxz/202603/P020240625688381616895.pdf,https://zsksy.guizhou.gov.cn/zlxz/202603/t20260324_89900474.html,guizhou_2024_历史类_score_rank.pdf,pdf_table
2024,贵州,历史类,559,559,116,5844,5.883,5729,5844,贵州省招生考试院,https://zsksy.guizhou.gov.cn/zlxz/202603/P020240625688381616895.pdf,https://zsksy.guizhou.gov.cn/zlxz/202603/t20260324_89900474.html,guizhou_2024_历史类_score_rank.pdf,pdf_table
2024,贵州,历史类,558,558,141,5985,6.025,5845,5985,贵州省招生考试院,https://zsksy.guizhou.gov.cn/zlxz/202603/P020240625688381616895.pdf,https://zsksy.guizhou.gov.cn/zlxz/202603/t20260324_89900474.html,guizhou_2024_历史类_score_rank.pdf,pdf_table
2024,贵州,历史类,557,557,161,6146,6.187,5986,6146,贵州省招生考试院,https://zsksy.guizhou.gov.cn/zlxz/202603/P020240625688381616895.pdf,https://zsksy.guizhou.gov.cn/zlxz/202603/t20260324_89900474.html,guizhou_2024_历史类_score_rank.pdf,pdf_table
2024,贵州,历史类,556,556,148,6294,6.336,6147,6294,贵州省招生考试院,https://zsksy.guizhou.gov.cn/zlxz/202603/P020240625688381616895.pdf,https://zsksy.guizhou.gov.cn/zlxz/202603/t20260324_89900474.html,guizhou_2024_历史类_score_rank.pdf,pdf_table
2024,贵州,历史类,555,555,138,6432,6.475,6295,6432,贵州省招生考试院,https://zsksy.guizhou.gov.cn/zlxz/202603/P020240625688381616895.pdf,https://zsksy.guizhou.gov.cn/zlxz/202603/t20260324_89900474.html,guizhou_2024_历史类_score_rank.pdf,pdf_table
2024,贵州,历史类,554,554,150,6582,6.626,6433,6582,贵州省招生考试院,https://zsksy.guizhou.gov.cn/zlxz/202603/P020240625688381616895.pdf,https://zsksy.guizhou.gov.cn/zlxz/202603/t20260324_89900474.html,guizhou_2024_历史类_score_rank.pdf,pdf_table
2024,贵州,历史类,553,553,137,6719,6.764,6583,6719,贵州省招生考试院,https://zsksy.guizhou.gov.cn/zlxz/202603/P020240625688381616895.pdf,https://zsksy.guizhou.gov.cn/zlxz/202603/t20260324_89900474.html,guizhou_2024_历史类_score_rank.pdf,pdf_table
2024,贵州,历史类,552,552,153,6872,6.918,6720,6872,贵州省招生考试院,https://zsksy.guizhou.gov.cn/zlxz/202603/P020240625688381616895.pdf,https://zsksy.guizhou.gov.cn/zlxz/202603/t20260324_89900474.html,guizhou_2024_历史类_score_rank.pdf,pdf_table
2024,贵州,历史类,551,551,165,7037,7.084,6873,7037,贵州省招生考试院,https://zsksy.guizhou.gov.cn/zlxz/202603/P020240625688381616895.pdf,https://zsksy.guizhou.gov.cn/zlxz/202603/t20260324_89900474.html,guizhou_2024_历史类_score_rank.pdf,pdf_table
2024,贵州,历史类,550,550,158,7195,7.243,7038,7195,贵州省招生考试院,https://zsksy.guizhou.gov.cn/zlxz/202603/P020240625688381616895.pdf,https://zsksy.guizhou.gov.cn/zlxz/202603/t20260324_89900474.html,guizhou_2024_历史类_score_rank.pdf,pdf_table
2024,贵州,历史类,549,549,190,7385,7.435,7196,7385,贵州省招生考试院,https://zsksy.guizhou.gov.cn/zlxz/202603/P020240625688381616895.pdf,https://zsksy.guizhou.gov.cn/zlxz/202603/t20260324_89900474.html,guizhou_2024_历史类_score_rank.pdf,pdf_table
2024,贵州,历史类,548,548,180,7565,7.616,7386,7565,贵州省招生考试院,https://zsksy.guizhou.gov.cn/zlxz/202603/P020240625688381616895.pdf,https://zsksy.guizhou.gov.cn/zlxz/202603/t20260324_89900474.html,guizhou_2024_历史类_score_rank.pdf,pdf_table
2024,贵州,历史类,547,547,168,7733,7.785,7566,7733,贵州省招生考试院,https://zsksy.guizhou.gov.cn/zlxz/202603/P020240625688381616895.pdf,https://zsksy.guizhou.gov.cn/zlxz/202603/t20260324_89900474.html,guizhou_2024_历史类_score_rank.pdf,pdf_table
2024,贵州,历史类,546,546,174,7907,7.96,7734,7907,贵州省招生考试院,https://zsksy.guizhou.gov.cn/zlxz/202603/P020240625688381616895.pdf,https://zsksy.guizhou.gov.cn/zlxz/202603/t20260324_89900474.html,guizhou_2024_历史类_score_rank.pdf,pdf_table
2024,贵州,历史类,545,545,191,8098,8.153,7908,8098,贵州省招生考试院,https://zsksy.guizhou.gov.cn/zlxz/202603/P020240625688381616895.pdf,https://zsksy.guizhou.gov.cn/zlxz/202603/t20260324_89900474.html,guizhou_2024_历史类_score_rank.pdf,pdf_table
2024,贵州,历史类,544,544,189,8287,8.343,8099,8287,贵州省招生考试院,https://zsksy.guizhou.gov.cn/zlxz/202603/P020240625688381616895.pdf,https://zsksy.guizhou.gov.cn/zlxz/202603/t20260324_89900474.html,guizhou_2024_历史类_score_rank.pdf,pdf_table
2024,贵州,历史类,543,543,151,8438,8.495,8288,8438,贵州省招生考试院,https://zsksy.guizhou.gov.cn/zlxz/202603/P020240625688381616895.pdf,https://zsksy.guizhou.gov.cn/zlxz/202603/t20260324_89900474.html,guizhou_2024_历史类_score_rank.pdf,pdf_table
2024,贵州,历史类,542,542,210,8648,8.706,8439,8648,贵州省招生考试院,https://zsksy.guizhou.gov.cn/zlxz/202603/P020240625688381616895.pdf,https://zsksy.guizhou.gov.cn/zlxz/202603/t20260324_89900474.html,guizhou_2024_历史类_score_rank.pdf,pdf_table
2024,贵州,历史类,541,541,178,8826,8.885,8649,8826,贵州省招生考试院,https://zsksy.guizhou.gov.cn/zlxz/202603/P020240625688381616895.pdf,https://zsksy.guizhou.gov.cn/zlxz/202603/t20260324_89900474.html,guizhou_2024_历史类_score_rank.pdf,pdf_table
2024,贵州,历史类,540,540,195,9021,9.082,8827,9021,贵州省招生考试院,https://zsksy.guizhou.gov.cn/zlxz/202603/P020240625688381616895.pdf,https://zsksy.guizhou.gov.cn/zlxz/202603/t20260324_89900474.html,guizhou_2024_历史类_score_rank.pdf,pdf_table
2024,贵州,历史类,539,539,172,9193,9.255,9022,9193,贵州省招生考试院,https://zsksy.guizhou.gov.cn/zlxz/202603/P020240625688381616895.pdf,https://zsksy.guizhou.gov.cn/zlxz/202603/t20260324_89900474.html,guizhou_2024_历史类_score_rank.pdf,pdf_table
2024,贵州,历史类,538,538,200,9393,9.456,9194,9393,贵州省招生考试院,https://zsksy.guizhou.gov.cn/zlxz/202603/P020240625688381616895.pdf,https://zsksy.guizhou.gov.cn/zlxz/202603/t20260324_89900474.html,guizhou_2024_历史类_score_rank.pdf,pdf_table
2024,贵州,历史类,537,537,201,9594,9.659,9394,9594,贵州省招生考试院,https://zsksy.guizhou.gov.cn/zlxz/202603/P020240625688381616895.pdf,https://zsksy.guizhou.gov.cn/zlxz/202603/t20260324_89900474.html,guizhou_2024_历史类_score_rank.pdf,pdf_table
2024,贵州,历史类,536,536,217,9811,9.877,9595,9811,贵州省招生考试院,https://zsksy.guizhou.gov.cn/zlxz/202603/P020240625688381616895.pdf,https://zsksy.guizhou.gov.cn/zlxz/202603/t20260324_89900474.html,guizhou_2024_历史类_score_rank.pdf,pdf_table
2024,贵州,历史类,535,535,193,10004,10.071,9812,10004,贵州省招生考试院,https://zsksy.guizhou.gov.cn/zlxz/202603/P020240625688381616895.pdf,https://zsksy.guizhou.gov.cn/zlxz/202603/t20260324_89900474.html,guizhou_2024_历史类_score_rank.pdf,pdf_table
2024,贵州,历史类,534,534,210,10214,10.283,10005,10214,贵州省招生考试院,https://zsksy.guizhou.gov.cn/zlxz/202603/P020240625688381616895.pdf,https://zsksy.guizhou.gov.cn/zlxz/202603/t20260324_89900474.html,guizhou_2024_历史类_score_rank.pdf,pdf_table
2024,贵州,历史类,533,533,181,10395,10.465,10215,10395,贵州省招生考试院,https://zsksy.guizhou.gov.cn/zlxz/202603/P020240625688381616895.pdf,https://zsksy.guizhou.gov.cn/zlxz/202603/t20260324_89900474.html,guizhou_2024_历史类_score_rank.pdf,pdf_table
2024,贵州,历史类,532,532,221,10616,10.687,10396,10616,贵州省招生考试院,https://zsksy.guizhou.gov.cn/zlxz/202603/P020240625688381616895.pdf,https://zsksy.guizhou.gov.cn/zlxz/202603/t20260324_89900474.html,guizhou_2024_历史类_score_rank.pdf,pdf_table
2024,贵州,历史类,531,531,206,10822,10.895,10617,10822,贵州省招生考试院,https://zsksy.guizhou.gov.cn/zlxz/202603/P020240625688381616895.pdf,https://zsksy.guizhou.gov.cn/zlxz/202603/t20260324_89900474.html,guizhou_2024_历史类_score_rank.pdf,pdf_table
2024,贵州,历史类,530,530,233,11055,11.129,10823,11055,贵州省招生考试院,https://zsksy.guizhou.gov.cn/zlxz/202603/P020240625688381616895.pdf,https://zsksy.guizhou.gov.cn/zlxz/202603/t20260324_89900474.html,guizhou_2024_历史类_score_rank.pdf,pdf_table
2024,贵州,历史类,529,529,223,11278,11.354,11056,11278,贵州省招生考试院,https://zsksy.guizhou.gov.cn/zlxz/202603/P020240625688381616895.pdf,https://zsksy.guizhou.gov.cn/zlxz/202603/t20260324_89900474.html,guizhou_2024_历史类_score_rank.pdf,pdf_table
2024,贵州,历史类,528,528,229,11507,11.585,11279,11507,贵州省招生考试院,https://zsksy.guizhou.gov.cn/zlxz/202603/P020240625688381616895.pdf,https://zsksy.guizhou.gov.cn/zlxz/202603/t20260324_89900474.html,guizhou_2024_历史类_score_rank.pdf,pdf_table
2024,贵州,历史类,527,527,220,11727,11.806,11508,11727,贵州省招生考试院,https://zsksy.guizhou.gov.cn/zlxz/202603/P020240625688381616895.pdf,https://zsksy.guizhou.gov.cn/zlxz/202603/t20260324_89900474.html,guizhou_2024_历史类_score_rank.pdf,pdf_table
2024,贵州,历史类,526,526,252,11979,12.06,11728,11979,贵州省招生考试院,https://zsksy.guizhou.gov.cn/zlxz/202603/P020240625688381616895.pdf,https://zsksy.guizhou.gov.cn/zlxz/202603/t20260324_89900474.html,guizhou_2024_历史类_score_rank.pdf,pdf_table
2024,贵州,历史类,525,525,242,12221,12.303,11980,12221,贵州省招生考试院,https://zsksy.guizhou.gov.cn/zlxz/202603/P020240625688381616895.pdf,https://zsksy.guizhou.gov.cn/zlxz/202603/t20260324_89900474.html,guizhou_2024_历史类_score_rank.pdf,pdf_table
2024,贵州,历史类,524,524,232,12453,12.537,12222,12453,贵州省招生考试院,https://zsksy.guizhou.gov.cn/zlxz/202603/P020240625688381616895.pdf,https://zsksy.guizhou.gov.cn/zlxz/202603/t20260324_89900474.html,guizhou_2024_历史类_score_rank.pdf,pdf_table
2024,贵州,历史类,523,523,235,12688,12.773,12454,12688,贵州省招生考试院,https://zsksy.guizhou.gov.cn/zlxz/202603/P020240625688381616895.pdf,https://zsksy.guizhou.gov.cn/zlxz/202603/t20260324_89900474.html,guizhou_2024_历史类_score_rank.pdf,pdf_table
2024,贵州,历史类,522,522,274,12962,13.049,12689,12962,贵州省招生考试院,https://zsksy.guizhou.gov.cn/zlxz/202603/P020240625688381616895.pdf,https://zsksy.guizhou.gov.cn/zlxz/202603/t20260324_89900474.html,guizhou_2024_历史类_score_rank.pdf,pdf_table
2024,贵州,历史类,521,521,258,13220,13.309,12963,13220,贵州省招生考试院,https://zsksy.guizhou.gov.cn/zlxz/202603/P020240625688381616895.pdf,https://zsksy.guizhou.gov.cn/zlxz/202603/t20260324_89900474.html,guizhou_2024_历史类_score_rank.pdf,pdf_table
2024,贵州,历史类,520,520,275,13495,13.586,13221,13495,贵州省招生考试院,https://zsksy.guizhou.gov.cn/zlxz/202603/P020240625688381616895.pdf,https://zsksy.guizhou.gov.cn/zlxz/202603/t20260324_89900474.html,guizhou_2024_历史类_score_rank.pdf,pdf_table
2024,贵州,历史类,519,519,230,13725,13.817,13496,13725,贵州省招生考试院,https://zsksy.guizhou.gov.cn/zlxz/202603/P020240625688381616895.pdf,https://zsksy.guizhou.gov.cn/zlxz/202603/t20260324_89900474.html,guizhou_2024_历史类_score_rank.pdf,pdf_table
2024,贵州,历史类,518,518,267,13992,14.086,13726,13992,贵州省招生考试院,https://zsksy.guizhou.gov.cn/zlxz/202603/P020240625688381616895.pdf,https://zsksy.guizhou.gov.cn/zlxz/202603/t20260324_89900474.html,guizhou_2024_历史类_score_rank.pdf,pdf_table
2024,贵州,历史类,517,517,298,14290,14.386,13993,14290,贵州省招生考试院,https://zsksy.guizhou.gov.cn/zlxz/202603/P020240625688381616895.pdf,https://zsksy.guizhou.gov.cn/zlxz/202603/t20260324_89900474.html,guizhou_2024_历史类_score_rank.pdf,pdf_table
2024,贵州,历史类,516,516,258,14548,14.646,14291,14548,贵州省招生考试院,https://zsksy.guizhou.gov.cn/zlxz/202603/P020240625688381616895.pdf,https://zsksy.guizhou.gov.cn/zlxz/202603/t20260324_89900474.html,guizhou_2024_历史类_score_rank.pdf,pdf_table
2024,贵州,历史类,515,515,280,14828,14.928,14549,14828,贵州省招生考试院,https://zsksy.guizhou.gov.cn/zlxz/202603/P020240625688381616895.pdf,https://zsksy.guizhou.gov.cn/zlxz/202603/t20260324_89900474.html,guizhou_2024_历史类_score_rank.pdf,pdf_table
2024,贵州,历史类,514,514,283,15111,15.213,14829,15111,贵州省招生考试院,https://zsksy.guizhou.gov.cn/zlxz/202603/P020240625688381616895.pdf,https://zsksy.guizhou.gov.cn/zlxz/202603/t20260324_89900474.html,guizhou_2024_历史类_score_rank.pdf,pdf_table
2024,贵州,历史类,513,513,291,15402,15.506,15112,15402,贵州省招生考试院,https://zsksy.guizhou.gov.cn/zlxz/202603/P020240625688381616895.pdf,https://zsksy.guizhou.gov.cn/zlxz/202603/t20260324_89900474.html,guizhou_2024_历史类_score_rank.pdf,pdf_table
2024,贵州,历史类,512,512,289,15691,15.797,15403,15691,贵州省招生考试院,https://zsksy.guizhou.gov.cn/zlxz/202603/P020240625688381616895.pdf,https://zsksy.guizhou.gov.cn/zlxz/202603/t20260324_89900474.html,guizhou_2024_历史类_score_rank.pdf,pdf_table
2024,贵州,历史类,511,511,285,15976,16.084,15692,15976,贵州省招生考试院,https://zsksy.guizhou.gov.cn/zlxz/202603/P020240625688381616895.pdf,https://zsksy.guizhou.gov.cn/zlxz/202603/t20260324_89900474.html,guizhou_2024_历史类_score_rank.pdf,pdf_table
2024,贵州,历史类,510,510,304,16280,16.39,15977,16280,贵州省招生考试院,https://zsksy.guizhou.gov.cn/zlxz/202603/P020240625688381616895.pdf,https://zsksy.guizhou.gov.cn/zlxz/202603/t20260324_89900474.html,guizhou_2024_历史类_score_rank.pdf,pdf_table
2024,贵州,历史类,509,509,302,16582,16.694,16281,16582,贵州省招生考试院,https://zsksy.guizhou.gov.cn/zlxz/202603/P020240625688381616895.pdf,https://zsksy.guizhou.gov.cn/zlxz/202603/t20260324_89900474.html,guizhou_2024_历史类_score_rank.pdf,pdf_table
2024,贵州,历史类,508,508,282,16864,16.978,16583,16864,贵州省招生考试院,https://zsksy.guizhou.gov.cn/zlxz/202603/P020240625688381616895.pdf,https://zsksy.guizhou.gov.cn/zlxz/202603/t20260324_89900474.html,guizhou_2024_历史类_score_rank.pdf,pdf_table
2024,贵州,历史类,507,507,298,17162,17.278,16865,17162,贵州省招生考试院,https://zsksy.guizhou.gov.cn/zlxz/202603/P020240625688381616895.pdf,https://zsksy.guizhou.gov.cn/zlxz/202603/t20260324_89900474.html,guizhou_2024_历史类_score_rank.pdf,pdf_table
2024,贵州,历史类,506,506,293,17455,17.573,17163,17455,贵州省招生考试院,https://zsksy.guizhou.gov.cn/zlxz/202603/P020240625688381616895.pdf,https://zsksy.guizhou.gov.cn/zlxz/202603/t20260324_89900474.html,guizhou_2024_历史类_score_rank.pdf,pdf_table
2024,贵州,历史类,505,505,283,17738,17.857,17456,17738,贵州省招生考试院,https://zsksy.guizhou.gov.cn/zlxz/202603/P020240625688381616895.pdf,https://zsksy.guizhou.gov.cn/zlxz/202603/t20260324_89900474.html,guizhou_2024_历史类_score_rank.pdf,pdf_table
2024,贵州,历史类,504,504,323,18061,18.183,17739,18061,贵州省招生考试院,https://zsksy.guizhou.gov.cn/zlxz/202603/P020240625688381616895.pdf,https://zsksy.guizhou.gov.cn/zlxz/202603/t20260324_89900474.html,guizhou_2024_历史类_score_rank.pdf,pdf_table
2024,贵州,历史类,503,503,301,18362,18.486,18062,18362,贵州省招生考试院,https://zsksy.guizhou.gov.cn/zlxz/202603/P020240625688381616895.pdf,https://zsksy.guizhou.gov.cn/zlxz/202603/t20260324_89900474.html,guizhou_2024_历史类_score_rank.pdf,pdf_table
2024,贵州,历史类,502,502,319,18681,18.807,18363,18681,贵州省招生考试院,https://zsksy.guizhou.gov.cn/zlxz/202603/P020240625688381616895.pdf,https://zsksy.guizhou.gov.cn/zlxz/202603/t20260324_89900474.html,guizhou_2024_历史类_score_rank.pdf,pdf_table
2024,贵州,历史类,501,501,308,18989,19.117,18682,18989,贵州省招生考试院,https://zsksy.guizhou.gov.cn/zlxz/202603/P020240625688381616895.pdf,https://zsksy.guizhou.gov.cn/zlxz/202603/t20260324_89900474.html,guizhou_2024_历史类_score_rank.pdf,pdf_table
2024,贵州,历史类,500,500,322,19311,19.441,18990,19311,贵州省招生考试院,https://zsksy.guizhou.gov.cn/zlxz/202603/P020240625688381616895.pdf,https://zsksy.guizhou.gov.cn/zlxz/202603/t20260324_89900474.html,guizhou_2024_历史类_score_rank.pdf,pdf_table
2024,贵州,历史类,499,499,359,19670,19.802,19312,19670,贵州省招生考试院,https://zsksy.guizhou.gov.cn/zlxz/202603/P020240625688381616895.pdf,https://zsksy.guizhou.gov.cn/zlxz/202603/t20260324_89900474.html,guizhou_2024_历史类_score_rank.pdf,pdf_table
2024,贵州,历史类,498,498,314,19984,20.119,19671,19984,贵州省招生考试院,https://zsksy.guizhou.gov.cn/zlxz/202603/P020240625688381616895.pdf,https://zsksy.guizhou.gov.cn/zlxz/202603/t20260324_89900474.html,guizhou_2024_历史类_score_rank.pdf,pdf_table
2024,贵州,历史类,497,497,311,20295,20.432,19985,20295,贵州省招生考试院,https://zsksy.guizhou.gov.cn/zlxz/202603/P020240625688381616895.pdf,https://zsksy.guizhou.gov.cn/zlxz/202603/t20260324_89900474.html,guizhou_2024_历史类_score_rank.pdf,pdf_table
2024,贵州,历史类,496,496,317,20612,20.751,20296,20612,贵州省招生考试院,https://zsksy.guizhou.gov.cn/zlxz/202603/P020240625688381616895.pdf,https://zsksy.guizhou.gov.cn/zlxz/202603/t20260324_89900474.html,guizhou_2024_历史类_score_rank.pdf,pdf_table
2024,贵州,历史类,495,495,366,20978,21.119,20613,20978,贵州省招生考试院,https://zsksy.guizhou.gov.cn/zlxz/202603/P020240625688381616895.pdf,https://zsksy.guizhou.gov.cn/zlxz/202603/t20260324_89900474.html,guizhou_2024_历史类_score_rank.pdf,pdf_table
2024,贵州,历史类,494,494,345,21323,21.467,20979,21323,贵州省招生考试院,https://zsksy.guizhou.gov.cn/zlxz/202603/P020240625688381616895.pdf,https://zsksy.guizhou.gov.cn/zlxz/202603/t20260324_89900474.html,guizhou_2024_历史类_score_rank.pdf,pdf_table
2024,贵州,历史类,493,493,352,21675,21.821,21324,21675,贵州省招生考试院,https://zsksy.guizhou.gov.cn/zlxz/202603/P020240625688381616895.pdf,https://zsksy.guizhou.gov.cn/zlxz/202603/t20260324_89900474.html,guizhou_2024_历史类_score_rank.pdf,pdf_table
2024,贵州,历史类,492,492,366,22041,22.189,21676,22041,贵州省招生考试院,https://zsksy.guizhou.gov.cn/zlxz/202603/P020240625688381616895.pdf,https://zsksy.guizhou.gov.cn/zlxz/202603/t20260324_89900474.html,guizhou_2024_历史类_score_rank.pdf,pdf_table
2024,贵州,历史类,491,491,326,22367,22.518,22042,22367,贵州省招生考试院,https://zsksy.guizhou.gov.cn/zlxz/202603/P020240625688381616895.pdf,https://zsksy.guizhou.gov.cn/zlxz/202603/t20260324_89900474.html,guizhou_2024_历史类_score_rank.pdf,pdf_table
2024,贵州,历史类,490,490,361,22728,22.881,22368,22728,贵州省招生考试院,https://zsksy.guizhou.gov.cn/zlxz/202603/P020240625688381616895.pdf,https://zsksy.guizhou.gov.cn/zlxz/202603/t20260324_89900474.html,guizhou_2024_历史类_score_rank.pdf,pdf_table
2024,贵州,历史类,489,489,363,23091,23.247,22729,23091,贵州省招生考试院,https://zsksy.guizhou.gov.cn/zlxz/202603/P020240625688381616895.pdf,https://zsksy.guizhou.gov.cn/zlxz/202603/t20260324_89900474.html,guizhou_2024_历史类_score_rank.pdf,pdf_table
2024,贵州,历史类,488,488,347,23438,23.596,23092,23438,贵州省招生考试院,https://zsksy.guizhou.gov.cn/zlxz/202603/P020240625688381616895.pdf,https://zsksy.guizhou.gov.cn/zlxz/202603/t20260324_89900474.html,guizhou_2024_历史类_score_rank.pdf,pdf_table
2024,贵州,历史类,487,487,340,23778,23.938,23439,23778,贵州省招生考试院,https://zsksy.guizhou.gov.cn/zlxz/202603/P020240625688381616895.pdf,https://zsksy.guizhou.gov.cn/zlxz/202603/t20260324_89900474.html,guizhou_2024_历史类_score_rank.pdf,pdf_table
2024,贵州,历史类,486,486,392,24170,24.333,23779,24170,贵州省招生考试院,https://zsksy.guizhou.gov.cn/zlxz/202603/P020240625688381616895.pdf,https://zsksy.guizhou.gov.cn/zlxz/202603/t20260324_89900474.html,guizhou_2024_历史类_score_rank.pdf,pdf_table
2024,贵州,历史类,485,485,346,24516,24.681,24171,24516,贵州省招生考试院,https://zsksy.guizhou.gov.cn/zlxz/202603/P020240625688381616895.pdf,https://zsksy.guizhou.gov.cn/zlxz/202603/t20260324_89900474.html,guizhou_2024_历史类_score_rank.pdf,pdf_table
2024,贵州,历史类,484,484,374,24890,25.058,24517,24890,贵州省招生考试院,https://zsksy.guizhou.gov.cn/zlxz/202603/P020240625688381616895.pdf,https://zsksy.guizhou.gov.cn/zlxz/202603/t20260324_89900474.html,guizhou_2024_历史类_score_rank.pdf,pdf_table
2024,贵州,历史类,483,483,374,25264,25.434,24891,25264,贵州省招生考试院,https://zsksy.guizhou.gov.cn/zlxz/202603/P020240625688381616895.pdf,https://zsksy.guizhou.gov.cn/zlxz/202603/t20260324_89900474.html,guizhou_2024_历史类_score_rank.pdf,pdf_table
2024,贵州,历史类,482,482,385,25649,25.822,25265,25649,贵州省招生考试院,https://zsksy.guizhou.gov.cn/zlxz/202603/P020240625688381616895.pdf,https://zsksy.guizhou.gov.cn/zlxz/202603/t20260324_89900474.html,guizhou_2024_历史类_score_rank.pdf,pdf_table
2024,贵州,历史类,481,481,371,26020,26.195,25650,26020,贵州省招生考试院,https://zsksy.guizhou.gov.cn/zlxz/202603/P020240625688381616895.pdf,https://zsksy.guizhou.gov.cn/zlxz/202603/t20260324_89900474.html,guizhou_2024_历史类_score_rank.pdf,pdf_table
2024,贵州,历史类,480,480,409,26429,26.607,26021,26429,贵州省招生考试院,https://zsksy.guizhou.gov.cn/zlxz/202603/P020240625688381616895.pdf,https://zsksy.guizhou.gov.cn/zlxz/202603/t20260324_89900474.html,guizhou_2024_历史类_score_rank.pdf,pdf_table
2024,贵州,历史类,479,479,407,26836,27.017,26430,26836,贵州省招生考试院,https://zsksy.guizhou.gov.cn/zlxz/202603/P020240625688381616895.pdf,https://zsksy.guizhou.gov.cn/zlxz/202603/t20260324_89900474.html,guizhou_2024_历史类_score_rank.pdf,pdf_table
2024,贵州,历史类,478,478,398,27234,27.417,26837,27234,贵州省招生考试院,https://zsksy.guizhou.gov.cn/zlxz/202603/P020240625688381616895.pdf,https://zsksy.guizhou.gov.cn/zlxz/202603/t20260324_89900474.html,guizhou_2024_历史类_score_rank.pdf,pdf_table
2024,贵州,历史类,477,477,404,27638,27.824,27235,27638,贵州省招生考试院,https://zsksy.guizhou.gov.cn/zlxz/202603/P020240625688381616895.pdf,https://zsksy.guizhou.gov.cn/zlxz/202603/t20260324_89900474.html,guizhou_2024_历史类_score_rank.pdf,pdf_table
2024,贵州,历史类,476,476,412,28050,28.239,27639,28050,贵州省招生考试院,https://zsksy.guizhou.gov.cn/zlxz/202603/P020240625688381616895.pdf,https://zsksy.guizhou.gov.cn/zlxz/202603/t20260324_89900474.html,guizhou_2024_历史类_score_rank.pdf,pdf_table
2024,贵州,历史类,475,475,401,28451,28.643,28051,28451,贵州省招生考试院,https://zsksy.guizhou.gov.cn/zlxz/202603/P020240625688381616895.pdf,https://zsksy.guizhou.gov.cn/zlxz/202603/t20260324_89900474.html,guizhou_2024_历史类_score_rank.pdf,pdf_table
2024,贵州,历史类,474,474,373,28824,29.018,28452,28824,贵州省招生考试院,https://zsksy.guizhou.gov.cn/zlxz/202603/P020240625688381616895.pdf,https://zsksy.guizhou.gov.cn/zlxz/202603/t20260324_89900474.html,guizhou_2024_历史类_score_rank.pdf,pdf_table
2024,贵州,历史类,473,473,410,29234,29.431,28825,29234,贵州省招生考试院,https://zsksy.guizhou.gov.cn/zlxz/202603/P020240625688381616895.pdf,https://zsksy.guizhou.gov.cn/zlxz/202603/t20260324_89900474.html,guizhou_2024_历史类_score_rank.pdf,pdf_table
2024,贵州,历史类,472,472,405,29639,29.839,29235,29639,贵州省招生考试院,https://zsksy.guizhou.gov.cn/zlxz/202603/P020240625688381616895.pdf,https://zsksy.guizhou.gov.cn/zlxz/202603/t20260324_89900474.html,guizhou_2024_历史类_score_rank.pdf,pdf_table
2024,贵州,历史类,471,471,381,30020,30.222,29640,30020,贵州省招生考试院,https://zsksy.guizhou.gov.cn/zlxz/202603/P020240625688381616895.pdf,https://zsksy.guizhou.gov.cn/zlxz/202603/t20260324_89900474.html,guizhou_2024_历史类_score_rank.pdf,pdf_table
2024,贵州,历史类,470,470,426,30446,30.651,30021,30446,贵州省招生考试院,https://zsksy.guizhou.gov.cn/zlxz/202603/P020240625688381616895.pdf,https://zsksy.guizhou.gov.cn/zlxz/202603/t20260324_89900474.html,guizhou_2024_历史类_score_rank.pdf,pdf_table
2024,贵州,历史类,469,469,452,30898,31.106,30447,30898,贵州省招生考试院,https://zsksy.guizhou.gov.cn/zlxz/202603/P020240625688381616895.pdf,https://zsksy.guizhou.gov.cn/zlxz/202603/t20260324_89900474.html,guizhou_2024_历史类_score_rank.pdf,pdf_table
2024,贵州,历史类,468,468,422,31320,31.531,30899,31320,贵州省招生考试院,https://zsksy.guizhou.gov.cn/zlxz/202603/P020240625688381616895.pdf,https://zsksy.guizhou.gov.cn/zlxz/202603/t20260324_89900474.html,guizhou_2024_历史类_score_rank.pdf,pdf_table
2024,贵州,历史类,467,467,410,31730,31.944,31321,31730,贵州省招生考试院,https://zsksy.guizhou.gov.cn/zlxz/202603/P020240625688381616895.pdf,https://zsksy.guizhou.gov.cn/zlxz/202603/t20260324_89900474.html,guizhou_2024_历史类_score_rank.pdf,pdf_table
2024,贵州,历史类,466,466,440,32170,32.387,31731,32170,贵州省招生考试院,https://zsksy.guizhou.gov.cn/zlxz/202603/P020240625688381616895.pdf,https://zsksy.guizhou.gov.cn/zlxz/202603/t20260324_89900474.html,guizhou_2024_历史类_score_rank.pdf,pdf_table
2024,贵州,历史类,465,465,381,32551,32.77,32171,32551,贵州省招生考试院,https://zsksy.guizhou.gov.cn/zlxz/202603/P020240625688381616895.pdf,https://zsksy.guizhou.gov.cn/zlxz/202603/t20260324_89900474.html,guizhou_2024_历史类_score_rank.pdf,pdf_table
2024,贵州,历史类,464,464,423,32974,33.196,32552,32974,贵州省招生考试院,https://zsksy.guizhou.gov.cn/zlxz/202603/P020240625688381616895.pdf,https://zsksy.guizhou.gov.cn/zlxz/202603/t20260324_89900474.html,guizhou_2024_历史类_score_rank.pdf,pdf_table
2024,贵州,历史类,463,463,413,33387,33.612,32975,33387,贵州省招生考试院,https://zsksy.guizhou.gov.cn/zlxz/202603/P020240625688381616895.pdf,https://zsksy.guizhou.gov.cn/zlxz/202603/t20260324_89900474.html,guizhou_2024_历史类_score_rank.pdf,pdf_table
2024,贵州,历史类,462,462,425,33812,34.04,33388,33812,贵州省招生考试院,https://zsksy.guizhou.gov.cn/zlxz/202603/P020240625688381616895.pdf,https://zsksy.guizhou.gov.cn/zlxz/202603/t20260324_89900474.html,guizhou_2024_历史类_score_rank.pdf,pdf_table
2024,贵州,历史类,461,461,419,34231,34.462,33813,34231,贵州省招生考试院,https://zsksy.guizhou.gov.cn/zlxz/202603/P020240625688381616895.pdf,https://zsksy.guizhou.gov.cn/zlxz/202603/t20260324_89900474.html,guizhou_2024_历史类_score_rank.pdf,pdf_table
2024,贵州,历史类,460,460,448,34679,34.913,34232,34679,贵州省招生考试院,https://zsksy.guizhou.gov.cn/zlxz/202603/P020240625688381616895.pdf,https://zsksy.guizhou.gov.cn/zlxz/202603/t20260324_89900474.html,guizhou_2024_历史类_score_rank.pdf,pdf_table
2024,贵州,历史类,459,459,407,35086,35.322,34680,35086,贵州省招生考试院,https://zsksy.guizhou.gov.cn/zlxz/202603/P020240625688381616895.pdf,https://zsksy.guizhou.gov.cn/zlxz/202603/t20260324_89900474.html,guizhou_2024_历史类_score_rank.pdf,pdf_table
2024,贵州,历史类,458,458,445,35531,35.77,35087,35531,贵州省招生考试院,https://zsksy.guizhou.gov.cn/zlxz/202603/P020240625688381616895.pdf,https://zsksy.guizhou.gov.cn/zlxz/202603/t20260324_89900474.html,guizhou_2024_历史类_score_rank.pdf,pdf_table
2024,贵州,历史类,457,457,406,35937,36.179,35532,35937,贵州省招生考试院,https://zsksy.guizhou.gov.cn/zlxz/202603/P020240625688381616895.pdf,https://zsksy.guizhou.gov.cn/zlxz/202603/t20260324_89900474.html,guizhou_2024_历史类_score_rank.pdf,pdf_table
2024,贵州,历史类,456,456,453,36390,36.635,35938,36390,贵州省招生考试院,https://zsksy.guizhou.gov.cn/zlxz/202603/P020240625688381616895.pdf,https://zsksy.guizhou.gov.cn/zlxz/202603/t20260324_89900474.html,guizhou_2024_历史类_score_rank.pdf,pdf_table
2024,贵州,历史类,455,455,414,36804,37.052,36391,36804,贵州省招生考试院,https://zsksy.guizhou.gov.cn/zlxz/202603/P020240625688381616895.pdf,https://zsksy.guizhou.gov.cn/zlxz/202603/t20260324_89900474.html,guizhou_2024_历史类_score_rank.pdf,pdf_table
2024,贵州,历史类,454,454,452,37256,37.507,36805,37256,贵州省招生考试院,https://zsksy.guizhou.gov.cn/zlxz/202603/P020240625688381616895.pdf,https://zsksy.guizhou.gov.cn/zlxz/202603/t20260324_89900474.html,guizhou_2024_历史类_score_rank.pdf,pdf_table
2024,贵州,历史类,453,453,449,37705,37.959,37257,37705,贵州省招生考试院,https://zsksy.guizhou.gov.cn/zlxz/202603/P020240625688381616895.pdf,https://zsksy.guizhou.gov.cn/zlxz/202603/t20260324_89900474.html,guizhou_2024_历史类_score_rank.pdf,pdf_table
2024,贵州,历史类,452,452,461,38166,38.423,37706,38166,贵州省招生考试院,https://zsksy.guizhou.gov.cn/zlxz/202603/P020240625688381616895.pdf,https://zsksy.guizhou.gov.cn/zlxz/202603/t20260324_89900474.html,guizhou_2024_历史类_score_rank.pdf,pdf_table
2024,贵州,历史类,451,451,441,38607,38.867,38167,38607,贵州省招生考试院,https://zsksy.guizhou.gov.cn/zlxz/202603/P020240625688381616895.pdf,https://zsksy.guizhou.gov.cn/zlxz/202603/t20260324_89900474.html,guizhou_2024_历史类_score_rank.pdf,pdf_table
2024,贵州,历史类,450,450,441,39048,39.311,38608,39048,贵州省招生考试院,https://zsksy.guizhou.gov.cn/zlxz/202603/P020240625688381616895.pdf,https://zsksy.guizhou.gov.cn/zlxz/202603/t20260324_89900474.html,guizhou_2024_历史类_score_rank.pdf,pdf_table
2024,贵州,历史类,449,449,450,39498,39.764,39049,39498,贵州省招生考试院,https://zsksy.guizhou.gov.cn/zlxz/202603/P020240625688381616895.pdf,https://zsksy.guizhou.gov.cn/zlxz/202603/t20260324_89900474.html,guizhou_2024_历史类_score_rank.pdf,pdf_table
2024,贵州,历史类,448,448,449,39947,40.216,39499,39947,贵州省招生考试院,https://zsksy.guizhou.gov.cn/zlxz/202603/P020240625688381616895.pdf,https://zsksy.guizhou.gov.cn/zlxz/202603/t20260324_89900474.html,guizhou_2024_历史类_score_rank.pdf,pdf_table
2024,贵州,历史类,447,447,473,40420,40.692,39948,40420,贵州省招生考试院,https://zsksy.guizhou.gov.cn/zlxz/202603/P020240625688381616895.pdf,https://zsksy.guizhou.gov.cn/zlxz/202603/t20260324_89900474.html,guizhou_2024_历史类_score_rank.pdf,pdf_table
2024,贵州,历史类,446,446,460,40880,41.155,40421,40880,贵州省招生考试院,https://zsksy.guizhou.gov.cn/zlxz/202603/P020240625688381616895.pdf,https://zsksy.guizhou.gov.cn/zlxz/202603/t20260324_89900474.html,guizhou_2024_历史类_score_rank.pdf,pdf_table
2024,贵州,历史类,445,445,444,41324,41.602,40881,41324,贵州省招生考试院,https://zsksy.guizhou.gov.cn/zlxz/202603/P020240625688381616895.pdf,https://zsksy.guizhou.gov.cn/zlxz/202603/t20260324_89900474.html,guizhou_2024_历史类_score_rank.pdf,pdf_table
2024,贵州,历史类,444,444,456,41780,42.061,41325,41780,贵州省招生考试院,https://zsksy.guizhou.gov.cn/zlxz/202603/P020240625688381616895.pdf,https://zsksy.guizhou.gov.cn/zlxz/202603/t20260324_89900474.html,guizhou_2024_历史类_score_rank.pdf,pdf_table
2024,贵州,历史类,443,443,494,42274,42.559,41781,42274,贵州省招生考试院,https://zsksy.guizhou.gov.cn/zlxz/202603/P020240625688381616895.pdf,https://zsksy.guizhou.gov.cn/zlxz/202603/t20260324_89900474.html,guizhou_2024_历史类_score_rank.pdf,pdf_table
2024,贵州,历史类,442,442,455,42729,43.017,42275,42729,贵州省招生考试院,https://zsksy.guizhou.gov.cn/zlxz/202603/P020240625688381616895.pdf,https://zsksy.guizhou.gov.cn/zlxz/202603/t20260324_89900474.html,guizhou_2024_历史类_score_rank.pdf,pdf_table
2024,贵州,历史类,441,441,465,43194,43.485,42730,43194,贵州省招生考试院,https://zsksy.guizhou.gov.cn/zlxz/202603/P020240625688381616895.pdf,https://zsksy.guizhou.gov.cn/zlxz/202603/t20260324_89900474.html,guizhou_2024_历史类_score_rank.pdf,pdf_table
2024,贵州,历史类,440,440,459,43653,43.947,43195,43653,贵州省招生考试院,https://zsksy.guizhou.gov.cn/zlxz/202603/P020240625688381616895.pdf,https://zsksy.guizhou.gov.cn/zlxz/202603/t20260324_89900474.html,guizhou_2024_历史类_score_rank.pdf,pdf_table
2024,贵州,历史类,439,439,463,44116,44.413,43654,44116,贵州省招生考试院,https://zsksy.guizhou.gov.cn/zlxz/202603/P020240625688381616895.pdf,https://zsksy.guizhou.gov.cn/zlxz/202603/t20260324_89900474.html,guizhou_2024_历史类_score_rank.pdf,pdf_table
2024,贵州,历史类,438,438,448,44564,44.864,44117,44564,贵州省招生考试院,https://zsksy.guizhou.gov.cn/zlxz/202603/P020240625688381616895.pdf,https://zsksy.guizhou.gov.cn/zlxz/202603/t20260324_89900474.html,guizhou_2024_历史类_score_rank.pdf,pdf_table
2024,贵州,历史类,437,437,461,45025,45.328,44565,45025,贵州省招生考试院,https://zsksy.guizhou.gov.cn/zlxz/202603/P020240625688381616895.pdf,https://zsksy.guizhou.gov.cn/zlxz/202603/t20260324_89900474.html,guizhou_2024_历史类_score_rank.pdf,pdf_table
2024,贵州,历史类,436,436,464,45489,45.795,45026,45489,贵州省招生考试院,https://zsksy.guizhou.gov.cn/zlxz/202603/P020240625688381616895.pdf,https://zsksy.guizhou.gov.cn/zlxz/202603/t20260324_89900474.html,guizhou_2024_历史类_score_rank.pdf,pdf_table
2024,贵州,历史类,435,435,426,45915,46.224,45490,45915,贵州省招生考试院,https://zsksy.guizhou.gov.cn/zlxz/202603/P020240625688381616895.pdf,https://zsksy.guizhou.gov.cn/zlxz/202603/t20260324_89900474.html,guizhou_2024_历史类_score_rank.pdf,pdf_table
2024,贵州,历史类,434,434,463,46378,46.69,45916,46378,贵州省招生考试院,https://zsksy.guizhou.gov.cn/zlxz/202603/P020240625688381616895.pdf,https://zsksy.guizhou.gov.cn/zlxz/202603/t20260324_89900474.html,guizhou_2024_历史类_score_rank.pdf,pdf_table
2024,贵州,历史类,433,433,459,46837,47.152,46379,46837,贵州省招生考试院,https://zsksy.guizhou.gov.cn/zlxz/202603/P020240625688381616895.pdf,https://zsksy.guizhou.gov.cn/zlxz/202603/t20260324_89900474.html,guizhou_2024_历史类_score_rank.pdf,pdf_table
2024,贵州,历史类,432,432,455,47292,47.611,46838,47292,贵州省招生考试院,https://zsksy.guizhou.gov.cn/zlxz/202603/P020240625688381616895.pdf,https://zsksy.guizhou.gov.cn/zlxz/202603/t20260324_89900474.html,guizhou_2024_历史类_score_rank.pdf,pdf_table
2024,贵州,历史类,431,431,476,47768,48.09,47293,47768,贵州省招生考试院,https://zsksy.guizhou.gov.cn/zlxz/202603/P020240625688381616895.pdf,https://zsksy.guizhou.gov.cn/zlxz/202603/t20260324_89900474.html,guizhou_2024_历史类_score_rank.pdf,pdf_table
2024,贵州,历史类,430,430,451,48219,48.544,47769,48219,贵州省招生考试院,https://zsksy.guizhou.gov.cn/zlxz/202603/P020240625688381616895.pdf,https://zsksy.guizhou.gov.cn/zlxz/202603/t20260324_89900474.html,guizhou_2024_历史类_score_rank.pdf,pdf_table
2024,贵州,历史类,429,429,504,48723,49.051,48220,48723,贵州省招生考试院,https://zsksy.guizhou.gov.cn/zlxz/202603/P020240625688381616895.pdf,https://zsksy.guizhou.gov.cn/zlxz/202603/t20260324_89900474.html,guizhou_2024_历史类_score_rank.pdf,pdf_table
2024,贵州,历史类,428,428,490,49213,49.544,48724,49213,贵州省招生考试院,https://zsksy.guizhou.gov.cn/zlxz/202603/P020240625688381616895.pdf,https://zsksy.guizhou.gov.cn/zlxz/202603/t20260324_89900474.html,guizhou_2024_历史类_score_rank.pdf,pdf_table
2024,贵州,历史类,427,427,456,49669,50.004,49214,49669,贵州省招生考试院,https://zsksy.guizhou.gov.cn/zlxz/202603/P020240625688381616895.pdf,https://zsksy.guizhou.gov.cn/zlxz/202603/t20260324_89900474.html,guizhou_2024_历史类_score_rank.pdf,pdf_table
2024,贵州,历史类,426,426,441,50110,50.447,49670,50110,贵州省招生考试院,https://zsksy.guizhou.gov.cn/zlxz/202603/P020240625688381616895.pdf,https://zsksy.guizhou.gov.cn/zlxz/202603/t20260324_89900474.html,guizhou_2024_历史类_score_rank.pdf,pdf_table
2024,贵州,历史类,425,425,446,50556,50.896,50111,50556,贵州省招生考试院,https://zsksy.guizhou.gov.cn/zlxz/202603/P020240625688381616895.pdf,https://zsksy.guizhou.gov.cn/zlxz/202603/t20260324_89900474.html,guizhou_2024_历史类_score_rank.pdf,pdf_table
2024,贵州,历史类,424,424,445,51001,51.344,50557,51001,贵州省招生考试院,https://zsksy.guizhou.gov.cn/zlxz/202603/P020240625688381616895.pdf,https://zsksy.guizhou.gov.cn/zlxz/202603/t20260324_89900474.html,guizhou_2024_历史类_score_rank.pdf,pdf_table
2024,贵州,历史类,423,423,463,51464,51.811,51002,51464,贵州省招生考试院,https://zsksy.guizhou.gov.cn/zlxz/202603/P020240625688381616895.pdf,https://zsksy.guizhou.gov.cn/zlxz/202603/t20260324_89900474.html,guizhou_2024_历史类_score_rank.pdf,pdf_table
2024,贵州,历史类,422,422,443,51907,52.257,51465,51907,贵州省招生考试院,https://zsksy.guizhou.gov.cn/zlxz/202603/P020240625688381616895.pdf,https://zsksy.guizhou.gov.cn/zlxz/202603/t20260324_89900474.html,guizhou_2024_历史类_score_rank.pdf,pdf_table
2024,贵州,历史类,421,421,436,52343,52.696,51908,52343,贵州省招生考试院,https://zsksy.guizhou.gov.cn/zlxz/202603/P020240625688381616895.pdf,https://zsksy.guizhou.gov.cn/zlxz/202603/t20260324_89900474.html,guizhou_2024_历史类_score_rank.pdf,pdf_table
2024,贵州,历史类,420,420,493,52836,53.192,52344,52836,贵州省招生考试院,https://zsksy.guizhou.gov.cn/zlxz/202603/P020240625688381616895.pdf,https://zsksy.guizhou.gov.cn/zlxz/202603/t20260324_89900474.html,guizhou_2024_历史类_score_rank.pdf,pdf_table
2024,贵州,历史类,419,419,432,53268,53.627,52837,53268,贵州省招生考试院,https://zsksy.guizhou.gov.cn/zlxz/202603/P020240625688381616895.pdf,https://zsksy.guizhou.gov.cn/zlxz/202603/t20260324_89900474.html,guizhou_2024_历史类_score_rank.pdf,pdf_table
2024,贵州,历史类,418,418,459,53727,54.089,53269,53727,贵州省招生考试院,https://zsksy.guizhou.gov.cn/zlxz/202603/P020240625688381616895.pdf,https://zsksy.guizhou.gov.cn/zlxz/202603/t20260324_89900474.html,guizhou_2024_历史类_score_rank.pdf,pdf_table
2024,贵州,历史类,417,417,481,54208,54.573,53728,54208,贵州省招生考试院,https://zsksy.guizhou.gov.cn/zlxz/202603/P020240625688381616895.pdf,https://zsksy.guizhou.gov.cn/zlxz/202603/t20260324_89900474.html,guizhou_2024_历史类_score_rank.pdf,pdf_table
2024,贵州,历史类,416,416,458,54666,55.034,54209,54666,贵州省招生考试院,https://zsksy.guizhou.gov.cn/zlxz/202603/P020240625688381616895.pdf,https://zsksy.guizhou.gov.cn/zlxz/202603/t20260324_89900474.html,guizhou_2024_历史类_score_rank.pdf,pdf_table
2024,贵州,历史类,415,415,457,55123,55.494,54667,55123,贵州省招生考试院,https://zsksy.guizhou.gov.cn/zlxz/202603/P020240625688381616895.pdf,https://zsksy.guizhou.gov.cn/zlxz/202603/t20260324_89900474.html,guizhou_2024_历史类_score_rank.pdf,pdf_table
2024,贵州,历史类,414,414,484,55607,55.982,55124,55607,贵州省招生考试院,https://zsksy.guizhou.gov.cn/zlxz/202603/P020240625688381616895.pdf,https://zsksy.guizhou.gov.cn/zlxz/202603/t20260324_89900474.html,guizhou_2024_历史类_score_rank.pdf,pdf_table
2024,贵州,历史类,413,413,437,56044,56.421,55608,56044,贵州省招生考试院,https://zsksy.guizhou.gov.cn/zlxz/202603/P020240625688381616895.pdf,https://zsksy.guizhou.gov.cn/zlxz/202603/t20260324_89900474.html,guizhou_2024_历史类_score_rank.pdf,pdf_table
2024,贵州,历史类,412,412,424,56468,56.848,56045,56468,贵州省招生考试院,https://zsksy.guizhou.gov.cn/zlxz/202603/P020240625688381616895.pdf,https://zsksy.guizhou.gov.cn/zlxz/202603/t20260324_89900474.html,guizhou_2024_历史类_score_rank.pdf,pdf_table
2024,贵州,历史类,411,411,436,56904,57.287,56469,56904,贵州省招生考试院,https://zsksy.guizhou.gov.cn/zlxz/202603/P020240625688381616895.pdf,https://zsksy.guizhou.gov.cn/zlxz/202603/t20260324_89900474.html,guizhou_2024_历史类_score_rank.pdf,pdf_table
2024,贵州,历史类,410,410,466,57370,57.756,56905,57370,贵州省招生考试院,https://zsksy.guizhou.gov.cn/zlxz/202603/P020240625688381616895.pdf,https://zsksy.guizhou.gov.cn/zlxz/202603/t20260324_89900474.html,guizhou_2024_历史类_score_rank.pdf,pdf_table
2024,贵州,历史类,409,409,426,57796,58.185,57371,57796,贵州省招生考试院,https://zsksy.guizhou.gov.cn/zlxz/202603/P020240625688381616895.pdf,https://zsksy.guizhou.gov.cn/zlxz/202603/t20260324_89900474.html,guizhou_2024_历史类_score_rank.pdf,pdf_table
2024,贵州,历史类,408,408,460,58256,58.648,57797,58256,贵州省招生考试院,https://zsksy.guizhou.gov.cn/zlxz/202603/P020240625688381616895.pdf,https://zsksy.guizhou.gov.cn/zlxz/202603/t20260324_89900474.html,guizhou_2024_历史类_score_rank.pdf,pdf_table
2024,贵州,历史类,407,407,442,58698,59.093,58257,58698,贵州省招生考试院,https://zsksy.guizhou.gov.cn/zlxz/202603/P020240625688381616895.pdf,https://zsksy.guizhou.gov.cn/zlxz/202603/t20260324_89900474.html,guizhou_2024_历史类_score_rank.pdf,pdf_table
2024,贵州,历史类,406,406,457,59155,59.553,58699,59155,贵州省招生考试院,https://zsksy.guizhou.gov.cn/zlxz/202603/P020240625688381616895.pdf,https://zsksy.guizhou.gov.cn/zlxz/202603/t20260324_89900474.html,guizhou_2024_历史类_score_rank.pdf,pdf_table
2024,贵州,历史类,405,405,403,59558,59.959,59156,59558,贵州省招生考试院,https://zsksy.guizhou.gov.cn/zlxz/202603/P020240625688381616895.pdf,https://zsksy.guizhou.gov.cn/zlxz/202603/t20260324_89900474.html,guizhou_2024_历史类_score_rank.pdf,pdf_table
2024,贵州,历史类,404,404,479,60037,60.441,59559,60037,贵州省招生考试院,https://zsksy.guizhou.gov.cn/zlxz/202603/P020240625688381616895.pdf,https://zsksy.guizhou.gov.cn/zlxz/202603/t20260324_89900474.html,guizhou_2024_历史类_score_rank.pdf,pdf_table
2024,贵州,历史类,403,403,461,60498,60.905,60038,60498,贵州省招生考试院,https://zsksy.guizhou.gov.cn/zlxz/202603/P020240625688381616895.pdf,https://zsksy.guizhou.gov.cn/zlxz/202603/t20260324_89900474.html,guizhou_2024_历史类_score_rank.pdf,pdf_table
2024,贵州,历史类,402,402,482,60980,61.391,60499,60980,贵州省招生考试院,https://zsksy.guizhou.gov.cn/zlxz/202603/P020240625688381616895.pdf,https://zsksy.guizhou.gov.cn/zlxz/202603/t20260324_89900474.html,guizhou_2024_历史类_score_rank.pdf,pdf_table
2024,贵州,历史类,401,401,427,61407,61.821,60981,61407,贵州省招生考试院,https://zsksy.guizhou.gov.cn/zlxz/202603/P020240625688381616895.pdf,https://zsksy.guizhou.gov.cn/zlxz/202603/t20260324_89900474.html,guizhou_2024_历史类_score_rank.pdf,pdf_table
2024,贵州,历史类,400,400,457,61864,62.281,61408,61864,贵州省招生考试院,https://zsksy.guizhou.gov.cn/zlxz/202603/P020240625688381616895.pdf,https://zsksy.guizhou.gov.cn/zlxz/202603/t20260324_89900474.html,guizhou_2024_历史类_score_rank.pdf,pdf_table
2024,贵州,历史类,399,399,454,62318,62.738,61865,62318,贵州省招生考试院,https://zsksy.guizhou.gov.cn/zlxz/202603/P020240625688381616895.pdf,https://zsksy.guizhou.gov.cn/zlxz/202603/t20260324_89900474.html,guizhou_2024_历史类_score_rank.pdf,pdf_table
2024,贵州,历史类,398,398,464,62782,63.205,62319,62782,贵州省招生考试院,https://zsksy.guizhou.gov.cn/zlxz/202603/P020240625688381616895.pdf,https://zsksy.guizhou.gov.cn/zlxz/202603/t20260324_89900474.html,guizhou_2024_历史类_score_rank.pdf,pdf_table
2024,贵州,历史类,397,397,433,63215,63.641,62783,63215,贵州省招生考试院,https://zsksy.guizhou.gov.cn/zlxz/202603/P020240625688381616895.pdf,https://zsksy.guizhou.gov.cn/zlxz/202603/t20260324_89900474.html,guizhou_2024_历史类_score_rank.pdf,pdf_table
2024,贵州,历史类,396,396,413,63628,64.057,63216,63628,贵州省招生考试院,https://zsksy.guizhou.gov.cn/zlxz/202603/P020240625688381616895.pdf,https://zsksy.guizhou.gov.cn/zlxz/202603/t20260324_89900474.html,guizhou_2024_历史类_score_rank.pdf,pdf_table
2024,贵州,历史类,395,395,419,64047,64.478,63629,64047,贵州省招生考试院,https://zsksy.guizhou.gov.cn/zlxz/202603/P020240625688381616895.pdf,https://zsksy.guizhou.gov.cn/zlxz/202603/t20260324_89900474.html,guizhou_2024_历史类_score_rank.pdf,pdf_table
2024,贵州,历史类,394,394,451,64498,64.932,64048,64498,贵州省招生考试院,https://zsksy.guizhou.gov.cn/zlxz/202603/P020240625688381616895.pdf,https://zsksy.guizhou.gov.cn/zlxz/202603/t20260324_89900474.html,guizhou_2024_历史类_score_rank.pdf,pdf_table
2024,贵州,历史类,393,393,466,64964,65.402,64499,64964,贵州省招生考试院,https://zsksy.guizhou.gov.cn/zlxz/202603/P020240625688381616895.pdf,https://zsksy.guizhou.gov.cn/zlxz/202603/t20260324_89900474.html,guizhou_2024_历史类_score_rank.pdf,pdf_table
2024,贵州,历史类,392,392,423,65387,65.827,64965,65387,贵州省招生考试院,https://zsksy.guizhou.gov.cn/zlxz/202603/P020240625688381616895.pdf,https://zsksy.guizhou.gov.cn/zlxz/202603/t20260324_89900474.html,guizhou_2024_历史类_score_rank.pdf,pdf_table
2024,贵州,历史类,391,391,435,65822,66.265,65388,65822,贵州省招生考试院,https://zsksy.guizhou.gov.cn/zlxz/202603/P020240625688381616895.pdf,https://zsksy.guizhou.gov.cn/zlxz/202603/t20260324_89900474.html,guizhou_2024_历史类_score_rank.pdf,pdf_table
2024,贵州,历史类,390,390,445,66267,66.713,65823,66267,贵州省招生考试院,https://zsksy.guizhou.gov.cn/zlxz/202603/P020240625688381616895.pdf,https://zsksy.guizhou.gov.cn/zlxz/202603/t20260324_89900474.html,guizhou_2024_历史类_score_rank.pdf,pdf_table
2024,贵州,历史类,389,389,456,66723,67.172,66268,66723,贵州省招生考试院,https://zsksy.guizhou.gov.cn/zlxz/202603/P020240625688381616895.pdf,https://zsksy.guizhou.gov.cn/zlxz/202603/t20260324_89900474.html,guizhou_2024_历史类_score_rank.pdf,pdf_table
2024,贵州,历史类,388,388,421,67144,67.596,66724,67144,贵州省招生考试院,https://zsksy.guizhou.gov.cn/zlxz/202603/P020240625688381616895.pdf,https://zsksy.guizhou.gov.cn/zlxz/202603/t20260324_89900474.html,guizhou_2024_历史类_score_rank.pdf,pdf_table
2024,贵州,历史类,387,387,402,67546,68.001,67145,67546,贵州省招生考试院,https://zsksy.guizhou.gov.cn/zlxz/202603/P020240625688381616895.pdf,https://zsksy.guizhou.gov.cn/zlxz/202603/t20260324_89900474.html,guizhou_2024_历史类_score_rank.pdf,pdf_table
2024,贵州,历史类,386,386,415,67961,68.419,67547,67961,贵州省招生考试院,https://zsksy.guizhou.gov.cn/zlxz/202603/P020240625688381616895.pdf,https://zsksy.guizhou.gov.cn/zlxz/202603/t20260324_89900474.html,guizhou_2024_历史类_score_rank.pdf,pdf_table
2024,贵州,历史类,385,385,395,68356,68.816,67962,68356,贵州省招生考试院,https://zsksy.guizhou.gov.cn/zlxz/202603/P020240625688381616895.pdf,https://zsksy.guizhou.gov.cn/zlxz/202603/t20260324_89900474.html,guizhou_2024_历史类_score_rank.pdf,pdf_table
2024,贵州,历史类,384,384,434,68790,69.253,68357,68790,贵州省招生考试院,https://zsksy.guizhou.gov.cn/zlxz/202603/P020240625688381616895.pdf,https://zsksy.guizhou.gov.cn/zlxz/202603/t20260324_89900474.html,guizhou_2024_历史类_score_rank.pdf,pdf_table
2024,贵州,历史类,383,383,402,69192,69.658,68791,69192,贵州省招生考试院,https://zsksy.guizhou.gov.cn/zlxz/202603/P020240625688381616895.pdf,https://zsksy.guizhou.gov.cn/zlxz/202603/t20260324_89900474.html,guizhou_2024_历史类_score_rank.pdf,pdf_table
2024,贵州,历史类,382,382,385,69577,70.046,69193,69577,贵州省招生考试院,https://zsksy.guizhou.gov.cn/zlxz/202603/P020240625688381616895.pdf,https://zsksy.guizhou.gov.cn/zlxz/202603/t20260324_89900474.html,guizhou_2024_历史类_score_rank.pdf,pdf_table
2024,贵州,历史类,381,381,443,70020,70.492,69578,70020,贵州省招生考试院,https://zsksy.guizhou.gov.cn/zlxz/202603/P020240625688381616895.pdf,https://zsksy.guizhou.gov.cn/zlxz/202603/t20260324_89900474.html,guizhou_2024_历史类_score_rank.pdf,pdf_table
2024,贵州,历史类,380,380,424,70444,70.918,70021,70444,贵州省招生考试院,https://zsksy.guizhou.gov.cn/zlxz/202603/P020240625688381616895.pdf,https://zsksy.guizhou.gov.cn/zlxz/202603/t20260324_89900474.html,guizhou_2024_历史类_score_rank.pdf,pdf_table
2024,贵州,历史类,379,379,434,70878,71.355,70445,70878,贵州省招生考试院,https://zsksy.guizhou.gov.cn/zlxz/202603/P020240625688381616895.pdf,https://zsksy.guizhou.gov.cn/zlxz/202603/t20260324_89900474.html,guizhou_2024_历史类_score_rank.pdf,pdf_table
2024,贵州,历史类,378,378,460,71338,71.818,70879,71338,贵州省招生考试院,https://zsksy.guizhou.gov.cn/zlxz/202603/P020240625688381616895.pdf,https://zsksy.guizhou.gov.cn/zlxz/202603/t20260324_89900474.html,guizhou_2024_历史类_score_rank.pdf,pdf_table
2024,贵州,历史类,377,377,441,71779,72.262,71339,71779,贵州省招生考试院,https://zsksy.guizhou.gov.cn/zlxz/202603/P020240625688381616895.pdf,https://zsksy.guizhou.gov.cn/zlxz/202603/t20260324_89900474.html,guizhou_2024_历史类_score_rank.pdf,pdf_table
2024,贵州,历史类,376,376,408,72187,72.673,71780,72187,贵州省招生考试院,https://zsksy.guizhou.gov.cn/zlxz/202603/P020240625688381616895.pdf,https://zsksy.guizhou.gov.cn/zlxz/202603/t20260324_89900474.html,guizhou_2024_历史类_score_rank.pdf,pdf_table
2024,贵州,历史类,375,375,397,72584,73.073,72188,72584,贵州省招生考试院,https://zsksy.guizhou.gov.cn/zlxz/202603/P020240625688381616895.pdf,https://zsksy.guizhou.gov.cn/zlxz/202603/t20260324_89900474.html,guizhou_2024_历史类_score_rank.pdf,pdf_table
2024,贵州,历史类,374,374,388,72972,73.463,72585,72972,贵州省招生考试院,https://zsksy.guizhou.gov.cn/zlxz/202603/P020240625688381616895.pdf,https://zsksy.guizhou.gov.cn/zlxz/202603/t20260324_89900474.html,guizhou_2024_历史类_score_rank.pdf,pdf_table
2024,贵州,历史类,373,373,373,73345,73.839,72973,73345,贵州省招生考试院,https://zsksy.guizhou.gov.cn/zlxz/202603/P020240625688381616895.pdf,https://zsksy.guizhou.gov.cn/zlxz/202603/t20260324_89900474.html,guizhou_2024_历史类_score_rank.pdf,pdf_table
2024,贵州,历史类,372,372,376,73721,74.218,73346,73721,贵州省招生考试院,https://zsksy.guizhou.gov.cn/zlxz/202603/P020240625688381616895.pdf,https://zsksy.guizhou.gov.cn/zlxz/202603/t20260324_89900474.html,guizhou_2024_历史类_score_rank.pdf,pdf_table
2024,贵州,历史类,371,371,373,74094,74.593,73722,74094,贵州省招生考试院,https://zsksy.guizhou.gov.cn/zlxz/202603/P020240625688381616895.pdf,https://zsksy.guizhou.gov.cn/zlxz/202603/t20260324_89900474.html,guizhou_2024_历史类_score_rank.pdf,pdf_table
2024,贵州,历史类,370,370,370,74464,74.966,74095,74464,贵州省招生考试院,https://zsksy.guizhou.gov.cn/zlxz/202603/P020240625688381616895.pdf,https://zsksy.guizhou.gov.cn/zlxz/202603/t20260324_89900474.html,guizhou_2024_历史类_score_rank.pdf,pdf_table
2024,贵州,历史类,369,369,367,74831,75.335,74465,74831,贵州省招生考试院,https://zsksy.guizhou.gov.cn/zlxz/202603/P020240625688381616895.pdf,https://zsksy.guizhou.gov.cn/zlxz/202603/t20260324_89900474.html,guizhou_2024_历史类_score_rank.pdf,pdf_table
2024,贵州,历史类,368,368,385,75216,75.723,74832,75216,贵州省招生考试院,https://zsksy.guizhou.gov.cn/zlxz/202603/P020240625688381616895.pdf,https://zsksy.guizhou.gov.cn/zlxz/202603/t20260324_89900474.html,guizhou_2024_历史类_score_rank.pdf,pdf_table
2024,贵州,历史类,367,367,376,75592,76.101,75217,75592,贵州省招生考试院,https://zsksy.guizhou.gov.cn/zlxz/202603/P020240625688381616895.pdf,https://zsksy.guizhou.gov.cn/zlxz/202603/t20260324_89900474.html,guizhou_2024_历史类_score_rank.pdf,pdf_table
2024,贵州,历史类,366,366,389,75981,76.493,75593,75981,贵州省招生考试院,https://zsksy.guizhou.gov.cn/zlxz/202603/P020240625688381616895.pdf,https://zsksy.guizhou.gov.cn/zlxz/202603/t20260324_89900474.html,guizhou_2024_历史类_score_rank.pdf,pdf_table
2024,贵州,历史类,365,365,350,76331,76.845,75982,76331,贵州省招生考试院,https://zsksy.guizhou.gov.cn/zlxz/202603/P020240625688381616895.pdf,https://zsksy.guizhou.gov.cn/zlxz/202603/t20260324_89900474.html,guizhou_2024_历史类_score_rank.pdf,pdf_table
2024,贵州,历史类,364,364,336,76667,77.183,76332,76667,贵州省招生考试院,https://zsksy.guizhou.gov.cn/zlxz/202603/P020240625688381616895.pdf,https://zsksy.guizhou.gov.cn/zlxz/202603/t20260324_89900474.html,guizhou_2024_历史类_score_rank.pdf,pdf_table
2024,贵州,历史类,363,363,360,77027,77.546,76668,77027,贵州省招生考试院,https://zsksy.guizhou.gov.cn/zlxz/202603/P020240625688381616895.pdf,https://zsksy.guizhou.gov.cn/zlxz/202603/t20260324_89900474.html,guizhou_2024_历史类_score_rank.pdf,pdf_table
2024,贵州,历史类,362,362,346,77373,77.894,77028,77373,贵州省招生考试院,https://zsksy.guizhou.gov.cn/zlxz/202603/P020240625688381616895.pdf,https://zsksy.guizhou.gov.cn/zlxz/202603/t20260324_89900474.html,guizhou_2024_历史类_score_rank.pdf,pdf_table
2024,贵州,历史类,361,361,342,77715,78.238,77374,77715,贵州省招生考试院,https://zsksy.guizhou.gov.cn/zlxz/202603/P020240625688381616895.pdf,https://zsksy.guizhou.gov.cn/zlxz/202603/t20260324_89900474.html,guizhou_2024_历史类_score_rank.pdf,pdf_table
2024,贵州,历史类,360,360,346,78061,78.587,77716,78061,贵州省招生考试院,https://zsksy.guizhou.gov.cn/zlxz/202603/P020240625688381616895.pdf,https://zsksy.guizhou.gov.cn/zlxz/202603/t20260324_89900474.html,guizhou_2024_历史类_score_rank.pdf,pdf_table
2024,贵州,历史类,359,359,345,78406,78.934,78062,78406,贵州省招生考试院,https://zsksy.guizhou.gov.cn/zlxz/202603/P020240625688381616895.pdf,https://zsksy.guizhou.gov.cn/zlxz/202603/t20260324_89900474.html,guizhou_2024_历史类_score_rank.pdf,pdf_table
2024,贵州,历史类,358,358,358,78764,79.294,78407,78764,贵州省招生考试院,https://zsksy.guizhou.gov.cn/zlxz/202603/P020240625688381616895.pdf,https://zsksy.guizhou.gov.cn/zlxz/202603/t20260324_89900474.html,guizhou_2024_历史类_score_rank.pdf,pdf_table
2024,贵州,历史类,357,357,356,79120,79.653,78765,79120,贵州省招生考试院,https://zsksy.guizhou.gov.cn/zlxz/202603/P020240625688381616895.pdf,https://zsksy.guizhou.gov.cn/zlxz/202603/t20260324_89900474.html,guizhou_2024_历史类_score_rank.pdf,pdf_table
2024,贵州,历史类,356,356,333,79453,79.988,79121,79453,贵州省招生考试院,https://zsksy.guizhou.gov.cn/zlxz/202603/P020240625688381616895.pdf,https://zsksy.guizhou.gov.cn/zlxz/202603/t20260324_89900474.html,guizhou_2024_历史类_score_rank.pdf,pdf_table
2024,贵州,历史类,355,355,333,79786,80.323,79454,79786,贵州省招生考试院,https://zsksy.guizhou.gov.cn/zlxz/202603/P020240625688381616895.pdf,https://zsksy.guizhou.gov.cn/zlxz/202603/t20260324_89900474.html,guizhou_2024_历史类_score_rank.pdf,pdf_table
2024,贵州,历史类,354,354,360,80146,80.686,79787,80146,贵州省招生考试院,https://zsksy.guizhou.gov.cn/zlxz/202603/P020240625688381616895.pdf,https://zsksy.guizhou.gov.cn/zlxz/202603/t20260324_89900474.html,guizhou_2024_历史类_score_rank.pdf,pdf_table
2024,贵州,历史类,353,353,330,80476,81.018,80147,80476,贵州省招生考试院,https://zsksy.guizhou.gov.cn/zlxz/202603/P020240625688381616895.pdf,https://zsksy.guizhou.gov.cn/zlxz/202603/t20260324_89900474.html,guizhou_2024_历史类_score_rank.pdf,pdf_table
2024,贵州,历史类,352,352,320,80796,81.34,80477,80796,贵州省招生考试院,https://zsksy.guizhou.gov.cn/zlxz/202603/P020240625688381616895.pdf,https://zsksy.guizhou.gov.cn/zlxz/202603/t20260324_89900474.html,guizhou_2024_历史类_score_rank.pdf,pdf_table
2024,贵州,历史类,351,351,349,81145,81.692,80797,81145,贵州省招生考试院,https://zsksy.guizhou.gov.cn/zlxz/202603/P020240625688381616895.pdf,https://zsksy.guizhou.gov.cn/zlxz/202603/t20260324_89900474.html,guizhou_2024_历史类_score_rank.pdf,pdf_table
2024,贵州,历史类,350,350,305,81450,81.999,81146,81450,贵州省招生考试院,https://zsksy.guizhou.gov.cn/zlxz/202603/P020240625688381616895.pdf,https://zsksy.guizhou.gov.cn/zlxz/202603/t20260324_89900474.html,guizhou_2024_历史类_score_rank.pdf,pdf_table
2024,贵州,历史类,349,349,319,81769,82.32,81451,81769,贵州省招生考试院,https://zsksy.guizhou.gov.cn/zlxz/202603/P020240625688381616895.pdf,https://zsksy.guizhou.gov.cn/zlxz/202603/t20260324_89900474.html,guizhou_2024_历史类_score_rank.pdf,pdf_table
2024,贵州,历史类,348,348,308,82077,82.63,81770,82077,贵州省招生考试院,https://zsksy.guizhou.gov.cn/zlxz/202603/P020240625688381616895.pdf,https://zsksy.guizhou.gov.cn/zlxz/202603/t20260324_89900474.html,guizhou_2024_历史类_score_rank.pdf,pdf_table
2024,贵州,历史类,347,347,282,82359,82.914,82078,82359,贵州省招生考试院,https://zsksy.guizhou.gov.cn/zlxz/202603/P020240625688381616895.pdf,https://zsksy.guizhou.gov.cn/zlxz/202603/t20260324_89900474.html,guizhou_2024_历史类_score_rank.pdf,pdf_table
2024,贵州,历史类,346,346,293,82652,83.209,82360,82652,贵州省招生考试院,https://zsksy.guizhou.gov.cn/zlxz/202603/P020240625688381616895.pdf,https://zsksy.guizhou.gov.cn/zlxz/202603/t20260324_89900474.html,guizhou_2024_历史类_score_rank.pdf,pdf_table
2024,贵州,历史类,345,345,285,82937,83.496,82653,82937,贵州省招生考试院,https://zsksy.guizhou.gov.cn/zlxz/202603/P020240625688381616895.pdf,https://zsksy.guizhou.gov.cn/zlxz/202603/t20260324_89900474.html,guizhou_2024_历史类_score_rank.pdf,pdf_table
2024,贵州,历史类,344,344,274,83211,83.771,82938,83211,贵州省招生考试院,https://zsksy.guizhou.gov.cn/zlxz/202603/P020240625688381616895.pdf,https://zsksy.guizhou.gov.cn/zlxz/202603/t20260324_89900474.html,guizhou_2024_历史类_score_rank.pdf,pdf_table
2024,贵州,历史类,343,343,303,83514,84.076,83212,83514,贵州省招生考试院,https://zsksy.guizhou.gov.cn/zlxz/202603/P020240625688381616895.pdf,https://zsksy.guizhou.gov.cn/zlxz/202603/t20260324_89900474.html,guizhou_2024_历史类_score_rank.pdf,pdf_table
2024,贵州,历史类,342,342,265,83779,84.343,83515,83779,贵州省招生考试院,https://zsksy.guizhou.gov.cn/zlxz/202603/P020240625688381616895.pdf,https://zsksy.guizhou.gov.cn/zlxz/202603/t20260324_89900474.html,guizhou_2024_历史类_score_rank.pdf,pdf_table
2024,贵州,历史类,341,341,299,84078,84.644,83780,84078,贵州省招生考试院,https://zsksy.guizhou.gov.cn/zlxz/202603/P020240625688381616895.pdf,https://zsksy.guizhou.gov.cn/zlxz/202603/t20260324_89900474.html,guizhou_2024_历史类_score_rank.pdf,pdf_table
2024,贵州,历史类,340,340,282,84360,84.928,84079,84360,贵州省招生考试院,https://zsksy.guizhou.gov.cn/zlxz/202603/P020240625688381616895.pdf,https://zsksy.guizhou.gov.cn/zlxz/202603/t20260324_89900474.html,guizhou_2024_历史类_score_rank.pdf,pdf_table
2024,贵州,历史类,339,339,242,84602,85.172,84361,84602,贵州省招生考试院,https://zsksy.guizhou.gov.cn/zlxz/202603/P020240625688381616895.pdf,https://zsksy.guizhou.gov.cn/zlxz/202603/t20260324_89900474.html,guizhou_2024_历史类_score_rank.pdf,pdf_table
2024,贵州,历史类,338,338,287,84889,85.461,84603,84889,贵州省招生考试院,https://zsksy.guizhou.gov.cn/zlxz/202603/P020240625688381616895.pdf,https://zsksy.guizhou.gov.cn/zlxz/202603/t20260324_89900474.html,guizhou_2024_历史类_score_rank.pdf,pdf_table
2024,贵州,历史类,337,337,281,85170,85.744,84890,85170,贵州省招生考试院,https://zsksy.guizhou.gov.cn/zlxz/202603/P020240625688381616895.pdf,https://zsksy.guizhou.gov.cn/zlxz/202603/t20260324_89900474.html,guizhou_2024_历史类_score_rank.pdf,pdf_table
2024,贵州,历史类,336,336,249,85419,85.994,85171,85419,贵州省招生考试院,https://zsksy.guizhou.gov.cn/zlxz/202603/P020240625688381616895.pdf,https://zsksy.guizhou.gov.cn/zlxz/202603/t20260324_89900474.html,guizhou_2024_历史类_score_rank.pdf,pdf_table
2024,贵州,历史类,335,335,280,85699,86.276,85420,85699,贵州省招生考试院,https://zsksy.guizhou.gov.cn/zlxz/202603/P020240625688381616895.pdf,https://zsksy.guizhou.gov.cn/zlxz/202603/t20260324_89900474.html,guizhou_2024_历史类_score_rank.pdf,pdf_table
2024,贵州,历史类,334,334,256,85955,86.534,85700,85955,贵州省招生考试院,https://zsksy.guizhou.gov.cn/zlxz/202603/P020240625688381616895.pdf,https://zsksy.guizhou.gov.cn/zlxz/202603/t20260324_89900474.html,guizhou_2024_历史类_score_rank.pdf,pdf_table
2024,贵州,历史类,333,333,270,86225,86.806,85956,86225,贵州省招生考试院,https://zsksy.guizhou.gov.cn/zlxz/202603/P020240625688381616895.pdf,https://zsksy.guizhou.gov.cn/zlxz/202603/t20260324_89900474.html,guizhou_2024_历史类_score_rank.pdf,pdf_table
2024,贵州,历史类,332,332,246,86471,87.053,86226,86471,贵州省招生考试院,https://zsksy.guizhou.gov.cn/zlxz/202603/P020240625688381616895.pdf,https://zsksy.guizhou.gov.cn/zlxz/202603/t20260324_89900474.html,guizhou_2024_历史类_score_rank.pdf,pdf_table
2024,贵州,历史类,331,331,237,86708,87.292,86472,86708,贵州省招生考试院,https://zsksy.guizhou.gov.cn/zlxz/202603/P020240625688381616895.pdf,https://zsksy.guizhou.gov.cn/zlxz/202603/t20260324_89900474.html,guizhou_2024_历史类_score_rank.pdf,pdf_table
2024,贵州,历史类,330,330,248,86956,87.542,86709,86956,贵州省招生考试院,https://zsksy.guizhou.gov.cn/zlxz/202603/P020240625688381616895.pdf,https://zsksy.guizhou.gov.cn/zlxz/202603/t20260324_89900474.html,guizhou_2024_历史类_score_rank.pdf,pdf_table
2024,贵州,历史类,329,329,245,87201,87.788,86957,87201,贵州省招生考试院,https://zsksy.guizhou.gov.cn/zlxz/202603/P020240625688381616895.pdf,https://zsksy.guizhou.gov.cn/zlxz/202603/t20260324_89900474.html,guizhou_2024_历史类_score_rank.pdf,pdf_table
2024,贵州,历史类,328,328,246,87447,88.036,87202,87447,贵州省招生考试院,https://zsksy.guizhou.gov.cn/zlxz/202603/P020240625688381616895.pdf,https://zsksy.guizhou.gov.cn/zlxz/202603/t20260324_89900474.html,guizhou_2024_历史类_score_rank.pdf,pdf_table
2024,贵州,历史类,327,327,231,87678,88.269,87448,87678,贵州省招生考试院,https://zsksy.guizhou.gov.cn/zlxz/202603/P020240625688381616895.pdf,https://zsksy.guizhou.gov.cn/zlxz/202603/t20260324_89900474.html,guizhou_2024_历史类_score_rank.pdf,pdf_table
2024,贵州,历史类,326,326,247,87925,88.517,87679,87925,贵州省招生考试院,https://zsksy.guizhou.gov.cn/zlxz/202603/P020240625688381616895.pdf,https://zsksy.guizhou.gov.cn/zlxz/202603/t20260324_89900474.html,guizhou_2024_历史类_score_rank.pdf,pdf_table
2024,贵州,历史类,325,325,234,88159,88.753,87926,88159,贵州省招生考试院,https://zsksy.guizhou.gov.cn/zlxz/202603/P020240625688381616895.pdf,https://zsksy.guizhou.gov.cn/zlxz/202603/t20260324_89900474.html,guizhou_2024_历史类_score_rank.pdf,pdf_table
2024,贵州,历史类,324,324,238,88397,88.992,88160,88397,贵州省招生考试院,https://zsksy.guizhou.gov.cn/zlxz/202603/P020240625688381616895.pdf,https://zsksy.guizhou.gov.cn/zlxz/202603/t20260324_89900474.html,guizhou_2024_历史类_score_rank.pdf,pdf_table
2024,贵州,历史类,323,323,216,88613,89.21,88398,88613,贵州省招生考试院,https://zsksy.guizhou.gov.cn/zlxz/202603/P020240625688381616895.pdf,https://zsksy.guizhou.gov.cn/zlxz/202603/t20260324_89900474.html,guizhou_2024_历史类_score_rank.pdf,pdf_table
2024,贵州,历史类,322,322,200,88813,89.411,88614,88813,贵州省招生考试院,https://zsksy.guizhou.gov.cn/zlxz/202603/P020240625688381616895.pdf,https://zsksy.guizhou.gov.cn/zlxz/202603/t20260324_89900474.html,guizhou_2024_历史类_score_rank.pdf,pdf_table
2024,贵州,历史类,321,321,204,89017,89.617,88814,89017,贵州省招生考试院,https://zsksy.guizhou.gov.cn/zlxz/202603/P020240625688381616895.pdf,https://zsksy.guizhou.gov.cn/zlxz/202603/t20260324_89900474.html,guizhou_2024_历史类_score_rank.pdf,pdf_table
2024,贵州,历史类,320,320,196,89213,89.814,89018,89213,贵州省招生考试院,https://zsksy.guizhou.gov.cn/zlxz/202603/P020240625688381616895.pdf,https://zsksy.guizhou.gov.cn/zlxz/202603/t20260324_89900474.html,guizhou_2024_历史类_score_rank.pdf,pdf_table
2024,贵州,历史类,319,319,211,89424,90.026,89214,89424,贵州省招生考试院,https://zsksy.guizhou.gov.cn/zlxz/202603/P020240625688381616895.pdf,https://zsksy.guizhou.gov.cn/zlxz/202603/t20260324_89900474.html,guizhou_2024_历史类_score_rank.pdf,pdf_table
2024,贵州,历史类,318,318,199,89623,90.227,89425,89623,贵州省招生考试院,https://zsksy.guizhou.gov.cn/zlxz/202603/P020240625688381616895.pdf,https://zsksy.guizhou.gov.cn/zlxz/202603/t20260324_89900474.html,guizhou_2024_历史类_score_rank.pdf,pdf_table
2024,贵州,历史类,317,317,208,89831,90.436,89624,89831,贵州省招生考试院,https://zsksy.guizhou.gov.cn/zlxz/202603/P020240625688381616895.pdf,https://zsksy.guizhou.gov.cn/zlxz/202603/t20260324_89900474.html,guizhou_2024_历史类_score_rank.pdf,pdf_table
2024,贵州,历史类,316,316,191,90022,90.628,89832,90022,贵州省招生考试院,https://zsksy.guizhou.gov.cn/zlxz/202603/P020240625688381616895.pdf,https://zsksy.guizhou.gov.cn/zlxz/202603/t20260324_89900474.html,guizhou_2024_历史类_score_rank.pdf,pdf_table
2024,贵州,历史类,315,315,166,90188,90.795,90023,90188,贵州省招生考试院,https://zsksy.guizhou.gov.cn/zlxz/202603/P020240625688381616895.pdf,https://zsksy.guizhou.gov.cn/zlxz/202603/t20260324_89900474.html,guizhou_2024_历史类_score_rank.pdf,pdf_table
2024,贵州,历史类,314,314,201,90389,90.998,90189,90389,贵州省招生考试院,https://zsksy.guizhou.gov.cn/zlxz/202603/P020240625688381616895.pdf,https://zsksy.guizhou.gov.cn/zlxz/202603/t20260324_89900474.html,guizhou_2024_历史类_score_rank.pdf,pdf_table
2024,贵州,历史类,313,313,177,90566,91.176,90390,90566,贵州省招生考试院,https://zsksy.guizhou.gov.cn/zlxz/202603/P020240625688381616895.pdf,https://zsksy.guizhou.gov.cn/zlxz/202603/t20260324_89900474.html,guizhou_2024_历史类_score_rank.pdf,pdf_table
2024,贵州,历史类,312,312,172,90738,91.349,90567,90738,贵州省招生考试院,https://zsksy.guizhou.gov.cn/zlxz/202603/P020240625688381616895.pdf,https://zsksy.guizhou.gov.cn/zlxz/202603/t20260324_89900474.html,guizhou_2024_历史类_score_rank.pdf,pdf_table
2024,贵州,历史类,311,311,156,90894,91.506,90739,90894,贵州省招生考试院,https://zsksy.guizhou.gov.cn/zlxz/202603/P020240625688381616895.pdf,https://zsksy.guizhou.gov.cn/zlxz/202603/t20260324_89900474.html,guizhou_2024_历史类_score_rank.pdf,pdf_table
2024,贵州,历史类,310,310,178,91072,91.685,90895,91072,贵州省招生考试院,https://zsksy.guizhou.gov.cn/zlxz/202603/P020240625688381616895.pdf,https://zsksy.guizhou.gov.cn/zlxz/202603/t20260324_89900474.html,guizhou_2024_历史类_score_rank.pdf,pdf_table
2024,贵州,历史类,309,309,185,91257,91.872,91073,91257,贵州省招生考试院,https://zsksy.guizhou.gov.cn/zlxz/202603/P020240625688381616895.pdf,https://zsksy.guizhou.gov.cn/zlxz/202603/t20260324_89900474.html,guizhou_2024_历史类_score_rank.pdf,pdf_table
2024,贵州,历史类,308,308,164,91421,92.037,91258,91421,贵州省招生考试院,https://zsksy.guizhou.gov.cn/zlxz/202603/P020240625688381616895.pdf,https://zsksy.guizhou.gov.cn/zlxz/202603/t20260324_89900474.html,guizhou_2024_历史类_score_rank.pdf,pdf_table
2024,贵州,历史类,307,307,163,91584,92.201,91422,91584,贵州省招生考试院,https://zsksy.guizhou.gov.cn/zlxz/202603/P020240625688381616895.pdf,https://zsksy.guizhou.gov.cn/zlxz/202603/t20260324_89900474.html,guizhou_2024_历史类_score_rank.pdf,pdf_table
2024,贵州,历史类,306,306,168,91752,92.37,91585,91752,贵州省招生考试院,https://zsksy.guizhou.gov.cn/zlxz/202603/P020240625688381616895.pdf,https://zsksy.guizhou.gov.cn/zlxz/202603/t20260324_89900474.html,guizhou_2024_历史类_score_rank.pdf,pdf_table
2024,贵州,历史类,305,305,152,91904,92.523,91753,91904,贵州省招生考试院,https://zsksy.guizhou.gov.cn/zlxz/202603/P020240625688381616895.pdf,https://zsksy.guizhou.gov.cn/zlxz/202603/t20260324_89900474.html,guizhou_2024_历史类_score_rank.pdf,pdf_table
2024,贵州,历史类,304,304,153,92057,92.677,91905,92057,贵州省招生考试院,https://zsksy.guizhou.gov.cn/zlxz/202603/P020240625688381616895.pdf,https://zsksy.guizhou.gov.cn/zlxz/202603/t20260324_89900474.html,guizhou_2024_历史类_score_rank.pdf,pdf_table
2024,贵州,历史类,303,303,177,92234,92.855,92058,92234,贵州省招生考试院,https://zsksy.guizhou.gov.cn/zlxz/202603/P020240625688381616895.pdf,https://zsksy.guizhou.gov.cn/zlxz/202603/t20260324_89900474.html,guizhou_2024_历史类_score_rank.pdf,pdf_table
2024,贵州,历史类,302,302,149,92383,93.005,92235,92383,贵州省招生考试院,https://zsksy.guizhou.gov.cn/zlxz/202603/P020240625688381616895.pdf,https://zsksy.guizhou.gov.cn/zlxz/202603/t20260324_89900474.html,guizhou_2024_历史类_score_rank.pdf,pdf_table
2024,贵州,历史类,301,301,145,92528,93.151,92384,92528,贵州省招生考试院,https://zsksy.guizhou.gov.cn/zlxz/202603/P020240625688381616895.pdf,https://zsksy.guizhou.gov.cn/zlxz/202603/t20260324_89900474.html,guizhou_2024_历史类_score_rank.pdf,pdf_table
2024,贵州,历史类,300,300,142,92670,93.294,92529,92670,贵州省招生考试院,https://zsksy.guizhou.gov.cn/zlxz/202603/P020240625688381616895.pdf,https://zsksy.guizhou.gov.cn/zlxz/202603/t20260324_89900474.html,guizhou_2024_历史类_score_rank.pdf,pdf_table
2024,贵州,历史类,299,299,148,92818,93.443,92671,92818,贵州省招生考试院,https://zsksy.guizhou.gov.cn/zlxz/202603/P020240625688381616895.pdf,https://zsksy.guizhou.gov.cn/zlxz/202603/t20260324_89900474.html,guizhou_2024_历史类_score_rank.pdf,pdf_table
2024,贵州,历史类,298,298,133,92951,93.577,92819,92951,贵州省招生考试院,https://zsksy.guizhou.gov.cn/zlxz/202603/P020240625688381616895.pdf,https://zsksy.guizhou.gov.cn/zlxz/202603/t20260324_89900474.html,guizhou_2024_历史类_score_rank.pdf,pdf_table
2024,贵州,历史类,297,297,134,93085,93.712,92952,93085,贵州省招生考试院,https://zsksy.guizhou.gov.cn/zlxz/202603/P020240625688381616895.pdf,https://zsksy.guizhou.gov.cn/zlxz/202603/t20260324_89900474.html,guizhou_2024_历史类_score_rank.pdf,pdf_table
2024,贵州,历史类,296,296,123,93208,93.836,93086,93208,贵州省招生考试院,https://zsksy.guizhou.gov.cn/zlxz/202603/P020240625688381616895.pdf,https://zsksy.guizhou.gov.cn/zlxz/202603/t20260324_89900474.html,guizhou_2024_历史类_score_rank.pdf,pdf_table
2024,贵州,历史类,295,295,122,93330,93.959,93209,93330,贵州省招生考试院,https://zsksy.guizhou.gov.cn/zlxz/202603/P020240625688381616895.pdf,https://zsksy.guizhou.gov.cn/zlxz/202603/t20260324_89900474.html,guizhou_2024_历史类_score_rank.pdf,pdf_table
2024,贵州,历史类,294,294,146,93476,94.106,93331,93476,贵州省招生考试院,https://zsksy.guizhou.gov.cn/zlxz/202603/P020240625688381616895.pdf,https://zsksy.guizhou.gov.cn/zlxz/202603/t20260324_89900474.html,guizhou_2024_历史类_score_rank.pdf,pdf_table
2024,贵州,历史类,293,293,126,93602,94.232,93477,93602,贵州省招生考试院,https://zsksy.guizhou.gov.cn/zlxz/202603/P020240625688381616895.pdf,https://zsksy.guizhou.gov.cn/zlxz/202603/t20260324_89900474.html,guizhou_2024_历史类_score_rank.pdf,pdf_table
2024,贵州,历史类,292,292,119,93721,94.352,93603,93721,贵州省招生考试院,https://zsksy.guizhou.gov.cn/zlxz/202603/P020240625688381616895.pdf,https://zsksy.guizhou.gov.cn/zlxz/202603/t20260324_89900474.html,guizhou_2024_历史类_score_rank.pdf,pdf_table
2024,贵州,历史类,291,291,120,93841,94.473,93722,93841,贵州省招生考试院,https://zsksy.guizhou.gov.cn/zlxz/202603/P020240625688381616895.pdf,https://zsksy.guizhou.gov.cn/zlxz/202603/t20260324_89900474.html,guizhou_2024_历史类_score_rank.pdf,pdf_table
2024,贵州,历史类,290,290,108,93949,94.582,93842,93949,贵州省招生考试院,https://zsksy.guizhou.gov.cn/zlxz/202603/P020240625688381616895.pdf,https://zsksy.guizhou.gov.cn/zlxz/202603/t20260324_89900474.html,guizhou_2024_历史类_score_rank.pdf,pdf_table
2024,贵州,历史类,289,289,86,94035,94.668,93950,94035,贵州省招生考试院,https://zsksy.guizhou.gov.cn/zlxz/202603/P020240625688381616895.pdf,https://zsksy.guizhou.gov.cn/zlxz/202603/t20260324_89900474.html,guizhou_2024_历史类_score_rank.pdf,pdf_table
2024,贵州,历史类,288,288,104,94139,94.773,94036,94139,贵州省招生考试院,https://zsksy.guizhou.gov.cn/zlxz/202603/P020240625688381616895.pdf,https://zsksy.guizhou.gov.cn/zlxz/202603/t20260324_89900474.html,guizhou_2024_历史类_score_rank.pdf,pdf_table
2024,贵州,历史类,287,287,118,94257,94.892,94140,94257,贵州省招生考试院,https://zsksy.guizhou.gov.cn/zlxz/202603/P020240625688381616895.pdf,https://zsksy.guizhou.gov.cn/zlxz/202603/t20260324_89900474.html,guizhou_2024_历史类_score_rank.pdf,pdf_table
2024,贵州,历史类,286,286,122,94379,95.015,94258,94379,贵州省招生考试院,https://zsksy.guizhou.gov.cn/zlxz/202603/P020240625688381616895.pdf,https://zsksy.guizhou.gov.cn/zlxz/202603/t20260324_89900474.html,guizhou_2024_历史类_score_rank.pdf,pdf_table
2024,贵州,历史类,285,285,101,94480,95.116,94380,94480,贵州省招生考试院,https://zsksy.guizhou.gov.cn/zlxz/202603/P020240625688381616895.pdf,https://zsksy.guizhou.gov.cn/zlxz/202603/t20260324_89900474.html,guizhou_2024_历史类_score_rank.pdf,pdf_table
2024,贵州,历史类,284,284,92,94572,95.209,94481,94572,贵州省招生考试院,https://zsksy.guizhou.gov.cn/zlxz/202603/P020240625688381616895.pdf,https://zsksy.guizhou.gov.cn/zlxz/202603/t20260324_89900474.html,guizhou_2024_历史类_score_rank.pdf,pdf_table
2024,贵州,历史类,283,283,97,94669,95.307,94573,94669,贵州省招生考试院,https://zsksy.guizhou.gov.cn/zlxz/202603/P020240625688381616895.pdf,https://zsksy.guizhou.gov.cn/zlxz/202603/t20260324_89900474.html,guizhou_2024_历史类_score_rank.pdf,pdf_table
2024,贵州,历史类,282,282,102,94771,95.409,94670,94771,贵州省招生考试院,https://zsksy.guizhou.gov.cn/zlxz/202603/P020240625688381616895.pdf,https://zsksy.guizhou.gov.cn/zlxz/202603/t20260324_89900474.html,guizhou_2024_历史类_score_rank.pdf,pdf_table
2024,贵州,历史类,281,281,96,94867,95.506,94772,94867,贵州省招生考试院,https://zsksy.guizhou.gov.cn/zlxz/202603/P020240625688381616895.pdf,https://zsksy.guizhou.gov.cn/zlxz/202603/t20260324_89900474.html,guizhou_2024_历史类_score_rank.pdf,pdf_table
2024,贵州,历史类,280,280,92,94959,95.599,94868,94959,贵州省招生考试院,https://zsksy.guizhou.gov.cn/zlxz/202603/P020240625688381616895.pdf,https://zsksy.guizhou.gov.cn/zlxz/202603/t20260324_89900474.html,guizhou_2024_历史类_score_rank.pdf,pdf_table
2024,贵州,历史类,279,279,88,95047,95.687,94960,95047,贵州省招生考试院,https://zsksy.guizhou.gov.cn/zlxz/202603/P020240625688381616895.pdf,https://zsksy.guizhou.gov.cn/zlxz/202603/t20260324_89900474.html,guizhou_2024_历史类_score_rank.pdf,pdf_table
2024,贵州,历史类,278,278,78,95125,95.766,95048,95125,贵州省招生考试院,https://zsksy.guizhou.gov.cn/zlxz/202603/P020240625688381616895.pdf,https://zsksy.guizhou.gov.cn/zlxz/202603/t20260324_89900474.html,guizhou_2024_历史类_score_rank.pdf,pdf_table
2024,贵州,历史类,277,277,86,95211,95.852,95126,95211,贵州省招生考试院,https://zsksy.guizhou.gov.cn/zlxz/202603/P020240625688381616895.pdf,https://zsksy.guizhou.gov.cn/zlxz/202603/t20260324_89900474.html,guizhou_2024_历史类_score_rank.pdf,pdf_table
2024,贵州,历史类,276,276,86,95297,95.939,95212,95297,贵州省招生考试院,https://zsksy.guizhou.gov.cn/zlxz/202603/P020240625688381616895.pdf,https://zsksy.guizhou.gov.cn/zlxz/202603/t20260324_89900474.html,guizhou_2024_历史类_score_rank.pdf,pdf_table
2024,贵州,历史类,275,275,64,95361,96.003,95298,95361,贵州省招生考试院,https://zsksy.guizhou.gov.cn/zlxz/202603/P020240625688381616895.pdf,https://zsksy.guizhou.gov.cn/zlxz/202603/t20260324_89900474.html,guizhou_2024_历史类_score_rank.pdf,pdf_table
2024,贵州,历史类,274,274,77,95438,96.081,95362,95438,贵州省招生考试院,https://zsksy.guizhou.gov.cn/zlxz/202603/P020240625688381616895.pdf,https://zsksy.guizhou.gov.cn/zlxz/202603/t20260324_89900474.html,guizhou_2024_历史类_score_rank.pdf,pdf_table
2024,贵州,历史类,273,273,76,95514,96.157,95439,95514,贵州省招生考试院,https://zsksy.guizhou.gov.cn/zlxz/202603/P020240625688381616895.pdf,https://zsksy.guizhou.gov.cn/zlxz/202603/t20260324_89900474.html,guizhou_2024_历史类_score_rank.pdf,pdf_table
2024,贵州,历史类,272,272,69,95583,96.227,95515,95583,贵州省招生考试院,https://zsksy.guizhou.gov.cn/zlxz/202603/P020240625688381616895.pdf,https://zsksy.guizhou.gov.cn/zlxz/202603/t20260324_89900474.html,guizhou_2024_历史类_score_rank.pdf,pdf_table
2024,贵州,历史类,271,271,71,95654,96.298,95584,95654,贵州省招生考试院,https://zsksy.guizhou.gov.cn/zlxz/202603/P020240625688381616895.pdf,https://zsksy.guizhou.gov.cn/zlxz/202603/t20260324_89900474.html,guizhou_2024_历史类_score_rank.pdf,pdf_table
2024,贵州,历史类,270,270,68,95722,96.367,95655,95722,贵州省招生考试院,https://zsksy.guizhou.gov.cn/zlxz/202603/P020240625688381616895.pdf,https://zsksy.guizhou.gov.cn/zlxz/202603/t20260324_89900474.html,guizhou_2024_历史类_score_rank.pdf,pdf_table
2024,贵州,历史类,269,269,61,95783,96.428,95723,95783,贵州省招生考试院,https://zsksy.guizhou.gov.cn/zlxz/202603/P020240625688381616895.pdf,https://zsksy.guizhou.gov.cn/zlxz/202603/t20260324_89900474.html,guizhou_2024_历史类_score_rank.pdf,pdf_table
2024,贵州,历史类,268,268,69,95852,96.498,95784,95852,贵州省招生考试院,https://zsksy.guizhou.gov.cn/zlxz/202603/P020240625688381616895.pdf,https://zsksy.guizhou.gov.cn/zlxz/202603/t20260324_89900474.html,guizhou_2024_历史类_score_rank.pdf,pdf_table
2024,贵州,历史类,267,267,65,95917,96.563,95853,95917,贵州省招生考试院,https://zsksy.guizhou.gov.cn/zlxz/202603/P020240625688381616895.pdf,https://zsksy.guizhou.gov.cn/zlxz/202603/t20260324_89900474.html,guizhou_2024_历史类_score_rank.pdf,pdf_table
2024,贵州,历史类,266,266,60,95977,96.623,95918,95977,贵州省招生考试院,https://zsksy.guizhou.gov.cn/zlxz/202603/P020240625688381616895.pdf,https://zsksy.guizhou.gov.cn/zlxz/202603/t20260324_89900474.html,guizhou_2024_历史类_score_rank.pdf,pdf_table
2024,贵州,历史类,265,265,54,96031,96.678,95978,96031,贵州省招生考试院,https://zsksy.guizhou.gov.cn/zlxz/202603/P020240625688381616895.pdf,https://zsksy.guizhou.gov.cn/zlxz/202603/t20260324_89900474.html,guizhou_2024_历史类_score_rank.pdf,pdf_table
2024,贵州,历史类,264,264,54,96085,96.732,96032,96085,贵州省招生考试院,https://zsksy.guizhou.gov.cn/zlxz/202603/P020240625688381616895.pdf,https://zsksy.guizhou.gov.cn/zlxz/202603/t20260324_89900474.html,guizhou_2024_历史类_score_rank.pdf,pdf_table
2024,贵州,历史类,263,263,46,96131,96.778,96086,96131,贵州省招生考试院,https://zsksy.guizhou.gov.cn/zlxz/202603/P020240625688381616895.pdf,https://zsksy.guizhou.gov.cn/zlxz/202603/t20260324_89900474.html,guizhou_2024_历史类_score_rank.pdf,pdf_table
2024,贵州,历史类,262,262,38,96169,96.817,96132,96169,贵州省招生考试院,https://zsksy.guizhou.gov.cn/zlxz/202603/P020240625688381616895.pdf,https://zsksy.guizhou.gov.cn/zlxz/202603/t20260324_89900474.html,guizhou_2024_历史类_score_rank.pdf,pdf_table
2024,贵州,历史类,261,261,62,96231,96.879,96170,96231,贵州省招生考试院,https://zsksy.guizhou.gov.cn/zlxz/202603/P020240625688381616895.pdf,https://zsksy.guizhou.gov.cn/zlxz/202603/t20260324_89900474.html,guizhou_2024_历史类_score_rank.pdf,pdf_table
2024,贵州,历史类,260,260,46,96277,96.925,96232,96277,贵州省招生考试院,https://zsksy.guizhou.gov.cn/zlxz/202603/P020240625688381616895.pdf,https://zsksy.guizhou.gov.cn/zlxz/202603/t20260324_89900474.html,guizhou_2024_历史类_score_rank.pdf,pdf_table
2024,贵州,历史类,259,259,45,96322,96.971,96278,96322,贵州省招生考试院,https://zsksy.guizhou.gov.cn/zlxz/202603/P020240625688381616895.pdf,https://zsksy.guizhou.gov.cn/zlxz/202603/t20260324_89900474.html,guizhou_2024_历史类_score_rank.pdf,pdf_table
2024,贵州,历史类,258,258,43,96365,97.014,96323,96365,贵州省招生考试院,https://zsksy.guizhou.gov.cn/zlxz/202603/P020240625688381616895.pdf,https://zsksy.guizhou.gov.cn/zlxz/202603/t20260324_89900474.html,guizhou_2024_历史类_score_rank.pdf,pdf_table
2024,贵州,历史类,257,257,55,96420,97.069,96366,96420,贵州省招生考试院,https://zsksy.guizhou.gov.cn/zlxz/202603/P020240625688381616895.pdf,https://zsksy.guizhou.gov.cn/zlxz/202603/t20260324_89900474.html,guizhou_2024_历史类_score_rank.pdf,pdf_table
2024,贵州,历史类,256,256,42,96462,97.112,96421,96462,贵州省招生考试院,https://zsksy.guizhou.gov.cn/zlxz/202603/P020240625688381616895.pdf,https://zsksy.guizhou.gov.cn/zlxz/202603/t20260324_89900474.html,guizhou_2024_历史类_score_rank.pdf,pdf_table
2024,贵州,历史类,255,255,46,96508,97.158,96463,96508,贵州省招生考试院,https://zsksy.guizhou.gov.cn/zlxz/202603/P020240625688381616895.pdf,https://zsksy.guizhou.gov.cn/zlxz/202603/t20260324_89900474.html,guizhou_2024_历史类_score_rank.pdf,pdf_table
2024,贵州,历史类,254,254,31,96539,97.189,96509,96539,贵州省招生考试院,https://zsksy.guizhou.gov.cn/zlxz/202603/P020240625688381616895.pdf,https://zsksy.guizhou.gov.cn/zlxz/202603/t20260324_89900474.html,guizhou_2024_历史类_score_rank.pdf,pdf_table
2024,贵州,历史类,253,253,46,96585,97.236,96540,96585,贵州省招生考试院,https://zsksy.guizhou.gov.cn/zlxz/202603/P020240625688381616895.pdf,https://zsksy.guizhou.gov.cn/zlxz/202603/t20260324_89900474.html,guizhou_2024_历史类_score_rank.pdf,pdf_table
2024,贵州,历史类,252,252,41,96626,97.277,96586,96626,贵州省招生考试院,https://zsksy.guizhou.gov.cn/zlxz/202603/P020240625688381616895.pdf,https://zsksy.guizhou.gov.cn/zlxz/202603/t20260324_89900474.html,guizhou_2024_历史类_score_rank.pdf,pdf_table
2024,贵州,历史类,251,251,34,96660,97.311,96627,96660,贵州省招生考试院,https://zsksy.guizhou.gov.cn/zlxz/202603/P020240625688381616895.pdf,https://zsksy.guizhou.gov.cn/zlxz/202603/t20260324_89900474.html,guizhou_2024_历史类_score_rank.pdf,pdf_table
2024,贵州,历史类,250,250,33,96693,97.344,96661,96693,贵州省招生考试院,https://zsksy.guizhou.gov.cn/zlxz/202603/P020240625688381616895.pdf,https://zsksy.guizhou.gov.cn/zlxz/202603/t20260324_89900474.html,guizhou_2024_历史类_score_rank.pdf,pdf_table
2024,贵州,历史类,249,249,26,96719,97.37,96694,96719,贵州省招生考试院,https://zsksy.guizhou.gov.cn/zlxz/202603/P020240625688381616895.pdf,https://zsksy.guizhou.gov.cn/zlxz/202603/t20260324_89900474.html,guizhou_2024_历史类_score_rank.pdf,pdf_table
2024,贵州,历史类,248,248,37,96756,97.408,96720,96756,贵州省招生考试院,https://zsksy.guizhou.gov.cn/zlxz/202603/P020240625688381616895.pdf,https://zsksy.guizhou.gov.cn/zlxz/202603/t20260324_89900474.html,guizhou_2024_历史类_score_rank.pdf,pdf_table
2024,贵州,历史类,247,247,29,96785,97.437,96757,96785,贵州省招生考试院,https://zsksy.guizhou.gov.cn/zlxz/202603/P020240625688381616895.pdf,https://zsksy.guizhou.gov.cn/zlxz/202603/t20260324_89900474.html,guizhou_2024_历史类_score_rank.pdf,pdf_table
2024,贵州,历史类,246,246,23,96808,97.46,96786,96808,贵州省招生考试院,https://zsksy.guizhou.gov.cn/zlxz/202603/P020240625688381616895.pdf,https://zsksy.guizhou.gov.cn/zlxz/202603/t20260324_89900474.html,guizhou_2024_历史类_score_rank.pdf,pdf_table
2024,贵州,历史类,245,245,28,96836,97.488,96809,96836,贵州省招生考试院,https://zsksy.guizhou.gov.cn/zlxz/202603/P020240625688381616895.pdf,https://zsksy.guizhou.gov.cn/zlxz/202603/t20260324_89900474.html,guizhou_2024_历史类_score_rank.pdf,pdf_table
2024,贵州,历史类,244,244,19,96855,97.507,96837,96855,贵州省招生考试院,https://zsksy.guizhou.gov.cn/zlxz/202603/P020240625688381616895.pdf,https://zsksy.guizhou.gov.cn/zlxz/202603/t20260324_89900474.html,guizhou_2024_历史类_score_rank.pdf,pdf_table
2024,贵州,历史类,243,243,23,96878,97.53,96856,96878,贵州省招生考试院,https://zsksy.guizhou.gov.cn/zlxz/202603/P020240625688381616895.pdf,https://zsksy.guizhou.gov.cn/zlxz/202603/t20260324_89900474.html,guizhou_2024_历史类_score_rank.pdf,pdf_table
2024,贵州,历史类,242,242,30,96908,97.561,96879,96908,贵州省招生考试院,https://zsksy.guizhou.gov.cn/zlxz/202603/P020240625688381616895.pdf,https://zsksy.guizhou.gov.cn/zlxz/202603/t20260324_89900474.html,guizhou_2024_历史类_score_rank.pdf,pdf_table
2024,贵州,历史类,241,241,29,96937,97.59,96909,96937,贵州省招生考试院,https://zsksy.guizhou.gov.cn/zlxz/202603/P020240625688381616895.pdf,https://zsksy.guizhou.gov.cn/zlxz/202603/t20260324_89900474.html,guizhou_2024_历史类_score_rank.pdf,pdf_table
2024,贵州,历史类,240,240,21,96958,97.611,96938,96958,贵州省招生考试院,https://zsksy.guizhou.gov.cn/zlxz/202603/P020240625688381616895.pdf,https://zsksy.guizhou.gov.cn/zlxz/202603/t20260324_89900474.html,guizhou_2024_历史类_score_rank.pdf,pdf_table
2024,贵州,历史类,239,239,25,96983,97.636,96959,96983,贵州省招生考试院,https://zsksy.guizhou.gov.cn/zlxz/202603/P020240625688381616895.pdf,https://zsksy.guizhou.gov.cn/zlxz/202603/t20260324_89900474.html,guizhou_2024_历史类_score_rank.pdf,pdf_table
2024,贵州,历史类,238,238,16,96999,97.652,96984,96999,贵州省招生考试院,https://zsksy.guizhou.gov.cn/zlxz/202603/P020240625688381616895.pdf,https://zsksy.guizhou.gov.cn/zlxz/202603/t20260324_89900474.html,guizhou_2024_历史类_score_rank.pdf,pdf_table
2024,贵州,历史类,237,237,25,97024,97.677,97000,97024,贵州省招生考试院,https://zsksy.guizhou.gov.cn/zlxz/202603/P020240625688381616895.pdf,https://zsksy.guizhou.gov.cn/zlxz/202603/t20260324_89900474.html,guizhou_2024_历史类_score_rank.pdf,pdf_table
2024,贵州,历史类,236,236,18,97042,97.696,97025,97042,贵州省招生考试院,https://zsksy.guizhou.gov.cn/zlxz/202603/P020240625688381616895.pdf,https://zsksy.guizhou.gov.cn/zlxz/202603/t20260324_89900474.html,guizhou_2024_历史类_score_rank.pdf,pdf_table
2024,贵州,历史类,235,235,19,97061,97.715,97043,97061,贵州省招生考试院,https://zsksy.guizhou.gov.cn/zlxz/202603/P020240625688381616895.pdf,https://zsksy.guizhou.gov.cn/zlxz/202603/t20260324_89900474.html,guizhou_2024_历史类_score_rank.pdf,pdf_table
2024,贵州,历史类,234,234,22,97083,97.737,97062,97083,贵州省招生考试院,https://zsksy.guizhou.gov.cn/zlxz/202603/P020240625688381616895.pdf,https://zsksy.guizhou.gov.cn/zlxz/202603/t20260324_89900474.html,guizhou_2024_历史类_score_rank.pdf,pdf_table
2024,贵州,历史类,233,233,24,97107,97.761,97084,97107,贵州省招生考试院,https://zsksy.guizhou.gov.cn/zlxz/202603/P020240625688381616895.pdf,https://zsksy.guizhou.gov.cn/zlxz/202603/t20260324_89900474.html,guizhou_2024_历史类_score_rank.pdf,pdf_table
2024,贵州,历史类,232,232,15,97122,97.776,97108,97122,贵州省招生考试院,https://zsksy.guizhou.gov.cn/zlxz/202603/P020240625688381616895.pdf,https://zsksy.guizhou.gov.cn/zlxz/202603/t20260324_89900474.html,guizhou_2024_历史类_score_rank.pdf,pdf_table
2024,贵州,历史类,231,231,13,97135,97.789,97123,97135,贵州省招生考试院,https://zsksy.guizhou.gov.cn/zlxz/202603/P020240625688381616895.pdf,https://zsksy.guizhou.gov.cn/zlxz/202603/t20260324_89900474.html,guizhou_2024_历史类_score_rank.pdf,pdf_table
2024,贵州,历史类,230,230,21,97156,97.81,97136,97156,贵州省招生考试院,https://zsksy.guizhou.gov.cn/zlxz/202603/P020240625688381616895.pdf,https://zsksy.guizhou.gov.cn/zlxz/202603/t20260324_89900474.html,guizhou_2024_历史类_score_rank.pdf,pdf_table
2024,贵州,历史类,229,229,14,97170,97.824,97157,97170,贵州省招生考试院,https://zsksy.guizhou.gov.cn/zlxz/202603/P020240625688381616895.pdf,https://zsksy.guizhou.gov.cn/zlxz/202603/t20260324_89900474.html,guizhou_2024_历史类_score_rank.pdf,pdf_table
2024,贵州,历史类,228,228,20,97190,97.845,97171,97190,贵州省招生考试院,https://zsksy.guizhou.gov.cn/zlxz/202603/P020240625688381616895.pdf,https://zsksy.guizhou.gov.cn/zlxz/202603/t20260324_89900474.html,guizhou_2024_历史类_score_rank.pdf,pdf_table
2024,贵州,历史类,227,227,11,97201,97.856,97191,97201,贵州省招生考试院,https://zsksy.guizhou.gov.cn/zlxz/202603/P020240625688381616895.pdf,https://zsksy.guizhou.gov.cn/zlxz/202603/t20260324_89900474.html,guizhou_2024_历史类_score_rank.pdf,pdf_table
2024,贵州,历史类,226,226,23,97224,97.879,97202,97224,贵州省招生考试院,https://zsksy.guizhou.gov.cn/zlxz/202603/P020240625688381616895.pdf,https://zsksy.guizhou.gov.cn/zlxz/202603/t20260324_89900474.html,guizhou_2024_历史类_score_rank.pdf,pdf_table
2024,贵州,历史类,225,225,14,97238,97.893,97225,97238,贵州省招生考试院,https://zsksy.guizhou.gov.cn/zlxz/202603/P020240625688381616895.pdf,https://zsksy.guizhou.gov.cn/zlxz/202603/t20260324_89900474.html,guizhou_2024_历史类_score_rank.pdf,pdf_table
2024,贵州,历史类,224,224,10,97248,97.903,97239,97248,贵州省招生考试院,https://zsksy.guizhou.gov.cn/zlxz/202603/P020240625688381616895.pdf,https://zsksy.guizhou.gov.cn/zlxz/202603/t20260324_89900474.html,guizhou_2024_历史类_score_rank.pdf,pdf_table
2024,贵州,历史类,223,223,11,97259,97.914,97249,97259,贵州省招生考试院,https://zsksy.guizhou.gov.cn/zlxz/202603/P020240625688381616895.pdf,https://zsksy.guizhou.gov.cn/zlxz/202603/t20260324_89900474.html,guizhou_2024_历史类_score_rank.pdf,pdf_table
2024,贵州,历史类,222,222,22,97281,97.936,97260,97281,贵州省招生考试院,https://zsksy.guizhou.gov.cn/zlxz/202603/P020240625688381616895.pdf,https://zsksy.guizhou.gov.cn/zlxz/202603/t20260324_89900474.html,guizhou_2024_历史类_score_rank.pdf,pdf_table
2024,贵州,历史类,221,221,15,97296,97.951,97282,97296,贵州省招生考试院,https://zsksy.guizhou.gov.cn/zlxz/202603/P020240625688381616895.pdf,https://zsksy.guizhou.gov.cn/zlxz/202603/t20260324_89900474.html,guizhou_2024_历史类_score_rank.pdf,pdf_table
2024,贵州,历史类,220,220,9,97305,97.96,97297,97305,贵州省招生考试院,https://zsksy.guizhou.gov.cn/zlxz/202603/P020240625688381616895.pdf,https://zsksy.guizhou.gov.cn/zlxz/202603/t20260324_89900474.html,guizhou_2024_历史类_score_rank.pdf,pdf_table
2024,贵州,历史类,219,219,6,97311,97.966,97306,97311,贵州省招生考试院,https://zsksy.guizhou.gov.cn/zlxz/202603/P020240625688381616895.pdf,https://zsksy.guizhou.gov.cn/zlxz/202603/t20260324_89900474.html,guizhou_2024_历史类_score_rank.pdf,pdf_table
2024,贵州,历史类,218,218,12,97323,97.978,97312,97323,贵州省招生考试院,https://zsksy.guizhou.gov.cn/zlxz/202603/P020240625688381616895.pdf,https://zsksy.guizhou.gov.cn/zlxz/202603/t20260324_89900474.html,guizhou_2024_历史类_score_rank.pdf,pdf_table
2024,贵州,历史类,217,217,7,97330,97.986,97324,97330,贵州省招生考试院,https://zsksy.guizhou.gov.cn/zlxz/202603/P020240625688381616895.pdf,https://zsksy.guizhou.gov.cn/zlxz/202603/t20260324_89900474.html,guizhou_2024_历史类_score_rank.pdf,pdf_table
2024,贵州,历史类,216,216,9,97339,97.995,97331,97339,贵州省招生考试院,https://zsksy.guizhou.gov.cn/zlxz/202603/P020240625688381616895.pdf,https://zsksy.guizhou.gov.cn/zlxz/202603/t20260324_89900474.html,guizhou_2024_历史类_score_rank.pdf,pdf_table
2024,贵州,历史类,215,215,8,97347,98.003,97340,97347,贵州省招生考试院,https://zsksy.guizhou.gov.cn/zlxz/202603/P020240625688381616895.pdf,https://zsksy.guizhou.gov.cn/zlxz/202603/t20260324_89900474.html,guizhou_2024_历史类_score_rank.pdf,pdf_table
2024,贵州,历史类,214,214,12,97359,98.015,97348,97359,贵州省招生考试院,https://zsksy.guizhou.gov.cn/zlxz/202603/P020240625688381616895.pdf,https://zsksy.guizhou.gov.cn/zlxz/202603/t20260324_89900474.html,guizhou_2024_历史类_score_rank.pdf,pdf_table
2024,贵州,历史类,213,213,15,97374,98.03,97360,97374,贵州省招生考试院,https://zsksy.guizhou.gov.cn/zlxz/202603/P020240625688381616895.pdf,https://zsksy.guizhou.gov.cn/zlxz/202603/t20260324_89900474.html,guizhou_2024_历史类_score_rank.pdf,pdf_table
2024,贵州,历史类,212,212,6,97380,98.036,97375,97380,贵州省招生考试院,https://zsksy.guizhou.gov.cn/zlxz/202603/P020240625688381616895.pdf,https://zsksy.guizhou.gov.cn/zlxz/202603/t20260324_89900474.html,guizhou_2024_历史类_score_rank.pdf,pdf_table
2024,贵州,历史类,211,211,8,97388,98.044,97381,97388,贵州省招生考试院,https://zsksy.guizhou.gov.cn/zlxz/202603/P020240625688381616895.pdf,https://zsksy.guizhou.gov.cn/zlxz/202603/t20260324_89900474.html,guizhou_2024_历史类_score_rank.pdf,pdf_table
2024,贵州,历史类,210,210,13,97401,98.057,97389,97401,贵州省招生考试院,https://zsksy.guizhou.gov.cn/zlxz/202603/P020240625688381616895.pdf,https://zsksy.guizhou.gov.cn/zlxz/202603/t20260324_89900474.html,guizhou_2024_历史类_score_rank.pdf,pdf_table
2024,贵州,历史类,209,209,1,97402,98.058,97402,97402,贵州省招生考试院,https://zsksy.guizhou.gov.cn/zlxz/202603/P020240625688381616895.pdf,https://zsksy.guizhou.gov.cn/zlxz/202603/t20260324_89900474.html,guizhou_2024_历史类_score_rank.pdf,pdf_table
2024,贵州,历史类,208,208,2,97404,98.06,97403,97404,贵州省招生考试院,https://zsksy.guizhou.gov.cn/zlxz/202603/P020240625688381616895.pdf,https://zsksy.guizhou.gov.cn/zlxz/202603/t20260324_89900474.html,guizhou_2024_历史类_score_rank.pdf,pdf_table
2024,贵州,历史类,207,207,9,97413,98.069,97405,97413,贵州省招生考试院,https://zsksy.guizhou.gov.cn/zlxz/202603/P020240625688381616895.pdf,https://zsksy.guizhou.gov.cn/zlxz/202603/t20260324_89900474.html,guizhou_2024_历史类_score_rank.pdf,pdf_table
2024,贵州,历史类,206,206,6,97419,98.075,97414,97419,贵州省招生考试院,https://zsksy.guizhou.gov.cn/zlxz/202603/P020240625688381616895.pdf,https://zsksy.guizhou.gov.cn/zlxz/202603/t20260324_89900474.html,guizhou_2024_历史类_score_rank.pdf,pdf_table
2024,贵州,历史类,205,205,4,97423,98.079,97420,97423,贵州省招生考试院,https://zsksy.guizhou.gov.cn/zlxz/202603/P020240625688381616895.pdf,https://zsksy.guizhou.gov.cn/zlxz/202603/t20260324_89900474.html,guizhou_2024_历史类_score_rank.pdf,pdf_table
2024,贵州,历史类,204,204,4,97427,98.083,97424,97427,贵州省招生考试院,https://zsksy.guizhou.gov.cn/zlxz/202603/P020240625688381616895.pdf,https://zsksy.guizhou.gov.cn/zlxz/202603/t20260324_89900474.html,guizhou_2024_历史类_score_rank.pdf,pdf_table
2024,贵州,历史类,203,203,10,97437,98.093,97428,97437,贵州省招生考试院,https://zsksy.guizhou.gov.cn/zlxz/202603/P020240625688381616895.pdf,https://zsksy.guizhou.gov.cn/zlxz/202603/t20260324_89900474.html,guizhou_2024_历史类_score_rank.pdf,pdf_table
2024,贵州,历史类,202,202,5,97442,98.098,97438,97442,贵州省招生考试院,https://zsksy.guizhou.gov.cn/zlxz/202603/P020240625688381616895.pdf,https://zsksy.guizhou.gov.cn/zlxz/202603/t20260324_89900474.html,guizhou_2024_历史类_score_rank.pdf,pdf_table
2024,贵州,历史类,201,201,7,97449,98.105,97443,97449,贵州省招生考试院,https://zsksy.guizhou.gov.cn/zlxz/202603/P020240625688381616895.pdf,https://zsksy.guizhou.gov.cn/zlxz/202603/t20260324_89900474.html,guizhou_2024_历史类_score_rank.pdf,pdf_table
2024,贵州,历史类,200,200,7,97456,98.112,97450,97456,贵州省招生考试院,https://zsksy.guizhou.gov.cn/zlxz/202603/P020240625688381616895.pdf,https://zsksy.guizhou.gov.cn/zlxz/202603/t20260324_89900474.html,guizhou_2024_历史类_score_rank.pdf,pdf_table
2024,贵州,历史类,199,199,6,97462,98.118,97457,97462,贵州省招生考试院,https://zsksy.guizhou.gov.cn/zlxz/202603/P020240625688381616895.pdf,https://zsksy.guizhou.gov.cn/zlxz/202603/t20260324_89900474.html,guizhou_2024_历史类_score_rank.pdf,pdf_table
2024,贵州,历史类,198,198,4,97466,98.122,97463,97466,贵州省招生考试院,https://zsksy.guizhou.gov.cn/zlxz/202603/P020240625688381616895.pdf,https://zsksy.guizhou.gov.cn/zlxz/202603/t20260324_89900474.html,guizhou_2024_历史类_score_rank.pdf,pdf_table
2024,贵州,历史类,197,197,5,97471,98.127,97467,97471,贵州省招生考试院,https://zsksy.guizhou.gov.cn/zlxz/202603/P020240625688381616895.pdf,https://zsksy.guizhou.gov.cn/zlxz/202603/t20260324_89900474.html,guizhou_2024_历史类_score_rank.pdf,pdf_table
2024,贵州,历史类,196,196,10,97481,98.138,97472,97481,贵州省招生考试院,https://zsksy.guizhou.gov.cn/zlxz/202603/P020240625688381616895.pdf,https://zsksy.guizhou.gov.cn/zlxz/202603/t20260324_89900474.html,guizhou_2024_历史类_score_rank.pdf,pdf_table
2024,贵州,历史类,195,195,5,97486,98.143,97482,97486,贵州省招生考试院,https://zsksy.guizhou.gov.cn/zlxz/202603/P020240625688381616895.pdf,https://zsksy.guizhou.gov.cn/zlxz/202603/t20260324_89900474.html,guizhou_2024_历史类_score_rank.pdf,pdf_table
2024,贵州,历史类,194,194,3,97489,98.146,97487,97489,贵州省招生考试院,https://zsksy.guizhou.gov.cn/zlxz/202603/P020240625688381616895.pdf,https://zsksy.guizhou.gov.cn/zlxz/202603/t20260324_89900474.html,guizhou_2024_历史类_score_rank.pdf,pdf_table
2024,贵州,历史类,193,193,9,97498,98.155,97490,97498,贵州省招生考试院,https://zsksy.guizhou.gov.cn/zlxz/202603/P020240625688381616895.pdf,https://zsksy.guizhou.gov.cn/zlxz/202603/t20260324_89900474.html,guizhou_2024_历史类_score_rank.pdf,pdf_table
2024,贵州,历史类,192,192,3,97501,98.158,97499,97501,贵州省招生考试院,https://zsksy.guizhou.gov.cn/zlxz/202603/P020240625688381616895.pdf,https://zsksy.guizhou.gov.cn/zlxz/202603/t20260324_89900474.html,guizhou_2024_历史类_score_rank.pdf,pdf_table
2024,贵州,历史类,191,191,4,97505,98.162,97502,97505,贵州省招生考试院,https://zsksy.guizhou.gov.cn/zlxz/202603/P020240625688381616895.pdf,https://zsksy.guizhou.gov.cn/zlxz/202603/t20260324_89900474.html,guizhou_2024_历史类_score_rank.pdf,pdf_table
2024,贵州,历史类,190,190,6,97511,98.168,97506,97511,贵州省招生考试院,https://zsksy.guizhou.gov.cn/zlxz/202603/P020240625688381616895.pdf,https://zsksy.guizhou.gov.cn/zlxz/202603/t20260324_89900474.html,guizhou_2024_历史类_score_rank.pdf,pdf_table
2024,贵州,历史类,189,189,3,97514,98.171,97512,97514,贵州省招生考试院,https://zsksy.guizhou.gov.cn/zlxz/202603/P020240625688381616895.pdf,https://zsksy.guizhou.gov.cn/zlxz/202603/t20260324_89900474.html,guizhou_2024_历史类_score_rank.pdf,pdf_table
2024,贵州,历史类,188,188,3,97517,98.174,97515,97517,贵州省招生考试院,https://zsksy.guizhou.gov.cn/zlxz/202603/P020240625688381616895.pdf,https://zsksy.guizhou.gov.cn/zlxz/202603/t20260324_89900474.html,guizhou_2024_历史类_score_rank.pdf,pdf_table
2024,贵州,历史类,187,187,2,97519,98.176,97518,97519,贵州省招生考试院,https://zsksy.guizhou.gov.cn/zlxz/202603/P020240625688381616895.pdf,https://zsksy.guizhou.gov.cn/zlxz/202603/t20260324_89900474.html,guizhou_2024_历史类_score_rank.pdf,pdf_table
2024,贵州,历史类,186,186,3,97522,98.179,97520,97522,贵州省招生考试院,https://zsksy.guizhou.gov.cn/zlxz/202603/P020240625688381616895.pdf,https://zsksy.guizhou.gov.cn/zlxz/202603/t20260324_89900474.html,guizhou_2024_历史类_score_rank.pdf,pdf_table
2024,贵州,历史类,185,185,8,97530,98.187,97523,97530,贵州省招生考试院,https://zsksy.guizhou.gov.cn/zlxz/202603/P020240625688381616895.pdf,https://zsksy.guizhou.gov.cn/zlxz/202603/t20260324_89900474.html,guizhou_2024_历史类_score_rank.pdf,pdf_table
2024,贵州,历史类,184,184,4,97534,98.191,97531,97534,贵州省招生考试院,https://zsksy.guizhou.gov.cn/zlxz/202603/P020240625688381616895.pdf,https://zsksy.guizhou.gov.cn/zlxz/202603/t20260324_89900474.html,guizhou_2024_历史类_score_rank.pdf,pdf_table
2024,贵州,历史类,183,183,4,97538,98.195,97535,97538,贵州省招生考试院,https://zsksy.guizhou.gov.cn/zlxz/202603/P020240625688381616895.pdf,https://zsksy.guizhou.gov.cn/zlxz/202603/t20260324_89900474.html,guizhou_2024_历史类_score_rank.pdf,pdf_table
2024,贵州,历史类,182,182,6,97544,98.201,97539,97544,贵州省招生考试院,https://zsksy.guizhou.gov.cn/zlxz/202603/P020240625688381616895.pdf,https://zsksy.guizhou.gov.cn/zlxz/202603/t20260324_89900474.html,guizhou_2024_历史类_score_rank.pdf,pdf_table
2024,贵州,历史类,181,181,2,97546,98.203,97545,97546,贵州省招生考试院,https://zsksy.guizhou.gov.cn/zlxz/202603/P020240625688381616895.pdf,https://zsksy.guizhou.gov.cn/zlxz/202603/t20260324_89900474.html,guizhou_2024_历史类_score_rank.pdf,pdf_table
2024,贵州,历史类,180,180,5,97551,98.208,97547,97551,贵州省招生考试院,https://zsksy.guizhou.gov.cn/zlxz/202603/P020240625688381616895.pdf,https://zsksy.guizhou.gov.cn/zlxz/202603/t20260324_89900474.html,guizhou_2024_历史类_score_rank.pdf,pdf_table
2024,贵州,历史类,179,179,4,97555,98.212,97552,97555,贵州省招生考试院,https://zsksy.guizhou.gov.cn/zlxz/202603/P020240625688381616895.pdf,https://zsksy.guizhou.gov.cn/zlxz/202603/t20260324_89900474.html,guizhou_2024_历史类_score_rank.pdf,pdf_table
2024,贵州,历史类,178,178,2,97557,98.214,97556,97557,贵州省招生考试院,https://zsksy.guizhou.gov.cn/zlxz/202603/P020240625688381616895.pdf,https://zsksy.guizhou.gov.cn/zlxz/202603/t20260324_89900474.html,guizhou_2024_历史类_score_rank.pdf,pdf_table
2024,贵州,历史类,177,177,9,97566,98.223,97558,97566,贵州省招生考试院,https://zsksy.guizhou.gov.cn/zlxz/202603/P020240625688381616895.pdf,https://zsksy.guizhou.gov.cn/zlxz/202603/t20260324_89900474.html,guizhou_2024_历史类_score_rank.pdf,pdf_table
2024,贵州,历史类,176,176,4,97570,98.227,97567,97570,贵州省招生考试院,https://zsksy.guizhou.gov.cn/zlxz/202603/P020240625688381616895.pdf,https://zsksy.guizhou.gov.cn/zlxz/202603/t20260324_89900474.html,guizhou_2024_历史类_score_rank.pdf,pdf_table
2024,贵州,历史类,175,175,2,97572,98.229,97571,97572,贵州省招生考试院,https://zsksy.guizhou.gov.cn/zlxz/202603/P020240625688381616895.pdf,https://zsksy.guizhou.gov.cn/zlxz/202603/t20260324_89900474.html,guizhou_2024_历史类_score_rank.pdf,pdf_table
2024,贵州,历史类,173,173,1,97573,98.23,97573,97573,贵州省招生考试院,https://zsksy.guizhou.gov.cn/zlxz/202603/P020240625688381616895.pdf,https://zsksy.guizhou.gov.cn/zlxz/202603/t20260324_89900474.html,guizhou_2024_历史类_score_rank.pdf,pdf_table
2024,贵州,历史类,172,172,2,97575,98.232,97574,97575,贵州省招生考试院,https://zsksy.guizhou.gov.cn/zlxz/202603/P020240625688381616895.pdf,https://zsksy.guizhou.gov.cn/zlxz/202603/t20260324_89900474.html,guizhou_2024_历史类_score_rank.pdf,pdf_table
2024,贵州,历史类,171,171,1,97576,98.233,97576,97576,贵州省招生考试院,https://zsksy.guizhou.gov.cn/zlxz/202603/P020240625688381616895.pdf,https://zsksy.guizhou.gov.cn/zlxz/202603/t20260324_89900474.html,guizhou_2024_历史类_score_rank.pdf,pdf_table
2024,贵州,历史类,170,170,3,97579,98.236,97577,97579,贵州省招生考试院,https://zsksy.guizhou.gov.cn/zlxz/202603/P020240625688381616895.pdf,https://zsksy.guizhou.gov.cn/zlxz/202603/t20260324_89900474.html,guizhou_2024_历史类_score_rank.pdf,pdf_table
2024,贵州,历史类,169,169,2,97581,98.238,97580,97581,贵州省招生考试院,https://zsksy.guizhou.gov.cn/zlxz/202603/P020240625688381616895.pdf,https://zsksy.guizhou.gov.cn/zlxz/202603/t20260324_89900474.html,guizhou_2024_历史类_score_rank.pdf,pdf_table
2024,贵州,历史类,168,168,1,97582,98.239,97582,97582,贵州省招生考试院,https://zsksy.guizhou.gov.cn/zlxz/202603/P020240625688381616895.pdf,https://zsksy.guizhou.gov.cn/zlxz/202603/t20260324_89900474.html,guizhou_2024_历史类_score_rank.pdf,pdf_table
2024,贵州,历史类,167,167,1,97583,98.24,97583,97583,贵州省招生考试院,https://zsksy.guizhou.gov.cn/zlxz/202603/P020240625688381616895.pdf,https://zsksy.guizhou.gov.cn/zlxz/202603/t20260324_89900474.html,guizhou_2024_历史类_score_rank.pdf,pdf_table
2024,贵州,历史类,166,166,1,97584,98.241,97584,97584,贵州省招生考试院,https://zsksy.guizhou.gov.cn/zlxz/202603/P020240625688381616895.pdf,https://zsksy.guizhou.gov.cn/zlxz/202603/t20260324_89900474.html,guizhou_2024_历史类_score_rank.pdf,pdf_table
2024,贵州,历史类,165,165,1,97585,98.242,97585,97585,贵州省招生考试院,https://zsksy.guizhou.gov.cn/zlxz/202603/P020240625688381616895.pdf,https://zsksy.guizhou.gov.cn/zlxz/202603/t20260324_89900474.html,guizhou_2024_历史类_score_rank.pdf,pdf_table
2024,贵州,历史类,164,164,1,97586,98.243,97586,97586,贵州省招生考试院,https://zsksy.guizhou.gov.cn/zlxz/202603/P020240625688381616895.pdf,https://zsksy.guizhou.gov.cn/zlxz/202603/t20260324_89900474.html,guizhou_2024_历史类_score_rank.pdf,pdf_table
2024,贵州,历史类,163,163,1,97587,98.244,97587,97587,贵州省招生考试院,https://zsksy.guizhou.gov.cn/zlxz/202603/P020240625688381616895.pdf,https://zsksy.guizhou.gov.cn/zlxz/202603/t20260324_89900474.html,guizhou_2024_历史类_score_rank.pdf,pdf_table
2024,贵州,历史类,162,162,1,97588,98.245,97588,97588,贵州省招生考试院,https://zsksy.guizhou.gov.cn/zlxz/202603/P020240625688381616895.pdf,https://zsksy.guizhou.gov.cn/zlxz/202603/t20260324_89900474.html,guizhou_2024_历史类_score_rank.pdf,pdf_table
2024,贵州,历史类,161,161,2,97590,98.247,97589,97590,贵州省招生考试院,https://zsksy.guizhou.gov.cn/zlxz/202603/P020240625688381616895.pdf,https://zsksy.guizhou.gov.cn/zlxz/202603/t20260324_89900474.html,guizhou_2024_历史类_score_rank.pdf,pdf_table
2024,贵州,历史类,159,159,2,97592,98.249,97591,97592,贵州省招生考试院,https://zsksy.guizhou.gov.cn/zlxz/202603/P020240625688381616895.pdf,https://zsksy.guizhou.gov.cn/zlxz/202603/t20260324_89900474.html,guizhou_2024_历史类_score_rank.pdf,pdf_table
2024,贵州,历史类,157,157,1,97593,98.25,97593,97593,贵州省招生考试院,https://zsksy.guizhou.gov.cn/zlxz/202603/P020240625688381616895.pdf,https://zsksy.guizhou.gov.cn/zlxz/202603/t20260324_89900474.html,guizhou_2024_历史类_score_rank.pdf,pdf_table
2024,贵州,历史类,156,156,1,97594,98.251,97594,97594,贵州省招生考试院,https://zsksy.guizhou.gov.cn/zlxz/202603/P020240625688381616895.pdf,https://zsksy.guizhou.gov.cn/zlxz/202603/t20260324_89900474.html,guizhou_2024_历史类_score_rank.pdf,pdf_table
2024,贵州,历史类,155,155,2,97596,98.253,97595,97596,贵州省招生考试院,https://zsksy.guizhou.gov.cn/zlxz/202603/P020240625688381616895.pdf,https://zsksy.guizhou.gov.cn/zlxz/202603/t20260324_89900474.html,guizhou_2024_历史类_score_rank.pdf,pdf_table
2024,贵州,历史类,154,154,2,97598,98.255,97597,97598,贵州省招生考试院,https://zsksy.guizhou.gov.cn/zlxz/202603/P020240625688381616895.pdf,https://zsksy.guizhou.gov.cn/zlxz/202603/t20260324_89900474.html,guizhou_2024_历史类_score_rank.pdf,pdf_table
2024,贵州,历史类,151,151,1,97599,98.256,97599,97599,贵州省招生考试院,https://zsksy.guizhou.gov.cn/zlxz/202603/P020240625688381616895.pdf,https://zsksy.guizhou.gov.cn/zlxz/202603/t20260324_89900474.html,guizhou_2024_历史类_score_rank.pdf,pdf_table
2024,贵州,历史类,150,150,3,97602,98.259,97600,97602,贵州省招生考试院,https://zsksy.guizhou.gov.cn/zlxz/202603/P020240625688381616895.pdf,https://zsksy.guizhou.gov.cn/zlxz/202603/t20260324_89900474.html,guizhou_2024_历史类_score_rank.pdf,pdf_table
2024,贵州,历史类,147,147,2,97604,98.261,97603,97604,贵州省招生考试院,https://zsksy.guizhou.gov.cn/zlxz/202603/P020240625688381616895.pdf,https://zsksy.guizhou.gov.cn/zlxz/202603/t20260324_89900474.html,guizhou_2024_历史类_score_rank.pdf,pdf_table
2024,贵州,历史类,144,144,1,97605,98.262,97605,97605,贵州省招生考试院,https://zsksy.guizhou.gov.cn/zlxz/202603/P020240625688381616895.pdf,https://zsksy.guizhou.gov.cn/zlxz/202603/t20260324_89900474.html,guizhou_2024_历史类_score_rank.pdf,pdf_table
2024,贵州,历史类,141,141,1,97606,98.263,97606,97606,贵州省招生考试院,https://zsksy.guizhou.gov.cn/zlxz/202603/P020240625688381616895.pdf,https://zsksy.guizhou.gov.cn/zlxz/202603/t20260324_89900474.html,guizhou_2024_历史类_score_rank.pdf,pdf_table
2024,贵州,历史类,140,140,1,97607,98.264,97607,97607,贵州省招生考试院,https://zsksy.guizhou.gov.cn/zlxz/202603/P020240625688381616895.pdf,https://zsksy.guizhou.gov.cn/zlxz/202603/t20260324_89900474.html,guizhou_2024_历史类_score_rank.pdf,pdf_table
2024,贵州,历史类,137,137,2,97609,98.266,97608,97609,贵州省招生考试院,https://zsksy.guizhou.gov.cn/zlxz/202603/P020240625688381616895.pdf,https://zsksy.guizhou.gov.cn/zlxz/202603/t20260324_89900474.html,guizhou_2024_历史类_score_rank.pdf,pdf_table
2024,贵州,历史类,135,135,1,97610,98.267,97610,97610,贵州省招生考试院,https://zsksy.guizhou.gov.cn/zlxz/202603/P020240625688381616895.pdf,https://zsksy.guizhou.gov.cn/zlxz/202603/t20260324_89900474.html,guizhou_2024_历史类_score_rank.pdf,pdf_table
2024,贵州,历史类,133,133,1,97611,98.268,97611,97611,贵州省招生考试院,https://zsksy.guizhou.gov.cn/zlxz/202603/P020240625688381616895.pdf,https://zsksy.guizhou.gov.cn/zlxz/202603/t20260324_89900474.html,guizhou_2024_历史类_score_rank.pdf,pdf_table
2024,贵州,历史类,131,131,2,97613,98.27,97612,97613,贵州省招生考试院,https://zsksy.guizhou.gov.cn/zlxz/202603/P020240625688381616895.pdf,https://zsksy.guizhou.gov.cn/zlxz/202603/t20260324_89900474.html,guizhou_2024_历史类_score_rank.pdf,pdf_table
2024,贵州,历史类,129,129,2,97615,98.272,97614,97615,贵州省招生考试院,https://zsksy.guizhou.gov.cn/zlxz/202603/P020240625688381616895.pdf,https://zsksy.guizhou.gov.cn/zlxz/202603/t20260324_89900474.html,guizhou_2024_历史类_score_rank.pdf,pdf_table
2024,贵州,历史类,128,128,2,97617,98.274,97616,97617,贵州省招生考试院,https://zsksy.guizhou.gov.cn/zlxz/202603/P020240625688381616895.pdf,https://zsksy.guizhou.gov.cn/zlxz/202603/t20260324_89900474.html,guizhou_2024_历史类_score_rank.pdf,pdf_table
2024,贵州,历史类,127,127,1,97618,98.275,97618,97618,贵州省招生考试院,https://zsksy.guizhou.gov.cn/zlxz/202603/P020240625688381616895.pdf,https://zsksy.guizhou.gov.cn/zlxz/202603/t20260324_89900474.html,guizhou_2024_历史类_score_rank.pdf,pdf_table
2024,贵州,历史类,126,126,1,97619,98.276,97619,97619,贵州省招生考试院,https://zsksy.guizhou.gov.cn/zlxz/202603/P020240625688381616895.pdf,https://zsksy.guizhou.gov.cn/zlxz/202603/t20260324_89900474.html,guizhou_2024_历史类_score_rank.pdf,pdf_table
2024,贵州,历史类,125,125,1,97620,98.277,97620,97620,贵州省招生考试院,https://zsksy.guizhou.gov.cn/zlxz/202603/P020240625688381616895.pdf,https://zsksy.guizhou.gov.cn/zlxz/202603/t20260324_89900474.html,guizhou_2024_历史类_score_rank.pdf,pdf_table
2024,贵州,历史类,124,124,1,97621,98.278,97621,97621,贵州省招生考试院,https://zsksy.guizhou.gov.cn/zlxz/202603/P020240625688381616895.pdf,https://zsksy.guizhou.gov.cn/zlxz/202603/t20260324_89900474.html,guizhou_2024_历史类_score_rank.pdf,pdf_table
2024,贵州,历史类,123,123,1,97622,98.279,97622,97622,贵州省招生考试院,https://zsksy.guizhou.gov.cn/zlxz/202603/P020240625688381616895.pdf,https://zsksy.guizhou.gov.cn/zlxz/202603/t20260324_89900474.html,guizhou_2024_历史类_score_rank.pdf,pdf_table
2024,贵州,历史类,116,116,1,97623,98.28,97623,97623,贵州省招生考试院,https://zsksy.guizhou.gov.cn/zlxz/202603/P020240625688381616895.pdf,https://zsksy.guizhou.gov.cn/zlxz/202603/t20260324_89900474.html,guizhou_2024_历史类_score_rank.pdf,pdf_table
2024,贵州,历史类,115,115,1,97624,98.282,97624,97624,贵州省招生考试院,https://zsksy.guizhou.gov.cn/zlxz/202603/P020240625688381616895.pdf,https://zsksy.guizhou.gov.cn/zlxz/202603/t20260324_89900474.html,guizhou_2024_历史类_score_rank.pdf,pdf_table
2024,贵州,历史类,111,111,1,97625,98.283,97625,97625,贵州省招生考试院,https://zsksy.guizhou.gov.cn/zlxz/202603/P020240625688381616895.pdf,https://zsksy.guizhou.gov.cn/zlxz/202603/t20260324_89900474.html,guizhou_2024_历史类_score_rank.pdf,pdf_table
2024,贵州,历史类,110,110,1,97626,98.284,97626,97626,贵州省招生考试院,https://zsksy.guizhou.gov.cn/zlxz/202603/P020240625688381616895.pdf,https://zsksy.guizhou.gov.cn/zlxz/202603/t20260324_89900474.html,guizhou_2024_历史类_score_rank.pdf,pdf_table
2024,贵州,历史类,107,107,1,97627,98.285,97627,97627,贵州省招生考试院,https://zsksy.guizhou.gov.cn/zlxz/202603/P020240625688381616895.pdf,https://zsksy.guizhou.gov.cn/zlxz/202603/t20260324_89900474.html,guizhou_2024_历史类_score_rank.pdf,pdf_table
2024,贵州,历史类,106,106,1,97628,98.286,97628,97628,贵州省招生考试院,https://zsksy.guizhou.gov.cn/zlxz/202603/P020240625688381616895.pdf,https://zsksy.guizhou.gov.cn/zlxz/202603/t20260324_89900474.html,guizhou_2024_历史类_score_rank.pdf,pdf_table
2024,贵州,历史类,105,105,2,97630,98.288,97629,97630,贵州省招生考试院,https://zsksy.guizhou.gov.cn/zlxz/202603/P020240625688381616895.pdf,https://zsksy.guizhou.gov.cn/zlxz/202603/t20260324_89900474.html,guizhou_2024_历史类_score_rank.pdf,pdf_table
2024,贵州,历史类,103,103,1,97631,98.289,97631,97631,贵州省招生考试院,https://zsksy.guizhou.gov.cn/zlxz/202603/P020240625688381616895.pdf,https://zsksy.guizhou.gov.cn/zlxz/202603/t20260324_89900474.html,guizhou_2024_历史类_score_rank.pdf,pdf_table
2024,贵州,历史类,102,102,1,97632,98.29,97632,97632,贵州省招生考试院,https://zsksy.guizhou.gov.cn/zlxz/202603/P020240625688381616895.pdf,https://zsksy.guizhou.gov.cn/zlxz/202603/t20260324_89900474.html,guizhou_2024_历史类_score_rank.pdf,pdf_table
2024,贵州,历史类,101,101,1,97633,98.291,97633,97633,贵州省招生考试院,https://zsksy.guizhou.gov.cn/zlxz/202603/P020240625688381616895.pdf,https://zsksy.guizhou.gov.cn/zlxz/202603/t20260324_89900474.html,guizhou_2024_历史类_score_rank.pdf,pdf_table
2024,贵州,历史类,100,100,1,97634,98.292,97634,97634,贵州省招生考试院,https://zsksy.guizhou.gov.cn/zlxz/202603/P020240625688381616895.pdf,https://zsksy.guizhou.gov.cn/zlxz/202603/t20260324_89900474.html,guizhou_2024_历史类_score_rank.pdf,pdf_table
2024,贵州,历史类,95,95,1,97635,98.293,97635,97635,贵州省招生考试院,https://zsksy.guizhou.gov.cn/zlxz/202603/P020240625688381616895.pdf,https://zsksy.guizhou.gov.cn/zlxz/202603/t20260324_89900474.html,guizhou_2024_历史类_score_rank.pdf,pdf_table
2024,贵州,历史类,94,94,1,97636,98.294,97636,97636,贵州省招生考试院,https://zsksy.guizhou.gov.cn/zlxz/202603/P020240625688381616895.pdf,https://zsksy.guizhou.gov.cn/zlxz/202603/t20260324_89900474.html,guizhou_2024_历史类_score_rank.pdf,pdf_table
2024,贵州,历史类,93,93,1,97637,98.295,97637,97637,贵州省招生考试院,https://zsksy.guizhou.gov.cn/zlxz/202603/P020240625688381616895.pdf,https://zsksy.guizhou.gov.cn/zlxz/202603/t20260324_89900474.html,guizhou_2024_历史类_score_rank.pdf,pdf_table
2024,贵州,历史类,90,90,2,97639,98.297,97638,97639,贵州省招生考试院,https://zsksy.guizhou.gov.cn/zlxz/202603/P020240625688381616895.pdf,https://zsksy.guizhou.gov.cn/zlxz/202603/t20260324_89900474.html,guizhou_2024_历史类_score_rank.pdf,pdf_table
2024,贵州,历史类,88,88,1,97640,98.298,97640,97640,贵州省招生考试院,https://zsksy.guizhou.gov.cn/zlxz/202603/P020240625688381616895.pdf,https://zsksy.guizhou.gov.cn/zlxz/202603/t20260324_89900474.html,guizhou_2024_历史类_score_rank.pdf,pdf_table
2024,贵州,历史类,83,83,1,97641,98.299,97641,97641,贵州省招生考试院,https://zsksy.guizhou.gov.cn/zlxz/202603/P020240625688381616895.pdf,https://zsksy.guizhou.gov.cn/zlxz/202603/t20260324_89900474.html,guizhou_2024_历史类_score_rank.pdf,pdf_table
2024,贵州,历史类,82,82,1,97642,98.3,97642,97642,贵州省招生考试院,https://zsksy.guizhou.gov.cn/zlxz/202603/P020240625688381616895.pdf,https://zsksy.guizhou.gov.cn/zlxz/202603/t20260324_89900474.html,guizhou_2024_历史类_score_rank.pdf,pdf_table
2024,贵州,历史类,81,81,2,97644,98.302,97643,97644,贵州省招生考试院,https://zsksy.guizhou.gov.cn/zlxz/202603/P020240625688381616895.pdf,https://zsksy.guizhou.gov.cn/zlxz/202603/t20260324_89900474.html,guizhou_2024_历史类_score_rank.pdf,pdf_table
2024,贵州,历史类,77,77,2,97646,98.304,97645,97646,贵州省招生考试院,https://zsksy.guizhou.gov.cn/zlxz/202603/P020240625688381616895.pdf,https://zsksy.guizhou.gov.cn/zlxz/202603/t20260324_89900474.html,guizhou_2024_历史类_score_rank.pdf,pdf_table
2024,贵州,历史类,76,76,1,97647,98.305,97647,97647,贵州省招生考试院,https://zsksy.guizhou.gov.cn/zlxz/202603/P020240625688381616895.pdf,https://zsksy.guizhou.gov.cn/zlxz/202603/t20260324_89900474.html,guizhou_2024_历史类_score_rank.pdf,pdf_table
2024,贵州,历史类,74,74,2,97649,98.307,97648,97649,贵州省招生考试院,https://zsksy.guizhou.gov.cn/zlxz/202603/P020240625688381616895.pdf,https://zsksy.guizhou.gov.cn/zlxz/202603/t20260324_89900474.html,guizhou_2024_历史类_score_rank.pdf,pdf_table
2024,贵州,历史类,73,73,1,97650,98.308,97650,97650,贵州省招生考试院,https://zsksy.guizhou.gov.cn/zlxz/202603/P020240625688381616895.pdf,https://zsksy.guizhou.gov.cn/zlxz/202603/t20260324_89900474.html,guizhou_2024_历史类_score_rank.pdf,pdf_table
2024,贵州,历史类,71,71,1,97651,98.309,97651,97651,贵州省招生考试院,https://zsksy.guizhou.gov.cn/zlxz/202603/P020240625688381616895.pdf,https://zsksy.guizhou.gov.cn/zlxz/202603/t20260324_89900474.html,guizhou_2024_历史类_score_rank.pdf,pdf_table
2024,贵州,历史类,68,68,1,97652,98.31,97652,97652,贵州省招生考试院,https://zsksy.guizhou.gov.cn/zlxz/202603/P020240625688381616895.pdf,https://zsksy.guizhou.gov.cn/zlxz/202603/t20260324_89900474.html,guizhou_2024_历史类_score_rank.pdf,pdf_table
2024,贵州,历史类,67,67,1,97653,98.311,97653,97653,贵州省招生考试院,https://zsksy.guizhou.gov.cn/zlxz/202603/P020240625688381616895.pdf,https://zsksy.guizhou.gov.cn/zlxz/202603/t20260324_89900474.html,guizhou_2024_历史类_score_rank.pdf,pdf_table
2024,贵州,历史类,65,65,1,97654,98.312,97654,97654,贵州省招生考试院,https://zsksy.guizhou.gov.cn/zlxz/202603/P020240625688381616895.pdf,https://zsksy.guizhou.gov.cn/zlxz/202603/t20260324_89900474.html,guizhou_2024_历史类_score_rank.pdf,pdf_table
2024,贵州,历史类,64,64,1,97655,98.313,97655,97655,贵州省招生考试院,https://zsksy.guizhou.gov.cn/zlxz/202603/P020240625688381616895.pdf,https://zsksy.guizhou.gov.cn/zlxz/202603/t20260324_89900474.html,guizhou_2024_历史类_score_rank.pdf,pdf_table
2024,贵州,历史类,63,63,2,97657,98.315,97656,97657,贵州省招生考试院,https://zsksy.guizhou.gov.cn/zlxz/202603/P020240625688381616895.pdf,https://zsksy.guizhou.gov.cn/zlxz/202603/t20260324_89900474.html,guizhou_2024_历史类_score_rank.pdf,pdf_table
2024,贵州,历史类,61,61,1,97658,98.316,97658,97658,贵州省招生考试院,https://zsksy.guizhou.gov.cn/zlxz/202603/P020240625688381616895.pdf,https://zsksy.guizhou.gov.cn/zlxz/202603/t20260324_89900474.html,guizhou_2024_历史类_score_rank.pdf,pdf_table
2024,贵州,历史类,60,60,2,97660,98.318,97659,97660,贵州省招生考试院,https://zsksy.guizhou.gov.cn/zlxz/202603/P020240625688381616895.pdf,https://zsksy.guizhou.gov.cn/zlxz/202603/t20260324_89900474.html,guizhou_2024_历史类_score_rank.pdf,pdf_table
2024,贵州,历史类,59,59,1,97661,98.319,97661,97661,贵州省招生考试院,https://zsksy.guizhou.gov.cn/zlxz/202603/P020240625688381616895.pdf,https://zsksy.guizhou.gov.cn/zlxz/202603/t20260324_89900474.html,guizhou_2024_历史类_score_rank.pdf,pdf_table
2024,贵州,历史类,57,57,1,97662,98.32,97662,97662,贵州省招生考试院,https://zsksy.guizhou.gov.cn/zlxz/202603/P020240625688381616895.pdf,https://zsksy.guizhou.gov.cn/zlxz/202603/t20260324_89900474.html,guizhou_2024_历史类_score_rank.pdf,pdf_table
2024,贵州,历史类,55,55,1,97663,98.321,97663,97663,贵州省招生考试院,https://zsksy.guizhou.gov.cn/zlxz/202603/P020240625688381616895.pdf,https://zsksy.guizhou.gov.cn/zlxz/202603/t20260324_89900474.html,guizhou_2024_历史类_score_rank.pdf,pdf_table
2024,贵州,历史类,54,54,1,97664,98.322,97664,97664,贵州省招生考试院,https://zsksy.guizhou.gov.cn/zlxz/202603/P020240625688381616895.pdf,https://zsksy.guizhou.gov.cn/zlxz/202603/t20260324_89900474.html,guizhou_2024_历史类_score_rank.pdf,pdf_table
2024,贵州,历史类,48,48,2,97666,98.324,97665,97666,贵州省招生考试院,https://zsksy.guizhou.gov.cn/zlxz/202603/P020240625688381616895.pdf,https://zsksy.guizhou.gov.cn/zlxz/202603/t20260324_89900474.html,guizhou_2024_历史类_score_rank.pdf,pdf_table
2024,贵州,历史类,40,40,2,97668,98.326,97667,97668,贵州省招生考试院,https://zsksy.guizhou.gov.cn/zlxz/202603/P020240625688381616895.pdf,https://zsksy.guizhou.gov.cn/zlxz/202603/t20260324_89900474.html,guizhou_2024_历史类_score_rank.pdf,pdf_table
2024,贵州,历史类,38,38,1,97669,98.327,97669,97669,贵州省招生考试院,https://zsksy.guizhou.gov.cn/zlxz/202603/P020240625688381616895.pdf,https://zsksy.guizhou.gov.cn/zlxz/202603/t20260324_89900474.html,guizhou_2024_历史类_score_rank.pdf,pdf_table
2024,贵州,历史类,34,34,1,97670,98.328,97670,97670,贵州省招生考试院,https://zsksy.guizhou.gov.cn/zlxz/202603/P020240625688381616895.pdf,https://zsksy.guizhou.gov.cn/zlxz/202603/t20260324_89900474.html,guizhou_2024_历史类_score_rank.pdf,pdf_table
2024,贵州,历史类,33,33,1,97671,98.329,97671,97671,贵州省招生考试院,https://zsksy.guizhou.gov.cn/zlxz/202603/P020240625688381616895.pdf,https://zsksy.guizhou.gov.cn/zlxz/202603/t20260324_89900474.html,guizhou_2024_历史类_score_rank.pdf,pdf_table
2024,贵州,历史类,31,31,2,97673,98.331,97672,97673,贵州省招生考试院,https://zsksy.guizhou.gov.cn/zlxz/202603/P020240625688381616895.pdf,https://zsksy.guizhou.gov.cn/zlxz/202603/t20260324_89900474.html,guizhou_2024_历史类_score_rank.pdf,pdf_table
2024,贵州,历史类,30,30,7,97680,98.338,97674,97680,贵州省招生考试院,https://zsksy.guizhou.gov.cn/zlxz/202603/P020240625688381616895.pdf,https://zsksy.guizhou.gov.cn/zlxz/202603/t20260324_89900474.html,guizhou_2024_历史类_score_rank.pdf,pdf_table
2024,贵州,历史类,29,29,2,97682,98.34,97681,97682,贵州省招生考试院,https://zsksy.guizhou.gov.cn/zlxz/202603/P020240625688381616895.pdf,https://zsksy.guizhou.gov.cn/zlxz/202603/t20260324_89900474.html,guizhou_2024_历史类_score_rank.pdf,pdf_table
2024,贵州,历史类,28,28,4,97686,98.344,97683,97686,贵州省招生考试院,https://zsksy.guizhou.gov.cn/zlxz/202603/P020240625688381616895.pdf,https://zsksy.guizhou.gov.cn/zlxz/202603/t20260324_89900474.html,guizhou_2024_历史类_score_rank.pdf,pdf_table
2024,贵州,历史类,27,27,13,97699,98.357,97687,97699,贵州省招生考试院,https://zsksy.guizhou.gov.cn/zlxz/202603/P020240625688381616895.pdf,https://zsksy.guizhou.gov.cn/zlxz/202603/t20260324_89900474.html,guizhou_2024_历史类_score_rank.pdf,pdf_table
2024,贵州,历史类,26,26,6,97705,98.363,97700,97705,贵州省招生考试院,https://zsksy.guizhou.gov.cn/zlxz/202603/P020240625688381616895.pdf,https://zsksy.guizhou.gov.cn/zlxz/202603/t20260324_89900474.html,guizhou_2024_历史类_score_rank.pdf,pdf_table
2024,贵州,历史类,25,25,13,97718,98.376,97706,97718,贵州省招生考试院,https://zsksy.guizhou.gov.cn/zlxz/202603/P020240625688381616895.pdf,https://zsksy.guizhou.gov.cn/zlxz/202603/t20260324_89900474.html,guizhou_2024_历史类_score_rank.pdf,pdf_table
2024,贵州,历史类,24,24,19,97737,98.395,97719,97737,贵州省招生考试院,https://zsksy.guizhou.gov.cn/zlxz/202603/P020240625688381616895.pdf,https://zsksy.guizhou.gov.cn/zlxz/202603/t20260324_89900474.html,guizhou_2024_历史类_score_rank.pdf,pdf_table
2024,贵州,历史类,23,23,18,97755,98.413,97738,97755,贵州省招生考试院,https://zsksy.guizhou.gov.cn/zlxz/202603/P020240625688381616895.pdf,https://zsksy.guizhou.gov.cn/zlxz/202603/t20260324_89900474.html,guizhou_2024_历史类_score_rank.pdf,pdf_table
2024,贵州,历史类,22,22,25,97780,98.439,97756,97780,贵州省招生考试院,https://zsksy.guizhou.gov.cn/zlxz/202603/P020240625688381616895.pdf,https://zsksy.guizhou.gov.cn/zlxz/202603/t20260324_89900474.html,guizhou_2024_历史类_score_rank.pdf,pdf_table
2024,贵州,历史类,21,21,26,97806,98.465,97781,97806,贵州省招生考试院,https://zsksy.guizhou.gov.cn/zlxz/202603/P020240625688381616895.pdf,https://zsksy.guizhou.gov.cn/zlxz/202603/t20260324_89900474.html,guizhou_2024_历史类_score_rank.pdf,pdf_table
2024,贵州,历史类,20,20,45,97851,98.51,97807,97851,贵州省招生考试院,https://zsksy.guizhou.gov.cn/zlxz/202603/P020240625688381616895.pdf,https://zsksy.guizhou.gov.cn/zlxz/202603/t20260324_89900474.html,guizhou_2024_历史类_score_rank.pdf,pdf_table
2024,贵州,历史类,19,19,28,97879,98.538,97852,97879,贵州省招生考试院,https://zsksy.guizhou.gov.cn/zlxz/202603/P020240625688381616895.pdf,https://zsksy.guizhou.gov.cn/zlxz/202603/t20260324_89900474.html,guizhou_2024_历史类_score_rank.pdf,pdf_table
2024,贵州,历史类,18,18,32,97911,98.57,97880,97911,贵州省招生考试院,https://zsksy.guizhou.gov.cn/zlxz/202603/P020240625688381616895.pdf,https://zsksy.guizhou.gov.cn/zlxz/202603/t20260324_89900474.html,guizhou_2024_历史类_score_rank.pdf,pdf_table
2024,贵州,历史类,17,17,77,97988,98.648,97912,97988,贵州省招生考试院,https://zsksy.guizhou.gov.cn/zlxz/202603/P020240625688381616895.pdf,https://zsksy.guizhou.gov.cn/zlxz/202603/t20260324_89900474.html,guizhou_2024_历史类_score_rank.pdf,pdf_table
2024,贵州,历史类,16,16,13,98001,98.661,97989,98001,贵州省招生考试院,https://zsksy.guizhou.gov.cn/zlxz/202603/P020240625688381616895.pdf,https://zsksy.guizhou.gov.cn/zlxz/202603/t20260324_89900474.html,guizhou_2024_历史类_score_rank.pdf,pdf_table
2024,贵州,历史类,15,15,64,98065,98.725,98002,98065,贵州省招生考试院,https://zsksy.guizhou.gov.cn/zlxz/202603/P020240625688381616895.pdf,https://zsksy.guizhou.gov.cn/zlxz/202603/t20260324_89900474.html,guizhou_2024_历史类_score_rank.pdf,pdf_table
2024,贵州,历史类,14,14,82,98147,98.808,98066,98147,贵州省招生考试院,https://zsksy.guizhou.gov.cn/zlxz/202603/P020240625688381616895.pdf,https://zsksy.guizhou.gov.cn/zlxz/202603/t20260324_89900474.html,guizhou_2024_历史类_score_rank.pdf,pdf_table
2024,贵州,历史类,13,13,9,98156,98.817,98148,98156,贵州省招生考试院,https://zsksy.guizhou.gov.cn/zlxz/202603/P020240625688381616895.pdf,https://zsksy.guizhou.gov.cn/zlxz/202603/t20260324_89900474.html,guizhou_2024_历史类_score_rank.pdf,pdf_table
2024,贵州,历史类,12,12,74,98230,98.892,98157,98230,贵州省招生考试院,https://zsksy.guizhou.gov.cn/zlxz/202603/P020240625688381616895.pdf,https://zsksy.guizhou.gov.cn/zlxz/202603/t20260324_89900474.html,guizhou_2024_历史类_score_rank.pdf,pdf_table
2024,贵州,历史类,11,11,69,98299,98.961,98231,98299,贵州省招生考试院,https://zsksy.guizhou.gov.cn/zlxz/202603/P020240625688381616895.pdf,https://zsksy.guizhou.gov.cn/zlxz/202603/t20260324_89900474.html,guizhou_2024_历史类_score_rank.pdf,pdf_table
2024,贵州,历史类,10,10,1,98300,98.962,98300,98300,贵州省招生考试院,https://zsksy.guizhou.gov.cn/zlxz/202603/P020240625688381616895.pdf,https://zsksy.guizhou.gov.cn/zlxz/202603/t20260324_89900474.html,guizhou_2024_历史类_score_rank.pdf,pdf_table
2024,贵州,历史类,9,9,59,98359,99.021,98301,98359,贵州省招生考试院,https://zsksy.guizhou.gov.cn/zlxz/202603/P020240625688381616895.pdf,https://zsksy.guizhou.gov.cn/zlxz/202603/t20260324_89900474.html,guizhou_2024_历史类_score_rank.pdf,pdf_table
2024,贵州,历史类,8,8,32,98391,99.054,98360,98391,贵州省招生考试院,https://zsksy.guizhou.gov.cn/zlxz/202603/P020240625688381616895.pdf,https://zsksy.guizhou.gov.cn/zlxz/202603/t20260324_89900474.html,guizhou_2024_历史类_score_rank.pdf,pdf_table
2024,贵州,历史类,7,7,1,98392,99.055,98392,98392,贵州省招生考试院,https://zsksy.guizhou.gov.cn/zlxz/202603/P020240625688381616895.pdf,https://zsksy.guizhou.gov.cn/zlxz/202603/t20260324_89900474.html,guizhou_2024_历史类_score_rank.pdf,pdf_table
2024,贵州,历史类,6,6,14,98406,99.069,98393,98406,贵州省招生考试院,https://zsksy.guizhou.gov.cn/zlxz/202603/P020240625688381616895.pdf,https://zsksy.guizhou.gov.cn/zlxz/202603/t20260324_89900474.html,guizhou_2024_历史类_score_rank.pdf,pdf_table
2024,贵州,历史类,5,5,9,98415,99.078,98407,98415,贵州省招生考试院,https://zsksy.guizhou.gov.cn/zlxz/202603/P020240625688381616895.pdf,https://zsksy.guizhou.gov.cn/zlxz/202603/t20260324_89900474.html,guizhou_2024_历史类_score_rank.pdf,pdf_table
2024,贵州,历史类,3,3,2,98417,99.08,98416,98417,贵州省招生考试院,https://zsksy.guizhou.gov.cn/zlxz/202603/P020240625688381616895.pdf,https://zsksy.guizhou.gov.cn/zlxz/202603/t20260324_89900474.html,guizhou_2024_历史类_score_rank.pdf,pdf_table
2024,贵州,历史类,2,2,1,98418,99.081,98418,98418,贵州省招生考试院,https://zsksy.guizhou.gov.cn/zlxz/202603/P020240625688381616895.pdf,https://zsksy.guizhou.gov.cn/zlxz/202603/t20260324_89900474.html,guizhou_2024_历史类_score_rank.pdf,pdf_table
2024,贵州,历史类,0,0,913,99331,100,98419,99331,贵州省招生考试院,https://zsksy.guizhou.gov.cn/zlxz/202603/P020240625688381616895.pdf,https://zsksy.guizhou.gov.cn/zlxz/202603/t20260324_89900474.html,guizhou_2024_历史类_score_rank.pdf,pdf_table
