score,scoreLabel,segmentCount,cumulativeCount,sourcePageUrl,sourceUrl,sourceHash,sourceLevel
663,663分,7,37,https://www.sceea.cn/Html/202506/Newsdetail_4334.html,https://www.sceea.cn/Upload/image/20250625/20250625183923_5099.jpg,f39146ea5566dd3140d202e1dd738fcea6c30b6b16b067d69518ab0e9db00074,manual_verified
662,662分,3,40,https://www.sceea.cn/Html/202506/Newsdetail_4334.html,https://www.sceea.cn/Upload/image/20250625/20250625183923_5099.jpg,f39146ea5566dd3140d202e1dd738fcea6c30b6b16b067d69518ab0e9db00074,manual_verified
661,661分,4,44,https://www.sceea.cn/Html/202506/Newsdetail_4334.html,https://www.sceea.cn/Upload/image/20250625/20250625183923_5099.jpg,f39146ea5566dd3140d202e1dd738fcea6c30b6b16b067d69518ab0e9db00074,manual_verified
660,660分,12,56,https://www.sceea.cn/Html/202506/Newsdetail_4334.html,https://www.sceea.cn/Upload/image/20250625/20250625183923_5099.jpg,f39146ea5566dd3140d202e1dd738fcea6c30b6b16b067d69518ab0e9db00074,manual_verified
659,659分,8,64,https://www.sceea.cn/Html/202506/Newsdetail_4334.html,https://www.sceea.cn/Upload/image/20250625/20250625183923_5099.jpg,f39146ea5566dd3140d202e1dd738fcea6c30b6b16b067d69518ab0e9db00074,manual_verified
658,658分,12,76,https://www.sceea.cn/Html/202506/Newsdetail_4334.html,https://www.sceea.cn/Upload/image/20250625/20250625183923_5099.jpg,f39146ea5566dd3140d202e1dd738fcea6c30b6b16b067d69518ab0e9db00074,manual_verified
657,657分,6,82,https://www.sceea.cn/Html/202506/Newsdetail_4334.html,https://www.sceea.cn/Upload/image/20250625/20250625183923_5099.jpg,f39146ea5566dd3140d202e1dd738fcea6c30b6b16b067d69518ab0e9db00074,manual_verified
656,656分,10,92,https://www.sceea.cn/Html/202506/Newsdetail_4334.html,https://www.sceea.cn/Upload/image/20250625/20250625183923_5099.jpg,f39146ea5566dd3140d202e1dd738fcea6c30b6b16b067d69518ab0e9db00074,manual_verified
655,655分,13,105,https://www.sceea.cn/Html/202506/Newsdetail_4334.html,https://www.sceea.cn/Upload/image/20250625/20250625183923_5099.jpg,f39146ea5566dd3140d202e1dd738fcea6c30b6b16b067d69518ab0e9db00074,manual_verified
654,654分,13,118,https://www.sceea.cn/Html/202506/Newsdetail_4334.html,https://www.sceea.cn/Upload/image/20250625/20250625183923_5099.jpg,f39146ea5566dd3140d202e1dd738fcea6c30b6b16b067d69518ab0e9db00074,manual_verified
653,653分,18,136,https://www.sceea.cn/Html/202506/Newsdetail_4334.html,https://www.sceea.cn/Upload/image/20250625/20250625183923_5099.jpg,f39146ea5566dd3140d202e1dd738fcea6c30b6b16b067d69518ab0e9db00074,manual_verified
652,652分,18,154,https://www.sceea.cn/Html/202506/Newsdetail_4334.html,https://www.sceea.cn/Upload/image/20250625/20250625183923_5099.jpg,f39146ea5566dd3140d202e1dd738fcea6c30b6b16b067d69518ab0e9db00074,manual_verified
651,651分,13,167,https://www.sceea.cn/Html/202506/Newsdetail_4334.html,https://www.sceea.cn/Upload/image/20250625/20250625183923_5099.jpg,f39146ea5566dd3140d202e1dd738fcea6c30b6b16b067d69518ab0e9db00074,manual_verified
650,650分,20,187,https://www.sceea.cn/Html/202506/Newsdetail_4334.html,https://www.sceea.cn/Upload/image/20250625/20250625183923_5099.jpg,f39146ea5566dd3140d202e1dd738fcea6c30b6b16b067d69518ab0e9db00074,manual_verified
649,649分,27,214,https://www.sceea.cn/Html/202506/Newsdetail_4334.html,https://www.sceea.cn/Upload/image/20250625/20250625183923_5099.jpg,f39146ea5566dd3140d202e1dd738fcea6c30b6b16b067d69518ab0e9db00074,manual_verified
648,648分,26,240,https://www.sceea.cn/Html/202506/Newsdetail_4334.html,https://www.sceea.cn/Upload/image/20250625/20250625183923_5099.jpg,f39146ea5566dd3140d202e1dd738fcea6c30b6b16b067d69518ab0e9db00074,manual_verified
647,647分,22,262,https://www.sceea.cn/Html/202506/Newsdetail_4334.html,https://www.sceea.cn/Upload/image/20250625/20250625183923_5099.jpg,f39146ea5566dd3140d202e1dd738fcea6c30b6b16b067d69518ab0e9db00074,manual_verified
646,646分,30,292,https://www.sceea.cn/Html/202506/Newsdetail_4334.html,https://www.sceea.cn/Upload/image/20250625/20250625183923_5099.jpg,f39146ea5566dd3140d202e1dd738fcea6c30b6b16b067d69518ab0e9db00074,manual_verified
645,645分,24,316,https://www.sceea.cn/Html/202506/Newsdetail_4334.html,https://www.sceea.cn/Upload/image/20250625/20250625183923_5099.jpg,f39146ea5566dd3140d202e1dd738fcea6c30b6b16b067d69518ab0e9db00074,manual_verified
644,644分,31,347,https://www.sceea.cn/Html/202506/Newsdetail_4334.html,https://www.sceea.cn/Upload/image/20250625/20250625183923_5099.jpg,f39146ea5566dd3140d202e1dd738fcea6c30b6b16b067d69518ab0e9db00074,manual_verified
643,643分,37,384,https://www.sceea.cn/Html/202506/Newsdetail_4334.html,https://www.sceea.cn/Upload/image/20250625/20250625183923_5099.jpg,f39146ea5566dd3140d202e1dd738fcea6c30b6b16b067d69518ab0e9db00074,manual_verified
642,642分,31,415,https://www.sceea.cn/Html/202506/Newsdetail_4334.html,https://www.sceea.cn/Upload/image/20250625/20250625183923_5099.jpg,f39146ea5566dd3140d202e1dd738fcea6c30b6b16b067d69518ab0e9db00074,manual_verified
641,641分,37,452,https://www.sceea.cn/Html/202506/Newsdetail_4334.html,https://www.sceea.cn/Upload/image/20250625/20250625183923_5099.jpg,f39146ea5566dd3140d202e1dd738fcea6c30b6b16b067d69518ab0e9db00074,manual_verified
640,640分,46,498,https://www.sceea.cn/Html/202506/Newsdetail_4334.html,https://www.sceea.cn/Upload/image/20250625/20250625183923_5099.jpg,f39146ea5566dd3140d202e1dd738fcea6c30b6b16b067d69518ab0e9db00074,manual_verified
639,639分,40,538,https://www.sceea.cn/Html/202506/Newsdetail_4334.html,https://www.sceea.cn/Upload/image/20250625/20250625183923_5099.jpg,f39146ea5566dd3140d202e1dd738fcea6c30b6b16b067d69518ab0e9db00074,manual_verified
638,638分,42,580,https://www.sceea.cn/Html/202506/Newsdetail_4334.html,https://www.sceea.cn/Upload/image/20250625/20250625183923_5099.jpg,f39146ea5566dd3140d202e1dd738fcea6c30b6b16b067d69518ab0e9db00074,manual_verified
637,637分,33,613,https://www.sceea.cn/Html/202506/Newsdetail_4334.html,https://www.sceea.cn/Upload/image/20250625/20250625183923_5099.jpg,f39146ea5566dd3140d202e1dd738fcea6c30b6b16b067d69518ab0e9db00074,manual_verified
636,636分,51,664,https://www.sceea.cn/Html/202506/Newsdetail_4334.html,https://www.sceea.cn/Upload/image/20250625/20250625183923_5099.jpg,f39146ea5566dd3140d202e1dd738fcea6c30b6b16b067d69518ab0e9db00074,manual_verified
635,635分,59,723,https://www.sceea.cn/Html/202506/Newsdetail_4334.html,https://www.sceea.cn/Upload/image/20250625/20250625183923_6884.jpg,cf4f2fe1593f2963b1962e6bceacc92ecb17d469d7bb7a276dfbc31317860e53,manual_verified
634,634分,48,771,https://www.sceea.cn/Html/202506/Newsdetail_4334.html,https://www.sceea.cn/Upload/image/20250625/20250625183923_6884.jpg,cf4f2fe1593f2963b1962e6bceacc92ecb17d469d7bb7a276dfbc31317860e53,manual_verified
633,633分,57,828,https://www.sceea.cn/Html/202506/Newsdetail_4334.html,https://www.sceea.cn/Upload/image/20250625/20250625183923_6884.jpg,cf4f2fe1593f2963b1962e6bceacc92ecb17d469d7bb7a276dfbc31317860e53,manual_verified
632,632分,45,873,https://www.sceea.cn/Html/202506/Newsdetail_4334.html,https://www.sceea.cn/Upload/image/20250625/20250625183923_6884.jpg,cf4f2fe1593f2963b1962e6bceacc92ecb17d469d7bb7a276dfbc31317860e53,manual_verified
631,631分,69,942,https://www.sceea.cn/Html/202506/Newsdetail_4334.html,https://www.sceea.cn/Upload/image/20250625/20250625183923_6884.jpg,cf4f2fe1593f2963b1962e6bceacc92ecb17d469d7bb7a276dfbc31317860e53,manual_verified
630,630分,75,1017,https://www.sceea.cn/Html/202506/Newsdetail_4334.html,https://www.sceea.cn/Upload/image/20250625/20250625183923_6884.jpg,cf4f2fe1593f2963b1962e6bceacc92ecb17d469d7bb7a276dfbc31317860e53,manual_verified
629,629分,68,1085,https://www.sceea.cn/Html/202506/Newsdetail_4334.html,https://www.sceea.cn/Upload/image/20250625/20250625183923_6884.jpg,cf4f2fe1593f2963b1962e6bceacc92ecb17d469d7bb7a276dfbc31317860e53,manual_verified
628,628分,61,1146,https://www.sceea.cn/Html/202506/Newsdetail_4334.html,https://www.sceea.cn/Upload/image/20250625/20250625183923_6884.jpg,cf4f2fe1593f2963b1962e6bceacc92ecb17d469d7bb7a276dfbc31317860e53,manual_verified
627,627分,73,1219,https://www.sceea.cn/Html/202506/Newsdetail_4334.html,https://www.sceea.cn/Upload/image/20250625/20250625183923_6884.jpg,cf4f2fe1593f2963b1962e6bceacc92ecb17d469d7bb7a276dfbc31317860e53,manual_verified
626,626分,82,1301,https://www.sceea.cn/Html/202506/Newsdetail_4334.html,https://www.sceea.cn/Upload/image/20250625/20250625183923_6884.jpg,cf4f2fe1593f2963b1962e6bceacc92ecb17d469d7bb7a276dfbc31317860e53,manual_verified
625,625分,83,1384,https://www.sceea.cn/Html/202506/Newsdetail_4334.html,https://www.sceea.cn/Upload/image/20250625/20250625183923_6884.jpg,cf4f2fe1593f2963b1962e6bceacc92ecb17d469d7bb7a276dfbc31317860e53,manual_verified
624,624分,76,1460,https://www.sceea.cn/Html/202506/Newsdetail_4334.html,https://www.sceea.cn/Upload/image/20250625/20250625183923_6884.jpg,cf4f2fe1593f2963b1962e6bceacc92ecb17d469d7bb7a276dfbc31317860e53,manual_verified
623,623分,187,1647,https://www.sceea.cn/Html/202506/Newsdetail_4334.html,https://www.sceea.cn/Upload/image/20250625/20250625183923_6884.jpg,cf4f2fe1593f2963b1962e6bceacc92ecb17d469d7bb7a276dfbc31317860e53,manual_verified
622,622分,82,1729,https://www.sceea.cn/Html/202506/Newsdetail_4334.html,https://www.sceea.cn/Upload/image/20250625/20250625183923_6884.jpg,cf4f2fe1593f2963b1962e6bceacc92ecb17d469d7bb7a276dfbc31317860e53,manual_verified
621,621分,11,1740,https://www.sceea.cn/Html/202506/Newsdetail_4334.html,https://www.sceea.cn/Upload/image/20250625/20250625183923_6884.jpg,cf4f2fe1593f2963b1962e6bceacc92ecb17d469d7bb7a276dfbc31317860e53,manual_verified
620,620分,125,1865,https://www.sceea.cn/Html/202506/Newsdetail_4334.html,https://www.sceea.cn/Upload/image/20250625/20250625183923_6884.jpg,cf4f2fe1593f2963b1962e6bceacc92ecb17d469d7bb7a276dfbc31317860e53,manual_verified
619,619分,101,1966,https://www.sceea.cn/Html/202506/Newsdetail_4334.html,https://www.sceea.cn/Upload/image/20250625/20250625183923_6884.jpg,cf4f2fe1593f2963b1962e6bceacc92ecb17d469d7bb7a276dfbc31317860e53,manual_verified
618,618分,108,2074,https://www.sceea.cn/Html/202506/Newsdetail_4334.html,https://www.sceea.cn/Upload/image/20250625/20250625183923_6884.jpg,cf4f2fe1593f2963b1962e6bceacc92ecb17d469d7bb7a276dfbc31317860e53,manual_verified
617,617分,124,2198,https://www.sceea.cn/Html/202506/Newsdetail_4334.html,https://www.sceea.cn/Upload/image/20250625/20250625183923_6884.jpg,cf4f2fe1593f2963b1962e6bceacc92ecb17d469d7bb7a276dfbc31317860e53,manual_verified
616,616分,103,2301,https://www.sceea.cn/Html/202506/Newsdetail_4334.html,https://www.sceea.cn/Upload/image/20250625/20250625183923_6884.jpg,cf4f2fe1593f2963b1962e6bceacc92ecb17d469d7bb7a276dfbc31317860e53,manual_verified
615,615分,96,2397,https://www.sceea.cn/Html/202506/Newsdetail_4334.html,https://www.sceea.cn/Upload/image/20250625/20250625183923_6884.jpg,cf4f2fe1593f2963b1962e6bceacc92ecb17d469d7bb7a276dfbc31317860e53,manual_verified
614,614分,124,2521,https://www.sceea.cn/Html/202506/Newsdetail_4334.html,https://www.sceea.cn/Upload/image/20250625/20250625183923_6884.jpg,cf4f2fe1593f2963b1962e6bceacc92ecb17d469d7bb7a276dfbc31317860e53,manual_verified
613,613分,137,2658,https://www.sceea.cn/Html/202506/Newsdetail_4334.html,https://www.sceea.cn/Upload/image/20250625/20250625183923_6884.jpg,cf4f2fe1593f2963b1962e6bceacc92ecb17d469d7bb7a276dfbc31317860e53,manual_verified
612,612分,130,2788,https://www.sceea.cn/Html/202506/Newsdetail_4334.html,https://www.sceea.cn/Upload/image/20250625/20250625183923_6884.jpg,cf4f2fe1593f2963b1962e6bceacc92ecb17d469d7bb7a276dfbc31317860e53,manual_verified
611,611分,124,2912,https://www.sceea.cn/Html/202506/Newsdetail_4334.html,https://www.sceea.cn/Upload/image/20250625/20250625183923_6884.jpg,cf4f2fe1593f2963b1962e6bceacc92ecb17d469d7bb7a276dfbc31317860e53,manual_verified
610,610分,136,3048,https://www.sceea.cn/Html/202506/Newsdetail_4334.html,https://www.sceea.cn/Upload/image/20250625/20250625183923_6884.jpg,cf4f2fe1593f2963b1962e6bceacc92ecb17d469d7bb7a276dfbc31317860e53,manual_verified
609,609分,142,3190,https://www.sceea.cn/Html/202506/Newsdetail_4334.html,https://www.sceea.cn/Upload/image/20250625/20250625183923_6884.jpg,cf4f2fe1593f2963b1962e6bceacc92ecb17d469d7bb7a276dfbc31317860e53,manual_verified
608,608分,145,3335,https://www.sceea.cn/Html/202506/Newsdetail_4334.html,https://www.sceea.cn/Upload/image/20250625/20250625183923_6884.jpg,cf4f2fe1593f2963b1962e6bceacc92ecb17d469d7bb7a276dfbc31317860e53,manual_verified
607,607分,163,3498,https://www.sceea.cn/Html/202506/Newsdetail_4334.html,https://www.sceea.cn/Upload/image/20250625/20250625183923_6884.jpg,cf4f2fe1593f2963b1962e6bceacc92ecb17d469d7bb7a276dfbc31317860e53,manual_verified
606,606分,130,3628,https://www.sceea.cn/Html/202506/Newsdetail_4334.html,https://www.sceea.cn/Upload/image/20250625/20250625183923_8309.jpg,e7227c240e84b1ec23f250dfa053ab19c45f1a36894dec02eb5e3ad980b69c3d,manual_verified
605,605分,144,3772,https://www.sceea.cn/Html/202506/Newsdetail_4334.html,https://www.sceea.cn/Upload/image/20250625/20250625183923_8309.jpg,e7227c240e84b1ec23f250dfa053ab19c45f1a36894dec02eb5e3ad980b69c3d,manual_verified
604,604分,152,3924,https://www.sceea.cn/Html/202506/Newsdetail_4334.html,https://www.sceea.cn/Upload/image/20250625/20250625183923_8309.jpg,e7227c240e84b1ec23f250dfa053ab19c45f1a36894dec02eb5e3ad980b69c3d,manual_verified
603,603分,151,4075,https://www.sceea.cn/Html/202506/Newsdetail_4334.html,https://www.sceea.cn/Upload/image/20250625/20250625183923_8309.jpg,e7227c240e84b1ec23f250dfa053ab19c45f1a36894dec02eb5e3ad980b69c3d,manual_verified
602,602分,175,4250,https://www.sceea.cn/Html/202506/Newsdetail_4334.html,https://www.sceea.cn/Upload/image/20250625/20250625183923_8309.jpg,e7227c240e84b1ec23f250dfa053ab19c45f1a36894dec02eb5e3ad980b69c3d,manual_verified
601,601分,158,4408,https://www.sceea.cn/Html/202506/Newsdetail_4334.html,https://www.sceea.cn/Upload/image/20250625/20250625183923_8309.jpg,e7227c240e84b1ec23f250dfa053ab19c45f1a36894dec02eb5e3ad980b69c3d,manual_verified
600,600分,176,4584,https://www.sceea.cn/Html/202506/Newsdetail_4334.html,https://www.sceea.cn/Upload/image/20250625/20250625183923_8309.jpg,e7227c240e84b1ec23f250dfa053ab19c45f1a36894dec02eb5e3ad980b69c3d,manual_verified
599,599分,181,4765,https://www.sceea.cn/Html/202506/Newsdetail_4334.html,https://www.sceea.cn/Upload/image/20250625/20250625183923_8309.jpg,e7227c240e84b1ec23f250dfa053ab19c45f1a36894dec02eb5e3ad980b69c3d,manual_verified
598,598分,191,4956,https://www.sceea.cn/Html/202506/Newsdetail_4334.html,https://www.sceea.cn/Upload/image/20250625/20250625183923_8309.jpg,e7227c240e84b1ec23f250dfa053ab19c45f1a36894dec02eb5e3ad980b69c3d,manual_verified
597,597分,192,5148,https://www.sceea.cn/Html/202506/Newsdetail_4334.html,https://www.sceea.cn/Upload/image/20250625/20250625183923_8309.jpg,e7227c240e84b1ec23f250dfa053ab19c45f1a36894dec02eb5e3ad980b69c3d,manual_verified
596,596分,207,5355,https://www.sceea.cn/Html/202506/Newsdetail_4334.html,https://www.sceea.cn/Upload/image/20250625/20250625183923_8309.jpg,e7227c240e84b1ec23f250dfa053ab19c45f1a36894dec02eb5e3ad980b69c3d,manual_verified
595,595分,190,5545,https://www.sceea.cn/Html/202506/Newsdetail_4334.html,https://www.sceea.cn/Upload/image/20250625/20250625183923_8309.jpg,e7227c240e84b1ec23f250dfa053ab19c45f1a36894dec02eb5e3ad980b69c3d,manual_verified
594,594分,190,5735,https://www.sceea.cn/Html/202506/Newsdetail_4334.html,https://www.sceea.cn/Upload/image/20250625/20250625183923_8309.jpg,e7227c240e84b1ec23f250dfa053ab19c45f1a36894dec02eb5e3ad980b69c3d,manual_verified
593,593分,190,5925,https://www.sceea.cn/Html/202506/Newsdetail_4334.html,https://www.sceea.cn/Upload/image/20250625/20250625183923_8309.jpg,e7227c240e84b1ec23f250dfa053ab19c45f1a36894dec02eb5e3ad980b69c3d,manual_verified
592,592分,217,6142,https://www.sceea.cn/Html/202506/Newsdetail_4334.html,https://www.sceea.cn/Upload/image/20250625/20250625183923_8309.jpg,e7227c240e84b1ec23f250dfa053ab19c45f1a36894dec02eb5e3ad980b69c3d,manual_verified
591,591分,223,6365,https://www.sceea.cn/Html/202506/Newsdetail_4334.html,https://www.sceea.cn/Upload/image/20250625/20250625183923_8309.jpg,e7227c240e84b1ec23f250dfa053ab19c45f1a36894dec02eb5e3ad980b69c3d,manual_verified
590,590分,226,6591,https://www.sceea.cn/Html/202506/Newsdetail_4334.html,https://www.sceea.cn/Upload/image/20250625/20250625183923_8309.jpg,e7227c240e84b1ec23f250dfa053ab19c45f1a36894dec02eb5e3ad980b69c3d,manual_verified
589,589分,239,6830,https://www.sceea.cn/Html/202506/Newsdetail_4334.html,https://www.sceea.cn/Upload/image/20250625/20250625183923_8309.jpg,e7227c240e84b1ec23f250dfa053ab19c45f1a36894dec02eb5e3ad980b69c3d,manual_verified
588,588分,268,7098,https://www.sceea.cn/Html/202506/Newsdetail_4334.html,https://www.sceea.cn/Upload/image/20250625/20250625183923_8309.jpg,e7227c240e84b1ec23f250dfa053ab19c45f1a36894dec02eb5e3ad980b69c3d,manual_verified
587,587分,214,7312,https://www.sceea.cn/Html/202506/Newsdetail_4334.html,https://www.sceea.cn/Upload/image/20250625/20250625183923_8309.jpg,e7227c240e84b1ec23f250dfa053ab19c45f1a36894dec02eb5e3ad980b69c3d,manual_verified
586,586分,244,7556,https://www.sceea.cn/Html/202506/Newsdetail_4334.html,https://www.sceea.cn/Upload/image/20250625/20250625183923_8309.jpg,e7227c240e84b1ec23f250dfa053ab19c45f1a36894dec02eb5e3ad980b69c3d,manual_verified
585,585分,272,7828,https://www.sceea.cn/Html/202506/Newsdetail_4334.html,https://www.sceea.cn/Upload/image/20250625/20250625183923_8309.jpg,e7227c240e84b1ec23f250dfa053ab19c45f1a36894dec02eb5e3ad980b69c3d,manual_verified
584,584分,245,8073,https://www.sceea.cn/Html/202506/Newsdetail_4334.html,https://www.sceea.cn/Upload/image/20250625/20250625183923_8309.jpg,e7227c240e84b1ec23f250dfa053ab19c45f1a36894dec02eb5e3ad980b69c3d,manual_verified
583,583分,259,8332,https://www.sceea.cn/Html/202506/Newsdetail_4334.html,https://www.sceea.cn/Upload/image/20250625/20250625183923_8309.jpg,e7227c240e84b1ec23f250dfa053ab19c45f1a36894dec02eb5e3ad980b69c3d,manual_verified
582,582分,271,8603,https://www.sceea.cn/Html/202506/Newsdetail_4334.html,https://www.sceea.cn/Upload/image/20250625/20250625183923_8309.jpg,e7227c240e84b1ec23f250dfa053ab19c45f1a36894dec02eb5e3ad980b69c3d,manual_verified
581,581分,271,8874,https://www.sceea.cn/Html/202506/Newsdetail_4334.html,https://www.sceea.cn/Upload/image/20250625/20250625183923_8309.jpg,e7227c240e84b1ec23f250dfa053ab19c45f1a36894dec02eb5e3ad980b69c3d,manual_verified
580,580分,276,9150,https://www.sceea.cn/Html/202506/Newsdetail_4334.html,https://www.sceea.cn/Upload/image/20250625/20250625183923_8309.jpg,e7227c240e84b1ec23f250dfa053ab19c45f1a36894dec02eb5e3ad980b69c3d,manual_verified
579,579分,270,9420,https://www.sceea.cn/Html/202506/Newsdetail_4334.html,https://www.sceea.cn/Upload/image/20250625/20250625183923_8309.jpg,e7227c240e84b1ec23f250dfa053ab19c45f1a36894dec02eb5e3ad980b69c3d,manual_verified
578,578分,273,9693,https://www.sceea.cn/Html/202506/Newsdetail_4334.html,https://www.sceea.cn/Upload/image/20250625/20250625183923_8309.jpg,e7227c240e84b1ec23f250dfa053ab19c45f1a36894dec02eb5e3ad980b69c3d,manual_verified
577,577分,315,10008,https://www.sceea.cn/Html/202506/Newsdetail_4334.html,https://www.sceea.cn/Upload/image/20250625/20250625183923_9726.jpg,b7fbb529f75705022517214d8ae10d994080fbef53567fda3816877ffa5c3aee,manual_verified
576,576分,288,10296,https://www.sceea.cn/Html/202506/Newsdetail_4334.html,https://www.sceea.cn/Upload/image/20250625/20250625183923_9726.jpg,b7fbb529f75705022517214d8ae10d994080fbef53567fda3816877ffa5c3aee,manual_verified
575,575分,300,10596,https://www.sceea.cn/Html/202506/Newsdetail_4334.html,https://www.sceea.cn/Upload/image/20250625/20250625183923_9726.jpg,b7fbb529f75705022517214d8ae10d994080fbef53567fda3816877ffa5c3aee,manual_verified
574,574分,284,10880,https://www.sceea.cn/Html/202506/Newsdetail_4334.html,https://www.sceea.cn/Upload/image/20250625/20250625183923_9726.jpg,b7fbb529f75705022517214d8ae10d994080fbef53567fda3816877ffa5c3aee,manual_verified
573,573分,300,11180,https://www.sceea.cn/Html/202506/Newsdetail_4334.html,https://www.sceea.cn/Upload/image/20250625/20250625183923_9726.jpg,b7fbb529f75705022517214d8ae10d994080fbef53567fda3816877ffa5c3aee,manual_verified
572,572分,316,11496,https://www.sceea.cn/Html/202506/Newsdetail_4334.html,https://www.sceea.cn/Upload/image/20250625/20250625183923_9726.jpg,b7fbb529f75705022517214d8ae10d994080fbef53567fda3816877ffa5c3aee,manual_verified
571,571分,323,11819,https://www.sceea.cn/Html/202506/Newsdetail_4334.html,https://www.sceea.cn/Upload/image/20250625/20250625183923_9726.jpg,b7fbb529f75705022517214d8ae10d994080fbef53567fda3816877ffa5c3aee,manual_verified
570,570分,328,12147,https://www.sceea.cn/Html/202506/Newsdetail_4334.html,https://www.sceea.cn/Upload/image/20250625/20250625183923_9726.jpg,b7fbb529f75705022517214d8ae10d994080fbef53567fda3816877ffa5c3aee,manual_verified
569,569分,373,12520,https://www.sceea.cn/Html/202506/Newsdetail_4334.html,https://www.sceea.cn/Upload/image/20250625/20250625183923_9726.jpg,b7fbb529f75705022517214d8ae10d994080fbef53567fda3816877ffa5c3aee,manual_verified
568,568分,380,12900,https://www.sceea.cn/Html/202506/Newsdetail_4334.html,https://www.sceea.cn/Upload/image/20250625/20250625183923_9726.jpg,b7fbb529f75705022517214d8ae10d994080fbef53567fda3816877ffa5c3aee,manual_verified
567,567分,338,13238,https://www.sceea.cn/Html/202506/Newsdetail_4334.html,https://www.sceea.cn/Upload/image/20250625/20250625183923_9726.jpg,b7fbb529f75705022517214d8ae10d994080fbef53567fda3816877ffa5c3aee,manual_verified
566,566分,344,13582,https://www.sceea.cn/Html/202506/Newsdetail_4334.html,https://www.sceea.cn/Upload/image/20250625/20250625183923_9726.jpg,b7fbb529f75705022517214d8ae10d994080fbef53567fda3816877ffa5c3aee,manual_verified
565,565分,378,13960,https://www.sceea.cn/Html/202506/Newsdetail_4334.html,https://www.sceea.cn/Upload/image/20250625/20250625183923_9726.jpg,b7fbb529f75705022517214d8ae10d994080fbef53567fda3816877ffa5c3aee,manual_verified
564,564分,368,14328,https://www.sceea.cn/Html/202506/Newsdetail_4334.html,https://www.sceea.cn/Upload/image/20250625/20250625183923_9726.jpg,b7fbb529f75705022517214d8ae10d994080fbef53567fda3816877ffa5c3aee,manual_verified
563,563分,378,14706,https://www.sceea.cn/Html/202506/Newsdetail_4334.html,https://www.sceea.cn/Upload/image/20250625/20250625183923_9726.jpg,b7fbb529f75705022517214d8ae10d994080fbef53567fda3816877ffa5c3aee,manual_verified
562,562分,413,15119,https://www.sceea.cn/Html/202506/Newsdetail_4334.html,https://www.sceea.cn/Upload/image/20250625/20250625183923_9726.jpg,b7fbb529f75705022517214d8ae10d994080fbef53567fda3816877ffa5c3aee,manual_verified
561,561分,380,15499,https://www.sceea.cn/Html/202506/Newsdetail_4334.html,https://www.sceea.cn/Upload/image/20250625/20250625183923_9726.jpg,b7fbb529f75705022517214d8ae10d994080fbef53567fda3816877ffa5c3aee,manual_verified
560,560分,403,15902,https://www.sceea.cn/Html/202506/Newsdetail_4334.html,https://www.sceea.cn/Upload/image/20250625/20250625183923_9726.jpg,b7fbb529f75705022517214d8ae10d994080fbef53567fda3816877ffa5c3aee,manual_verified
559,559分,377,16279,https://www.sceea.cn/Html/202506/Newsdetail_4334.html,https://www.sceea.cn/Upload/image/20250625/20250625183923_9726.jpg,b7fbb529f75705022517214d8ae10d994080fbef53567fda3816877ffa5c3aee,manual_verified
558,558分,439,16718,https://www.sceea.cn/Html/202506/Newsdetail_4334.html,https://www.sceea.cn/Upload/image/20250625/20250625183923_9726.jpg,b7fbb529f75705022517214d8ae10d994080fbef53567fda3816877ffa5c3aee,manual_verified
557,557分,424,17142,https://www.sceea.cn/Html/202506/Newsdetail_4334.html,https://www.sceea.cn/Upload/image/20250625/20250625183923_9726.jpg,b7fbb529f75705022517214d8ae10d994080fbef53567fda3816877ffa5c3aee,manual_verified
556,556分,414,17556,https://www.sceea.cn/Html/202506/Newsdetail_4334.html,https://www.sceea.cn/Upload/image/20250625/20250625183923_9726.jpg,b7fbb529f75705022517214d8ae10d994080fbef53567fda3816877ffa5c3aee,manual_verified
555,555分,411,17967,https://www.sceea.cn/Html/202506/Newsdetail_4334.html,https://www.sceea.cn/Upload/image/20250625/20250625183923_9726.jpg,b7fbb529f75705022517214d8ae10d994080fbef53567fda3816877ffa5c3aee,manual_verified
554,554分,408,18375,https://www.sceea.cn/Html/202506/Newsdetail_4334.html,https://www.sceea.cn/Upload/image/20250625/20250625183923_9726.jpg,b7fbb529f75705022517214d8ae10d994080fbef53567fda3816877ffa5c3aee,manual_verified
553,553分,422,18797,https://www.sceea.cn/Html/202506/Newsdetail_4334.html,https://www.sceea.cn/Upload/image/20250625/20250625183923_9726.jpg,b7fbb529f75705022517214d8ae10d994080fbef53567fda3816877ffa5c3aee,manual_verified
552,552分,479,19276,https://www.sceea.cn/Html/202506/Newsdetail_4334.html,https://www.sceea.cn/Upload/image/20250625/20250625183923_9726.jpg,b7fbb529f75705022517214d8ae10d994080fbef53567fda3816877ffa5c3aee,manual_verified
551,551分,409,19685,https://www.sceea.cn/Html/202506/Newsdetail_4334.html,https://www.sceea.cn/Upload/image/20250625/20250625183923_9726.jpg,b7fbb529f75705022517214d8ae10d994080fbef53567fda3816877ffa5c3aee,manual_verified
550,550分,411,20096,https://www.sceea.cn/Html/202506/Newsdetail_4334.html,https://www.sceea.cn/Upload/image/20250625/20250625183923_9726.jpg,b7fbb529f75705022517214d8ae10d994080fbef53567fda3816877ffa5c3aee,manual_verified
549,549分,430,20526,https://www.sceea.cn/Html/202506/Newsdetail_4334.html,https://www.sceea.cn/Upload/image/20250625/20250625183923_9726.jpg,b7fbb529f75705022517214d8ae10d994080fbef53567fda3816877ffa5c3aee,manual_verified
548,548分,441,20967,https://www.sceea.cn/Html/202506/Newsdetail_4334.html,https://www.sceea.cn/Upload/image/20250625/20250625183924_1441.jpg,22e0418ee3874129091adf0ffe18292c78eadf183fd2f5ba7300a9f11fc3a023,manual_verified
547,547分,445,21412,https://www.sceea.cn/Html/202506/Newsdetail_4334.html,https://www.sceea.cn/Upload/image/20250625/20250625183924_1441.jpg,22e0418ee3874129091adf0ffe18292c78eadf183fd2f5ba7300a9f11fc3a023,manual_verified
546,546分,468,21880,https://www.sceea.cn/Html/202506/Newsdetail_4334.html,https://www.sceea.cn/Upload/image/20250625/20250625183924_1441.jpg,22e0418ee3874129091adf0ffe18292c78eadf183fd2f5ba7300a9f11fc3a023,manual_verified
545,545分,496,22376,https://www.sceea.cn/Html/202506/Newsdetail_4334.html,https://www.sceea.cn/Upload/image/20250625/20250625183924_1441.jpg,22e0418ee3874129091adf0ffe18292c78eadf183fd2f5ba7300a9f11fc3a023,manual_verified
544,544分,462,22838,https://www.sceea.cn/Html/202506/Newsdetail_4334.html,https://www.sceea.cn/Upload/image/20250625/20250625183924_1441.jpg,22e0418ee3874129091adf0ffe18292c78eadf183fd2f5ba7300a9f11fc3a023,manual_verified
543,543分,464,23302,https://www.sceea.cn/Html/202506/Newsdetail_4334.html,https://www.sceea.cn/Upload/image/20250625/20250625183924_1441.jpg,22e0418ee3874129091adf0ffe18292c78eadf183fd2f5ba7300a9f11fc3a023,manual_verified
542,542分,448,23750,https://www.sceea.cn/Html/202506/Newsdetail_4334.html,https://www.sceea.cn/Upload/image/20250625/20250625183924_1441.jpg,22e0418ee3874129091adf0ffe18292c78eadf183fd2f5ba7300a9f11fc3a023,manual_verified
541,541分,486,24236,https://www.sceea.cn/Html/202506/Newsdetail_4334.html,https://www.sceea.cn/Upload/image/20250625/20250625183924_1441.jpg,22e0418ee3874129091adf0ffe18292c78eadf183fd2f5ba7300a9f11fc3a023,manual_verified
540,540分,495,24731,https://www.sceea.cn/Html/202506/Newsdetail_4334.html,https://www.sceea.cn/Upload/image/20250625/20250625183924_1441.jpg,22e0418ee3874129091adf0ffe18292c78eadf183fd2f5ba7300a9f11fc3a023,manual_verified
539,539分,475,25206,https://www.sceea.cn/Html/202506/Newsdetail_4334.html,https://www.sceea.cn/Upload/image/20250625/20250625183924_1441.jpg,22e0418ee3874129091adf0ffe18292c78eadf183fd2f5ba7300a9f11fc3a023,manual_verified
538,538分,503,25709,https://www.sceea.cn/Html/202506/Newsdetail_4334.html,https://www.sceea.cn/Upload/image/20250625/20250625183924_1441.jpg,22e0418ee3874129091adf0ffe18292c78eadf183fd2f5ba7300a9f11fc3a023,manual_verified
537,537分,509,26218,https://www.sceea.cn/Html/202506/Newsdetail_4334.html,https://www.sceea.cn/Upload/image/20250625/20250625183924_1441.jpg,22e0418ee3874129091adf0ffe18292c78eadf183fd2f5ba7300a9f11fc3a023,manual_verified
536,536分,509,26727,https://www.sceea.cn/Html/202506/Newsdetail_4334.html,https://www.sceea.cn/Upload/image/20250625/20250625183924_1441.jpg,22e0418ee3874129091adf0ffe18292c78eadf183fd2f5ba7300a9f11fc3a023,manual_verified
535,535分,541,27268,https://www.sceea.cn/Html/202506/Newsdetail_4334.html,https://www.sceea.cn/Upload/image/20250625/20250625183924_1441.jpg,22e0418ee3874129091adf0ffe18292c78eadf183fd2f5ba7300a9f11fc3a023,manual_verified
534,534分,561,27829,https://www.sceea.cn/Html/202506/Newsdetail_4334.html,https://www.sceea.cn/Upload/image/20250625/20250625183924_1441.jpg,22e0418ee3874129091adf0ffe18292c78eadf183fd2f5ba7300a9f11fc3a023,manual_verified
533,533分,510,28339,https://www.sceea.cn/Html/202506/Newsdetail_4334.html,https://www.sceea.cn/Upload/image/20250625/20250625183924_1441.jpg,22e0418ee3874129091adf0ffe18292c78eadf183fd2f5ba7300a9f11fc3a023,manual_verified
532,532分,499,28838,https://www.sceea.cn/Html/202506/Newsdetail_4334.html,https://www.sceea.cn/Upload/image/20250625/20250625183924_1441.jpg,22e0418ee3874129091adf0ffe18292c78eadf183fd2f5ba7300a9f11fc3a023,manual_verified
531,531分,531,29369,https://www.sceea.cn/Html/202506/Newsdetail_4334.html,https://www.sceea.cn/Upload/image/20250625/20250625183924_1441.jpg,22e0418ee3874129091adf0ffe18292c78eadf183fd2f5ba7300a9f11fc3a023,manual_verified
530,530分,502,29871,https://www.sceea.cn/Html/202506/Newsdetail_4334.html,https://www.sceea.cn/Upload/image/20250625/20250625183924_1441.jpg,22e0418ee3874129091adf0ffe18292c78eadf183fd2f5ba7300a9f11fc3a023,manual_verified
529,529分,582,30453,https://www.sceea.cn/Html/202506/Newsdetail_4334.html,https://www.sceea.cn/Upload/image/20250625/20250625183924_1441.jpg,22e0418ee3874129091adf0ffe18292c78eadf183fd2f5ba7300a9f11fc3a023,manual_verified
528,528分,562,31015,https://www.sceea.cn/Html/202506/Newsdetail_4334.html,https://www.sceea.cn/Upload/image/20250625/20250625183924_1441.jpg,22e0418ee3874129091adf0ffe18292c78eadf183fd2f5ba7300a9f11fc3a023,manual_verified
527,527分,558,31573,https://www.sceea.cn/Html/202506/Newsdetail_4334.html,https://www.sceea.cn/Upload/image/20250625/20250625183924_1441.jpg,22e0418ee3874129091adf0ffe18292c78eadf183fd2f5ba7300a9f11fc3a023,manual_verified
526,526分,543,32116,https://www.sceea.cn/Html/202506/Newsdetail_4334.html,https://www.sceea.cn/Upload/image/20250625/20250625183924_1441.jpg,22e0418ee3874129091adf0ffe18292c78eadf183fd2f5ba7300a9f11fc3a023,manual_verified
525,525分,582,32698,https://www.sceea.cn/Html/202506/Newsdetail_4334.html,https://www.sceea.cn/Upload/image/20250625/20250625183924_1441.jpg,22e0418ee3874129091adf0ffe18292c78eadf183fd2f5ba7300a9f11fc3a023,manual_verified
524,524分,566,33264,https://www.sceea.cn/Html/202506/Newsdetail_4334.html,https://www.sceea.cn/Upload/image/20250625/20250625183924_1441.jpg,22e0418ee3874129091adf0ffe18292c78eadf183fd2f5ba7300a9f11fc3a023,manual_verified
523,523分,627,33891,https://www.sceea.cn/Html/202506/Newsdetail_4334.html,https://www.sceea.cn/Upload/image/20250625/20250625183924_1441.jpg,22e0418ee3874129091adf0ffe18292c78eadf183fd2f5ba7300a9f11fc3a023,manual_verified
522,522分,566,34457,https://www.sceea.cn/Html/202506/Newsdetail_4334.html,https://www.sceea.cn/Upload/image/20250625/20250625183924_1441.jpg,22e0418ee3874129091adf0ffe18292c78eadf183fd2f5ba7300a9f11fc3a023,manual_verified
521,521分,560,35017,https://www.sceea.cn/Html/202506/Newsdetail_4334.html,https://www.sceea.cn/Upload/image/20250625/20250625183924_1441.jpg,22e0418ee3874129091adf0ffe18292c78eadf183fd2f5ba7300a9f11fc3a023,manual_verified
520,520分,635,35652,https://www.sceea.cn/Html/202506/Newsdetail_4334.html,https://www.sceea.cn/Upload/image/20250625/20250625183924_1441.jpg,22e0418ee3874129091adf0ffe18292c78eadf183fd2f5ba7300a9f11fc3a023,manual_verified
519,519分,569,36221,https://www.sceea.cn/Html/202506/Newsdetail_4334.html,https://www.sceea.cn/Upload/image/20250625/20250625183924_3319.jpg,aa3230baf07c27bfe8d2c4041e2b0a15f589eed5f06a01b1e100cf8b754785d6,manual_verified
518,518分,571,36792,https://www.sceea.cn/Html/202506/Newsdetail_4334.html,https://www.sceea.cn/Upload/image/20250625/20250625183924_3319.jpg,aa3230baf07c27bfe8d2c4041e2b0a15f589eed5f06a01b1e100cf8b754785d6,manual_verified
517,517分,613,37405,https://www.sceea.cn/Html/202506/Newsdetail_4334.html,https://www.sceea.cn/Upload/image/20250625/20250625183924_3319.jpg,aa3230baf07c27bfe8d2c4041e2b0a15f589eed5f06a01b1e100cf8b754785d6,manual_verified
516,516分,594,37999,https://www.sceea.cn/Html/202506/Newsdetail_4334.html,https://www.sceea.cn/Upload/image/20250625/20250625183924_3319.jpg,aa3230baf07c27bfe8d2c4041e2b0a15f589eed5f06a01b1e100cf8b754785d6,manual_verified
515,515分,598,38597,https://www.sceea.cn/Html/202506/Newsdetail_4334.html,https://www.sceea.cn/Upload/image/20250625/20250625183924_3319.jpg,aa3230baf07c27bfe8d2c4041e2b0a15f589eed5f06a01b1e100cf8b754785d6,manual_verified
514,514分,601,39198,https://www.sceea.cn/Html/202506/Newsdetail_4334.html,https://www.sceea.cn/Upload/image/20250625/20250625183924_3319.jpg,aa3230baf07c27bfe8d2c4041e2b0a15f589eed5f06a01b1e100cf8b754785d6,manual_verified
513,513分,593,39791,https://www.sceea.cn/Html/202506/Newsdetail_4334.html,https://www.sceea.cn/Upload/image/20250625/20250625183924_3319.jpg,aa3230baf07c27bfe8d2c4041e2b0a15f589eed5f06a01b1e100cf8b754785d6,manual_verified
512,512分,597,40388,https://www.sceea.cn/Html/202506/Newsdetail_4334.html,https://www.sceea.cn/Upload/image/20250625/20250625183924_3319.jpg,aa3230baf07c27bfe8d2c4041e2b0a15f589eed5f06a01b1e100cf8b754785d6,manual_verified
511,511分,567,40955,https://www.sceea.cn/Html/202506/Newsdetail_4334.html,https://www.sceea.cn/Upload/image/20250625/20250625183924_3319.jpg,aa3230baf07c27bfe8d2c4041e2b0a15f589eed5f06a01b1e100cf8b754785d6,manual_verified
510,510分,584,41539,https://www.sceea.cn/Html/202506/Newsdetail_4334.html,https://www.sceea.cn/Upload/image/20250625/20250625183924_3319.jpg,aa3230baf07c27bfe8d2c4041e2b0a15f589eed5f06a01b1e100cf8b754785d6,manual_verified
509,509分,616,42155,https://www.sceea.cn/Html/202506/Newsdetail_4334.html,https://www.sceea.cn/Upload/image/20250625/20250625183924_3319.jpg,aa3230baf07c27bfe8d2c4041e2b0a15f589eed5f06a01b1e100cf8b754785d6,manual_verified
508,508分,611,42766,https://www.sceea.cn/Html/202506/Newsdetail_4334.html,https://www.sceea.cn/Upload/image/20250625/20250625183924_3319.jpg,aa3230baf07c27bfe8d2c4041e2b0a15f589eed5f06a01b1e100cf8b754785d6,manual_verified
507,507分,673,43439,https://www.sceea.cn/Html/202506/Newsdetail_4334.html,https://www.sceea.cn/Upload/image/20250625/20250625183924_3319.jpg,aa3230baf07c27bfe8d2c4041e2b0a15f589eed5f06a01b1e100cf8b754785d6,manual_verified
506,506分,655,44094,https://www.sceea.cn/Html/202506/Newsdetail_4334.html,https://www.sceea.cn/Upload/image/20250625/20250625183924_3319.jpg,aa3230baf07c27bfe8d2c4041e2b0a15f589eed5f06a01b1e100cf8b754785d6,manual_verified
505,505分,637,44731,https://www.sceea.cn/Html/202506/Newsdetail_4334.html,https://www.sceea.cn/Upload/image/20250625/20250625183924_3319.jpg,aa3230baf07c27bfe8d2c4041e2b0a15f589eed5f06a01b1e100cf8b754785d6,manual_verified
504,504分,605,45336,https://www.sceea.cn/Html/202506/Newsdetail_4334.html,https://www.sceea.cn/Upload/image/20250625/20250625183924_3319.jpg,aa3230baf07c27bfe8d2c4041e2b0a15f589eed5f06a01b1e100cf8b754785d6,manual_verified
503,503分,626,45962,https://www.sceea.cn/Html/202506/Newsdetail_4334.html,https://www.sceea.cn/Upload/image/20250625/20250625183924_3319.jpg,aa3230baf07c27bfe8d2c4041e2b0a15f589eed5f06a01b1e100cf8b754785d6,manual_verified
502,502分,644,46606,https://www.sceea.cn/Html/202506/Newsdetail_4334.html,https://www.sceea.cn/Upload/image/20250625/20250625183924_3319.jpg,aa3230baf07c27bfe8d2c4041e2b0a15f589eed5f06a01b1e100cf8b754785d6,manual_verified
501,501分,680,47286,https://www.sceea.cn/Html/202506/Newsdetail_4334.html,https://www.sceea.cn/Upload/image/20250625/20250625183924_3319.jpg,aa3230baf07c27bfe8d2c4041e2b0a15f589eed5f06a01b1e100cf8b754785d6,manual_verified
500,500分,620,47906,https://www.sceea.cn/Html/202506/Newsdetail_4334.html,https://www.sceea.cn/Upload/image/20250625/20250625183924_3319.jpg,aa3230baf07c27bfe8d2c4041e2b0a15f589eed5f06a01b1e100cf8b754785d6,manual_verified
499,499分,684,48590,https://www.sceea.cn/Html/202506/Newsdetail_4334.html,https://www.sceea.cn/Upload/image/20250625/20250625183924_3319.jpg,aa3230baf07c27bfe8d2c4041e2b0a15f589eed5f06a01b1e100cf8b754785d6,manual_verified
498,498分,697,49287,https://www.sceea.cn/Html/202506/Newsdetail_4334.html,https://www.sceea.cn/Upload/image/20250625/20250625183924_3319.jpg,aa3230baf07c27bfe8d2c4041e2b0a15f589eed5f06a01b1e100cf8b754785d6,manual_verified
497,497分,678,49965,https://www.sceea.cn/Html/202506/Newsdetail_4334.html,https://www.sceea.cn/Upload/image/20250625/20250625183924_3319.jpg,aa3230baf07c27bfe8d2c4041e2b0a15f589eed5f06a01b1e100cf8b754785d6,manual_verified
496,496分,686,50651,https://www.sceea.cn/Html/202506/Newsdetail_4334.html,https://www.sceea.cn/Upload/image/20250625/20250625183924_3319.jpg,aa3230baf07c27bfe8d2c4041e2b0a15f589eed5f06a01b1e100cf8b754785d6,manual_verified
495,495分,647,51298,https://www.sceea.cn/Html/202506/Newsdetail_4334.html,https://www.sceea.cn/Upload/image/20250625/20250625183924_3319.jpg,aa3230baf07c27bfe8d2c4041e2b0a15f589eed5f06a01b1e100cf8b754785d6,manual_verified
494,494分,653,51951,https://www.sceea.cn/Html/202506/Newsdetail_4334.html,https://www.sceea.cn/Upload/image/20250625/20250625183924_3319.jpg,aa3230baf07c27bfe8d2c4041e2b0a15f589eed5f06a01b1e100cf8b754785d6,manual_verified
493,493分,657,52608,https://www.sceea.cn/Html/202506/Newsdetail_4334.html,https://www.sceea.cn/Upload/image/20250625/20250625183924_3319.jpg,aa3230baf07c27bfe8d2c4041e2b0a15f589eed5f06a01b1e100cf8b754785d6,manual_verified
492,492分,666,53274,https://www.sceea.cn/Html/202506/Newsdetail_4334.html,https://www.sceea.cn/Upload/image/20250625/20250625183924_3319.jpg,aa3230baf07c27bfe8d2c4041e2b0a15f589eed5f06a01b1e100cf8b754785d6,manual_verified
491,491分,660,53934,https://www.sceea.cn/Html/202506/Newsdetail_4334.html,https://www.sceea.cn/Upload/image/20250625/20250625183924_3319.jpg,aa3230baf07c27bfe8d2c4041e2b0a15f589eed5f06a01b1e100cf8b754785d6,manual_verified
490,490分,699,54633,https://www.sceea.cn/Html/202506/Newsdetail_4334.html,https://www.sceea.cn/Upload/image/20250625/20250625183924_4558.jpg,fe89b49904380ab9492232e112c8d3a20a265fdf7d1c0428d20695fad0273715,manual_verified
489,489分,676,55309,https://www.sceea.cn/Html/202506/Newsdetail_4334.html,https://www.sceea.cn/Upload/image/20250625/20250625183924_4558.jpg,fe89b49904380ab9492232e112c8d3a20a265fdf7d1c0428d20695fad0273715,manual_verified
488,488分,726,56035,https://www.sceea.cn/Html/202506/Newsdetail_4334.html,https://www.sceea.cn/Upload/image/20250625/20250625183924_4558.jpg,fe89b49904380ab9492232e112c8d3a20a265fdf7d1c0428d20695fad0273715,manual_verified
487,487分,662,56697,https://www.sceea.cn/Html/202506/Newsdetail_4334.html,https://www.sceea.cn/Upload/image/20250625/20250625183924_4558.jpg,fe89b49904380ab9492232e112c8d3a20a265fdf7d1c0428d20695fad0273715,manual_verified
486,486分,734,57431,https://www.sceea.cn/Html/202506/Newsdetail_4334.html,https://www.sceea.cn/Upload/image/20250625/20250625183924_4558.jpg,fe89b49904380ab9492232e112c8d3a20a265fdf7d1c0428d20695fad0273715,manual_verified
485,485分,700,58131,https://www.sceea.cn/Html/202506/Newsdetail_4334.html,https://www.sceea.cn/Upload/image/20250625/20250625183924_4558.jpg,fe89b49904380ab9492232e112c8d3a20a265fdf7d1c0428d20695fad0273715,manual_verified
484,484分,722,58853,https://www.sceea.cn/Html/202506/Newsdetail_4334.html,https://www.sceea.cn/Upload/image/20250625/20250625183924_4558.jpg,fe89b49904380ab9492232e112c8d3a20a265fdf7d1c0428d20695fad0273715,manual_verified
483,483分,673,59526,https://www.sceea.cn/Html/202506/Newsdetail_4334.html,https://www.sceea.cn/Upload/image/20250625/20250625183924_4558.jpg,fe89b49904380ab9492232e112c8d3a20a265fdf7d1c0428d20695fad0273715,manual_verified
482,482分,715,60241,https://www.sceea.cn/Html/202506/Newsdetail_4334.html,https://www.sceea.cn/Upload/image/20250625/20250625183924_4558.jpg,fe89b49904380ab9492232e112c8d3a20a265fdf7d1c0428d20695fad0273715,manual_verified
481,481分,726,60967,https://www.sceea.cn/Html/202506/Newsdetail_4334.html,https://www.sceea.cn/Upload/image/20250625/20250625183924_4558.jpg,fe89b49904380ab9492232e112c8d3a20a265fdf7d1c0428d20695fad0273715,manual_verified
480,480分,716,61683,https://www.sceea.cn/Html/202506/Newsdetail_4334.html,https://www.sceea.cn/Upload/image/20250625/20250625183924_4558.jpg,fe89b49904380ab9492232e112c8d3a20a265fdf7d1c0428d20695fad0273715,manual_verified
479,479分,677,62360,https://www.sceea.cn/Html/202506/Newsdetail_4334.html,https://www.sceea.cn/Upload/image/20250625/20250625183924_4558.jpg,fe89b49904380ab9492232e112c8d3a20a265fdf7d1c0428d20695fad0273715,manual_verified
478,478分,669,63029,https://www.sceea.cn/Html/202506/Newsdetail_4334.html,https://www.sceea.cn/Upload/image/20250625/20250625183924_4558.jpg,fe89b49904380ab9492232e112c8d3a20a265fdf7d1c0428d20695fad0273715,manual_verified
477,477分,693,63722,https://www.sceea.cn/Html/202506/Newsdetail_4334.html,https://www.sceea.cn/Upload/image/20250625/20250625183924_4558.jpg,fe89b49904380ab9492232e112c8d3a20a265fdf7d1c0428d20695fad0273715,manual_verified
476,476分,661,64383,https://www.sceea.cn/Html/202506/Newsdetail_4334.html,https://www.sceea.cn/Upload/image/20250625/20250625183924_4558.jpg,fe89b49904380ab9492232e112c8d3a20a265fdf7d1c0428d20695fad0273715,manual_verified
475,475分,719,65102,https://www.sceea.cn/Html/202506/Newsdetail_4334.html,https://www.sceea.cn/Upload/image/20250625/20250625183924_4558.jpg,fe89b49904380ab9492232e112c8d3a20a265fdf7d1c0428d20695fad0273715,manual_verified
474,474分,662,65764,https://www.sceea.cn/Html/202506/Newsdetail_4334.html,https://www.sceea.cn/Upload/image/20250625/20250625183924_4558.jpg,fe89b49904380ab9492232e112c8d3a20a265fdf7d1c0428d20695fad0273715,manual_verified
473,473分,666,66430,https://www.sceea.cn/Html/202506/Newsdetail_4334.html,https://www.sceea.cn/Upload/image/20250625/20250625183924_4558.jpg,fe89b49904380ab9492232e112c8d3a20a265fdf7d1c0428d20695fad0273715,manual_verified
472,472分,692,67122,https://www.sceea.cn/Html/202506/Newsdetail_4334.html,https://www.sceea.cn/Upload/image/20250625/20250625183924_4558.jpg,fe89b49904380ab9492232e112c8d3a20a265fdf7d1c0428d20695fad0273715,manual_verified
471,471分,739,67861,https://www.sceea.cn/Html/202506/Newsdetail_4334.html,https://www.sceea.cn/Upload/image/20250625/20250625183924_4558.jpg,fe89b49904380ab9492232e112c8d3a20a265fdf7d1c0428d20695fad0273715,manual_verified
470,470分,733,68594,https://www.sceea.cn/Html/202506/Newsdetail_4334.html,https://www.sceea.cn/Upload/image/20250625/20250625183924_4558.jpg,fe89b49904380ab9492232e112c8d3a20a265fdf7d1c0428d20695fad0273715,manual_verified
469,469分,668,69262,https://www.sceea.cn/Html/202506/Newsdetail_4334.html,https://www.sceea.cn/Upload/image/20250625/20250625183924_4558.jpg,fe89b49904380ab9492232e112c8d3a20a265fdf7d1c0428d20695fad0273715,manual_verified
468,468分,743,70005,https://www.sceea.cn/Html/202506/Newsdetail_4334.html,https://www.sceea.cn/Upload/image/20250625/20250625183924_4558.jpg,fe89b49904380ab9492232e112c8d3a20a265fdf7d1c0428d20695fad0273715,manual_verified
467,467分,651,70656,https://www.sceea.cn/Html/202506/Newsdetail_4334.html,https://www.sceea.cn/Upload/image/20250625/20250625183924_4558.jpg,fe89b49904380ab9492232e112c8d3a20a265fdf7d1c0428d20695fad0273715,manual_verified
466,466分,698,71354,https://www.sceea.cn/Html/202506/Newsdetail_4334.html,https://www.sceea.cn/Upload/image/20250625/20250625183924_4558.jpg,fe89b49904380ab9492232e112c8d3a20a265fdf7d1c0428d20695fad0273715,manual_verified
465,465分,698,72052,https://www.sceea.cn/Html/202506/Newsdetail_4334.html,https://www.sceea.cn/Upload/image/20250625/20250625183924_4558.jpg,fe89b49904380ab9492232e112c8d3a20a265fdf7d1c0428d20695fad0273715,manual_verified
464,464分,663,72715,https://www.sceea.cn/Html/202506/Newsdetail_4334.html,https://www.sceea.cn/Upload/image/20250625/20250625183924_4558.jpg,fe89b49904380ab9492232e112c8d3a20a265fdf7d1c0428d20695fad0273715,manual_verified
463,463分,697,73412,https://www.sceea.cn/Html/202506/Newsdetail_4334.html,https://www.sceea.cn/Upload/image/20250625/20250625183924_4558.jpg,fe89b49904380ab9492232e112c8d3a20a265fdf7d1c0428d20695fad0273715,manual_verified
462,462分,719,74131,https://www.sceea.cn/Html/202506/Newsdetail_4334.html,https://www.sceea.cn/Upload/image/20250625/20250625183924_4558.jpg,fe89b49904380ab9492232e112c8d3a20a265fdf7d1c0428d20695fad0273715,manual_verified
461,461分,655,74786,https://www.sceea.cn/Html/202506/Newsdetail_4334.html,https://www.sceea.cn/Upload/image/20250625/20250625183924_5637.jpg,bfcd2c2d5360b5c24fa9356e2863abf0dffbf12ef6597c7e16be406086fa2905,manual_verified
460,460分,675,75461,https://www.sceea.cn/Html/202506/Newsdetail_4334.html,https://www.sceea.cn/Upload/image/20250625/20250625183924_5637.jpg,bfcd2c2d5360b5c24fa9356e2863abf0dffbf12ef6597c7e16be406086fa2905,manual_verified
459,459分,665,76126,https://www.sceea.cn/Html/202506/Newsdetail_4334.html,https://www.sceea.cn/Upload/image/20250625/20250625183924_5637.jpg,bfcd2c2d5360b5c24fa9356e2863abf0dffbf12ef6597c7e16be406086fa2905,manual_verified
458,458分,720,76846,https://www.sceea.cn/Html/202506/Newsdetail_4334.html,https://www.sceea.cn/Upload/image/20250625/20250625183924_5637.jpg,bfcd2c2d5360b5c24fa9356e2863abf0dffbf12ef6597c7e16be406086fa2905,manual_verified
457,457分,686,77532,https://www.sceea.cn/Html/202506/Newsdetail_4334.html,https://www.sceea.cn/Upload/image/20250625/20250625183924_5637.jpg,bfcd2c2d5360b5c24fa9356e2863abf0dffbf12ef6597c7e16be406086fa2905,manual_verified
456,456分,691,78223,https://www.sceea.cn/Html/202506/Newsdetail_4334.html,https://www.sceea.cn/Upload/image/20250625/20250625183924_5637.jpg,bfcd2c2d5360b5c24fa9356e2863abf0dffbf12ef6597c7e16be406086fa2905,manual_verified
455,455分,705,78928,https://www.sceea.cn/Html/202506/Newsdetail_4334.html,https://www.sceea.cn/Upload/image/20250625/20250625183924_5637.jpg,bfcd2c2d5360b5c24fa9356e2863abf0dffbf12ef6597c7e16be406086fa2905,manual_verified
454,454分,756,79684,https://www.sceea.cn/Html/202506/Newsdetail_4334.html,https://www.sceea.cn/Upload/image/20250625/20250625183924_5637.jpg,bfcd2c2d5360b5c24fa9356e2863abf0dffbf12ef6597c7e16be406086fa2905,manual_verified
453,453分,681,80365,https://www.sceea.cn/Html/202506/Newsdetail_4334.html,https://www.sceea.cn/Upload/image/20250625/20250625183924_5637.jpg,bfcd2c2d5360b5c24fa9356e2863abf0dffbf12ef6597c7e16be406086fa2905,manual_verified
452,452分,653,81018,https://www.sceea.cn/Html/202506/Newsdetail_4334.html,https://www.sceea.cn/Upload/image/20250625/20250625183924_5637.jpg,bfcd2c2d5360b5c24fa9356e2863abf0dffbf12ef6597c7e16be406086fa2905,manual_verified
451,451分,692,81710,https://www.sceea.cn/Html/202506/Newsdetail_4334.html,https://www.sceea.cn/Upload/image/20250625/20250625183924_5637.jpg,bfcd2c2d5360b5c24fa9356e2863abf0dffbf12ef6597c7e16be406086fa2905,manual_verified
450,450分,716,82426,https://www.sceea.cn/Html/202506/Newsdetail_4334.html,https://www.sceea.cn/Upload/image/20250625/20250625183924_5637.jpg,bfcd2c2d5360b5c24fa9356e2863abf0dffbf12ef6597c7e16be406086fa2905,manual_verified
449,449分,699,83125,https://www.sceea.cn/Html/202506/Newsdetail_4334.html,https://www.sceea.cn/Upload/image/20250625/20250625183924_5637.jpg,bfcd2c2d5360b5c24fa9356e2863abf0dffbf12ef6597c7e16be406086fa2905,manual_verified
448,448分,669,83794,https://www.sceea.cn/Html/202506/Newsdetail_4334.html,https://www.sceea.cn/Upload/image/20250625/20250625183924_5637.jpg,bfcd2c2d5360b5c24fa9356e2863abf0dffbf12ef6597c7e16be406086fa2905,manual_verified
447,447分,662,84456,https://www.sceea.cn/Html/202506/Newsdetail_4334.html,https://www.sceea.cn/Upload/image/20250625/20250625183924_5637.jpg,bfcd2c2d5360b5c24fa9356e2863abf0dffbf12ef6597c7e16be406086fa2905,manual_verified
446,446分,692,85148,https://www.sceea.cn/Html/202506/Newsdetail_4334.html,https://www.sceea.cn/Upload/image/20250625/20250625183924_5637.jpg,bfcd2c2d5360b5c24fa9356e2863abf0dffbf12ef6597c7e16be406086fa2905,manual_verified
445,445分,704,85852,https://www.sceea.cn/Html/202506/Newsdetail_4334.html,https://www.sceea.cn/Upload/image/20250625/20250625183924_5637.jpg,bfcd2c2d5360b5c24fa9356e2863abf0dffbf12ef6597c7e16be406086fa2905,manual_verified
444,444分,673,86525,https://www.sceea.cn/Html/202506/Newsdetail_4334.html,https://www.sceea.cn/Upload/image/20250625/20250625183924_5637.jpg,bfcd2c2d5360b5c24fa9356e2863abf0dffbf12ef6597c7e16be406086fa2905,manual_verified
443,443分,681,87206,https://www.sceea.cn/Html/202506/Newsdetail_4334.html,https://www.sceea.cn/Upload/image/20250625/20250625183924_5637.jpg,bfcd2c2d5360b5c24fa9356e2863abf0dffbf12ef6597c7e16be406086fa2905,manual_verified
442,442分,727,87933,https://www.sceea.cn/Html/202506/Newsdetail_4334.html,https://www.sceea.cn/Upload/image/20250625/20250625183924_5637.jpg,bfcd2c2d5360b5c24fa9356e2863abf0dffbf12ef6597c7e16be406086fa2905,manual_verified
441,441分,634,88567,https://www.sceea.cn/Html/202506/Newsdetail_4334.html,https://www.sceea.cn/Upload/image/20250625/20250625183924_5637.jpg,bfcd2c2d5360b5c24fa9356e2863abf0dffbf12ef6597c7e16be406086fa2905,manual_verified
440,440分,673,89240,https://www.sceea.cn/Html/202506/Newsdetail_4334.html,https://www.sceea.cn/Upload/image/20250625/20250625183924_5637.jpg,bfcd2c2d5360b5c24fa9356e2863abf0dffbf12ef6597c7e16be406086fa2905,manual_verified
439,439分,673,89913,https://www.sceea.cn/Html/202506/Newsdetail_4334.html,https://www.sceea.cn/Upload/image/20250625/20250625183924_5637.jpg,bfcd2c2d5360b5c24fa9356e2863abf0dffbf12ef6597c7e16be406086fa2905,manual_verified
438,438分,623,90536,https://www.sceea.cn/Html/202506/Newsdetail_4334.html,https://www.sceea.cn/Upload/image/20250625/20250625183924_5637.jpg,bfcd2c2d5360b5c24fa9356e2863abf0dffbf12ef6597c7e16be406086fa2905,manual_verified
437,437分,622,91158,https://www.sceea.cn/Html/202506/Newsdetail_4334.html,https://www.sceea.cn/Upload/image/20250625/20250625183924_5637.jpg,bfcd2c2d5360b5c24fa9356e2863abf0dffbf12ef6597c7e16be406086fa2905,manual_verified
436,436分,638,91796,https://www.sceea.cn/Html/202506/Newsdetail_4334.html,https://www.sceea.cn/Upload/image/20250625/20250625183924_5637.jpg,bfcd2c2d5360b5c24fa9356e2863abf0dffbf12ef6597c7e16be406086fa2905,manual_verified
435,435分,686,92482,https://www.sceea.cn/Html/202506/Newsdetail_4334.html,https://www.sceea.cn/Upload/image/20250625/20250625183924_5637.jpg,bfcd2c2d5360b5c24fa9356e2863abf0dffbf12ef6597c7e16be406086fa2905,manual_verified
434,434分,699,93181,https://www.sceea.cn/Html/202506/Newsdetail_4334.html,https://www.sceea.cn/Upload/image/20250625/20250625183924_5637.jpg,bfcd2c2d5360b5c24fa9356e2863abf0dffbf12ef6597c7e16be406086fa2905,manual_verified
433,433分,687,93868,https://www.sceea.cn/Html/202506/Newsdetail_4334.html,https://www.sceea.cn/Upload/image/20250625/20250625183924_5637.jpg,bfcd2c2d5360b5c24fa9356e2863abf0dffbf12ef6597c7e16be406086fa2905,manual_verified
432,432分,650,94518,https://www.sceea.cn/Html/202506/Newsdetail_4334.html,https://www.sceea.cn/Upload/image/20250625/20250625183924_7246.jpg,9536f88cf35f79c6cca60801b9c9636fd08b4805d8d46f3a5b74a1e3dac2b87d,manual_verified
431,431分,671,95189,https://www.sceea.cn/Html/202506/Newsdetail_4334.html,https://www.sceea.cn/Upload/image/20250625/20250625183924_7246.jpg,9536f88cf35f79c6cca60801b9c9636fd08b4805d8d46f3a5b74a1e3dac2b87d,manual_verified
430,430分,689,95878,https://www.sceea.cn/Html/202506/Newsdetail_4334.html,https://www.sceea.cn/Upload/image/20250625/20250625183924_7246.jpg,9536f88cf35f79c6cca60801b9c9636fd08b4805d8d46f3a5b74a1e3dac2b87d,manual_verified
429,429分,683,96561,https://www.sceea.cn/Html/202506/Newsdetail_4334.html,https://www.sceea.cn/Upload/image/20250625/20250625183924_7246.jpg,9536f88cf35f79c6cca60801b9c9636fd08b4805d8d46f3a5b74a1e3dac2b87d,manual_verified
428,428分,634,97195,https://www.sceea.cn/Html/202506/Newsdetail_4334.html,https://www.sceea.cn/Upload/image/20250625/20250625183924_7246.jpg,9536f88cf35f79c6cca60801b9c9636fd08b4805d8d46f3a5b74a1e3dac2b87d,manual_verified
427,427分,638,97833,https://www.sceea.cn/Html/202506/Newsdetail_4334.html,https://www.sceea.cn/Upload/image/20250625/20250625183924_7246.jpg,9536f88cf35f79c6cca60801b9c9636fd08b4805d8d46f3a5b74a1e3dac2b87d,manual_verified
426,426分,628,98461,https://www.sceea.cn/Html/202506/Newsdetail_4334.html,https://www.sceea.cn/Upload/image/20250625/20250625183924_7246.jpg,9536f88cf35f79c6cca60801b9c9636fd08b4805d8d46f3a5b74a1e3dac2b87d,manual_verified
425,425分,657,99118,https://www.sceea.cn/Html/202506/Newsdetail_4334.html,https://www.sceea.cn/Upload/image/20250625/20250625183924_7246.jpg,9536f88cf35f79c6cca60801b9c9636fd08b4805d8d46f3a5b74a1e3dac2b87d,manual_verified
424,424分,670,99788,https://www.sceea.cn/Html/202506/Newsdetail_4334.html,https://www.sceea.cn/Upload/image/20250625/20250625183924_7246.jpg,9536f88cf35f79c6cca60801b9c9636fd08b4805d8d46f3a5b74a1e3dac2b87d,manual_verified
423,423分,663,100451,https://www.sceea.cn/Html/202506/Newsdetail_4334.html,https://www.sceea.cn/Upload/image/20250625/20250625183924_7246.jpg,9536f88cf35f79c6cca60801b9c9636fd08b4805d8d46f3a5b74a1e3dac2b87d,manual_verified
422,422分,691,101142,https://www.sceea.cn/Html/202506/Newsdetail_4334.html,https://www.sceea.cn/Upload/image/20250625/20250625183924_7246.jpg,9536f88cf35f79c6cca60801b9c9636fd08b4805d8d46f3a5b74a1e3dac2b87d,manual_verified
421,421分,696,101838,https://www.sceea.cn/Html/202506/Newsdetail_4334.html,https://www.sceea.cn/Upload/image/20250625/20250625183924_7246.jpg,9536f88cf35f79c6cca60801b9c9636fd08b4805d8d46f3a5b74a1e3dac2b87d,manual_verified
420,420分,730,102568,https://www.sceea.cn/Html/202506/Newsdetail_4334.html,https://www.sceea.cn/Upload/image/20250625/20250625183924_7246.jpg,9536f88cf35f79c6cca60801b9c9636fd08b4805d8d46f3a5b74a1e3dac2b87d,manual_verified
419,419分,630,103198,https://www.sceea.cn/Html/202506/Newsdetail_4334.html,https://www.sceea.cn/Upload/image/20250625/20250625183924_7246.jpg,9536f88cf35f79c6cca60801b9c9636fd08b4805d8d46f3a5b74a1e3dac2b87d,manual_verified
418,418分,728,103926,https://www.sceea.cn/Html/202506/Newsdetail_4334.html,https://www.sceea.cn/Upload/image/20250625/20250625183924_7246.jpg,9536f88cf35f79c6cca60801b9c9636fd08b4805d8d46f3a5b74a1e3dac2b87d,manual_verified
417,417分,719,104645,https://www.sceea.cn/Html/202506/Newsdetail_4334.html,https://www.sceea.cn/Upload/image/20250625/20250625183924_7246.jpg,9536f88cf35f79c6cca60801b9c9636fd08b4805d8d46f3a5b74a1e3dac2b87d,manual_verified
416,416分,705,105350,https://www.sceea.cn/Html/202506/Newsdetail_4334.html,https://www.sceea.cn/Upload/image/20250625/20250625183924_7246.jpg,9536f88cf35f79c6cca60801b9c9636fd08b4805d8d46f3a5b74a1e3dac2b87d,manual_verified
415,415分,638,105988,https://www.sceea.cn/Html/202506/Newsdetail_4334.html,https://www.sceea.cn/Upload/image/20250625/20250625183924_7246.jpg,9536f88cf35f79c6cca60801b9c9636fd08b4805d8d46f3a5b74a1e3dac2b87d,manual_verified
414,414分,627,106615,https://www.sceea.cn/Html/202506/Newsdetail_4334.html,https://www.sceea.cn/Upload/image/20250625/20250625183924_7246.jpg,9536f88cf35f79c6cca60801b9c9636fd08b4805d8d46f3a5b74a1e3dac2b87d,manual_verified
413,413分,686,107301,https://www.sceea.cn/Html/202506/Newsdetail_4334.html,https://www.sceea.cn/Upload/image/20250625/20250625183924_7246.jpg,9536f88cf35f79c6cca60801b9c9636fd08b4805d8d46f3a5b74a1e3dac2b87d,manual_verified
412,412分,699,108000,https://www.sceea.cn/Html/202506/Newsdetail_4334.html,https://www.sceea.cn/Upload/image/20250625/20250625183924_7246.jpg,9536f88cf35f79c6cca60801b9c9636fd08b4805d8d46f3a5b74a1e3dac2b87d,manual_verified
411,411分,706,108706,https://www.sceea.cn/Html/202506/Newsdetail_4334.html,https://www.sceea.cn/Upload/image/20250625/20250625183924_7246.jpg,9536f88cf35f79c6cca60801b9c9636fd08b4805d8d46f3a5b74a1e3dac2b87d,manual_verified
410,410分,676,109382,https://www.sceea.cn/Html/202506/Newsdetail_4334.html,https://www.sceea.cn/Upload/image/20250625/20250625183924_7246.jpg,9536f88cf35f79c6cca60801b9c9636fd08b4805d8d46f3a5b74a1e3dac2b87d,manual_verified
409,409分,642,110024,https://www.sceea.cn/Html/202506/Newsdetail_4334.html,https://www.sceea.cn/Upload/image/20250625/20250625183924_7246.jpg,9536f88cf35f79c6cca60801b9c9636fd08b4805d8d46f3a5b74a1e3dac2b87d,manual_verified
408,408分,694,110718,https://www.sceea.cn/Html/202506/Newsdetail_4334.html,https://www.sceea.cn/Upload/image/20250625/20250625183924_7246.jpg,9536f88cf35f79c6cca60801b9c9636fd08b4805d8d46f3a5b74a1e3dac2b87d,manual_verified
407,407分,723,111441,https://www.sceea.cn/Html/202506/Newsdetail_4334.html,https://www.sceea.cn/Upload/image/20250625/20250625183924_7246.jpg,9536f88cf35f79c6cca60801b9c9636fd08b4805d8d46f3a5b74a1e3dac2b87d,manual_verified
406,406分,706,112147,https://www.sceea.cn/Html/202506/Newsdetail_4334.html,https://www.sceea.cn/Upload/image/20250625/20250625183924_7246.jpg,9536f88cf35f79c6cca60801b9c9636fd08b4805d8d46f3a5b74a1e3dac2b87d,manual_verified
405,405分,678,112825,https://www.sceea.cn/Html/202506/Newsdetail_4334.html,https://www.sceea.cn/Upload/image/20250625/20250625183924_7246.jpg,9536f88cf35f79c6cca60801b9c9636fd08b4805d8d46f3a5b74a1e3dac2b87d,manual_verified
404,404分,680,113505,https://www.sceea.cn/Html/202506/Newsdetail_4334.html,https://www.sceea.cn/Upload/image/20250625/20250625183924_7246.jpg,9536f88cf35f79c6cca60801b9c9636fd08b4805d8d46f3a5b74a1e3dac2b87d,manual_verified
403,403分,661,114166,https://www.sceea.cn/Html/202506/Newsdetail_4334.html,https://www.sceea.cn/Upload/image/20250625/20250625183924_8314.jpg,a35372325c98053c0016d16b19a499aff9596429976a60d63e0043839058eae1,manual_verified
402,402分,645,114811,https://www.sceea.cn/Html/202506/Newsdetail_4334.html,https://www.sceea.cn/Upload/image/20250625/20250625183924_8314.jpg,a35372325c98053c0016d16b19a499aff9596429976a60d63e0043839058eae1,manual_verified
401,401分,656,115467,https://www.sceea.cn/Html/202506/Newsdetail_4334.html,https://www.sceea.cn/Upload/image/20250625/20250625183924_8314.jpg,a35372325c98053c0016d16b19a499aff9596429976a60d63e0043839058eae1,manual_verified
400,400分,630,116097,https://www.sceea.cn/Html/202506/Newsdetail_4334.html,https://www.sceea.cn/Upload/image/20250625/20250625183924_8314.jpg,a35372325c98053c0016d16b19a499aff9596429976a60d63e0043839058eae1,manual_verified
399,399分,633,116730,https://www.sceea.cn/Html/202506/Newsdetail_4334.html,https://www.sceea.cn/Upload/image/20250625/20250625183924_8314.jpg,a35372325c98053c0016d16b19a499aff9596429976a60d63e0043839058eae1,manual_verified
398,398分,652,117382,https://www.sceea.cn/Html/202506/Newsdetail_4334.html,https://www.sceea.cn/Upload/image/20250625/20250625183924_8314.jpg,a35372325c98053c0016d16b19a499aff9596429976a60d63e0043839058eae1,manual_verified
397,397分,695,118077,https://www.sceea.cn/Html/202506/Newsdetail_4334.html,https://www.sceea.cn/Upload/image/20250625/20250625183924_8314.jpg,a35372325c98053c0016d16b19a499aff9596429976a60d63e0043839058eae1,manual_verified
396,396分,667,118744,https://www.sceea.cn/Html/202506/Newsdetail_4334.html,https://www.sceea.cn/Upload/image/20250625/20250625183924_8314.jpg,a35372325c98053c0016d16b19a499aff9596429976a60d63e0043839058eae1,manual_verified
395,395分,696,119440,https://www.sceea.cn/Html/202506/Newsdetail_4334.html,https://www.sceea.cn/Upload/image/20250625/20250625183924_8314.jpg,a35372325c98053c0016d16b19a499aff9596429976a60d63e0043839058eae1,manual_verified
394,394分,653,120093,https://www.sceea.cn/Html/202506/Newsdetail_4334.html,https://www.sceea.cn/Upload/image/20250625/20250625183924_8314.jpg,a35372325c98053c0016d16b19a499aff9596429976a60d63e0043839058eae1,manual_verified
393,393分,662,120755,https://www.sceea.cn/Html/202506/Newsdetail_4334.html,https://www.sceea.cn/Upload/image/20250625/20250625183924_8314.jpg,a35372325c98053c0016d16b19a499aff9596429976a60d63e0043839058eae1,manual_verified
392,392分,644,121399,https://www.sceea.cn/Html/202506/Newsdetail_4334.html,https://www.sceea.cn/Upload/image/20250625/20250625183924_8314.jpg,a35372325c98053c0016d16b19a499aff9596429976a60d63e0043839058eae1,manual_verified
391,391分,633,122032,https://www.sceea.cn/Html/202506/Newsdetail_4334.html,https://www.sceea.cn/Upload/image/20250625/20250625183924_8314.jpg,a35372325c98053c0016d16b19a499aff9596429976a60d63e0043839058eae1,manual_verified
390,390分,639,122671,https://www.sceea.cn/Html/202506/Newsdetail_4334.html,https://www.sceea.cn/Upload/image/20250625/20250625183924_8314.jpg,a35372325c98053c0016d16b19a499aff9596429976a60d63e0043839058eae1,manual_verified
389,389分,635,123306,https://www.sceea.cn/Html/202506/Newsdetail_4334.html,https://www.sceea.cn/Upload/image/20250625/20250625183924_8314.jpg,a35372325c98053c0016d16b19a499aff9596429976a60d63e0043839058eae1,manual_verified
388,388分,628,123934,https://www.sceea.cn/Html/202506/Newsdetail_4334.html,https://www.sceea.cn/Upload/image/20250625/20250625183924_8314.jpg,a35372325c98053c0016d16b19a499aff9596429976a60d63e0043839058eae1,manual_verified
387,387分,637,124571,https://www.sceea.cn/Html/202506/Newsdetail_4334.html,https://www.sceea.cn/Upload/image/20250625/20250625183924_8314.jpg,a35372325c98053c0016d16b19a499aff9596429976a60d63e0043839058eae1,manual_verified
386,386分,649,125220,https://www.sceea.cn/Html/202506/Newsdetail_4334.html,https://www.sceea.cn/Upload/image/20250625/20250625183924_8314.jpg,a35372325c98053c0016d16b19a499aff9596429976a60d63e0043839058eae1,manual_verified
385,385分,626,125846,https://www.sceea.cn/Html/202506/Newsdetail_4334.html,https://www.sceea.cn/Upload/image/20250625/20250625183924_8314.jpg,a35372325c98053c0016d16b19a499aff9596429976a60d63e0043839058eae1,manual_verified
384,384分,577,126423,https://www.sceea.cn/Html/202506/Newsdetail_4334.html,https://www.sceea.cn/Upload/image/20250625/20250625183924_8314.jpg,a35372325c98053c0016d16b19a499aff9596429976a60d63e0043839058eae1,manual_verified
383,383分,598,127021,https://www.sceea.cn/Html/202506/Newsdetail_4334.html,https://www.sceea.cn/Upload/image/20250625/20250625183924_8314.jpg,a35372325c98053c0016d16b19a499aff9596429976a60d63e0043839058eae1,manual_verified
382,382分,622,127643,https://www.sceea.cn/Html/202506/Newsdetail_4334.html,https://www.sceea.cn/Upload/image/20250625/20250625183924_8314.jpg,a35372325c98053c0016d16b19a499aff9596429976a60d63e0043839058eae1,manual_verified
381,381分,672,128315,https://www.sceea.cn/Html/202506/Newsdetail_4334.html,https://www.sceea.cn/Upload/image/20250625/20250625183924_8314.jpg,a35372325c98053c0016d16b19a499aff9596429976a60d63e0043839058eae1,manual_verified
380,380分,615,128930,https://www.sceea.cn/Html/202506/Newsdetail_4334.html,https://www.sceea.cn/Upload/image/20250625/20250625183924_8314.jpg,a35372325c98053c0016d16b19a499aff9596429976a60d63e0043839058eae1,manual_verified
379,379分,622,129552,https://www.sceea.cn/Html/202506/Newsdetail_4334.html,https://www.sceea.cn/Upload/image/20250625/20250625183924_8314.jpg,a35372325c98053c0016d16b19a499aff9596429976a60d63e0043839058eae1,manual_verified
378,378分,628,130180,https://www.sceea.cn/Html/202506/Newsdetail_4334.html,https://www.sceea.cn/Upload/image/20250625/20250625183924_8314.jpg,a35372325c98053c0016d16b19a499aff9596429976a60d63e0043839058eae1,manual_verified
377,377分,647,130827,https://www.sceea.cn/Html/202506/Newsdetail_4334.html,https://www.sceea.cn/Upload/image/20250625/20250625183924_8314.jpg,a35372325c98053c0016d16b19a499aff9596429976a60d63e0043839058eae1,manual_verified
376,376分,577,131404,https://www.sceea.cn/Html/202506/Newsdetail_4334.html,https://www.sceea.cn/Upload/image/20250625/20250625183924_8314.jpg,a35372325c98053c0016d16b19a499aff9596429976a60d63e0043839058eae1,manual_verified
375,375分,615,132019,https://www.sceea.cn/Html/202506/Newsdetail_4334.html,https://www.sceea.cn/Upload/image/20250625/20250625183924_8314.jpg,a35372325c98053c0016d16b19a499aff9596429976a60d63e0043839058eae1,manual_verified
374,374分,586,132605,https://www.sceea.cn/Html/202506/Newsdetail_4334.html,https://www.sceea.cn/Upload/image/20250625/20250625183924_9730.jpg,eb4560dd35768baa35a07c9258cf22ddcf393de418c7f7b2b40efd06cb79e01c,manual_verified
373,373分,544,133149,https://www.sceea.cn/Html/202506/Newsdetail_4334.html,https://www.sceea.cn/Upload/image/20250625/20250625183924_9730.jpg,eb4560dd35768baa35a07c9258cf22ddcf393de418c7f7b2b40efd06cb79e01c,manual_verified
372,372分,604,133753,https://www.sceea.cn/Html/202506/Newsdetail_4334.html,https://www.sceea.cn/Upload/image/20250625/20250625183924_9730.jpg,eb4560dd35768baa35a07c9258cf22ddcf393de418c7f7b2b40efd06cb79e01c,manual_verified
371,371分,587,134340,https://www.sceea.cn/Html/202506/Newsdetail_4334.html,https://www.sceea.cn/Upload/image/20250625/20250625183924_9730.jpg,eb4560dd35768baa35a07c9258cf22ddcf393de418c7f7b2b40efd06cb79e01c,manual_verified
370,370分,564,134904,https://www.sceea.cn/Html/202506/Newsdetail_4334.html,https://www.sceea.cn/Upload/image/20250625/20250625183924_9730.jpg,eb4560dd35768baa35a07c9258cf22ddcf393de418c7f7b2b40efd06cb79e01c,manual_verified
369,369分,555,135459,https://www.sceea.cn/Html/202506/Newsdetail_4334.html,https://www.sceea.cn/Upload/image/20250625/20250625183924_9730.jpg,eb4560dd35768baa35a07c9258cf22ddcf393de418c7f7b2b40efd06cb79e01c,manual_verified
368,368分,582,136041,https://www.sceea.cn/Html/202506/Newsdetail_4334.html,https://www.sceea.cn/Upload/image/20250625/20250625183924_9730.jpg,eb4560dd35768baa35a07c9258cf22ddcf393de418c7f7b2b40efd06cb79e01c,manual_verified
367,367分,595,136636,https://www.sceea.cn/Html/202506/Newsdetail_4334.html,https://www.sceea.cn/Upload/image/20250625/20250625183924_9730.jpg,eb4560dd35768baa35a07c9258cf22ddcf393de418c7f7b2b40efd06cb79e01c,manual_verified
366,366分,575,137211,https://www.sceea.cn/Html/202506/Newsdetail_4334.html,https://www.sceea.cn/Upload/image/20250625/20250625183924_9730.jpg,eb4560dd35768baa35a07c9258cf22ddcf393de418c7f7b2b40efd06cb79e01c,manual_verified
365,365分,563,137774,https://www.sceea.cn/Html/202506/Newsdetail_4334.html,https://www.sceea.cn/Upload/image/20250625/20250625183924_9730.jpg,eb4560dd35768baa35a07c9258cf22ddcf393de418c7f7b2b40efd06cb79e01c,manual_verified
364,364分,598,138372,https://www.sceea.cn/Html/202506/Newsdetail_4334.html,https://www.sceea.cn/Upload/image/20250625/20250625183924_9730.jpg,eb4560dd35768baa35a07c9258cf22ddcf393de418c7f7b2b40efd06cb79e01c,manual_verified
363,363分,581,138953,https://www.sceea.cn/Html/202506/Newsdetail_4334.html,https://www.sceea.cn/Upload/image/20250625/20250625183924_9730.jpg,eb4560dd35768baa35a07c9258cf22ddcf393de418c7f7b2b40efd06cb79e01c,manual_verified
362,362分,525,139478,https://www.sceea.cn/Html/202506/Newsdetail_4334.html,https://www.sceea.cn/Upload/image/20250625/20250625183924_9730.jpg,eb4560dd35768baa35a07c9258cf22ddcf393de418c7f7b2b40efd06cb79e01c,manual_verified
361,361分,568,140046,https://www.sceea.cn/Html/202506/Newsdetail_4334.html,https://www.sceea.cn/Upload/image/20250625/20250625183924_9730.jpg,eb4560dd35768baa35a07c9258cf22ddcf393de418c7f7b2b40efd06cb79e01c,manual_verified
360,360分,536,140582,https://www.sceea.cn/Html/202506/Newsdetail_4334.html,https://www.sceea.cn/Upload/image/20250625/20250625183924_9730.jpg,eb4560dd35768baa35a07c9258cf22ddcf393de418c7f7b2b40efd06cb79e01c,manual_verified
359,359分,544,141126,https://www.sceea.cn/Html/202506/Newsdetail_4334.html,https://www.sceea.cn/Upload/image/20250625/20250625183924_9730.jpg,eb4560dd35768baa35a07c9258cf22ddcf393de418c7f7b2b40efd06cb79e01c,manual_verified
358,358分,554,141680,https://www.sceea.cn/Html/202506/Newsdetail_4334.html,https://www.sceea.cn/Upload/image/20250625/20250625183924_9730.jpg,eb4560dd35768baa35a07c9258cf22ddcf393de418c7f7b2b40efd06cb79e01c,manual_verified
357,357分,541,142221,https://www.sceea.cn/Html/202506/Newsdetail_4334.html,https://www.sceea.cn/Upload/image/20250625/20250625183924_9730.jpg,eb4560dd35768baa35a07c9258cf22ddcf393de418c7f7b2b40efd06cb79e01c,manual_verified
356,356分,490,142711,https://www.sceea.cn/Html/202506/Newsdetail_4334.html,https://www.sceea.cn/Upload/image/20250625/20250625183924_9730.jpg,eb4560dd35768baa35a07c9258cf22ddcf393de418c7f7b2b40efd06cb79e01c,manual_verified
355,355分,543,143254,https://www.sceea.cn/Html/202506/Newsdetail_4334.html,https://www.sceea.cn/Upload/image/20250625/20250625183924_9730.jpg,eb4560dd35768baa35a07c9258cf22ddcf393de418c7f7b2b40efd06cb79e01c,manual_verified
354,354分,526,143780,https://www.sceea.cn/Html/202506/Newsdetail_4334.html,https://www.sceea.cn/Upload/image/20250625/20250625183924_9730.jpg,eb4560dd35768baa35a07c9258cf22ddcf393de418c7f7b2b40efd06cb79e01c,manual_verified
353,353分,538,144318,https://www.sceea.cn/Html/202506/Newsdetail_4334.html,https://www.sceea.cn/Upload/image/20250625/20250625183924_9730.jpg,eb4560dd35768baa35a07c9258cf22ddcf393de418c7f7b2b40efd06cb79e01c,manual_verified
352,352分,539,144857,https://www.sceea.cn/Html/202506/Newsdetail_4334.html,https://www.sceea.cn/Upload/image/20250625/20250625183924_9730.jpg,eb4560dd35768baa35a07c9258cf22ddcf393de418c7f7b2b40efd06cb79e01c,manual_verified
351,351分,490,145347,https://www.sceea.cn/Html/202506/Newsdetail_4334.html,https://www.sceea.cn/Upload/image/20250625/20250625183924_9730.jpg,eb4560dd35768baa35a07c9258cf22ddcf393de418c7f7b2b40efd06cb79e01c,manual_verified
350,350分,513,145860,https://www.sceea.cn/Html/202506/Newsdetail_4334.html,https://www.sceea.cn/Upload/image/20250625/20250625183924_9730.jpg,eb4560dd35768baa35a07c9258cf22ddcf393de418c7f7b2b40efd06cb79e01c,manual_verified
349,349分,504,146364,https://www.sceea.cn/Html/202506/Newsdetail_4334.html,https://www.sceea.cn/Upload/image/20250625/20250625183924_9730.jpg,eb4560dd35768baa35a07c9258cf22ddcf393de418c7f7b2b40efd06cb79e01c,manual_verified
348,348分,502,146866,https://www.sceea.cn/Html/202506/Newsdetail_4334.html,https://www.sceea.cn/Upload/image/20250625/20250625183924_9730.jpg,eb4560dd35768baa35a07c9258cf22ddcf393de418c7f7b2b40efd06cb79e01c,manual_verified
347,347分,509,147375,https://www.sceea.cn/Html/202506/Newsdetail_4334.html,https://www.sceea.cn/Upload/image/20250625/20250625183924_9730.jpg,eb4560dd35768baa35a07c9258cf22ddcf393de418c7f7b2b40efd06cb79e01c,manual_verified
346,346分,489,147864,https://www.sceea.cn/Html/202506/Newsdetail_4334.html,https://www.sceea.cn/Upload/image/20250625/20250625183924_9730.jpg,eb4560dd35768baa35a07c9258cf22ddcf393de418c7f7b2b40efd06cb79e01c,manual_verified
345,345分,472,148336,https://www.sceea.cn/Html/202506/Newsdetail_4334.html,https://www.sceea.cn/Upload/image/20250625/20250625183925_1081.jpg,41fec8666dfacfe5ba7954a8b9188d831a9b1889bd0cc1179de4a83844e8ea42,manual_verified
344,344分,498,148834,https://www.sceea.cn/Html/202506/Newsdetail_4334.html,https://www.sceea.cn/Upload/image/20250625/20250625183925_1081.jpg,41fec8666dfacfe5ba7954a8b9188d831a9b1889bd0cc1179de4a83844e8ea42,manual_verified
343,343分,490,149324,https://www.sceea.cn/Html/202506/Newsdetail_4334.html,https://www.sceea.cn/Upload/image/20250625/20250625183925_1081.jpg,41fec8666dfacfe5ba7954a8b9188d831a9b1889bd0cc1179de4a83844e8ea42,manual_verified
342,342分,469,149793,https://www.sceea.cn/Html/202506/Newsdetail_4334.html,https://www.sceea.cn/Upload/image/20250625/20250625183925_1081.jpg,41fec8666dfacfe5ba7954a8b9188d831a9b1889bd0cc1179de4a83844e8ea42,manual_verified
341,341分,486,150279,https://www.sceea.cn/Html/202506/Newsdetail_4334.html,https://www.sceea.cn/Upload/image/20250625/20250625183925_1081.jpg,41fec8666dfacfe5ba7954a8b9188d831a9b1889bd0cc1179de4a83844e8ea42,manual_verified
340,340分,482,150761,https://www.sceea.cn/Html/202506/Newsdetail_4334.html,https://www.sceea.cn/Upload/image/20250625/20250625183925_1081.jpg,41fec8666dfacfe5ba7954a8b9188d831a9b1889bd0cc1179de4a83844e8ea42,manual_verified
339,339分,466,151227,https://www.sceea.cn/Html/202506/Newsdetail_4334.html,https://www.sceea.cn/Upload/image/20250625/20250625183925_1081.jpg,41fec8666dfacfe5ba7954a8b9188d831a9b1889bd0cc1179de4a83844e8ea42,manual_verified
338,338分,441,151668,https://www.sceea.cn/Html/202506/Newsdetail_4334.html,https://www.sceea.cn/Upload/image/20250625/20250625183925_1081.jpg,41fec8666dfacfe5ba7954a8b9188d831a9b1889bd0cc1179de4a83844e8ea42,manual_verified
337,337分,454,152122,https://www.sceea.cn/Html/202506/Newsdetail_4334.html,https://www.sceea.cn/Upload/image/20250625/20250625183925_1081.jpg,41fec8666dfacfe5ba7954a8b9188d831a9b1889bd0cc1179de4a83844e8ea42,manual_verified
336,336分,446,152568,https://www.sceea.cn/Html/202506/Newsdetail_4334.html,https://www.sceea.cn/Upload/image/20250625/20250625183925_1081.jpg,41fec8666dfacfe5ba7954a8b9188d831a9b1889bd0cc1179de4a83844e8ea42,manual_verified
335,335分,413,152981,https://www.sceea.cn/Html/202506/Newsdetail_4334.html,https://www.sceea.cn/Upload/image/20250625/20250625183925_1081.jpg,41fec8666dfacfe5ba7954a8b9188d831a9b1889bd0cc1179de4a83844e8ea42,manual_verified
334,334分,416,153397,https://www.sceea.cn/Html/202506/Newsdetail_4334.html,https://www.sceea.cn/Upload/image/20250625/20250625183925_1081.jpg,41fec8666dfacfe5ba7954a8b9188d831a9b1889bd0cc1179de4a83844e8ea42,manual_verified
333,333分,394,153791,https://www.sceea.cn/Html/202506/Newsdetail_4334.html,https://www.sceea.cn/Upload/image/20250625/20250625183925_1081.jpg,41fec8666dfacfe5ba7954a8b9188d831a9b1889bd0cc1179de4a83844e8ea42,manual_verified
332,332分,425,154216,https://www.sceea.cn/Html/202506/Newsdetail_4334.html,https://www.sceea.cn/Upload/image/20250625/20250625183925_1081.jpg,41fec8666dfacfe5ba7954a8b9188d831a9b1889bd0cc1179de4a83844e8ea42,manual_verified
331,331分,426,154642,https://www.sceea.cn/Html/202506/Newsdetail_4334.html,https://www.sceea.cn/Upload/image/20250625/20250625183925_1081.jpg,41fec8666dfacfe5ba7954a8b9188d831a9b1889bd0cc1179de4a83844e8ea42,manual_verified
330,330分,414,155056,https://www.sceea.cn/Html/202506/Newsdetail_4334.html,https://www.sceea.cn/Upload/image/20250625/20250625183925_1081.jpg,41fec8666dfacfe5ba7954a8b9188d831a9b1889bd0cc1179de4a83844e8ea42,manual_verified
329,329分,398,155454,https://www.sceea.cn/Html/202506/Newsdetail_4334.html,https://www.sceea.cn/Upload/image/20250625/20250625183925_1081.jpg,41fec8666dfacfe5ba7954a8b9188d831a9b1889bd0cc1179de4a83844e8ea42,manual_verified
328,328分,407,155861,https://www.sceea.cn/Html/202506/Newsdetail_4334.html,https://www.sceea.cn/Upload/image/20250625/20250625183925_1081.jpg,41fec8666dfacfe5ba7954a8b9188d831a9b1889bd0cc1179de4a83844e8ea42,manual_verified
327,327分,383,156244,https://www.sceea.cn/Html/202506/Newsdetail_4334.html,https://www.sceea.cn/Upload/image/20250625/20250625183925_1081.jpg,41fec8666dfacfe5ba7954a8b9188d831a9b1889bd0cc1179de4a83844e8ea42,manual_verified
326,326分,398,156642,https://www.sceea.cn/Html/202506/Newsdetail_4334.html,https://www.sceea.cn/Upload/image/20250625/20250625183925_1081.jpg,41fec8666dfacfe5ba7954a8b9188d831a9b1889bd0cc1179de4a83844e8ea42,manual_verified
325,325分,400,157042,https://www.sceea.cn/Html/202506/Newsdetail_4334.html,https://www.sceea.cn/Upload/image/20250625/20250625183925_1081.jpg,41fec8666dfacfe5ba7954a8b9188d831a9b1889bd0cc1179de4a83844e8ea42,manual_verified
324,324分,383,157425,https://www.sceea.cn/Html/202506/Newsdetail_4334.html,https://www.sceea.cn/Upload/image/20250625/20250625183925_1081.jpg,41fec8666dfacfe5ba7954a8b9188d831a9b1889bd0cc1179de4a83844e8ea42,manual_verified
323,323分,386,157811,https://www.sceea.cn/Html/202506/Newsdetail_4334.html,https://www.sceea.cn/Upload/image/20250625/20250625183925_1081.jpg,41fec8666dfacfe5ba7954a8b9188d831a9b1889bd0cc1179de4a83844e8ea42,manual_verified
322,322分,389,158200,https://www.sceea.cn/Html/202506/Newsdetail_4334.html,https://www.sceea.cn/Upload/image/20250625/20250625183925_1081.jpg,41fec8666dfacfe5ba7954a8b9188d831a9b1889bd0cc1179de4a83844e8ea42,manual_verified
321,321分,352,158552,https://www.sceea.cn/Html/202506/Newsdetail_4334.html,https://www.sceea.cn/Upload/image/20250625/20250625183925_1081.jpg,41fec8666dfacfe5ba7954a8b9188d831a9b1889bd0cc1179de4a83844e8ea42,manual_verified
320,320分,384,158936,https://www.sceea.cn/Html/202506/Newsdetail_4334.html,https://www.sceea.cn/Upload/image/20250625/20250625183925_1081.jpg,41fec8666dfacfe5ba7954a8b9188d831a9b1889bd0cc1179de4a83844e8ea42,manual_verified
319,319分,379,159315,https://www.sceea.cn/Html/202506/Newsdetail_4334.html,https://www.sceea.cn/Upload/image/20250625/20250625183925_1081.jpg,41fec8666dfacfe5ba7954a8b9188d831a9b1889bd0cc1179de4a83844e8ea42,manual_verified
318,318分,349,159664,https://www.sceea.cn/Html/202506/Newsdetail_4334.html,https://www.sceea.cn/Upload/image/20250625/20250625183925_1081.jpg,41fec8666dfacfe5ba7954a8b9188d831a9b1889bd0cc1179de4a83844e8ea42,manual_verified
317,317分,313,159977,https://www.sceea.cn/Html/202506/Newsdetail_4334.html,https://www.sceea.cn/Upload/image/20250625/20250625183925_1081.jpg,41fec8666dfacfe5ba7954a8b9188d831a9b1889bd0cc1179de4a83844e8ea42,manual_verified
316,316分,336,160313,https://www.sceea.cn/Html/202506/Newsdetail_4334.html,https://www.sceea.cn/Upload/image/20250625/20250625183925_2694.jpg,b77984fffa535ca8b32425e5ab09cffbef2aab1b5b1d4210f770d7dc7ac0d70e,manual_verified
315,315分,352,160665,https://www.sceea.cn/Html/202506/Newsdetail_4334.html,https://www.sceea.cn/Upload/image/20250625/20250625183925_2694.jpg,b77984fffa535ca8b32425e5ab09cffbef2aab1b5b1d4210f770d7dc7ac0d70e,manual_verified
314,314分,346,161011,https://www.sceea.cn/Html/202506/Newsdetail_4334.html,https://www.sceea.cn/Upload/image/20250625/20250625183925_2694.jpg,b77984fffa535ca8b32425e5ab09cffbef2aab1b5b1d4210f770d7dc7ac0d70e,manual_verified
313,313分,356,161367,https://www.sceea.cn/Html/202506/Newsdetail_4334.html,https://www.sceea.cn/Upload/image/20250625/20250625183925_2694.jpg,b77984fffa535ca8b32425e5ab09cffbef2aab1b5b1d4210f770d7dc7ac0d70e,manual_verified
312,312分,328,161695,https://www.sceea.cn/Html/202506/Newsdetail_4334.html,https://www.sceea.cn/Upload/image/20250625/20250625183925_2694.jpg,b77984fffa535ca8b32425e5ab09cffbef2aab1b5b1d4210f770d7dc7ac0d70e,manual_verified
311,311分,344,162039,https://www.sceea.cn/Html/202506/Newsdetail_4334.html,https://www.sceea.cn/Upload/image/20250625/20250625183925_2694.jpg,b77984fffa535ca8b32425e5ab09cffbef2aab1b5b1d4210f770d7dc7ac0d70e,manual_verified
310,310分,304,162343,https://www.sceea.cn/Html/202506/Newsdetail_4334.html,https://www.sceea.cn/Upload/image/20250625/20250625183925_2694.jpg,b77984fffa535ca8b32425e5ab09cffbef2aab1b5b1d4210f770d7dc7ac0d70e,manual_verified
309,309分,342,162685,https://www.sceea.cn/Html/202506/Newsdetail_4334.html,https://www.sceea.cn/Upload/image/20250625/20250625183925_2694.jpg,b77984fffa535ca8b32425e5ab09cffbef2aab1b5b1d4210f770d7dc7ac0d70e,manual_verified
308,308分,335,163020,https://www.sceea.cn/Html/202506/Newsdetail_4334.html,https://www.sceea.cn/Upload/image/20250625/20250625183925_2694.jpg,b77984fffa535ca8b32425e5ab09cffbef2aab1b5b1d4210f770d7dc7ac0d70e,manual_verified
307,307分,315,163335,https://www.sceea.cn/Html/202506/Newsdetail_4334.html,https://www.sceea.cn/Upload/image/20250625/20250625183925_2694.jpg,b77984fffa535ca8b32425e5ab09cffbef2aab1b5b1d4210f770d7dc7ac0d70e,manual_verified
306,306分,294,163629,https://www.sceea.cn/Html/202506/Newsdetail_4334.html,https://www.sceea.cn/Upload/image/20250625/20250625183925_2694.jpg,b77984fffa535ca8b32425e5ab09cffbef2aab1b5b1d4210f770d7dc7ac0d70e,manual_verified
305,305分,277,163906,https://www.sceea.cn/Html/202506/Newsdetail_4334.html,https://www.sceea.cn/Upload/image/20250625/20250625183925_2694.jpg,b77984fffa535ca8b32425e5ab09cffbef2aab1b5b1d4210f770d7dc7ac0d70e,manual_verified
304,304分,299,164205,https://www.sceea.cn/Html/202506/Newsdetail_4334.html,https://www.sceea.cn/Upload/image/20250625/20250625183925_2694.jpg,b77984fffa535ca8b32425e5ab09cffbef2aab1b5b1d4210f770d7dc7ac0d70e,manual_verified
303,303分,269,164474,https://www.sceea.cn/Html/202506/Newsdetail_4334.html,https://www.sceea.cn/Upload/image/20250625/20250625183925_2694.jpg,b77984fffa535ca8b32425e5ab09cffbef2aab1b5b1d4210f770d7dc7ac0d70e,manual_verified
302,302分,314,164788,https://www.sceea.cn/Html/202506/Newsdetail_4334.html,https://www.sceea.cn/Upload/image/20250625/20250625183925_2694.jpg,b77984fffa535ca8b32425e5ab09cffbef2aab1b5b1d4210f770d7dc7ac0d70e,manual_verified
301,301分,258,165046,https://www.sceea.cn/Html/202506/Newsdetail_4334.html,https://www.sceea.cn/Upload/image/20250625/20250625183925_2694.jpg,b77984fffa535ca8b32425e5ab09cffbef2aab1b5b1d4210f770d7dc7ac0d70e,manual_verified
300,300分,240,165286,https://www.sceea.cn/Html/202506/Newsdetail_4334.html,https://www.sceea.cn/Upload/image/20250625/20250625183925_2694.jpg,b77984fffa535ca8b32425e5ab09cffbef2aab1b5b1d4210f770d7dc7ac0d70e,manual_verified
299,299分,261,165547,https://www.sceea.cn/Html/202506/Newsdetail_4334.html,https://www.sceea.cn/Upload/image/20250625/20250625183925_2694.jpg,b77984fffa535ca8b32425e5ab09cffbef2aab1b5b1d4210f770d7dc7ac0d70e,manual_verified
298,298分,271,165818,https://www.sceea.cn/Html/202506/Newsdetail_4334.html,https://www.sceea.cn/Upload/image/20250625/20250625183925_2694.jpg,b77984fffa535ca8b32425e5ab09cffbef2aab1b5b1d4210f770d7dc7ac0d70e,manual_verified
297,297分,249,166067,https://www.sceea.cn/Html/202506/Newsdetail_4334.html,https://www.sceea.cn/Upload/image/20250625/20250625183925_2694.jpg,b77984fffa535ca8b32425e5ab09cffbef2aab1b5b1d4210f770d7dc7ac0d70e,manual_verified
296,296分,268,166335,https://www.sceea.cn/Html/202506/Newsdetail_4334.html,https://www.sceea.cn/Upload/image/20250625/20250625183925_2694.jpg,b77984fffa535ca8b32425e5ab09cffbef2aab1b5b1d4210f770d7dc7ac0d70e,manual_verified
295,295分,270,166605,https://www.sceea.cn/Html/202506/Newsdetail_4334.html,https://www.sceea.cn/Upload/image/20250625/20250625183925_2694.jpg,b77984fffa535ca8b32425e5ab09cffbef2aab1b5b1d4210f770d7dc7ac0d70e,manual_verified
294,294分,254,166859,https://www.sceea.cn/Html/202506/Newsdetail_4334.html,https://www.sceea.cn/Upload/image/20250625/20250625183925_2694.jpg,b77984fffa535ca8b32425e5ab09cffbef2aab1b5b1d4210f770d7dc7ac0d70e,manual_verified
293,293分,220,167079,https://www.sceea.cn/Html/202506/Newsdetail_4334.html,https://www.sceea.cn/Upload/image/20250625/20250625183925_2694.jpg,b77984fffa535ca8b32425e5ab09cffbef2aab1b5b1d4210f770d7dc7ac0d70e,manual_verified
292,292分,242,167321,https://www.sceea.cn/Html/202506/Newsdetail_4334.html,https://www.sceea.cn/Upload/image/20250625/20250625183925_2694.jpg,b77984fffa535ca8b32425e5ab09cffbef2aab1b5b1d4210f770d7dc7ac0d70e,manual_verified
291,291分,245,167566,https://www.sceea.cn/Html/202506/Newsdetail_4334.html,https://www.sceea.cn/Upload/image/20250625/20250625183925_2694.jpg,b77984fffa535ca8b32425e5ab09cffbef2aab1b5b1d4210f770d7dc7ac0d70e,manual_verified
290,290分,228,167794,https://www.sceea.cn/Html/202506/Newsdetail_4334.html,https://www.sceea.cn/Upload/image/20250625/20250625183925_2694.jpg,b77984fffa535ca8b32425e5ab09cffbef2aab1b5b1d4210f770d7dc7ac0d70e,manual_verified
289,289分,226,168020,https://www.sceea.cn/Html/202506/Newsdetail_4334.html,https://www.sceea.cn/Upload/image/20250625/20250625183925_2694.jpg,b77984fffa535ca8b32425e5ab09cffbef2aab1b5b1d4210f770d7dc7ac0d70e,manual_verified
288,288分,226,168246,https://www.sceea.cn/Html/202506/Newsdetail_4334.html,https://www.sceea.cn/Upload/image/20250625/20250625183925_2694.jpg,b77984fffa535ca8b32425e5ab09cffbef2aab1b5b1d4210f770d7dc7ac0d70e,manual_verified
287,287分,215,168461,https://www.sceea.cn/Html/202506/Newsdetail_4334.html,https://www.sceea.cn/Upload/image/20250625/20250625183925_4476.jpg,cd8595a6c7f5bb0f1a69afa929a2dcf8d07a9448e96537a9744e8f38552d4956,manual_verified
286,286分,190,168651,https://www.sceea.cn/Html/202506/Newsdetail_4334.html,https://www.sceea.cn/Upload/image/20250625/20250625183925_4476.jpg,cd8595a6c7f5bb0f1a69afa929a2dcf8d07a9448e96537a9744e8f38552d4956,manual_verified
285,285分,223,168874,https://www.sceea.cn/Html/202506/Newsdetail_4334.html,https://www.sceea.cn/Upload/image/20250625/20250625183925_4476.jpg,cd8595a6c7f5bb0f1a69afa929a2dcf8d07a9448e96537a9744e8f38552d4956,manual_verified
284,284分,190,169064,https://www.sceea.cn/Html/202506/Newsdetail_4334.html,https://www.sceea.cn/Upload/image/20250625/20250625183925_4476.jpg,cd8595a6c7f5bb0f1a69afa929a2dcf8d07a9448e96537a9744e8f38552d4956,manual_verified
283,283分,206,169270,https://www.sceea.cn/Html/202506/Newsdetail_4334.html,https://www.sceea.cn/Upload/image/20250625/20250625183925_4476.jpg,cd8595a6c7f5bb0f1a69afa929a2dcf8d07a9448e96537a9744e8f38552d4956,manual_verified
282,282分,218,169488,https://www.sceea.cn/Html/202506/Newsdetail_4334.html,https://www.sceea.cn/Upload/image/20250625/20250625183925_4476.jpg,cd8595a6c7f5bb0f1a69afa929a2dcf8d07a9448e96537a9744e8f38552d4956,manual_verified
281,281分,207,169695,https://www.sceea.cn/Html/202506/Newsdetail_4334.html,https://www.sceea.cn/Upload/image/20250625/20250625183925_4476.jpg,cd8595a6c7f5bb0f1a69afa929a2dcf8d07a9448e96537a9744e8f38552d4956,manual_verified
280,280分,190,169885,https://www.sceea.cn/Html/202506/Newsdetail_4334.html,https://www.sceea.cn/Upload/image/20250625/20250625183925_4476.jpg,cd8595a6c7f5bb0f1a69afa929a2dcf8d07a9448e96537a9744e8f38552d4956,manual_verified
279,279分,182,170067,https://www.sceea.cn/Html/202506/Newsdetail_4334.html,https://www.sceea.cn/Upload/image/20250625/20250625183925_4476.jpg,cd8595a6c7f5bb0f1a69afa929a2dcf8d07a9448e96537a9744e8f38552d4956,manual_verified
278,278分,190,170257,https://www.sceea.cn/Html/202506/Newsdetail_4334.html,https://www.sceea.cn/Upload/image/20250625/20250625183925_4476.jpg,cd8595a6c7f5bb0f1a69afa929a2dcf8d07a9448e96537a9744e8f38552d4956,manual_verified
277,277分,190,170447,https://www.sceea.cn/Html/202506/Newsdetail_4334.html,https://www.sceea.cn/Upload/image/20250625/20250625183925_4476.jpg,cd8595a6c7f5bb0f1a69afa929a2dcf8d07a9448e96537a9744e8f38552d4956,manual_verified
276,276分,187,170634,https://www.sceea.cn/Html/202506/Newsdetail_4334.html,https://www.sceea.cn/Upload/image/20250625/20250625183925_4476.jpg,cd8595a6c7f5bb0f1a69afa929a2dcf8d07a9448e96537a9744e8f38552d4956,manual_verified
275,275分,173,170807,https://www.sceea.cn/Html/202506/Newsdetail_4334.html,https://www.sceea.cn/Upload/image/20250625/20250625183925_4476.jpg,cd8595a6c7f5bb0f1a69afa929a2dcf8d07a9448e96537a9744e8f38552d4956,manual_verified
274,274分,180,170987,https://www.sceea.cn/Html/202506/Newsdetail_4334.html,https://www.sceea.cn/Upload/image/20250625/20250625183925_4476.jpg,cd8595a6c7f5bb0f1a69afa929a2dcf8d07a9448e96537a9744e8f38552d4956,manual_verified
273,273分,201,171188,https://www.sceea.cn/Html/202506/Newsdetail_4334.html,https://www.sceea.cn/Upload/image/20250625/20250625183925_4476.jpg,cd8595a6c7f5bb0f1a69afa929a2dcf8d07a9448e96537a9744e8f38552d4956,manual_verified
272,272分,162,171350,https://www.sceea.cn/Html/202506/Newsdetail_4334.html,https://www.sceea.cn/Upload/image/20250625/20250625183925_4476.jpg,cd8595a6c7f5bb0f1a69afa929a2dcf8d07a9448e96537a9744e8f38552d4956,manual_verified
271,271分,182,171532,https://www.sceea.cn/Html/202506/Newsdetail_4334.html,https://www.sceea.cn/Upload/image/20250625/20250625183925_4476.jpg,cd8595a6c7f5bb0f1a69afa929a2dcf8d07a9448e96537a9744e8f38552d4956,manual_verified
270,270分,173,171705,https://www.sceea.cn/Html/202506/Newsdetail_4334.html,https://www.sceea.cn/Upload/image/20250625/20250625183925_4476.jpg,cd8595a6c7f5bb0f1a69afa929a2dcf8d07a9448e96537a9744e8f38552d4956,manual_verified
269,269分,184,171889,https://www.sceea.cn/Html/202506/Newsdetail_4334.html,https://www.sceea.cn/Upload/image/20250625/20250625183925_4476.jpg,cd8595a6c7f5bb0f1a69afa929a2dcf8d07a9448e96537a9744e8f38552d4956,manual_verified
268,268分,187,172076,https://www.sceea.cn/Html/202506/Newsdetail_4334.html,https://www.sceea.cn/Upload/image/20250625/20250625183925_4476.jpg,cd8595a6c7f5bb0f1a69afa929a2dcf8d07a9448e96537a9744e8f38552d4956,manual_verified
267,267分,141,172217,https://www.sceea.cn/Html/202506/Newsdetail_4334.html,https://www.sceea.cn/Upload/image/20250625/20250625183925_4476.jpg,cd8595a6c7f5bb0f1a69afa929a2dcf8d07a9448e96537a9744e8f38552d4956,manual_verified
266,266分,135,172352,https://www.sceea.cn/Html/202506/Newsdetail_4334.html,https://www.sceea.cn/Upload/image/20250625/20250625183925_4476.jpg,cd8595a6c7f5bb0f1a69afa929a2dcf8d07a9448e96537a9744e8f38552d4956,manual_verified
265,265分,149,172501,https://www.sceea.cn/Html/202506/Newsdetail_4334.html,https://www.sceea.cn/Upload/image/20250625/20250625183925_4476.jpg,cd8595a6c7f5bb0f1a69afa929a2dcf8d07a9448e96537a9744e8f38552d4956,manual_verified
264,264分,160,172661,https://www.sceea.cn/Html/202506/Newsdetail_4334.html,https://www.sceea.cn/Upload/image/20250625/20250625183925_4476.jpg,cd8595a6c7f5bb0f1a69afa929a2dcf8d07a9448e96537a9744e8f38552d4956,manual_verified
263,263分,133,172794,https://www.sceea.cn/Html/202506/Newsdetail_4334.html,https://www.sceea.cn/Upload/image/20250625/20250625183925_4476.jpg,cd8595a6c7f5bb0f1a69afa929a2dcf8d07a9448e96537a9744e8f38552d4956,manual_verified
262,262分,149,172943,https://www.sceea.cn/Html/202506/Newsdetail_4334.html,https://www.sceea.cn/Upload/image/20250625/20250625183925_4476.jpg,cd8595a6c7f5bb0f1a69afa929a2dcf8d07a9448e96537a9744e8f38552d4956,manual_verified
261,261分,148,173091,https://www.sceea.cn/Html/202506/Newsdetail_4334.html,https://www.sceea.cn/Upload/image/20250625/20250625183925_4476.jpg,cd8595a6c7f5bb0f1a69afa929a2dcf8d07a9448e96537a9744e8f38552d4956,manual_verified
260,260分,105,173196,https://www.sceea.cn/Html/202506/Newsdetail_4334.html,https://www.sceea.cn/Upload/image/20250625/20250625183925_4476.jpg,cd8595a6c7f5bb0f1a69afa929a2dcf8d07a9448e96537a9744e8f38552d4956,manual_verified
259,259分,131,173327,https://www.sceea.cn/Html/202506/Newsdetail_4334.html,https://www.sceea.cn/Upload/image/20250625/20250625183925_4476.jpg,cd8595a6c7f5bb0f1a69afa929a2dcf8d07a9448e96537a9744e8f38552d4956,manual_verified
258,258分,115,173442,https://www.sceea.cn/Html/202506/Newsdetail_4334.html,https://www.sceea.cn/Upload/image/20250625/20250625183925_5893.jpg,91a1913ab8dd09a02f4c70bb81591d370d162eabfe1a695deebdf5561c2517fa,manual_verified
257,257分,120,173562,https://www.sceea.cn/Html/202506/Newsdetail_4334.html,https://www.sceea.cn/Upload/image/20250625/20250625183925_5893.jpg,91a1913ab8dd09a02f4c70bb81591d370d162eabfe1a695deebdf5561c2517fa,manual_verified
256,256分,136,173698,https://www.sceea.cn/Html/202506/Newsdetail_4334.html,https://www.sceea.cn/Upload/image/20250625/20250625183925_5893.jpg,91a1913ab8dd09a02f4c70bb81591d370d162eabfe1a695deebdf5561c2517fa,manual_verified
255,255分,109,173807,https://www.sceea.cn/Html/202506/Newsdetail_4334.html,https://www.sceea.cn/Upload/image/20250625/20250625183925_5893.jpg,91a1913ab8dd09a02f4c70bb81591d370d162eabfe1a695deebdf5561c2517fa,manual_verified
254,254分,106,173913,https://www.sceea.cn/Html/202506/Newsdetail_4334.html,https://www.sceea.cn/Upload/image/20250625/20250625183925_5893.jpg,91a1913ab8dd09a02f4c70bb81591d370d162eabfe1a695deebdf5561c2517fa,manual_verified
253,253分,106,174019,https://www.sceea.cn/Html/202506/Newsdetail_4334.html,https://www.sceea.cn/Upload/image/20250625/20250625183925_5893.jpg,91a1913ab8dd09a02f4c70bb81591d370d162eabfe1a695deebdf5561c2517fa,manual_verified
252,252分,122,174141,https://www.sceea.cn/Html/202506/Newsdetail_4334.html,https://www.sceea.cn/Upload/image/20250625/20250625183925_5893.jpg,91a1913ab8dd09a02f4c70bb81591d370d162eabfe1a695deebdf5561c2517fa,manual_verified
251,251分,110,174251,https://www.sceea.cn/Html/202506/Newsdetail_4334.html,https://www.sceea.cn/Upload/image/20250625/20250625183925_5893.jpg,91a1913ab8dd09a02f4c70bb81591d370d162eabfe1a695deebdf5561c2517fa,manual_verified
250,250分,108,174359,https://www.sceea.cn/Html/202506/Newsdetail_4334.html,https://www.sceea.cn/Upload/image/20250625/20250625183925_5893.jpg,91a1913ab8dd09a02f4c70bb81591d370d162eabfe1a695deebdf5561c2517fa,manual_verified
249,249分,91,174450,https://www.sceea.cn/Html/202506/Newsdetail_4334.html,https://www.sceea.cn/Upload/image/20250625/20250625183925_5893.jpg,91a1913ab8dd09a02f4c70bb81591d370d162eabfe1a695deebdf5561c2517fa,manual_verified
248,248分,95,174545,https://www.sceea.cn/Html/202506/Newsdetail_4334.html,https://www.sceea.cn/Upload/image/20250625/20250625183925_5893.jpg,91a1913ab8dd09a02f4c70bb81591d370d162eabfe1a695deebdf5561c2517fa,manual_verified
247,247分,78,174623,https://www.sceea.cn/Html/202506/Newsdetail_4334.html,https://www.sceea.cn/Upload/image/20250625/20250625183925_5893.jpg,91a1913ab8dd09a02f4c70bb81591d370d162eabfe1a695deebdf5561c2517fa,manual_verified
246,246分,104,174727,https://www.sceea.cn/Html/202506/Newsdetail_4334.html,https://www.sceea.cn/Upload/image/20250625/20250625183925_5893.jpg,91a1913ab8dd09a02f4c70bb81591d370d162eabfe1a695deebdf5561c2517fa,manual_verified
245,245分,89,174816,https://www.sceea.cn/Html/202506/Newsdetail_4334.html,https://www.sceea.cn/Upload/image/20250625/20250625183925_5893.jpg,91a1913ab8dd09a02f4c70bb81591d370d162eabfe1a695deebdf5561c2517fa,manual_verified
244,244分,118,174934,https://www.sceea.cn/Html/202506/Newsdetail_4334.html,https://www.sceea.cn/Upload/image/20250625/20250625183925_5893.jpg,91a1913ab8dd09a02f4c70bb81591d370d162eabfe1a695deebdf5561c2517fa,manual_verified
243,243分,95,175029,https://www.sceea.cn/Html/202506/Newsdetail_4334.html,https://www.sceea.cn/Upload/image/20250625/20250625183925_5893.jpg,91a1913ab8dd09a02f4c70bb81591d370d162eabfe1a695deebdf5561c2517fa,manual_verified
242,242分,99,175128,https://www.sceea.cn/Html/202506/Newsdetail_4334.html,https://www.sceea.cn/Upload/image/20250625/20250625183925_5893.jpg,91a1913ab8dd09a02f4c70bb81591d370d162eabfe1a695deebdf5561c2517fa,manual_verified
241,241分,93,175221,https://www.sceea.cn/Html/202506/Newsdetail_4334.html,https://www.sceea.cn/Upload/image/20250625/20250625183925_5893.jpg,91a1913ab8dd09a02f4c70bb81591d370d162eabfe1a695deebdf5561c2517fa,manual_verified
240,240分,90,175311,https://www.sceea.cn/Html/202506/Newsdetail_4334.html,https://www.sceea.cn/Upload/image/20250625/20250625183925_5893.jpg,91a1913ab8dd09a02f4c70bb81591d370d162eabfe1a695deebdf5561c2517fa,manual_verified
239,239分,75,175386,https://www.sceea.cn/Html/202506/Newsdetail_4334.html,https://www.sceea.cn/Upload/image/20250625/20250625183925_5893.jpg,91a1913ab8dd09a02f4c70bb81591d370d162eabfe1a695deebdf5561c2517fa,manual_verified
238,238分,75,175461,https://www.sceea.cn/Html/202506/Newsdetail_4334.html,https://www.sceea.cn/Upload/image/20250625/20250625183925_5893.jpg,91a1913ab8dd09a02f4c70bb81591d370d162eabfe1a695deebdf5561c2517fa,manual_verified
237,237分,81,175542,https://www.sceea.cn/Html/202506/Newsdetail_4334.html,https://www.sceea.cn/Upload/image/20250625/20250625183925_5893.jpg,91a1913ab8dd09a02f4c70bb81591d370d162eabfe1a695deebdf5561c2517fa,manual_verified
236,236分,87,175629,https://www.sceea.cn/Html/202506/Newsdetail_4334.html,https://www.sceea.cn/Upload/image/20250625/20250625183925_5893.jpg,91a1913ab8dd09a02f4c70bb81591d370d162eabfe1a695deebdf5561c2517fa,manual_verified
235,235分,76,175705,https://www.sceea.cn/Html/202506/Newsdetail_4334.html,https://www.sceea.cn/Upload/image/20250625/20250625183925_5893.jpg,91a1913ab8dd09a02f4c70bb81591d370d162eabfe1a695deebdf5561c2517fa,manual_verified
234,234分,55,175760,https://www.sceea.cn/Html/202506/Newsdetail_4334.html,https://www.sceea.cn/Upload/image/20250625/20250625183925_5893.jpg,91a1913ab8dd09a02f4c70bb81591d370d162eabfe1a695deebdf5561c2517fa,manual_verified
233,233分,65,175825,https://www.sceea.cn/Html/202506/Newsdetail_4334.html,https://www.sceea.cn/Upload/image/20250625/20250625183925_5893.jpg,91a1913ab8dd09a02f4c70bb81591d370d162eabfe1a695deebdf5561c2517fa,manual_verified
232,232分,81,175906,https://www.sceea.cn/Html/202506/Newsdetail_4334.html,https://www.sceea.cn/Upload/image/20250625/20250625183925_5893.jpg,91a1913ab8dd09a02f4c70bb81591d370d162eabfe1a695deebdf5561c2517fa,manual_verified
231,231分,77,175983,https://www.sceea.cn/Html/202506/Newsdetail_4334.html,https://www.sceea.cn/Upload/image/20250625/20250625183925_5893.jpg,91a1913ab8dd09a02f4c70bb81591d370d162eabfe1a695deebdf5561c2517fa,manual_verified
230,230分,55,176038,https://www.sceea.cn/Html/202506/Newsdetail_4334.html,https://www.sceea.cn/Upload/image/20250625/20250625183925_5893.jpg,91a1913ab8dd09a02f4c70bb81591d370d162eabfe1a695deebdf5561c2517fa,manual_verified
229,229分,69,176107,https://www.sceea.cn/Html/202506/Newsdetail_4334.html,https://www.sceea.cn/Upload/image/20250625/20250625183925_6974.jpg,509a90396011a653bceb47f1927b24d5522302b4264c69f62dd32dd05fb97096,manual_verified
228,228分,67,176174,https://www.sceea.cn/Html/202506/Newsdetail_4334.html,https://www.sceea.cn/Upload/image/20250625/20250625183925_6974.jpg,509a90396011a653bceb47f1927b24d5522302b4264c69f62dd32dd05fb97096,manual_verified
227,227分,60,176234,https://www.sceea.cn/Html/202506/Newsdetail_4334.html,https://www.sceea.cn/Upload/image/20250625/20250625183925_6974.jpg,509a90396011a653bceb47f1927b24d5522302b4264c69f62dd32dd05fb97096,manual_verified
226,226分,69,176303,https://www.sceea.cn/Html/202506/Newsdetail_4334.html,https://www.sceea.cn/Upload/image/20250625/20250625183925_6974.jpg,509a90396011a653bceb47f1927b24d5522302b4264c69f62dd32dd05fb97096,manual_verified
225,225分,64,176367,https://www.sceea.cn/Html/202506/Newsdetail_4334.html,https://www.sceea.cn/Upload/image/20250625/20250625183925_6974.jpg,509a90396011a653bceb47f1927b24d5522302b4264c69f62dd32dd05fb97096,manual_verified
224,224分,52,176419,https://www.sceea.cn/Html/202506/Newsdetail_4334.html,https://www.sceea.cn/Upload/image/20250625/20250625183925_6974.jpg,509a90396011a653bceb47f1927b24d5522302b4264c69f62dd32dd05fb97096,manual_verified
223,223分,57,176476,https://www.sceea.cn/Html/202506/Newsdetail_4334.html,https://www.sceea.cn/Upload/image/20250625/20250625183925_6974.jpg,509a90396011a653bceb47f1927b24d5522302b4264c69f62dd32dd05fb97096,manual_verified
222,222分,38,176514,https://www.sceea.cn/Html/202506/Newsdetail_4334.html,https://www.sceea.cn/Upload/image/20250625/20250625183925_6974.jpg,509a90396011a653bceb47f1927b24d5522302b4264c69f62dd32dd05fb97096,manual_verified
221,221分,61,176575,https://www.sceea.cn/Html/202506/Newsdetail_4334.html,https://www.sceea.cn/Upload/image/20250625/20250625183925_6974.jpg,509a90396011a653bceb47f1927b24d5522302b4264c69f62dd32dd05fb97096,manual_verified
220,220分,44,176619,https://www.sceea.cn/Html/202506/Newsdetail_4334.html,https://www.sceea.cn/Upload/image/20250625/20250625183925_6974.jpg,509a90396011a653bceb47f1927b24d5522302b4264c69f62dd32dd05fb97096,manual_verified
219,219分,53,176672,https://www.sceea.cn/Html/202506/Newsdetail_4334.html,https://www.sceea.cn/Upload/image/20250625/20250625183925_6974.jpg,509a90396011a653bceb47f1927b24d5522302b4264c69f62dd32dd05fb97096,manual_verified
218,218分,45,176717,https://www.sceea.cn/Html/202506/Newsdetail_4334.html,https://www.sceea.cn/Upload/image/20250625/20250625183925_6974.jpg,509a90396011a653bceb47f1927b24d5522302b4264c69f62dd32dd05fb97096,manual_verified
217,217分,52,176769,https://www.sceea.cn/Html/202506/Newsdetail_4334.html,https://www.sceea.cn/Upload/image/20250625/20250625183925_6974.jpg,509a90396011a653bceb47f1927b24d5522302b4264c69f62dd32dd05fb97096,manual_verified
216,216分,47,176816,https://www.sceea.cn/Html/202506/Newsdetail_4334.html,https://www.sceea.cn/Upload/image/20250625/20250625183925_6974.jpg,509a90396011a653bceb47f1927b24d5522302b4264c69f62dd32dd05fb97096,manual_verified
215,215分,52,176868,https://www.sceea.cn/Html/202506/Newsdetail_4334.html,https://www.sceea.cn/Upload/image/20250625/20250625183925_6974.jpg,509a90396011a653bceb47f1927b24d5522302b4264c69f62dd32dd05fb97096,manual_verified
214,214分,41,176909,https://www.sceea.cn/Html/202506/Newsdetail_4334.html,https://www.sceea.cn/Upload/image/20250625/20250625183925_6974.jpg,509a90396011a653bceb47f1927b24d5522302b4264c69f62dd32dd05fb97096,manual_verified
213,213分,40,176949,https://www.sceea.cn/Html/202506/Newsdetail_4334.html,https://www.sceea.cn/Upload/image/20250625/20250625183925_6974.jpg,509a90396011a653bceb47f1927b24d5522302b4264c69f62dd32dd05fb97096,manual_verified
212,212分,30,176979,https://www.sceea.cn/Html/202506/Newsdetail_4334.html,https://www.sceea.cn/Upload/image/20250625/20250625183925_6974.jpg,509a90396011a653bceb47f1927b24d5522302b4264c69f62dd32dd05fb97096,manual_verified
211,211分,36,177015,https://www.sceea.cn/Html/202506/Newsdetail_4334.html,https://www.sceea.cn/Upload/image/20250625/20250625183925_6974.jpg,509a90396011a653bceb47f1927b24d5522302b4264c69f62dd32dd05fb97096,manual_verified
210,210分,33,177048,https://www.sceea.cn/Html/202506/Newsdetail_4334.html,https://www.sceea.cn/Upload/image/20250625/20250625183925_6974.jpg,509a90396011a653bceb47f1927b24d5522302b4264c69f62dd32dd05fb97096,manual_verified
209,209分,36,177084,https://www.sceea.cn/Html/202506/Newsdetail_4334.html,https://www.sceea.cn/Upload/image/20250625/20250625183925_6974.jpg,509a90396011a653bceb47f1927b24d5522302b4264c69f62dd32dd05fb97096,manual_verified
208,208分,43,177127,https://www.sceea.cn/Html/202506/Newsdetail_4334.html,https://www.sceea.cn/Upload/image/20250625/20250625183925_6974.jpg,509a90396011a653bceb47f1927b24d5522302b4264c69f62dd32dd05fb97096,manual_verified
207,207分,33,177160,https://www.sceea.cn/Html/202506/Newsdetail_4334.html,https://www.sceea.cn/Upload/image/20250625/20250625183925_6974.jpg,509a90396011a653bceb47f1927b24d5522302b4264c69f62dd32dd05fb97096,manual_verified
206,206分,39,177199,https://www.sceea.cn/Html/202506/Newsdetail_4334.html,https://www.sceea.cn/Upload/image/20250625/20250625183925_6974.jpg,509a90396011a653bceb47f1927b24d5522302b4264c69f62dd32dd05fb97096,manual_verified
205,205分,28,177227,https://www.sceea.cn/Html/202506/Newsdetail_4334.html,https://www.sceea.cn/Upload/image/20250625/20250625183925_6974.jpg,509a90396011a653bceb47f1927b24d5522302b4264c69f62dd32dd05fb97096,manual_verified
204,204分,22,177249,https://www.sceea.cn/Html/202506/Newsdetail_4334.html,https://www.sceea.cn/Upload/image/20250625/20250625183925_6974.jpg,509a90396011a653bceb47f1927b24d5522302b4264c69f62dd32dd05fb97096,manual_verified
203,203分,32,177281,https://www.sceea.cn/Html/202506/Newsdetail_4334.html,https://www.sceea.cn/Upload/image/20250625/20250625183925_6974.jpg,509a90396011a653bceb47f1927b24d5522302b4264c69f62dd32dd05fb97096,manual_verified
202,202分,24,177305,https://www.sceea.cn/Html/202506/Newsdetail_4334.html,https://www.sceea.cn/Upload/image/20250625/20250625183925_6974.jpg,509a90396011a653bceb47f1927b24d5522302b4264c69f62dd32dd05fb97096,manual_verified
201,201分,24,177329,https://www.sceea.cn/Html/202506/Newsdetail_4334.html,https://www.sceea.cn/Upload/image/20250625/20250625183925_6974.jpg,509a90396011a653bceb47f1927b24d5522302b4264c69f62dd32dd05fb97096,manual_verified
200,200分,20,177349,https://www.sceea.cn/Html/202506/Newsdetail_4334.html,https://www.sceea.cn/Upload/image/20250625/20250625183925_8686.jpg,a549fe1064c95ea801ced4377ba8a3bdcf5c581db075768113b5ab65f1d46fef,manual_verified
199,199分,14,177363,https://www.sceea.cn/Html/202506/Newsdetail_4334.html,https://www.sceea.cn/Upload/image/20250625/20250625183925_8686.jpg,a549fe1064c95ea801ced4377ba8a3bdcf5c581db075768113b5ab65f1d46fef,manual_verified
198,198分,19,177382,https://www.sceea.cn/Html/202506/Newsdetail_4334.html,https://www.sceea.cn/Upload/image/20250625/20250625183925_8686.jpg,a549fe1064c95ea801ced4377ba8a3bdcf5c581db075768113b5ab65f1d46fef,manual_verified
197,197分,25,177407,https://www.sceea.cn/Html/202506/Newsdetail_4334.html,https://www.sceea.cn/Upload/image/20250625/20250625183925_8686.jpg,a549fe1064c95ea801ced4377ba8a3bdcf5c581db075768113b5ab65f1d46fef,manual_verified
196,196分,20,177427,https://www.sceea.cn/Html/202506/Newsdetail_4334.html,https://www.sceea.cn/Upload/image/20250625/20250625183925_8686.jpg,a549fe1064c95ea801ced4377ba8a3bdcf5c581db075768113b5ab65f1d46fef,manual_verified
195,195分,24,177451,https://www.sceea.cn/Html/202506/Newsdetail_4334.html,https://www.sceea.cn/Upload/image/20250625/20250625183925_8686.jpg,a549fe1064c95ea801ced4377ba8a3bdcf5c581db075768113b5ab65f1d46fef,manual_verified
194,194分,26,177477,https://www.sceea.cn/Html/202506/Newsdetail_4334.html,https://www.sceea.cn/Upload/image/20250625/20250625183925_8686.jpg,a549fe1064c95ea801ced4377ba8a3bdcf5c581db075768113b5ab65f1d46fef,manual_verified
193,193分,23,177500,https://www.sceea.cn/Html/202506/Newsdetail_4334.html,https://www.sceea.cn/Upload/image/20250625/20250625183925_8686.jpg,a549fe1064c95ea801ced4377ba8a3bdcf5c581db075768113b5ab65f1d46fef,manual_verified
192,192分,19,177519,https://www.sceea.cn/Html/202506/Newsdetail_4334.html,https://www.sceea.cn/Upload/image/20250625/20250625183925_8686.jpg,a549fe1064c95ea801ced4377ba8a3bdcf5c581db075768113b5ab65f1d46fef,manual_verified
191,191分,31,177550,https://www.sceea.cn/Html/202506/Newsdetail_4334.html,https://www.sceea.cn/Upload/image/20250625/20250625183925_8686.jpg,a549fe1064c95ea801ced4377ba8a3bdcf5c581db075768113b5ab65f1d46fef,manual_verified
190,190分,12,177562,https://www.sceea.cn/Html/202506/Newsdetail_4334.html,https://www.sceea.cn/Upload/image/20250625/20250625183925_8686.jpg,a549fe1064c95ea801ced4377ba8a3bdcf5c581db075768113b5ab65f1d46fef,manual_verified
189,189分,16,177578,https://www.sceea.cn/Html/202506/Newsdetail_4334.html,https://www.sceea.cn/Upload/image/20250625/20250625183925_8686.jpg,a549fe1064c95ea801ced4377ba8a3bdcf5c581db075768113b5ab65f1d46fef,manual_verified
188,188分,17,177595,https://www.sceea.cn/Html/202506/Newsdetail_4334.html,https://www.sceea.cn/Upload/image/20250625/20250625183925_8686.jpg,a549fe1064c95ea801ced4377ba8a3bdcf5c581db075768113b5ab65f1d46fef,manual_verified
187,187分,20,177615,https://www.sceea.cn/Html/202506/Newsdetail_4334.html,https://www.sceea.cn/Upload/image/20250625/20250625183925_8686.jpg,a549fe1064c95ea801ced4377ba8a3bdcf5c581db075768113b5ab65f1d46fef,manual_verified
186,186分,14,177629,https://www.sceea.cn/Html/202506/Newsdetail_4334.html,https://www.sceea.cn/Upload/image/20250625/20250625183925_8686.jpg,a549fe1064c95ea801ced4377ba8a3bdcf5c581db075768113b5ab65f1d46fef,manual_verified
185,185分,16,177645,https://www.sceea.cn/Html/202506/Newsdetail_4334.html,https://www.sceea.cn/Upload/image/20250625/20250625183925_8686.jpg,a549fe1064c95ea801ced4377ba8a3bdcf5c581db075768113b5ab65f1d46fef,manual_verified
184,184分,15,177660,https://www.sceea.cn/Html/202506/Newsdetail_4334.html,https://www.sceea.cn/Upload/image/20250625/20250625183925_8686.jpg,a549fe1064c95ea801ced4377ba8a3bdcf5c581db075768113b5ab65f1d46fef,manual_verified
183,183分,14,177674,https://www.sceea.cn/Html/202506/Newsdetail_4334.html,https://www.sceea.cn/Upload/image/20250625/20250625183925_8686.jpg,a549fe1064c95ea801ced4377ba8a3bdcf5c581db075768113b5ab65f1d46fef,manual_verified
182,182分,19,177693,https://www.sceea.cn/Html/202506/Newsdetail_4334.html,https://www.sceea.cn/Upload/image/20250625/20250625183925_8686.jpg,a549fe1064c95ea801ced4377ba8a3bdcf5c581db075768113b5ab65f1d46fef,manual_verified
181,181分,14,177707,https://www.sceea.cn/Html/202506/Newsdetail_4334.html,https://www.sceea.cn/Upload/image/20250625/20250625183925_8686.jpg,a549fe1064c95ea801ced4377ba8a3bdcf5c581db075768113b5ab65f1d46fef,manual_verified
180,180分,16,177723,https://www.sceea.cn/Html/202506/Newsdetail_4334.html,https://www.sceea.cn/Upload/image/20250625/20250625183925_8686.jpg,a549fe1064c95ea801ced4377ba8a3bdcf5c581db075768113b5ab65f1d46fef,manual_verified
179,179分,6,177729,https://www.sceea.cn/Html/202506/Newsdetail_4334.html,https://www.sceea.cn/Upload/image/20250625/20250625183925_8686.jpg,a549fe1064c95ea801ced4377ba8a3bdcf5c581db075768113b5ab65f1d46fef,manual_verified
178,178分,20,177749,https://www.sceea.cn/Html/202506/Newsdetail_4334.html,https://www.sceea.cn/Upload/image/20250625/20250625183925_8686.jpg,a549fe1064c95ea801ced4377ba8a3bdcf5c581db075768113b5ab65f1d46fef,manual_verified
177,177分,12,177761,https://www.sceea.cn/Html/202506/Newsdetail_4334.html,https://www.sceea.cn/Upload/image/20250625/20250625183925_8686.jpg,a549fe1064c95ea801ced4377ba8a3bdcf5c581db075768113b5ab65f1d46fef,manual_verified
176,176分,9,177770,https://www.sceea.cn/Html/202506/Newsdetail_4334.html,https://www.sceea.cn/Upload/image/20250625/20250625183925_8686.jpg,a549fe1064c95ea801ced4377ba8a3bdcf5c581db075768113b5ab65f1d46fef,manual_verified
175,175分,10,177780,https://www.sceea.cn/Html/202506/Newsdetail_4334.html,https://www.sceea.cn/Upload/image/20250625/20250625183925_8686.jpg,a549fe1064c95ea801ced4377ba8a3bdcf5c581db075768113b5ab65f1d46fef,manual_verified
174,174分,14,177794,https://www.sceea.cn/Html/202506/Newsdetail_4334.html,https://www.sceea.cn/Upload/image/20250625/20250625183925_8686.jpg,a549fe1064c95ea801ced4377ba8a3bdcf5c581db075768113b5ab65f1d46fef,manual_verified
173,173分,7,177801,https://www.sceea.cn/Html/202506/Newsdetail_4334.html,https://www.sceea.cn/Upload/image/20250625/20250625183925_8686.jpg,a549fe1064c95ea801ced4377ba8a3bdcf5c581db075768113b5ab65f1d46fef,manual_verified
172,172分,9,177810,https://www.sceea.cn/Html/202506/Newsdetail_4334.html,https://www.sceea.cn/Upload/image/20250625/20250625183925_8686.jpg,a549fe1064c95ea801ced4377ba8a3bdcf5c581db075768113b5ab65f1d46fef,manual_verified
171,171分,10,177820,https://www.sceea.cn/Html/202506/Newsdetail_4334.html,https://www.sceea.cn/Upload/image/20250625/20250625183926_0811.jpg,7282ee78249df5a2d1dee33157ebe9cd5c18747660f745bd4c9ed86620d974f5,manual_verified
170,170分,6,177826,https://www.sceea.cn/Html/202506/Newsdetail_4334.html,https://www.sceea.cn/Upload/image/20250625/20250625183926_0811.jpg,7282ee78249df5a2d1dee33157ebe9cd5c18747660f745bd4c9ed86620d974f5,manual_verified
169,169分,4,177830,https://www.sceea.cn/Html/202506/Newsdetail_4334.html,https://www.sceea.cn/Upload/image/20250625/20250625183926_0811.jpg,7282ee78249df5a2d1dee33157ebe9cd5c18747660f745bd4c9ed86620d974f5,manual_verified
168,168分,9,177839,https://www.sceea.cn/Html/202506/Newsdetail_4334.html,https://www.sceea.cn/Upload/image/20250625/20250625183926_0811.jpg,7282ee78249df5a2d1dee33157ebe9cd5c18747660f745bd4c9ed86620d974f5,manual_verified
167,167分,10,177849,https://www.sceea.cn/Html/202506/Newsdetail_4334.html,https://www.sceea.cn/Upload/image/20250625/20250625183926_0811.jpg,7282ee78249df5a2d1dee33157ebe9cd5c18747660f745bd4c9ed86620d974f5,manual_verified
166,166分,6,177855,https://www.sceea.cn/Html/202506/Newsdetail_4334.html,https://www.sceea.cn/Upload/image/20250625/20250625183926_0811.jpg,7282ee78249df5a2d1dee33157ebe9cd5c18747660f745bd4c9ed86620d974f5,manual_verified
165,165分,4,177859,https://www.sceea.cn/Html/202506/Newsdetail_4334.html,https://www.sceea.cn/Upload/image/20250625/20250625183926_0811.jpg,7282ee78249df5a2d1dee33157ebe9cd5c18747660f745bd4c9ed86620d974f5,manual_verified
164,164分,13,177872,https://www.sceea.cn/Html/202506/Newsdetail_4334.html,https://www.sceea.cn/Upload/image/20250625/20250625183926_0811.jpg,7282ee78249df5a2d1dee33157ebe9cd5c18747660f745bd4c9ed86620d974f5,manual_verified
163,163分,9,177881,https://www.sceea.cn/Html/202506/Newsdetail_4334.html,https://www.sceea.cn/Upload/image/20250625/20250625183926_0811.jpg,7282ee78249df5a2d1dee33157ebe9cd5c18747660f745bd4c9ed86620d974f5,manual_verified
162,162分,11,177892,https://www.sceea.cn/Html/202506/Newsdetail_4334.html,https://www.sceea.cn/Upload/image/20250625/20250625183926_0811.jpg,7282ee78249df5a2d1dee33157ebe9cd5c18747660f745bd4c9ed86620d974f5,manual_verified
161,161分,9,177901,https://www.sceea.cn/Html/202506/Newsdetail_4334.html,https://www.sceea.cn/Upload/image/20250625/20250625183926_0811.jpg,7282ee78249df5a2d1dee33157ebe9cd5c18747660f745bd4c9ed86620d974f5,manual_verified
160,160分,8,177909,https://www.sceea.cn/Html/202506/Newsdetail_4334.html,https://www.sceea.cn/Upload/image/20250625/20250625183926_0811.jpg,7282ee78249df5a2d1dee33157ebe9cd5c18747660f745bd4c9ed86620d974f5,manual_verified
159,159分,10,177919,https://www.sceea.cn/Html/202506/Newsdetail_4334.html,https://www.sceea.cn/Upload/image/20250625/20250625183926_0811.jpg,7282ee78249df5a2d1dee33157ebe9cd5c18747660f745bd4c9ed86620d974f5,manual_verified
158,158分,2,177921,https://www.sceea.cn/Html/202506/Newsdetail_4334.html,https://www.sceea.cn/Upload/image/20250625/20250625183926_0811.jpg,7282ee78249df5a2d1dee33157ebe9cd5c18747660f745bd4c9ed86620d974f5,manual_verified
157,157分,6,177927,https://www.sceea.cn/Html/202506/Newsdetail_4334.html,https://www.sceea.cn/Upload/image/20250625/20250625183926_0811.jpg,7282ee78249df5a2d1dee33157ebe9cd5c18747660f745bd4c9ed86620d974f5,manual_verified
156,156分,7,177934,https://www.sceea.cn/Html/202506/Newsdetail_4334.html,https://www.sceea.cn/Upload/image/20250625/20250625183926_0811.jpg,7282ee78249df5a2d1dee33157ebe9cd5c18747660f745bd4c9ed86620d974f5,manual_verified
155,155分,4,177938,https://www.sceea.cn/Html/202506/Newsdetail_4334.html,https://www.sceea.cn/Upload/image/20250625/20250625183926_0811.jpg,7282ee78249df5a2d1dee33157ebe9cd5c18747660f745bd4c9ed86620d974f5,manual_verified
154,154分,12,177950,https://www.sceea.cn/Html/202506/Newsdetail_4334.html,https://www.sceea.cn/Upload/image/20250625/20250625183926_0811.jpg,7282ee78249df5a2d1dee33157ebe9cd5c18747660f745bd4c9ed86620d974f5,manual_verified
153,153分,9,177959,https://www.sceea.cn/Html/202506/Newsdetail_4334.html,https://www.sceea.cn/Upload/image/20250625/20250625183926_0811.jpg,7282ee78249df5a2d1dee33157ebe9cd5c18747660f745bd4c9ed86620d974f5,manual_verified
152,152分,8,177967,https://www.sceea.cn/Html/202506/Newsdetail_4334.html,https://www.sceea.cn/Upload/image/20250625/20250625183926_0811.jpg,7282ee78249df5a2d1dee33157ebe9cd5c18747660f745bd4c9ed86620d974f5,manual_verified
151,151分,8,177975,https://www.sceea.cn/Html/202506/Newsdetail_4334.html,https://www.sceea.cn/Upload/image/20250625/20250625183926_0811.jpg,7282ee78249df5a2d1dee33157ebe9cd5c18747660f745bd4c9ed86620d974f5,manual_verified
150,150分,3,177978,https://www.sceea.cn/Html/202506/Newsdetail_4334.html,https://www.sceea.cn/Upload/image/20250625/20250625183926_0811.jpg,7282ee78249df5a2d1dee33157ebe9cd5c18747660f745bd4c9ed86620d974f5,manual_verified
