score,scoreLabel,segmentCount,cumulativeCount,sourcePageUrl,sourceUrl,sourceHash,sourceLevel
691,691分,8,68,https://www.sceea.cn/Html/202506/Newsdetail_4335.html,https://www.sceea.cn/Upload/image/20250625/20250625184111_2608.jpg,dcd1f665f46b6f95014eb048ca8e71cffe3ca92e4d458f097306b6f04e10b571,manual_verified
690,690分,12,80,https://www.sceea.cn/Html/202506/Newsdetail_4335.html,https://www.sceea.cn/Upload/image/20250625/20250625184111_2608.jpg,dcd1f665f46b6f95014eb048ca8e71cffe3ca92e4d458f097306b6f04e10b571,manual_verified
689,689分,8,88,https://www.sceea.cn/Html/202506/Newsdetail_4335.html,https://www.sceea.cn/Upload/image/20250625/20250625184111_2608.jpg,dcd1f665f46b6f95014eb048ca8e71cffe3ca92e4d458f097306b6f04e10b571,manual_verified
688,688分,9,97,https://www.sceea.cn/Html/202506/Newsdetail_4335.html,https://www.sceea.cn/Upload/image/20250625/20250625184111_2608.jpg,dcd1f665f46b6f95014eb048ca8e71cffe3ca92e4d458f097306b6f04e10b571,manual_verified
687,687分,12,109,https://www.sceea.cn/Html/202506/Newsdetail_4335.html,https://www.sceea.cn/Upload/image/20250625/20250625184111_2608.jpg,dcd1f665f46b6f95014eb048ca8e71cffe3ca92e4d458f097306b6f04e10b571,manual_verified
686,686分,12,121,https://www.sceea.cn/Html/202506/Newsdetail_4335.html,https://www.sceea.cn/Upload/image/20250625/20250625184111_2608.jpg,dcd1f665f46b6f95014eb048ca8e71cffe3ca92e4d458f097306b6f04e10b571,manual_verified
685,685分,24,145,https://www.sceea.cn/Html/202506/Newsdetail_4335.html,https://www.sceea.cn/Upload/image/20250625/20250625184111_2608.jpg,dcd1f665f46b6f95014eb048ca8e71cffe3ca92e4d458f097306b6f04e10b571,manual_verified
684,684分,19,164,https://www.sceea.cn/Html/202506/Newsdetail_4335.html,https://www.sceea.cn/Upload/image/20250625/20250625184111_2608.jpg,dcd1f665f46b6f95014eb048ca8e71cffe3ca92e4d458f097306b6f04e10b571,manual_verified
683,683分,22,186,https://www.sceea.cn/Html/202506/Newsdetail_4335.html,https://www.sceea.cn/Upload/image/20250625/20250625184111_2608.jpg,dcd1f665f46b6f95014eb048ca8e71cffe3ca92e4d458f097306b6f04e10b571,manual_verified
682,682分,26,212,https://www.sceea.cn/Html/202506/Newsdetail_4335.html,https://www.sceea.cn/Upload/image/20250625/20250625184111_2608.jpg,dcd1f665f46b6f95014eb048ca8e71cffe3ca92e4d458f097306b6f04e10b571,manual_verified
681,681分,24,236,https://www.sceea.cn/Html/202506/Newsdetail_4335.html,https://www.sceea.cn/Upload/image/20250625/20250625184111_2608.jpg,dcd1f665f46b6f95014eb048ca8e71cffe3ca92e4d458f097306b6f04e10b571,manual_verified
680,680分,31,267,https://www.sceea.cn/Html/202506/Newsdetail_4335.html,https://www.sceea.cn/Upload/image/20250625/20250625184111_2608.jpg,dcd1f665f46b6f95014eb048ca8e71cffe3ca92e4d458f097306b6f04e10b571,manual_verified
679,679分,39,306,https://www.sceea.cn/Html/202506/Newsdetail_4335.html,https://www.sceea.cn/Upload/image/20250625/20250625184111_2608.jpg,dcd1f665f46b6f95014eb048ca8e71cffe3ca92e4d458f097306b6f04e10b571,manual_verified
678,678分,49,355,https://www.sceea.cn/Html/202506/Newsdetail_4335.html,https://www.sceea.cn/Upload/image/20250625/20250625184111_2608.jpg,dcd1f665f46b6f95014eb048ca8e71cffe3ca92e4d458f097306b6f04e10b571,manual_verified
677,677分,36,391,https://www.sceea.cn/Html/202506/Newsdetail_4335.html,https://www.sceea.cn/Upload/image/20250625/20250625184111_2608.jpg,dcd1f665f46b6f95014eb048ca8e71cffe3ca92e4d458f097306b6f04e10b571,manual_verified
676,676分,45,436,https://www.sceea.cn/Html/202506/Newsdetail_4335.html,https://www.sceea.cn/Upload/image/20250625/20250625184111_2608.jpg,dcd1f665f46b6f95014eb048ca8e71cffe3ca92e4d458f097306b6f04e10b571,manual_verified
675,675分,53,489,https://www.sceea.cn/Html/202506/Newsdetail_4335.html,https://www.sceea.cn/Upload/image/20250625/20250625184111_2608.jpg,dcd1f665f46b6f95014eb048ca8e71cffe3ca92e4d458f097306b6f04e10b571,manual_verified
674,674分,65,554,https://www.sceea.cn/Html/202506/Newsdetail_4335.html,https://www.sceea.cn/Upload/image/20250625/20250625184111_2608.jpg,dcd1f665f46b6f95014eb048ca8e71cffe3ca92e4d458f097306b6f04e10b571,manual_verified
673,673分,69,623,https://www.sceea.cn/Html/202506/Newsdetail_4335.html,https://www.sceea.cn/Upload/image/20250625/20250625184111_2608.jpg,dcd1f665f46b6f95014eb048ca8e71cffe3ca92e4d458f097306b6f04e10b571,manual_verified
672,672分,67,690,https://www.sceea.cn/Html/202506/Newsdetail_4335.html,https://www.sceea.cn/Upload/image/20250625/20250625184111_2608.jpg,dcd1f665f46b6f95014eb048ca8e71cffe3ca92e4d458f097306b6f04e10b571,manual_verified
671,671分,57,747,https://www.sceea.cn/Html/202506/Newsdetail_4335.html,https://www.sceea.cn/Upload/image/20250625/20250625184111_2608.jpg,dcd1f665f46b6f95014eb048ca8e71cffe3ca92e4d458f097306b6f04e10b571,manual_verified
670,670分,77,824,https://www.sceea.cn/Html/202506/Newsdetail_4335.html,https://www.sceea.cn/Upload/image/20250625/20250625184111_2608.jpg,dcd1f665f46b6f95014eb048ca8e71cffe3ca92e4d458f097306b6f04e10b571,manual_verified
669,669分,82,906,https://www.sceea.cn/Html/202506/Newsdetail_4335.html,https://www.sceea.cn/Upload/image/20250625/20250625184111_2608.jpg,dcd1f665f46b6f95014eb048ca8e71cffe3ca92e4d458f097306b6f04e10b571,manual_verified
668,668分,88,994,https://www.sceea.cn/Html/202506/Newsdetail_4335.html,https://www.sceea.cn/Upload/image/20250625/20250625184111_2608.jpg,dcd1f665f46b6f95014eb048ca8e71cffe3ca92e4d458f097306b6f04e10b571,manual_verified
667,667分,89,1083,https://www.sceea.cn/Html/202506/Newsdetail_4335.html,https://www.sceea.cn/Upload/image/20250625/20250625184111_2608.jpg,dcd1f665f46b6f95014eb048ca8e71cffe3ca92e4d458f097306b6f04e10b571,manual_verified
666,666分,79,1162,https://www.sceea.cn/Html/202506/Newsdetail_4335.html,https://www.sceea.cn/Upload/image/20250625/20250625184111_2608.jpg,dcd1f665f46b6f95014eb048ca8e71cffe3ca92e4d458f097306b6f04e10b571,manual_verified
665,665分,114,1276,https://www.sceea.cn/Html/202506/Newsdetail_4335.html,https://www.sceea.cn/Upload/image/20250625/20250625184111_2608.jpg,dcd1f665f46b6f95014eb048ca8e71cffe3ca92e4d458f097306b6f04e10b571,manual_verified
664,664分,107,1383,https://www.sceea.cn/Html/202506/Newsdetail_4335.html,https://www.sceea.cn/Upload/image/20250625/20250625184111_2608.jpg,dcd1f665f46b6f95014eb048ca8e71cffe3ca92e4d458f097306b6f04e10b571,manual_verified
663,663分,117,1500,https://www.sceea.cn/Html/202506/Newsdetail_4335.html,https://www.sceea.cn/Upload/image/20250625/20250625184111_4725.jpg,8ce92c7513c18405781e9e1465493f8420f93adf0b705f0eb3e19666dbd9a314,manual_verified
662,662分,122,1622,https://www.sceea.cn/Html/202506/Newsdetail_4335.html,https://www.sceea.cn/Upload/image/20250625/20250625184111_4725.jpg,8ce92c7513c18405781e9e1465493f8420f93adf0b705f0eb3e19666dbd9a314,manual_verified
661,661分,87,1709,https://www.sceea.cn/Html/202506/Newsdetail_4335.html,https://www.sceea.cn/Upload/image/20250625/20250625184111_4725.jpg,8ce92c7513c18405781e9e1465493f8420f93adf0b705f0eb3e19666dbd9a314,manual_verified
660,660分,125,1834,https://www.sceea.cn/Html/202506/Newsdetail_4335.html,https://www.sceea.cn/Upload/image/20250625/20250625184111_4725.jpg,8ce92c7513c18405781e9e1465493f8420f93adf0b705f0eb3e19666dbd9a314,manual_verified
659,659分,138,1972,https://www.sceea.cn/Html/202506/Newsdetail_4335.html,https://www.sceea.cn/Upload/image/20250625/20250625184111_4725.jpg,8ce92c7513c18405781e9e1465493f8420f93adf0b705f0eb3e19666dbd9a314,manual_verified
658,658分,146,2118,https://www.sceea.cn/Html/202506/Newsdetail_4335.html,https://www.sceea.cn/Upload/image/20250625/20250625184111_4725.jpg,8ce92c7513c18405781e9e1465493f8420f93adf0b705f0eb3e19666dbd9a314,manual_verified
657,657分,121,2239,https://www.sceea.cn/Html/202506/Newsdetail_4335.html,https://www.sceea.cn/Upload/image/20250625/20250625184111_4725.jpg,8ce92c7513c18405781e9e1465493f8420f93adf0b705f0eb3e19666dbd9a314,manual_verified
656,656分,146,2385,https://www.sceea.cn/Html/202506/Newsdetail_4335.html,https://www.sceea.cn/Upload/image/20250625/20250625184111_4725.jpg,8ce92c7513c18405781e9e1465493f8420f93adf0b705f0eb3e19666dbd9a314,manual_verified
655,655分,137,2522,https://www.sceea.cn/Html/202506/Newsdetail_4335.html,https://www.sceea.cn/Upload/image/20250625/20250625184111_4725.jpg,8ce92c7513c18405781e9e1465493f8420f93adf0b705f0eb3e19666dbd9a314,manual_verified
654,654分,159,2681,https://www.sceea.cn/Html/202506/Newsdetail_4335.html,https://www.sceea.cn/Upload/image/20250625/20250625184111_4725.jpg,8ce92c7513c18405781e9e1465493f8420f93adf0b705f0eb3e19666dbd9a314,manual_verified
653,653分,170,2851,https://www.sceea.cn/Html/202506/Newsdetail_4335.html,https://www.sceea.cn/Upload/image/20250625/20250625184111_4725.jpg,8ce92c7513c18405781e9e1465493f8420f93adf0b705f0eb3e19666dbd9a314,manual_verified
652,652分,173,3024,https://www.sceea.cn/Html/202506/Newsdetail_4335.html,https://www.sceea.cn/Upload/image/20250625/20250625184111_4725.jpg,8ce92c7513c18405781e9e1465493f8420f93adf0b705f0eb3e19666dbd9a314,manual_verified
651,651分,188,3212,https://www.sceea.cn/Html/202506/Newsdetail_4335.html,https://www.sceea.cn/Upload/image/20250625/20250625184111_4725.jpg,8ce92c7513c18405781e9e1465493f8420f93adf0b705f0eb3e19666dbd9a314,manual_verified
650,650分,201,3413,https://www.sceea.cn/Html/202506/Newsdetail_4335.html,https://www.sceea.cn/Upload/image/20250625/20250625184111_4725.jpg,8ce92c7513c18405781e9e1465493f8420f93adf0b705f0eb3e19666dbd9a314,manual_verified
649,649分,223,3636,https://www.sceea.cn/Html/202506/Newsdetail_4335.html,https://www.sceea.cn/Upload/image/20250625/20250625184111_4725.jpg,8ce92c7513c18405781e9e1465493f8420f93adf0b705f0eb3e19666dbd9a314,manual_verified
648,648分,231,3867,https://www.sceea.cn/Html/202506/Newsdetail_4335.html,https://www.sceea.cn/Upload/image/20250625/20250625184111_4725.jpg,8ce92c7513c18405781e9e1465493f8420f93adf0b705f0eb3e19666dbd9a314,manual_verified
647,647分,235,4102,https://www.sceea.cn/Html/202506/Newsdetail_4335.html,https://www.sceea.cn/Upload/image/20250625/20250625184111_4725.jpg,8ce92c7513c18405781e9e1465493f8420f93adf0b705f0eb3e19666dbd9a314,manual_verified
646,646分,204,4306,https://www.sceea.cn/Html/202506/Newsdetail_4335.html,https://www.sceea.cn/Upload/image/20250625/20250625184111_4725.jpg,8ce92c7513c18405781e9e1465493f8420f93adf0b705f0eb3e19666dbd9a314,manual_verified
645,645分,221,4527,https://www.sceea.cn/Html/202506/Newsdetail_4335.html,https://www.sceea.cn/Upload/image/20250625/20250625184111_4725.jpg,8ce92c7513c18405781e9e1465493f8420f93adf0b705f0eb3e19666dbd9a314,manual_verified
644,644分,218,4745,https://www.sceea.cn/Html/202506/Newsdetail_4335.html,https://www.sceea.cn/Upload/image/20250625/20250625184111_4725.jpg,8ce92c7513c18405781e9e1465493f8420f93adf0b705f0eb3e19666dbd9a314,manual_verified
643,643分,234,4979,https://www.sceea.cn/Html/202506/Newsdetail_4335.html,https://www.sceea.cn/Upload/image/20250625/20250625184111_4725.jpg,8ce92c7513c18405781e9e1465493f8420f93adf0b705f0eb3e19666dbd9a314,manual_verified
642,642分,291,5270,https://www.sceea.cn/Html/202506/Newsdetail_4335.html,https://www.sceea.cn/Upload/image/20250625/20250625184111_4725.jpg,8ce92c7513c18405781e9e1465493f8420f93adf0b705f0eb3e19666dbd9a314,manual_verified
641,641分,261,5531,https://www.sceea.cn/Html/202506/Newsdetail_4335.html,https://www.sceea.cn/Upload/image/20250625/20250625184111_4725.jpg,8ce92c7513c18405781e9e1465493f8420f93adf0b705f0eb3e19666dbd9a314,manual_verified
640,640分,265,5796,https://www.sceea.cn/Html/202506/Newsdetail_4335.html,https://www.sceea.cn/Upload/image/20250625/20250625184111_4725.jpg,8ce92c7513c18405781e9e1465493f8420f93adf0b705f0eb3e19666dbd9a314,manual_verified
639,639分,287,6083,https://www.sceea.cn/Html/202506/Newsdetail_4335.html,https://www.sceea.cn/Upload/image/20250625/20250625184111_4725.jpg,8ce92c7513c18405781e9e1465493f8420f93adf0b705f0eb3e19666dbd9a314,manual_verified
638,638分,315,6398,https://www.sceea.cn/Html/202506/Newsdetail_4335.html,https://www.sceea.cn/Upload/image/20250625/20250625184111_4725.jpg,8ce92c7513c18405781e9e1465493f8420f93adf0b705f0eb3e19666dbd9a314,manual_verified
637,637分,290,6688,https://www.sceea.cn/Html/202506/Newsdetail_4335.html,https://www.sceea.cn/Upload/image/20250625/20250625184111_4725.jpg,8ce92c7513c18405781e9e1465493f8420f93adf0b705f0eb3e19666dbd9a314,manual_verified
636,636分,304,6992,https://www.sceea.cn/Html/202506/Newsdetail_4335.html,https://www.sceea.cn/Upload/image/20250625/20250625184111_4725.jpg,8ce92c7513c18405781e9e1465493f8420f93adf0b705f0eb3e19666dbd9a314,manual_verified
635,635分,281,7273,https://www.sceea.cn/Html/202506/Newsdetail_4335.html,https://www.sceea.cn/Upload/image/20250625/20250625184111_4725.jpg,8ce92c7513c18405781e9e1465493f8420f93adf0b705f0eb3e19666dbd9a314,manual_verified
634,634分,347,7620,https://www.sceea.cn/Html/202506/Newsdetail_4335.html,https://www.sceea.cn/Upload/image/20250625/20250625184111_6328.jpg,97520065e5ead4699cf3fc5a8d56a9383661acfe64c2370d8ca82e0ac624eac3,manual_verified
633,633分,303,7923,https://www.sceea.cn/Html/202506/Newsdetail_4335.html,https://www.sceea.cn/Upload/image/20250625/20250625184111_6328.jpg,97520065e5ead4699cf3fc5a8d56a9383661acfe64c2370d8ca82e0ac624eac3,manual_verified
632,632分,349,8272,https://www.sceea.cn/Html/202506/Newsdetail_4335.html,https://www.sceea.cn/Upload/image/20250625/20250625184111_6328.jpg,97520065e5ead4699cf3fc5a8d56a9383661acfe64c2370d8ca82e0ac624eac3,manual_verified
631,631分,311,8583,https://www.sceea.cn/Html/202506/Newsdetail_4335.html,https://www.sceea.cn/Upload/image/20250625/20250625184111_6328.jpg,97520065e5ead4699cf3fc5a8d56a9383661acfe64c2370d8ca82e0ac624eac3,manual_verified
630,630分,378,8961,https://www.sceea.cn/Html/202506/Newsdetail_4335.html,https://www.sceea.cn/Upload/image/20250625/20250625184111_6328.jpg,97520065e5ead4699cf3fc5a8d56a9383661acfe64c2370d8ca82e0ac624eac3,manual_verified
629,629分,378,9339,https://www.sceea.cn/Html/202506/Newsdetail_4335.html,https://www.sceea.cn/Upload/image/20250625/20250625184111_6328.jpg,97520065e5ead4699cf3fc5a8d56a9383661acfe64c2370d8ca82e0ac624eac3,manual_verified
628,628分,365,9704,https://www.sceea.cn/Html/202506/Newsdetail_4335.html,https://www.sceea.cn/Upload/image/20250625/20250625184111_6328.jpg,97520065e5ead4699cf3fc5a8d56a9383661acfe64c2370d8ca82e0ac624eac3,manual_verified
627,627分,397,10101,https://www.sceea.cn/Html/202506/Newsdetail_4335.html,https://www.sceea.cn/Upload/image/20250625/20250625184111_6328.jpg,97520065e5ead4699cf3fc5a8d56a9383661acfe64c2370d8ca82e0ac624eac3,manual_verified
626,626分,385,10486,https://www.sceea.cn/Html/202506/Newsdetail_4335.html,https://www.sceea.cn/Upload/image/20250625/20250625184111_6328.jpg,97520065e5ead4699cf3fc5a8d56a9383661acfe64c2370d8ca82e0ac624eac3,manual_verified
625,625分,412,10898,https://www.sceea.cn/Html/202506/Newsdetail_4335.html,https://www.sceea.cn/Upload/image/20250625/20250625184111_6328.jpg,97520065e5ead4699cf3fc5a8d56a9383661acfe64c2370d8ca82e0ac624eac3,manual_verified
624,624分,406,11304,https://www.sceea.cn/Html/202506/Newsdetail_4335.html,https://www.sceea.cn/Upload/image/20250625/20250625184111_6328.jpg,97520065e5ead4699cf3fc5a8d56a9383661acfe64c2370d8ca82e0ac624eac3,manual_verified
623,623分,412,11716,https://www.sceea.cn/Html/202506/Newsdetail_4335.html,https://www.sceea.cn/Upload/image/20250625/20250625184111_6328.jpg,97520065e5ead4699cf3fc5a8d56a9383661acfe64c2370d8ca82e0ac624eac3,manual_verified
622,622分,380,12096,https://www.sceea.cn/Html/202506/Newsdetail_4335.html,https://www.sceea.cn/Upload/image/20250625/20250625184111_6328.jpg,97520065e5ead4699cf3fc5a8d56a9383661acfe64c2370d8ca82e0ac624eac3,manual_verified
621,621分,462,12558,https://www.sceea.cn/Html/202506/Newsdetail_4335.html,https://www.sceea.cn/Upload/image/20250625/20250625184111_6328.jpg,97520065e5ead4699cf3fc5a8d56a9383661acfe64c2370d8ca82e0ac624eac3,manual_verified
620,620分,421,12979,https://www.sceea.cn/Html/202506/Newsdetail_4335.html,https://www.sceea.cn/Upload/image/20250625/20250625184111_6328.jpg,97520065e5ead4699cf3fc5a8d56a9383661acfe64c2370d8ca82e0ac624eac3,manual_verified
619,619分,441,13420,https://www.sceea.cn/Html/202506/Newsdetail_4335.html,https://www.sceea.cn/Upload/image/20250625/20250625184111_6328.jpg,97520065e5ead4699cf3fc5a8d56a9383661acfe64c2370d8ca82e0ac624eac3,manual_verified
618,618分,394,13814,https://www.sceea.cn/Html/202506/Newsdetail_4335.html,https://www.sceea.cn/Upload/image/20250625/20250625184111_6328.jpg,97520065e5ead4699cf3fc5a8d56a9383661acfe64c2370d8ca82e0ac624eac3,manual_verified
617,617分,478,14292,https://www.sceea.cn/Html/202506/Newsdetail_4335.html,https://www.sceea.cn/Upload/image/20250625/20250625184111_6328.jpg,97520065e5ead4699cf3fc5a8d56a9383661acfe64c2370d8ca82e0ac624eac3,manual_verified
616,616分,469,14761,https://www.sceea.cn/Html/202506/Newsdetail_4335.html,https://www.sceea.cn/Upload/image/20250625/20250625184111_6328.jpg,97520065e5ead4699cf3fc5a8d56a9383661acfe64c2370d8ca82e0ac624eac3,manual_verified
615,615分,478,15239,https://www.sceea.cn/Html/202506/Newsdetail_4335.html,https://www.sceea.cn/Upload/image/20250625/20250625184111_6328.jpg,97520065e5ead4699cf3fc5a8d56a9383661acfe64c2370d8ca82e0ac624eac3,manual_verified
614,614分,500,15739,https://www.sceea.cn/Html/202506/Newsdetail_4335.html,https://www.sceea.cn/Upload/image/20250625/20250625184111_6328.jpg,97520065e5ead4699cf3fc5a8d56a9383661acfe64c2370d8ca82e0ac624eac3,manual_verified
613,613分,473,16212,https://www.sceea.cn/Html/202506/Newsdetail_4335.html,https://www.sceea.cn/Upload/image/20250625/20250625184111_6328.jpg,97520065e5ead4699cf3fc5a8d56a9383661acfe64c2370d8ca82e0ac624eac3,manual_verified
612,612分,468,16680,https://www.sceea.cn/Html/202506/Newsdetail_4335.html,https://www.sceea.cn/Upload/image/20250625/20250625184111_6328.jpg,97520065e5ead4699cf3fc5a8d56a9383661acfe64c2370d8ca82e0ac624eac3,manual_verified
611,611分,559,17239,https://www.sceea.cn/Html/202506/Newsdetail_4335.html,https://www.sceea.cn/Upload/image/20250625/20250625184111_6328.jpg,97520065e5ead4699cf3fc5a8d56a9383661acfe64c2370d8ca82e0ac624eac3,manual_verified
610,610分,535,17774,https://www.sceea.cn/Html/202506/Newsdetail_4335.html,https://www.sceea.cn/Upload/image/20250625/20250625184111_6328.jpg,97520065e5ead4699cf3fc5a8d56a9383661acfe64c2370d8ca82e0ac624eac3,manual_verified
609,609分,486,18260,https://www.sceea.cn/Html/202506/Newsdetail_4335.html,https://www.sceea.cn/Upload/image/20250625/20250625184111_6328.jpg,97520065e5ead4699cf3fc5a8d56a9383661acfe64c2370d8ca82e0ac624eac3,manual_verified
608,608分,544,18804,https://www.sceea.cn/Html/202506/Newsdetail_4335.html,https://www.sceea.cn/Upload/image/20250625/20250625184111_6328.jpg,97520065e5ead4699cf3fc5a8d56a9383661acfe64c2370d8ca82e0ac624eac3,manual_verified
607,607分,559,19363,https://www.sceea.cn/Html/202506/Newsdetail_4335.html,https://www.sceea.cn/Upload/image/20250625/20250625184111_6328.jpg,97520065e5ead4699cf3fc5a8d56a9383661acfe64c2370d8ca82e0ac624eac3,manual_verified
606,606分,536,19899,https://www.sceea.cn/Html/202506/Newsdetail_4335.html,https://www.sceea.cn/Upload/image/20250625/20250625184111_6328.jpg,97520065e5ead4699cf3fc5a8d56a9383661acfe64c2370d8ca82e0ac624eac3,manual_verified
605,605分,585,20484,https://www.sceea.cn/Html/202506/Newsdetail_4335.html,https://www.sceea.cn/Upload/image/20250625/20250625184111_7773.jpg,9bd56b2d4071437c9b24368f40c55bf21bd68f5758ed397f6d0754f4316da95f,manual_verified
604,604分,574,21058,https://www.sceea.cn/Html/202506/Newsdetail_4335.html,https://www.sceea.cn/Upload/image/20250625/20250625184111_7773.jpg,9bd56b2d4071437c9b24368f40c55bf21bd68f5758ed397f6d0754f4316da95f,manual_verified
603,603分,604,21662,https://www.sceea.cn/Html/202506/Newsdetail_4335.html,https://www.sceea.cn/Upload/image/20250625/20250625184111_7773.jpg,9bd56b2d4071437c9b24368f40c55bf21bd68f5758ed397f6d0754f4316da95f,manual_verified
602,602分,573,22235,https://www.sceea.cn/Html/202506/Newsdetail_4335.html,https://www.sceea.cn/Upload/image/20250625/20250625184111_7773.jpg,9bd56b2d4071437c9b24368f40c55bf21bd68f5758ed397f6d0754f4316da95f,manual_verified
601,601分,589,22824,https://www.sceea.cn/Html/202506/Newsdetail_4335.html,https://www.sceea.cn/Upload/image/20250625/20250625184111_7773.jpg,9bd56b2d4071437c9b24368f40c55bf21bd68f5758ed397f6d0754f4316da95f,manual_verified
600,600分,637,23461,https://www.sceea.cn/Html/202506/Newsdetail_4335.html,https://www.sceea.cn/Upload/image/20250625/20250625184111_7773.jpg,9bd56b2d4071437c9b24368f40c55bf21bd68f5758ed397f6d0754f4316da95f,manual_verified
599,599分,622,24083,https://www.sceea.cn/Html/202506/Newsdetail_4335.html,https://www.sceea.cn/Upload/image/20250625/20250625184111_7773.jpg,9bd56b2d4071437c9b24368f40c55bf21bd68f5758ed397f6d0754f4316da95f,manual_verified
598,598分,661,24744,https://www.sceea.cn/Html/202506/Newsdetail_4335.html,https://www.sceea.cn/Upload/image/20250625/20250625184111_7773.jpg,9bd56b2d4071437c9b24368f40c55bf21bd68f5758ed397f6d0754f4316da95f,manual_verified
597,597分,625,25369,https://www.sceea.cn/Html/202506/Newsdetail_4335.html,https://www.sceea.cn/Upload/image/20250625/20250625184111_7773.jpg,9bd56b2d4071437c9b24368f40c55bf21bd68f5758ed397f6d0754f4316da95f,manual_verified
596,596分,596,25965,https://www.sceea.cn/Html/202506/Newsdetail_4335.html,https://www.sceea.cn/Upload/image/20250625/20250625184111_7773.jpg,9bd56b2d4071437c9b24368f40c55bf21bd68f5758ed397f6d0754f4316da95f,manual_verified
595,595分,672,26637,https://www.sceea.cn/Html/202506/Newsdetail_4335.html,https://www.sceea.cn/Upload/image/20250625/20250625184111_7773.jpg,9bd56b2d4071437c9b24368f40c55bf21bd68f5758ed397f6d0754f4316da95f,manual_verified
594,594分,678,27315,https://www.sceea.cn/Html/202506/Newsdetail_4335.html,https://www.sceea.cn/Upload/image/20250625/20250625184111_7773.jpg,9bd56b2d4071437c9b24368f40c55bf21bd68f5758ed397f6d0754f4316da95f,manual_verified
593,593分,681,27996,https://www.sceea.cn/Html/202506/Newsdetail_4335.html,https://www.sceea.cn/Upload/image/20250625/20250625184111_7773.jpg,9bd56b2d4071437c9b24368f40c55bf21bd68f5758ed397f6d0754f4316da95f,manual_verified
592,592分,724,28720,https://www.sceea.cn/Html/202506/Newsdetail_4335.html,https://www.sceea.cn/Upload/image/20250625/20250625184111_7773.jpg,9bd56b2d4071437c9b24368f40c55bf21bd68f5758ed397f6d0754f4316da95f,manual_verified
591,591分,695,29415,https://www.sceea.cn/Html/202506/Newsdetail_4335.html,https://www.sceea.cn/Upload/image/20250625/20250625184111_7773.jpg,9bd56b2d4071437c9b24368f40c55bf21bd68f5758ed397f6d0754f4316da95f,manual_verified
590,590分,692,30107,https://www.sceea.cn/Html/202506/Newsdetail_4335.html,https://www.sceea.cn/Upload/image/20250625/20250625184111_7773.jpg,9bd56b2d4071437c9b24368f40c55bf21bd68f5758ed397f6d0754f4316da95f,manual_verified
589,589分,711,30818,https://www.sceea.cn/Html/202506/Newsdetail_4335.html,https://www.sceea.cn/Upload/image/20250625/20250625184111_7773.jpg,9bd56b2d4071437c9b24368f40c55bf21bd68f5758ed397f6d0754f4316da95f,manual_verified
588,588分,723,31541,https://www.sceea.cn/Html/202506/Newsdetail_4335.html,https://www.sceea.cn/Upload/image/20250625/20250625184111_7773.jpg,9bd56b2d4071437c9b24368f40c55bf21bd68f5758ed397f6d0754f4316da95f,manual_verified
587,587分,733,32274,https://www.sceea.cn/Html/202506/Newsdetail_4335.html,https://www.sceea.cn/Upload/image/20250625/20250625184111_7773.jpg,9bd56b2d4071437c9b24368f40c55bf21bd68f5758ed397f6d0754f4316da95f,manual_verified
586,586分,694,32968,https://www.sceea.cn/Html/202506/Newsdetail_4335.html,https://www.sceea.cn/Upload/image/20250625/20250625184111_7773.jpg,9bd56b2d4071437c9b24368f40c55bf21bd68f5758ed397f6d0754f4316da95f,manual_verified
585,585分,760,33728,https://www.sceea.cn/Html/202506/Newsdetail_4335.html,https://www.sceea.cn/Upload/image/20250625/20250625184111_7773.jpg,9bd56b2d4071437c9b24368f40c55bf21bd68f5758ed397f6d0754f4316da95f,manual_verified
584,584分,727,34455,https://www.sceea.cn/Html/202506/Newsdetail_4335.html,https://www.sceea.cn/Upload/image/20250625/20250625184111_7773.jpg,9bd56b2d4071437c9b24368f40c55bf21bd68f5758ed397f6d0754f4316da95f,manual_verified
583,583分,739,35194,https://www.sceea.cn/Html/202506/Newsdetail_4335.html,https://www.sceea.cn/Upload/image/20250625/20250625184111_7773.jpg,9bd56b2d4071437c9b24368f40c55bf21bd68f5758ed397f6d0754f4316da95f,manual_verified
582,582分,734,35928,https://www.sceea.cn/Html/202506/Newsdetail_4335.html,https://www.sceea.cn/Upload/image/20250625/20250625184111_7773.jpg,9bd56b2d4071437c9b24368f40c55bf21bd68f5758ed397f6d0754f4316da95f,manual_verified
581,581分,744,36672,https://www.sceea.cn/Html/202506/Newsdetail_4335.html,https://www.sceea.cn/Upload/image/20250625/20250625184111_7773.jpg,9bd56b2d4071437c9b24368f40c55bf21bd68f5758ed397f6d0754f4316da95f,manual_verified
580,580分,756,37428,https://www.sceea.cn/Html/202506/Newsdetail_4335.html,https://www.sceea.cn/Upload/image/20250625/20250625184111_7773.jpg,9bd56b2d4071437c9b24368f40c55bf21bd68f5758ed397f6d0754f4316da95f,manual_verified
579,579分,813,38241,https://www.sceea.cn/Html/202506/Newsdetail_4335.html,https://www.sceea.cn/Upload/image/20250625/20250625184111_7773.jpg,9bd56b2d4071437c9b24368f40c55bf21bd68f5758ed397f6d0754f4316da95f,manual_verified
578,578分,755,38996,https://www.sceea.cn/Html/202506/Newsdetail_4335.html,https://www.sceea.cn/Upload/image/20250625/20250625184111_7773.jpg,9bd56b2d4071437c9b24368f40c55bf21bd68f5758ed397f6d0754f4316da95f,manual_verified
577,577分,827,39823,https://www.sceea.cn/Html/202506/Newsdetail_4335.html,https://www.sceea.cn/Upload/image/20250625/20250625184111_7773.jpg,9bd56b2d4071437c9b24368f40c55bf21bd68f5758ed397f6d0754f4316da95f,manual_verified
576,576分,884,40707,https://www.sceea.cn/Html/202506/Newsdetail_4335.html,https://www.sceea.cn/Upload/image/20250625/20250625184111_9703.jpg,8a46133785a537538abb37e497ed51b90321210555ea85572ce33510d888c5d0,manual_verified
575,575分,851,41558,https://www.sceea.cn/Html/202506/Newsdetail_4335.html,https://www.sceea.cn/Upload/image/20250625/20250625184111_9703.jpg,8a46133785a537538abb37e497ed51b90321210555ea85572ce33510d888c5d0,manual_verified
574,574分,837,42395,https://www.sceea.cn/Html/202506/Newsdetail_4335.html,https://www.sceea.cn/Upload/image/20250625/20250625184111_9703.jpg,8a46133785a537538abb37e497ed51b90321210555ea85572ce33510d888c5d0,manual_verified
573,573分,849,43244,https://www.sceea.cn/Html/202506/Newsdetail_4335.html,https://www.sceea.cn/Upload/image/20250625/20250625184111_9703.jpg,8a46133785a537538abb37e497ed51b90321210555ea85572ce33510d888c5d0,manual_verified
572,572分,902,44146,https://www.sceea.cn/Html/202506/Newsdetail_4335.html,https://www.sceea.cn/Upload/image/20250625/20250625184111_9703.jpg,8a46133785a537538abb37e497ed51b90321210555ea85572ce33510d888c5d0,manual_verified
571,571分,857,45003,https://www.sceea.cn/Html/202506/Newsdetail_4335.html,https://www.sceea.cn/Upload/image/20250625/20250625184111_9703.jpg,8a46133785a537538abb37e497ed51b90321210555ea85572ce33510d888c5d0,manual_verified
570,570分,866,45869,https://www.sceea.cn/Html/202506/Newsdetail_4335.html,https://www.sceea.cn/Upload/image/20250625/20250625184111_9703.jpg,8a46133785a537538abb37e497ed51b90321210555ea85572ce33510d888c5d0,manual_verified
569,569分,897,46766,https://www.sceea.cn/Html/202506/Newsdetail_4335.html,https://www.sceea.cn/Upload/image/20250625/20250625184111_9703.jpg,8a46133785a537538abb37e497ed51b90321210555ea85572ce33510d888c5d0,manual_verified
568,568分,945,47711,https://www.sceea.cn/Html/202506/Newsdetail_4335.html,https://www.sceea.cn/Upload/image/20250625/20250625184111_9703.jpg,8a46133785a537538abb37e497ed51b90321210555ea85572ce33510d888c5d0,manual_verified
567,567分,933,48644,https://www.sceea.cn/Html/202506/Newsdetail_4335.html,https://www.sceea.cn/Upload/image/20250625/20250625184111_9703.jpg,8a46133785a537538abb37e497ed51b90321210555ea85572ce33510d888c5d0,manual_verified
566,566分,949,49593,https://www.sceea.cn/Html/202506/Newsdetail_4335.html,https://www.sceea.cn/Upload/image/20250625/20250625184111_9703.jpg,8a46133785a537538abb37e497ed51b90321210555ea85572ce33510d888c5d0,manual_verified
565,565分,898,50491,https://www.sceea.cn/Html/202506/Newsdetail_4335.html,https://www.sceea.cn/Upload/image/20250625/20250625184111_9703.jpg,8a46133785a537538abb37e497ed51b90321210555ea85572ce33510d888c5d0,manual_verified
564,564分,969,51460,https://www.sceea.cn/Html/202506/Newsdetail_4335.html,https://www.sceea.cn/Upload/image/20250625/20250625184111_9703.jpg,8a46133785a537538abb37e497ed51b90321210555ea85572ce33510d888c5d0,manual_verified
563,563分,983,52443,https://www.sceea.cn/Html/202506/Newsdetail_4335.html,https://www.sceea.cn/Upload/image/20250625/20250625184111_9703.jpg,8a46133785a537538abb37e497ed51b90321210555ea85572ce33510d888c5d0,manual_verified
562,562分,955,53398,https://www.sceea.cn/Html/202506/Newsdetail_4335.html,https://www.sceea.cn/Upload/image/20250625/20250625184111_9703.jpg,8a46133785a537538abb37e497ed51b90321210555ea85572ce33510d888c5d0,manual_verified
561,561分,989,54387,https://www.sceea.cn/Html/202506/Newsdetail_4335.html,https://www.sceea.cn/Upload/image/20250625/20250625184111_9703.jpg,8a46133785a537538abb37e497ed51b90321210555ea85572ce33510d888c5d0,manual_verified
560,560分,1008,55395,https://www.sceea.cn/Html/202506/Newsdetail_4335.html,https://www.sceea.cn/Upload/image/20250625/20250625184111_9703.jpg,8a46133785a537538abb37e497ed51b90321210555ea85572ce33510d888c5d0,manual_verified
559,559分,1028,56423,https://www.sceea.cn/Html/202506/Newsdetail_4335.html,https://www.sceea.cn/Upload/image/20250625/20250625184111_9703.jpg,8a46133785a537538abb37e497ed51b90321210555ea85572ce33510d888c5d0,manual_verified
558,558分,965,57388,https://www.sceea.cn/Html/202506/Newsdetail_4335.html,https://www.sceea.cn/Upload/image/20250625/20250625184111_9703.jpg,8a46133785a537538abb37e497ed51b90321210555ea85572ce33510d888c5d0,manual_verified
557,557分,958,58346,https://www.sceea.cn/Html/202506/Newsdetail_4335.html,https://www.sceea.cn/Upload/image/20250625/20250625184111_9703.jpg,8a46133785a537538abb37e497ed51b90321210555ea85572ce33510d888c5d0,manual_verified
556,556分,1027,59373,https://www.sceea.cn/Html/202506/Newsdetail_4335.html,https://www.sceea.cn/Upload/image/20250625/20250625184111_9703.jpg,8a46133785a537538abb37e497ed51b90321210555ea85572ce33510d888c5d0,manual_verified
555,555分,1001,60374,https://www.sceea.cn/Html/202506/Newsdetail_4335.html,https://www.sceea.cn/Upload/image/20250625/20250625184111_9703.jpg,8a46133785a537538abb37e497ed51b90321210555ea85572ce33510d888c5d0,manual_verified
554,554分,997,61371,https://www.sceea.cn/Html/202506/Newsdetail_4335.html,https://www.sceea.cn/Upload/image/20250625/20250625184111_9703.jpg,8a46133785a537538abb37e497ed51b90321210555ea85572ce33510d888c5d0,manual_verified
553,553分,1083,62454,https://www.sceea.cn/Html/202506/Newsdetail_4335.html,https://www.sceea.cn/Upload/image/20250625/20250625184111_9703.jpg,8a46133785a537538abb37e497ed51b90321210555ea85572ce33510d888c5d0,manual_verified
552,552分,1081,63535,https://www.sceea.cn/Html/202506/Newsdetail_4335.html,https://www.sceea.cn/Upload/image/20250625/20250625184111_9703.jpg,8a46133785a537538abb37e497ed51b90321210555ea85572ce33510d888c5d0,manual_verified
551,551分,1042,64577,https://www.sceea.cn/Html/202506/Newsdetail_4335.html,https://www.sceea.cn/Upload/image/20250625/20250625184111_9703.jpg,8a46133785a537538abb37e497ed51b90321210555ea85572ce33510d888c5d0,manual_verified
550,550分,1061,65638,https://www.sceea.cn/Html/202506/Newsdetail_4335.html,https://www.sceea.cn/Upload/image/20250625/20250625184111_9703.jpg,8a46133785a537538abb37e497ed51b90321210555ea85572ce33510d888c5d0,manual_verified
549,549分,1006,66644,https://www.sceea.cn/Html/202506/Newsdetail_4335.html,https://www.sceea.cn/Upload/image/20250625/20250625184111_9703.jpg,8a46133785a537538abb37e497ed51b90321210555ea85572ce33510d888c5d0,manual_verified
548,548分,969,67613,https://www.sceea.cn/Html/202506/Newsdetail_4335.html,https://www.sceea.cn/Upload/image/20250625/20250625184111_9703.jpg,8a46133785a537538abb37e497ed51b90321210555ea85572ce33510d888c5d0,manual_verified
547,547分,1120,68733,https://www.sceea.cn/Html/202506/Newsdetail_4335.html,https://www.sceea.cn/Upload/image/20250625/20250625184112_3180.jpg,b9a10fbf86b9c2717e8724bd689c70789d2cc7625529dfdd428626fa945ee7df,manual_verified
546,546分,1053,69786,https://www.sceea.cn/Html/202506/Newsdetail_4335.html,https://www.sceea.cn/Upload/image/20250625/20250625184112_3180.jpg,b9a10fbf86b9c2717e8724bd689c70789d2cc7625529dfdd428626fa945ee7df,manual_verified
545,545分,1057,70843,https://www.sceea.cn/Html/202506/Newsdetail_4335.html,https://www.sceea.cn/Upload/image/20250625/20250625184112_3180.jpg,b9a10fbf86b9c2717e8724bd689c70789d2cc7625529dfdd428626fa945ee7df,manual_verified
544,544分,1130,71973,https://www.sceea.cn/Html/202506/Newsdetail_4335.html,https://www.sceea.cn/Upload/image/20250625/20250625184112_3180.jpg,b9a10fbf86b9c2717e8724bd689c70789d2cc7625529dfdd428626fa945ee7df,manual_verified
543,543分,1106,73079,https://www.sceea.cn/Html/202506/Newsdetail_4335.html,https://www.sceea.cn/Upload/image/20250625/20250625184112_3180.jpg,b9a10fbf86b9c2717e8724bd689c70789d2cc7625529dfdd428626fa945ee7df,manual_verified
542,542分,1136,74215,https://www.sceea.cn/Html/202506/Newsdetail_4335.html,https://www.sceea.cn/Upload/image/20250625/20250625184112_3180.jpg,b9a10fbf86b9c2717e8724bd689c70789d2cc7625529dfdd428626fa945ee7df,manual_verified
541,541分,1112,75327,https://www.sceea.cn/Html/202506/Newsdetail_4335.html,https://www.sceea.cn/Upload/image/20250625/20250625184112_3180.jpg,b9a10fbf86b9c2717e8724bd689c70789d2cc7625529dfdd428626fa945ee7df,manual_verified
540,540分,1163,76490,https://www.sceea.cn/Html/202506/Newsdetail_4335.html,https://www.sceea.cn/Upload/image/20250625/20250625184112_3180.jpg,b9a10fbf86b9c2717e8724bd689c70789d2cc7625529dfdd428626fa945ee7df,manual_verified
539,539分,1199,77689,https://www.sceea.cn/Html/202506/Newsdetail_4335.html,https://www.sceea.cn/Upload/image/20250625/20250625184112_3180.jpg,b9a10fbf86b9c2717e8724bd689c70789d2cc7625529dfdd428626fa945ee7df,manual_verified
538,538分,1113,78802,https://www.sceea.cn/Html/202506/Newsdetail_4335.html,https://www.sceea.cn/Upload/image/20250625/20250625184112_3180.jpg,b9a10fbf86b9c2717e8724bd689c70789d2cc7625529dfdd428626fa945ee7df,manual_verified
537,537分,1147,79949,https://www.sceea.cn/Html/202506/Newsdetail_4335.html,https://www.sceea.cn/Upload/image/20250625/20250625184112_3180.jpg,b9a10fbf86b9c2717e8724bd689c70789d2cc7625529dfdd428626fa945ee7df,manual_verified
536,536分,1207,81156,https://www.sceea.cn/Html/202506/Newsdetail_4335.html,https://www.sceea.cn/Upload/image/20250625/20250625184112_3180.jpg,b9a10fbf86b9c2717e8724bd689c70789d2cc7625529dfdd428626fa945ee7df,manual_verified
535,535分,1183,82339,https://www.sceea.cn/Html/202506/Newsdetail_4335.html,https://www.sceea.cn/Upload/image/20250625/20250625184112_3180.jpg,b9a10fbf86b9c2717e8724bd689c70789d2cc7625529dfdd428626fa945ee7df,manual_verified
534,534分,1170,83509,https://www.sceea.cn/Html/202506/Newsdetail_4335.html,https://www.sceea.cn/Upload/image/20250625/20250625184112_3180.jpg,b9a10fbf86b9c2717e8724bd689c70789d2cc7625529dfdd428626fa945ee7df,manual_verified
533,533分,1171,84680,https://www.sceea.cn/Html/202506/Newsdetail_4335.html,https://www.sceea.cn/Upload/image/20250625/20250625184112_3180.jpg,b9a10fbf86b9c2717e8724bd689c70789d2cc7625529dfdd428626fa945ee7df,manual_verified
532,532分,1200,85880,https://www.sceea.cn/Html/202506/Newsdetail_4335.html,https://www.sceea.cn/Upload/image/20250625/20250625184112_3180.jpg,b9a10fbf86b9c2717e8724bd689c70789d2cc7625529dfdd428626fa945ee7df,manual_verified
531,531分,1195,87075,https://www.sceea.cn/Html/202506/Newsdetail_4335.html,https://www.sceea.cn/Upload/image/20250625/20250625184112_3180.jpg,b9a10fbf86b9c2717e8724bd689c70789d2cc7625529dfdd428626fa945ee7df,manual_verified
530,530分,1222,88297,https://www.sceea.cn/Html/202506/Newsdetail_4335.html,https://www.sceea.cn/Upload/image/20250625/20250625184112_3180.jpg,b9a10fbf86b9c2717e8724bd689c70789d2cc7625529dfdd428626fa945ee7df,manual_verified
529,529分,1215,89512,https://www.sceea.cn/Html/202506/Newsdetail_4335.html,https://www.sceea.cn/Upload/image/20250625/20250625184112_3180.jpg,b9a10fbf86b9c2717e8724bd689c70789d2cc7625529dfdd428626fa945ee7df,manual_verified
528,528分,1178,90690,https://www.sceea.cn/Html/202506/Newsdetail_4335.html,https://www.sceea.cn/Upload/image/20250625/20250625184112_3180.jpg,b9a10fbf86b9c2717e8724bd689c70789d2cc7625529dfdd428626fa945ee7df,manual_verified
527,527分,1271,91961,https://www.sceea.cn/Html/202506/Newsdetail_4335.html,https://www.sceea.cn/Upload/image/20250625/20250625184112_3180.jpg,b9a10fbf86b9c2717e8724bd689c70789d2cc7625529dfdd428626fa945ee7df,manual_verified
526,526分,1259,93220,https://www.sceea.cn/Html/202506/Newsdetail_4335.html,https://www.sceea.cn/Upload/image/20250625/20250625184112_3180.jpg,b9a10fbf86b9c2717e8724bd689c70789d2cc7625529dfdd428626fa945ee7df,manual_verified
525,525分,1208,94428,https://www.sceea.cn/Html/202506/Newsdetail_4335.html,https://www.sceea.cn/Upload/image/20250625/20250625184112_3180.jpg,b9a10fbf86b9c2717e8724bd689c70789d2cc7625529dfdd428626fa945ee7df,manual_verified
524,524分,1310,95738,https://www.sceea.cn/Html/202506/Newsdetail_4335.html,https://www.sceea.cn/Upload/image/20250625/20250625184112_3180.jpg,b9a10fbf86b9c2717e8724bd689c70789d2cc7625529dfdd428626fa945ee7df,manual_verified
523,523分,1267,97005,https://www.sceea.cn/Html/202506/Newsdetail_4335.html,https://www.sceea.cn/Upload/image/20250625/20250625184112_3180.jpg,b9a10fbf86b9c2717e8724bd689c70789d2cc7625529dfdd428626fa945ee7df,manual_verified
522,522分,1264,98269,https://www.sceea.cn/Html/202506/Newsdetail_4335.html,https://www.sceea.cn/Upload/image/20250625/20250625184112_3180.jpg,b9a10fbf86b9c2717e8724bd689c70789d2cc7625529dfdd428626fa945ee7df,manual_verified
521,521分,1236,99505,https://www.sceea.cn/Html/202506/Newsdetail_4335.html,https://www.sceea.cn/Upload/image/20250625/20250625184112_3180.jpg,b9a10fbf86b9c2717e8724bd689c70789d2cc7625529dfdd428626fa945ee7df,manual_verified
520,520分,1300,100805,https://www.sceea.cn/Html/202506/Newsdetail_4335.html,https://www.sceea.cn/Upload/image/20250625/20250625184112_3180.jpg,b9a10fbf86b9c2717e8724bd689c70789d2cc7625529dfdd428626fa945ee7df,manual_verified
519,519分,1257,102062,https://www.sceea.cn/Html/202506/Newsdetail_4335.html,https://www.sceea.cn/Upload/image/20250625/20250625184112_3180.jpg,b9a10fbf86b9c2717e8724bd689c70789d2cc7625529dfdd428626fa945ee7df,manual_verified
518,518分,1289,103351,https://www.sceea.cn/Html/202506/Newsdetail_4335.html,https://www.sceea.cn/Upload/image/20250625/20250625184112_5619.jpg,08c3c879ba4bb34df51545d449cac1fffae9b7b976405c93de0c5f497d954983,manual_verified
517,517分,1300,104651,https://www.sceea.cn/Html/202506/Newsdetail_4335.html,https://www.sceea.cn/Upload/image/20250625/20250625184112_5619.jpg,08c3c879ba4bb34df51545d449cac1fffae9b7b976405c93de0c5f497d954983,manual_verified
516,516分,1269,105920,https://www.sceea.cn/Html/202506/Newsdetail_4335.html,https://www.sceea.cn/Upload/image/20250625/20250625184112_5619.jpg,08c3c879ba4bb34df51545d449cac1fffae9b7b976405c93de0c5f497d954983,manual_verified
515,515分,1315,107235,https://www.sceea.cn/Html/202506/Newsdetail_4335.html,https://www.sceea.cn/Upload/image/20250625/20250625184112_5619.jpg,08c3c879ba4bb34df51545d449cac1fffae9b7b976405c93de0c5f497d954983,manual_verified
514,514分,1322,108557,https://www.sceea.cn/Html/202506/Newsdetail_4335.html,https://www.sceea.cn/Upload/image/20250625/20250625184112_5619.jpg,08c3c879ba4bb34df51545d449cac1fffae9b7b976405c93de0c5f497d954983,manual_verified
513,513分,1296,109853,https://www.sceea.cn/Html/202506/Newsdetail_4335.html,https://www.sceea.cn/Upload/image/20250625/20250625184112_5619.jpg,08c3c879ba4bb34df51545d449cac1fffae9b7b976405c93de0c5f497d954983,manual_verified
512,512分,1264,111117,https://www.sceea.cn/Html/202506/Newsdetail_4335.html,https://www.sceea.cn/Upload/image/20250625/20250625184112_5619.jpg,08c3c879ba4bb34df51545d449cac1fffae9b7b976405c93de0c5f497d954983,manual_verified
511,511分,1291,112408,https://www.sceea.cn/Html/202506/Newsdetail_4335.html,https://www.sceea.cn/Upload/image/20250625/20250625184112_5619.jpg,08c3c879ba4bb34df51545d449cac1fffae9b7b976405c93de0c5f497d954983,manual_verified
510,510分,1359,113767,https://www.sceea.cn/Html/202506/Newsdetail_4335.html,https://www.sceea.cn/Upload/image/20250625/20250625184112_5619.jpg,08c3c879ba4bb34df51545d449cac1fffae9b7b976405c93de0c5f497d954983,manual_verified
509,509分,1367,115134,https://www.sceea.cn/Html/202506/Newsdetail_4335.html,https://www.sceea.cn/Upload/image/20250625/20250625184112_5619.jpg,08c3c879ba4bb34df51545d449cac1fffae9b7b976405c93de0c5f497d954983,manual_verified
508,508分,1407,116541,https://www.sceea.cn/Html/202506/Newsdetail_4335.html,https://www.sceea.cn/Upload/image/20250625/20250625184112_5619.jpg,08c3c879ba4bb34df51545d449cac1fffae9b7b976405c93de0c5f497d954983,manual_verified
507,507分,1329,117870,https://www.sceea.cn/Html/202506/Newsdetail_4335.html,https://www.sceea.cn/Upload/image/20250625/20250625184112_5619.jpg,08c3c879ba4bb34df51545d449cac1fffae9b7b976405c93de0c5f497d954983,manual_verified
506,506分,1291,119161,https://www.sceea.cn/Html/202506/Newsdetail_4335.html,https://www.sceea.cn/Upload/image/20250625/20250625184112_5619.jpg,08c3c879ba4bb34df51545d449cac1fffae9b7b976405c93de0c5f497d954983,manual_verified
505,505分,1328,120489,https://www.sceea.cn/Html/202506/Newsdetail_4335.html,https://www.sceea.cn/Upload/image/20250625/20250625184112_5619.jpg,08c3c879ba4bb34df51545d449cac1fffae9b7b976405c93de0c5f497d954983,manual_verified
504,504分,1356,121845,https://www.sceea.cn/Html/202506/Newsdetail_4335.html,https://www.sceea.cn/Upload/image/20250625/20250625184112_5619.jpg,08c3c879ba4bb34df51545d449cac1fffae9b7b976405c93de0c5f497d954983,manual_verified
503,503分,1355,123200,https://www.sceea.cn/Html/202506/Newsdetail_4335.html,https://www.sceea.cn/Upload/image/20250625/20250625184112_5619.jpg,08c3c879ba4bb34df51545d449cac1fffae9b7b976405c93de0c5f497d954983,manual_verified
502,502分,1344,124544,https://www.sceea.cn/Html/202506/Newsdetail_4335.html,https://www.sceea.cn/Upload/image/20250625/20250625184112_5619.jpg,08c3c879ba4bb34df51545d449cac1fffae9b7b976405c93de0c5f497d954983,manual_verified
501,501分,1393,125937,https://www.sceea.cn/Html/202506/Newsdetail_4335.html,https://www.sceea.cn/Upload/image/20250625/20250625184112_5619.jpg,08c3c879ba4bb34df51545d449cac1fffae9b7b976405c93de0c5f497d954983,manual_verified
500,500分,1385,127322,https://www.sceea.cn/Html/202506/Newsdetail_4335.html,https://www.sceea.cn/Upload/image/20250625/20250625184112_5619.jpg,08c3c879ba4bb34df51545d449cac1fffae9b7b976405c93de0c5f497d954983,manual_verified
499,499分,1348,128670,https://www.sceea.cn/Html/202506/Newsdetail_4335.html,https://www.sceea.cn/Upload/image/20250625/20250625184112_5619.jpg,08c3c879ba4bb34df51545d449cac1fffae9b7b976405c93de0c5f497d954983,manual_verified
498,498分,1349,130019,https://www.sceea.cn/Html/202506/Newsdetail_4335.html,https://www.sceea.cn/Upload/image/20250625/20250625184112_5619.jpg,08c3c879ba4bb34df51545d449cac1fffae9b7b976405c93de0c5f497d954983,manual_verified
497,497分,1322,131341,https://www.sceea.cn/Html/202506/Newsdetail_4335.html,https://www.sceea.cn/Upload/image/20250625/20250625184112_5619.jpg,08c3c879ba4bb34df51545d449cac1fffae9b7b976405c93de0c5f497d954983,manual_verified
496,496分,1328,132669,https://www.sceea.cn/Html/202506/Newsdetail_4335.html,https://www.sceea.cn/Upload/image/20250625/20250625184112_5619.jpg,08c3c879ba4bb34df51545d449cac1fffae9b7b976405c93de0c5f497d954983,manual_verified
495,495分,1381,134050,https://www.sceea.cn/Html/202506/Newsdetail_4335.html,https://www.sceea.cn/Upload/image/20250625/20250625184112_5619.jpg,08c3c879ba4bb34df51545d449cac1fffae9b7b976405c93de0c5f497d954983,manual_verified
494,494分,1423,135473,https://www.sceea.cn/Html/202506/Newsdetail_4335.html,https://www.sceea.cn/Upload/image/20250625/20250625184112_5619.jpg,08c3c879ba4bb34df51545d449cac1fffae9b7b976405c93de0c5f497d954983,manual_verified
493,493分,1338,136811,https://www.sceea.cn/Html/202506/Newsdetail_4335.html,https://www.sceea.cn/Upload/image/20250625/20250625184112_5619.jpg,08c3c879ba4bb34df51545d449cac1fffae9b7b976405c93de0c5f497d954983,manual_verified
492,492分,1410,138221,https://www.sceea.cn/Html/202506/Newsdetail_4335.html,https://www.sceea.cn/Upload/image/20250625/20250625184112_5619.jpg,08c3c879ba4bb34df51545d449cac1fffae9b7b976405c93de0c5f497d954983,manual_verified
491,491分,1317,139538,https://www.sceea.cn/Html/202506/Newsdetail_4335.html,https://www.sceea.cn/Upload/image/20250625/20250625184112_5619.jpg,08c3c879ba4bb34df51545d449cac1fffae9b7b976405c93de0c5f497d954983,manual_verified
490,490分,1313,140851,https://www.sceea.cn/Html/202506/Newsdetail_4335.html,https://www.sceea.cn/Upload/image/20250625/20250625184112_5619.jpg,08c3c879ba4bb34df51545d449cac1fffae9b7b976405c93de0c5f497d954983,manual_verified
489,489分,1349,142200,https://www.sceea.cn/Html/202506/Newsdetail_4335.html,https://www.sceea.cn/Upload/image/20250625/20250625184112_7044.jpg,ff5d12cd1e3a57663c6066fcfbcee5f731bc42eb3bdc55b17226f9c227f8633f,manual_verified
488,488分,1391,143591,https://www.sceea.cn/Html/202506/Newsdetail_4335.html,https://www.sceea.cn/Upload/image/20250625/20250625184112_7044.jpg,ff5d12cd1e3a57663c6066fcfbcee5f731bc42eb3bdc55b17226f9c227f8633f,manual_verified
487,487分,1350,144941,https://www.sceea.cn/Html/202506/Newsdetail_4335.html,https://www.sceea.cn/Upload/image/20250625/20250625184112_7044.jpg,ff5d12cd1e3a57663c6066fcfbcee5f731bc42eb3bdc55b17226f9c227f8633f,manual_verified
486,486分,1415,146356,https://www.sceea.cn/Html/202506/Newsdetail_4335.html,https://www.sceea.cn/Upload/image/20250625/20250625184112_7044.jpg,ff5d12cd1e3a57663c6066fcfbcee5f731bc42eb3bdc55b17226f9c227f8633f,manual_verified
485,485分,1405,147761,https://www.sceea.cn/Html/202506/Newsdetail_4335.html,https://www.sceea.cn/Upload/image/20250625/20250625184112_7044.jpg,ff5d12cd1e3a57663c6066fcfbcee5f731bc42eb3bdc55b17226f9c227f8633f,manual_verified
484,484分,1425,149186,https://www.sceea.cn/Html/202506/Newsdetail_4335.html,https://www.sceea.cn/Upload/image/20250625/20250625184112_7044.jpg,ff5d12cd1e3a57663c6066fcfbcee5f731bc42eb3bdc55b17226f9c227f8633f,manual_verified
483,483分,1352,150538,https://www.sceea.cn/Html/202506/Newsdetail_4335.html,https://www.sceea.cn/Upload/image/20250625/20250625184112_7044.jpg,ff5d12cd1e3a57663c6066fcfbcee5f731bc42eb3bdc55b17226f9c227f8633f,manual_verified
482,482分,1345,151883,https://www.sceea.cn/Html/202506/Newsdetail_4335.html,https://www.sceea.cn/Upload/image/20250625/20250625184112_7044.jpg,ff5d12cd1e3a57663c6066fcfbcee5f731bc42eb3bdc55b17226f9c227f8633f,manual_verified
481,481分,1432,153315,https://www.sceea.cn/Html/202506/Newsdetail_4335.html,https://www.sceea.cn/Upload/image/20250625/20250625184112_7044.jpg,ff5d12cd1e3a57663c6066fcfbcee5f731bc42eb3bdc55b17226f9c227f8633f,manual_verified
480,480分,1406,154721,https://www.sceea.cn/Html/202506/Newsdetail_4335.html,https://www.sceea.cn/Upload/image/20250625/20250625184112_7044.jpg,ff5d12cd1e3a57663c6066fcfbcee5f731bc42eb3bdc55b17226f9c227f8633f,manual_verified
479,479分,1356,156077,https://www.sceea.cn/Html/202506/Newsdetail_4335.html,https://www.sceea.cn/Upload/image/20250625/20250625184112_7044.jpg,ff5d12cd1e3a57663c6066fcfbcee5f731bc42eb3bdc55b17226f9c227f8633f,manual_verified
478,478分,1368,157445,https://www.sceea.cn/Html/202506/Newsdetail_4335.html,https://www.sceea.cn/Upload/image/20250625/20250625184112_7044.jpg,ff5d12cd1e3a57663c6066fcfbcee5f731bc42eb3bdc55b17226f9c227f8633f,manual_verified
477,477分,1341,158786,https://www.sceea.cn/Html/202506/Newsdetail_4335.html,https://www.sceea.cn/Upload/image/20250625/20250625184112_7044.jpg,ff5d12cd1e3a57663c6066fcfbcee5f731bc42eb3bdc55b17226f9c227f8633f,manual_verified
476,476分,1382,160168,https://www.sceea.cn/Html/202506/Newsdetail_4335.html,https://www.sceea.cn/Upload/image/20250625/20250625184112_7044.jpg,ff5d12cd1e3a57663c6066fcfbcee5f731bc42eb3bdc55b17226f9c227f8633f,manual_verified
475,475分,1352,161520,https://www.sceea.cn/Html/202506/Newsdetail_4335.html,https://www.sceea.cn/Upload/image/20250625/20250625184112_7044.jpg,ff5d12cd1e3a57663c6066fcfbcee5f731bc42eb3bdc55b17226f9c227f8633f,manual_verified
474,474分,1380,162900,https://www.sceea.cn/Html/202506/Newsdetail_4335.html,https://www.sceea.cn/Upload/image/20250625/20250625184112_7044.jpg,ff5d12cd1e3a57663c6066fcfbcee5f731bc42eb3bdc55b17226f9c227f8633f,manual_verified
473,473分,1365,164265,https://www.sceea.cn/Html/202506/Newsdetail_4335.html,https://www.sceea.cn/Upload/image/20250625/20250625184112_7044.jpg,ff5d12cd1e3a57663c6066fcfbcee5f731bc42eb3bdc55b17226f9c227f8633f,manual_verified
472,472分,1337,165602,https://www.sceea.cn/Html/202506/Newsdetail_4335.html,https://www.sceea.cn/Upload/image/20250625/20250625184112_7044.jpg,ff5d12cd1e3a57663c6066fcfbcee5f731bc42eb3bdc55b17226f9c227f8633f,manual_verified
471,471分,1361,166963,https://www.sceea.cn/Html/202506/Newsdetail_4335.html,https://www.sceea.cn/Upload/image/20250625/20250625184112_7044.jpg,ff5d12cd1e3a57663c6066fcfbcee5f731bc42eb3bdc55b17226f9c227f8633f,manual_verified
470,470分,1308,168271,https://www.sceea.cn/Html/202506/Newsdetail_4335.html,https://www.sceea.cn/Upload/image/20250625/20250625184112_7044.jpg,ff5d12cd1e3a57663c6066fcfbcee5f731bc42eb3bdc55b17226f9c227f8633f,manual_verified
469,469分,1352,169623,https://www.sceea.cn/Html/202506/Newsdetail_4335.html,https://www.sceea.cn/Upload/image/20250625/20250625184112_7044.jpg,ff5d12cd1e3a57663c6066fcfbcee5f731bc42eb3bdc55b17226f9c227f8633f,manual_verified
468,468分,1290,170913,https://www.sceea.cn/Html/202506/Newsdetail_4335.html,https://www.sceea.cn/Upload/image/20250625/20250625184112_7044.jpg,ff5d12cd1e3a57663c6066fcfbcee5f731bc42eb3bdc55b17226f9c227f8633f,manual_verified
467,467分,1296,172209,https://www.sceea.cn/Html/202506/Newsdetail_4335.html,https://www.sceea.cn/Upload/image/20250625/20250625184112_7044.jpg,ff5d12cd1e3a57663c6066fcfbcee5f731bc42eb3bdc55b17226f9c227f8633f,manual_verified
466,466分,1285,173494,https://www.sceea.cn/Html/202506/Newsdetail_4335.html,https://www.sceea.cn/Upload/image/20250625/20250625184112_7044.jpg,ff5d12cd1e3a57663c6066fcfbcee5f731bc42eb3bdc55b17226f9c227f8633f,manual_verified
465,465分,1319,174813,https://www.sceea.cn/Html/202506/Newsdetail_4335.html,https://www.sceea.cn/Upload/image/20250625/20250625184112_7044.jpg,ff5d12cd1e3a57663c6066fcfbcee5f731bc42eb3bdc55b17226f9c227f8633f,manual_verified
464,464分,1294,176107,https://www.sceea.cn/Html/202506/Newsdetail_4335.html,https://www.sceea.cn/Upload/image/20250625/20250625184112_7044.jpg,ff5d12cd1e3a57663c6066fcfbcee5f731bc42eb3bdc55b17226f9c227f8633f,manual_verified
463,463分,1341,177448,https://www.sceea.cn/Html/202506/Newsdetail_4335.html,https://www.sceea.cn/Upload/image/20250625/20250625184112_7044.jpg,ff5d12cd1e3a57663c6066fcfbcee5f731bc42eb3bdc55b17226f9c227f8633f,manual_verified
462,462分,1274,178722,https://www.sceea.cn/Html/202506/Newsdetail_4335.html,https://www.sceea.cn/Upload/image/20250625/20250625184112_7044.jpg,ff5d12cd1e3a57663c6066fcfbcee5f731bc42eb3bdc55b17226f9c227f8633f,manual_verified
461,461分,1286,180008,https://www.sceea.cn/Html/202506/Newsdetail_4335.html,https://www.sceea.cn/Upload/image/20250625/20250625184112_7044.jpg,ff5d12cd1e3a57663c6066fcfbcee5f731bc42eb3bdc55b17226f9c227f8633f,manual_verified
460,460分,1276,181284,https://www.sceea.cn/Html/202506/Newsdetail_4335.html,https://www.sceea.cn/Upload/image/20250625/20250625184112_8113.jpg,b94d4e4008b126d1b960ff34bf60f4dcdd65b67b971ba39a8fd9afdd1242efbf,manual_verified
459,459分,1281,182565,https://www.sceea.cn/Html/202506/Newsdetail_4335.html,https://www.sceea.cn/Upload/image/20250625/20250625184112_8113.jpg,b94d4e4008b126d1b960ff34bf60f4dcdd65b67b971ba39a8fd9afdd1242efbf,manual_verified
458,458分,1277,183842,https://www.sceea.cn/Html/202506/Newsdetail_4335.html,https://www.sceea.cn/Upload/image/20250625/20250625184112_8113.jpg,b94d4e4008b126d1b960ff34bf60f4dcdd65b67b971ba39a8fd9afdd1242efbf,manual_verified
457,457分,1275,185117,https://www.sceea.cn/Html/202506/Newsdetail_4335.html,https://www.sceea.cn/Upload/image/20250625/20250625184112_8113.jpg,b94d4e4008b126d1b960ff34bf60f4dcdd65b67b971ba39a8fd9afdd1242efbf,manual_verified
456,456分,1221,186338,https://www.sceea.cn/Html/202506/Newsdetail_4335.html,https://www.sceea.cn/Upload/image/20250625/20250625184112_8113.jpg,b94d4e4008b126d1b960ff34bf60f4dcdd65b67b971ba39a8fd9afdd1242efbf,manual_verified
455,455分,1230,187568,https://www.sceea.cn/Html/202506/Newsdetail_4335.html,https://www.sceea.cn/Upload/image/20250625/20250625184112_8113.jpg,b94d4e4008b126d1b960ff34bf60f4dcdd65b67b971ba39a8fd9afdd1242efbf,manual_verified
454,454分,1213,188781,https://www.sceea.cn/Html/202506/Newsdetail_4335.html,https://www.sceea.cn/Upload/image/20250625/20250625184112_8113.jpg,b94d4e4008b126d1b960ff34bf60f4dcdd65b67b971ba39a8fd9afdd1242efbf,manual_verified
453,453分,1277,190058,https://www.sceea.cn/Html/202506/Newsdetail_4335.html,https://www.sceea.cn/Upload/image/20250625/20250625184112_8113.jpg,b94d4e4008b126d1b960ff34bf60f4dcdd65b67b971ba39a8fd9afdd1242efbf,manual_verified
452,452分,1171,191229,https://www.sceea.cn/Html/202506/Newsdetail_4335.html,https://www.sceea.cn/Upload/image/20250625/20250625184112_8113.jpg,b94d4e4008b126d1b960ff34bf60f4dcdd65b67b971ba39a8fd9afdd1242efbf,manual_verified
451,451分,1149,192378,https://www.sceea.cn/Html/202506/Newsdetail_4335.html,https://www.sceea.cn/Upload/image/20250625/20250625184112_8113.jpg,b94d4e4008b126d1b960ff34bf60f4dcdd65b67b971ba39a8fd9afdd1242efbf,manual_verified
450,450分,1200,193578,https://www.sceea.cn/Html/202506/Newsdetail_4335.html,https://www.sceea.cn/Upload/image/20250625/20250625184112_8113.jpg,b94d4e4008b126d1b960ff34bf60f4dcdd65b67b971ba39a8fd9afdd1242efbf,manual_verified
449,449分,1166,194744,https://www.sceea.cn/Html/202506/Newsdetail_4335.html,https://www.sceea.cn/Upload/image/20250625/20250625184112_8113.jpg,b94d4e4008b126d1b960ff34bf60f4dcdd65b67b971ba39a8fd9afdd1242efbf,manual_verified
448,448分,1211,195955,https://www.sceea.cn/Html/202506/Newsdetail_4335.html,https://www.sceea.cn/Upload/image/20250625/20250625184112_8113.jpg,b94d4e4008b126d1b960ff34bf60f4dcdd65b67b971ba39a8fd9afdd1242efbf,manual_verified
447,447分,1203,197158,https://www.sceea.cn/Html/202506/Newsdetail_4335.html,https://www.sceea.cn/Upload/image/20250625/20250625184112_8113.jpg,b94d4e4008b126d1b960ff34bf60f4dcdd65b67b971ba39a8fd9afdd1242efbf,manual_verified
446,446分,1172,198330,https://www.sceea.cn/Html/202506/Newsdetail_4335.html,https://www.sceea.cn/Upload/image/20250625/20250625184112_8113.jpg,b94d4e4008b126d1b960ff34bf60f4dcdd65b67b971ba39a8fd9afdd1242efbf,manual_verified
445,445分,1109,199439,https://www.sceea.cn/Html/202506/Newsdetail_4335.html,https://www.sceea.cn/Upload/image/20250625/20250625184112_8113.jpg,b94d4e4008b126d1b960ff34bf60f4dcdd65b67b971ba39a8fd9afdd1242efbf,manual_verified
444,444分,1126,200565,https://www.sceea.cn/Html/202506/Newsdetail_4335.html,https://www.sceea.cn/Upload/image/20250625/20250625184112_8113.jpg,b94d4e4008b126d1b960ff34bf60f4dcdd65b67b971ba39a8fd9afdd1242efbf,manual_verified
443,443分,1129,201694,https://www.sceea.cn/Html/202506/Newsdetail_4335.html,https://www.sceea.cn/Upload/image/20250625/20250625184112_8113.jpg,b94d4e4008b126d1b960ff34bf60f4dcdd65b67b971ba39a8fd9afdd1242efbf,manual_verified
442,442分,1087,202781,https://www.sceea.cn/Html/202506/Newsdetail_4335.html,https://www.sceea.cn/Upload/image/20250625/20250625184112_8113.jpg,b94d4e4008b126d1b960ff34bf60f4dcdd65b67b971ba39a8fd9afdd1242efbf,manual_verified
441,441分,1114,203895,https://www.sceea.cn/Html/202506/Newsdetail_4335.html,https://www.sceea.cn/Upload/image/20250625/20250625184112_8113.jpg,b94d4e4008b126d1b960ff34bf60f4dcdd65b67b971ba39a8fd9afdd1242efbf,manual_verified
440,440分,1056,204951,https://www.sceea.cn/Html/202506/Newsdetail_4335.html,https://www.sceea.cn/Upload/image/20250625/20250625184112_8113.jpg,b94d4e4008b126d1b960ff34bf60f4dcdd65b67b971ba39a8fd9afdd1242efbf,manual_verified
439,439分,1055,206006,https://www.sceea.cn/Html/202506/Newsdetail_4335.html,https://www.sceea.cn/Upload/image/20250625/20250625184112_8113.jpg,b94d4e4008b126d1b960ff34bf60f4dcdd65b67b971ba39a8fd9afdd1242efbf,manual_verified
438,438分,1057,207063,https://www.sceea.cn/Html/202506/Newsdetail_4335.html,https://www.sceea.cn/Upload/image/20250625/20250625184112_8113.jpg,b94d4e4008b126d1b960ff34bf60f4dcdd65b67b971ba39a8fd9afdd1242efbf,manual_verified
437,437分,1107,208170,https://www.sceea.cn/Html/202506/Newsdetail_4335.html,https://www.sceea.cn/Upload/image/20250625/20250625184112_8113.jpg,b94d4e4008b126d1b960ff34bf60f4dcdd65b67b971ba39a8fd9afdd1242efbf,manual_verified
436,436分,1053,209223,https://www.sceea.cn/Html/202506/Newsdetail_4335.html,https://www.sceea.cn/Upload/image/20250625/20250625184112_8113.jpg,b94d4e4008b126d1b960ff34bf60f4dcdd65b67b971ba39a8fd9afdd1242efbf,manual_verified
435,435分,1018,210241,https://www.sceea.cn/Html/202506/Newsdetail_4335.html,https://www.sceea.cn/Upload/image/20250625/20250625184112_8113.jpg,b94d4e4008b126d1b960ff34bf60f4dcdd65b67b971ba39a8fd9afdd1242efbf,manual_verified
434,434分,1013,211254,https://www.sceea.cn/Html/202506/Newsdetail_4335.html,https://www.sceea.cn/Upload/image/20250625/20250625184112_8113.jpg,b94d4e4008b126d1b960ff34bf60f4dcdd65b67b971ba39a8fd9afdd1242efbf,manual_verified
433,433分,1060,212314,https://www.sceea.cn/Html/202506/Newsdetail_4335.html,https://www.sceea.cn/Upload/image/20250625/20250625184112_8113.jpg,b94d4e4008b126d1b960ff34bf60f4dcdd65b67b971ba39a8fd9afdd1242efbf,manual_verified
432,432分,1056,213370,https://www.sceea.cn/Html/202506/Newsdetail_4335.html,https://www.sceea.cn/Upload/image/20250625/20250625184112_8113.jpg,b94d4e4008b126d1b960ff34bf60f4dcdd65b67b971ba39a8fd9afdd1242efbf,manual_verified
431,431分,1047,214417,https://www.sceea.cn/Html/202506/Newsdetail_4335.html,https://www.sceea.cn/Upload/image/20250625/20250625184112_9858.jpg,35849a91f2a91359218f26ade9d35e1a9574ed95231c95d83a7f45800f7a95b9,manual_verified
430,430分,982,215399,https://www.sceea.cn/Html/202506/Newsdetail_4335.html,https://www.sceea.cn/Upload/image/20250625/20250625184112_9858.jpg,35849a91f2a91359218f26ade9d35e1a9574ed95231c95d83a7f45800f7a95b9,manual_verified
429,429分,1011,216410,https://www.sceea.cn/Html/202506/Newsdetail_4335.html,https://www.sceea.cn/Upload/image/20250625/20250625184112_9858.jpg,35849a91f2a91359218f26ade9d35e1a9574ed95231c95d83a7f45800f7a95b9,manual_verified
428,428分,964,217374,https://www.sceea.cn/Html/202506/Newsdetail_4335.html,https://www.sceea.cn/Upload/image/20250625/20250625184112_9858.jpg,35849a91f2a91359218f26ade9d35e1a9574ed95231c95d83a7f45800f7a95b9,manual_verified
427,427分,923,218297,https://www.sceea.cn/Html/202506/Newsdetail_4335.html,https://www.sceea.cn/Upload/image/20250625/20250625184112_9858.jpg,35849a91f2a91359218f26ade9d35e1a9574ed95231c95d83a7f45800f7a95b9,manual_verified
426,426分,958,219255,https://www.sceea.cn/Html/202506/Newsdetail_4335.html,https://www.sceea.cn/Upload/image/20250625/20250625184112_9858.jpg,35849a91f2a91359218f26ade9d35e1a9574ed95231c95d83a7f45800f7a95b9,manual_verified
425,425分,935,220190,https://www.sceea.cn/Html/202506/Newsdetail_4335.html,https://www.sceea.cn/Upload/image/20250625/20250625184112_9858.jpg,35849a91f2a91359218f26ade9d35e1a9574ed95231c95d83a7f45800f7a95b9,manual_verified
424,424分,951,221141,https://www.sceea.cn/Html/202506/Newsdetail_4335.html,https://www.sceea.cn/Upload/image/20250625/20250625184112_9858.jpg,35849a91f2a91359218f26ade9d35e1a9574ed95231c95d83a7f45800f7a95b9,manual_verified
423,423分,909,222050,https://www.sceea.cn/Html/202506/Newsdetail_4335.html,https://www.sceea.cn/Upload/image/20250625/20250625184112_9858.jpg,35849a91f2a91359218f26ade9d35e1a9574ed95231c95d83a7f45800f7a95b9,manual_verified
422,422分,919,222969,https://www.sceea.cn/Html/202506/Newsdetail_4335.html,https://www.sceea.cn/Upload/image/20250625/20250625184112_9858.jpg,35849a91f2a91359218f26ade9d35e1a9574ed95231c95d83a7f45800f7a95b9,manual_verified
421,421分,937,223906,https://www.sceea.cn/Html/202506/Newsdetail_4335.html,https://www.sceea.cn/Upload/image/20250625/20250625184112_9858.jpg,35849a91f2a91359218f26ade9d35e1a9574ed95231c95d83a7f45800f7a95b9,manual_verified
420,420分,895,224801,https://www.sceea.cn/Html/202506/Newsdetail_4335.html,https://www.sceea.cn/Upload/image/20250625/20250625184112_9858.jpg,35849a91f2a91359218f26ade9d35e1a9574ed95231c95d83a7f45800f7a95b9,manual_verified
419,419分,912,225713,https://www.sceea.cn/Html/202506/Newsdetail_4335.html,https://www.sceea.cn/Upload/image/20250625/20250625184112_9858.jpg,35849a91f2a91359218f26ade9d35e1a9574ed95231c95d83a7f45800f7a95b9,manual_verified
418,418分,865,226578,https://www.sceea.cn/Html/202506/Newsdetail_4335.html,https://www.sceea.cn/Upload/image/20250625/20250625184112_9858.jpg,35849a91f2a91359218f26ade9d35e1a9574ed95231c95d83a7f45800f7a95b9,manual_verified
417,417分,886,227464,https://www.sceea.cn/Html/202506/Newsdetail_4335.html,https://www.sceea.cn/Upload/image/20250625/20250625184112_9858.jpg,35849a91f2a91359218f26ade9d35e1a9574ed95231c95d83a7f45800f7a95b9,manual_verified
416,416分,872,228336,https://www.sceea.cn/Html/202506/Newsdetail_4335.html,https://www.sceea.cn/Upload/image/20250625/20250625184112_9858.jpg,35849a91f2a91359218f26ade9d35e1a9574ed95231c95d83a7f45800f7a95b9,manual_verified
415,415分,841,229177,https://www.sceea.cn/Html/202506/Newsdetail_4335.html,https://www.sceea.cn/Upload/image/20250625/20250625184112_9858.jpg,35849a91f2a91359218f26ade9d35e1a9574ed95231c95d83a7f45800f7a95b9,manual_verified
414,414分,848,230025,https://www.sceea.cn/Html/202506/Newsdetail_4335.html,https://www.sceea.cn/Upload/image/20250625/20250625184112_9858.jpg,35849a91f2a91359218f26ade9d35e1a9574ed95231c95d83a7f45800f7a95b9,manual_verified
413,413分,857,230882,https://www.sceea.cn/Html/202506/Newsdetail_4335.html,https://www.sceea.cn/Upload/image/20250625/20250625184112_9858.jpg,35849a91f2a91359218f26ade9d35e1a9574ed95231c95d83a7f45800f7a95b9,manual_verified
412,412分,825,231707,https://www.sceea.cn/Html/202506/Newsdetail_4335.html,https://www.sceea.cn/Upload/image/20250625/20250625184112_9858.jpg,35849a91f2a91359218f26ade9d35e1a9574ed95231c95d83a7f45800f7a95b9,manual_verified
411,411分,816,232523,https://www.sceea.cn/Html/202506/Newsdetail_4335.html,https://www.sceea.cn/Upload/image/20250625/20250625184112_9858.jpg,35849a91f2a91359218f26ade9d35e1a9574ed95231c95d83a7f45800f7a95b9,manual_verified
410,410分,854,233377,https://www.sceea.cn/Html/202506/Newsdetail_4335.html,https://www.sceea.cn/Upload/image/20250625/20250625184112_9858.jpg,35849a91f2a91359218f26ade9d35e1a9574ed95231c95d83a7f45800f7a95b9,manual_verified
409,409分,781,234158,https://www.sceea.cn/Html/202506/Newsdetail_4335.html,https://www.sceea.cn/Upload/image/20250625/20250625184112_9858.jpg,35849a91f2a91359218f26ade9d35e1a9574ed95231c95d83a7f45800f7a95b9,manual_verified
408,408分,784,234942,https://www.sceea.cn/Html/202506/Newsdetail_4335.html,https://www.sceea.cn/Upload/image/20250625/20250625184112_9858.jpg,35849a91f2a91359218f26ade9d35e1a9574ed95231c95d83a7f45800f7a95b9,manual_verified
407,407分,726,235668,https://www.sceea.cn/Html/202506/Newsdetail_4335.html,https://www.sceea.cn/Upload/image/20250625/20250625184112_9858.jpg,35849a91f2a91359218f26ade9d35e1a9574ed95231c95d83a7f45800f7a95b9,manual_verified
406,406分,738,236406,https://www.sceea.cn/Html/202506/Newsdetail_4335.html,https://www.sceea.cn/Upload/image/20250625/20250625184112_9858.jpg,35849a91f2a91359218f26ade9d35e1a9574ed95231c95d83a7f45800f7a95b9,manual_verified
405,405分,736,237142,https://www.sceea.cn/Html/202506/Newsdetail_4335.html,https://www.sceea.cn/Upload/image/20250625/20250625184112_9858.jpg,35849a91f2a91359218f26ade9d35e1a9574ed95231c95d83a7f45800f7a95b9,manual_verified
404,404分,789,237931,https://www.sceea.cn/Html/202506/Newsdetail_4335.html,https://www.sceea.cn/Upload/image/20250625/20250625184112_9858.jpg,35849a91f2a91359218f26ade9d35e1a9574ed95231c95d83a7f45800f7a95b9,manual_verified
403,403分,706,238637,https://www.sceea.cn/Html/202506/Newsdetail_4335.html,https://www.sceea.cn/Upload/image/20250625/20250625184112_9858.jpg,35849a91f2a91359218f26ade9d35e1a9574ed95231c95d83a7f45800f7a95b9,manual_verified
402,402分,694,239331,https://www.sceea.cn/Html/202506/Newsdetail_4335.html,https://www.sceea.cn/Upload/image/20250625/20250625184113_1833.jpg,766e25d584dd17c1afbd3eb4e2cb7f77beb8359a35909cbfb0d91c068f3448ff,manual_verified
401,401分,683,240014,https://www.sceea.cn/Html/202506/Newsdetail_4335.html,https://www.sceea.cn/Upload/image/20250625/20250625184113_1833.jpg,766e25d584dd17c1afbd3eb4e2cb7f77beb8359a35909cbfb0d91c068f3448ff,manual_verified
400,400分,711,240725,https://www.sceea.cn/Html/202506/Newsdetail_4335.html,https://www.sceea.cn/Upload/image/20250625/20250625184113_1833.jpg,766e25d584dd17c1afbd3eb4e2cb7f77beb8359a35909cbfb0d91c068f3448ff,manual_verified
399,399分,696,241421,https://www.sceea.cn/Html/202506/Newsdetail_4335.html,https://www.sceea.cn/Upload/image/20250625/20250625184113_1833.jpg,766e25d584dd17c1afbd3eb4e2cb7f77beb8359a35909cbfb0d91c068f3448ff,manual_verified
398,398分,693,242114,https://www.sceea.cn/Html/202506/Newsdetail_4335.html,https://www.sceea.cn/Upload/image/20250625/20250625184113_1833.jpg,766e25d584dd17c1afbd3eb4e2cb7f77beb8359a35909cbfb0d91c068f3448ff,manual_verified
397,397分,672,242786,https://www.sceea.cn/Html/202506/Newsdetail_4335.html,https://www.sceea.cn/Upload/image/20250625/20250625184113_1833.jpg,766e25d584dd17c1afbd3eb4e2cb7f77beb8359a35909cbfb0d91c068f3448ff,manual_verified
396,396分,700,243486,https://www.sceea.cn/Html/202506/Newsdetail_4335.html,https://www.sceea.cn/Upload/image/20250625/20250625184113_1833.jpg,766e25d584dd17c1afbd3eb4e2cb7f77beb8359a35909cbfb0d91c068f3448ff,manual_verified
395,395分,616,244102,https://www.sceea.cn/Html/202506/Newsdetail_4335.html,https://www.sceea.cn/Upload/image/20250625/20250625184113_1833.jpg,766e25d584dd17c1afbd3eb4e2cb7f77beb8359a35909cbfb0d91c068f3448ff,manual_verified
394,394分,606,244708,https://www.sceea.cn/Html/202506/Newsdetail_4335.html,https://www.sceea.cn/Upload/image/20250625/20250625184113_1833.jpg,766e25d584dd17c1afbd3eb4e2cb7f77beb8359a35909cbfb0d91c068f3448ff,manual_verified
393,393分,610,245318,https://www.sceea.cn/Html/202506/Newsdetail_4335.html,https://www.sceea.cn/Upload/image/20250625/20250625184113_1833.jpg,766e25d584dd17c1afbd3eb4e2cb7f77beb8359a35909cbfb0d91c068f3448ff,manual_verified
392,392分,638,245956,https://www.sceea.cn/Html/202506/Newsdetail_4335.html,https://www.sceea.cn/Upload/image/20250625/20250625184113_1833.jpg,766e25d584dd17c1afbd3eb4e2cb7f77beb8359a35909cbfb0d91c068f3448ff,manual_verified
391,391分,617,246573,https://www.sceea.cn/Html/202506/Newsdetail_4335.html,https://www.sceea.cn/Upload/image/20250625/20250625184113_1833.jpg,766e25d584dd17c1afbd3eb4e2cb7f77beb8359a35909cbfb0d91c068f3448ff,manual_verified
390,390分,616,247189,https://www.sceea.cn/Html/202506/Newsdetail_4335.html,https://www.sceea.cn/Upload/image/20250625/20250625184113_1833.jpg,766e25d584dd17c1afbd3eb4e2cb7f77beb8359a35909cbfb0d91c068f3448ff,manual_verified
389,389分,611,247800,https://www.sceea.cn/Html/202506/Newsdetail_4335.html,https://www.sceea.cn/Upload/image/20250625/20250625184113_1833.jpg,766e25d584dd17c1afbd3eb4e2cb7f77beb8359a35909cbfb0d91c068f3448ff,manual_verified
388,388分,619,248419,https://www.sceea.cn/Html/202506/Newsdetail_4335.html,https://www.sceea.cn/Upload/image/20250625/20250625184113_1833.jpg,766e25d584dd17c1afbd3eb4e2cb7f77beb8359a35909cbfb0d91c068f3448ff,manual_verified
387,387分,604,249023,https://www.sceea.cn/Html/202506/Newsdetail_4335.html,https://www.sceea.cn/Upload/image/20250625/20250625184113_1833.jpg,766e25d584dd17c1afbd3eb4e2cb7f77beb8359a35909cbfb0d91c068f3448ff,manual_verified
386,386分,578,249601,https://www.sceea.cn/Html/202506/Newsdetail_4335.html,https://www.sceea.cn/Upload/image/20250625/20250625184113_1833.jpg,766e25d584dd17c1afbd3eb4e2cb7f77beb8359a35909cbfb0d91c068f3448ff,manual_verified
385,385分,509,250110,https://www.sceea.cn/Html/202506/Newsdetail_4335.html,https://www.sceea.cn/Upload/image/20250625/20250625184113_1833.jpg,766e25d584dd17c1afbd3eb4e2cb7f77beb8359a35909cbfb0d91c068f3448ff,manual_verified
384,384分,570,250680,https://www.sceea.cn/Html/202506/Newsdetail_4335.html,https://www.sceea.cn/Upload/image/20250625/20250625184113_1833.jpg,766e25d584dd17c1afbd3eb4e2cb7f77beb8359a35909cbfb0d91c068f3448ff,manual_verified
383,383分,543,251223,https://www.sceea.cn/Html/202506/Newsdetail_4335.html,https://www.sceea.cn/Upload/image/20250625/20250625184113_1833.jpg,766e25d584dd17c1afbd3eb4e2cb7f77beb8359a35909cbfb0d91c068f3448ff,manual_verified
382,382分,529,251752,https://www.sceea.cn/Html/202506/Newsdetail_4335.html,https://www.sceea.cn/Upload/image/20250625/20250625184113_1833.jpg,766e25d584dd17c1afbd3eb4e2cb7f77beb8359a35909cbfb0d91c068f3448ff,manual_verified
381,381分,527,252279,https://www.sceea.cn/Html/202506/Newsdetail_4335.html,https://www.sceea.cn/Upload/image/20250625/20250625184113_1833.jpg,766e25d584dd17c1afbd3eb4e2cb7f77beb8359a35909cbfb0d91c068f3448ff,manual_verified
380,380分,536,252815,https://www.sceea.cn/Html/202506/Newsdetail_4335.html,https://www.sceea.cn/Upload/image/20250625/20250625184113_1833.jpg,766e25d584dd17c1afbd3eb4e2cb7f77beb8359a35909cbfb0d91c068f3448ff,manual_verified
379,379分,508,253323,https://www.sceea.cn/Html/202506/Newsdetail_4335.html,https://www.sceea.cn/Upload/image/20250625/20250625184113_1833.jpg,766e25d584dd17c1afbd3eb4e2cb7f77beb8359a35909cbfb0d91c068f3448ff,manual_verified
378,378分,538,253861,https://www.sceea.cn/Html/202506/Newsdetail_4335.html,https://www.sceea.cn/Upload/image/20250625/20250625184113_1833.jpg,766e25d584dd17c1afbd3eb4e2cb7f77beb8359a35909cbfb0d91c068f3448ff,manual_verified
377,377分,497,254358,https://www.sceea.cn/Html/202506/Newsdetail_4335.html,https://www.sceea.cn/Upload/image/20250625/20250625184113_1833.jpg,766e25d584dd17c1afbd3eb4e2cb7f77beb8359a35909cbfb0d91c068f3448ff,manual_verified
376,376分,559,254917,https://www.sceea.cn/Html/202506/Newsdetail_4335.html,https://www.sceea.cn/Upload/image/20250625/20250625184113_1833.jpg,766e25d584dd17c1afbd3eb4e2cb7f77beb8359a35909cbfb0d91c068f3448ff,manual_verified
375,375分,533,255450,https://www.sceea.cn/Html/202506/Newsdetail_4335.html,https://www.sceea.cn/Upload/image/20250625/20250625184113_1833.jpg,766e25d584dd17c1afbd3eb4e2cb7f77beb8359a35909cbfb0d91c068f3448ff,manual_verified
374,374分,491,255941,https://www.sceea.cn/Html/202506/Newsdetail_4335.html,https://www.sceea.cn/Upload/image/20250625/20250625184113_1833.jpg,766e25d584dd17c1afbd3eb4e2cb7f77beb8359a35909cbfb0d91c068f3448ff,manual_verified
373,373分,491,256432,https://www.sceea.cn/Html/202506/Newsdetail_4335.html,https://www.sceea.cn/Upload/image/20250625/20250625184113_3434.jpg,9d181ba686725e53051ac27b96381a4dc41a2b77c04bc8e507c215b4fd6a7ac8,manual_verified
372,372分,436,256868,https://www.sceea.cn/Html/202506/Newsdetail_4335.html,https://www.sceea.cn/Upload/image/20250625/20250625184113_3434.jpg,9d181ba686725e53051ac27b96381a4dc41a2b77c04bc8e507c215b4fd6a7ac8,manual_verified
371,371分,455,257323,https://www.sceea.cn/Html/202506/Newsdetail_4335.html,https://www.sceea.cn/Upload/image/20250625/20250625184113_3434.jpg,9d181ba686725e53051ac27b96381a4dc41a2b77c04bc8e507c215b4fd6a7ac8,manual_verified
370,370分,444,257767,https://www.sceea.cn/Html/202506/Newsdetail_4335.html,https://www.sceea.cn/Upload/image/20250625/20250625184113_3434.jpg,9d181ba686725e53051ac27b96381a4dc41a2b77c04bc8e507c215b4fd6a7ac8,manual_verified
369,369分,424,258191,https://www.sceea.cn/Html/202506/Newsdetail_4335.html,https://www.sceea.cn/Upload/image/20250625/20250625184113_3434.jpg,9d181ba686725e53051ac27b96381a4dc41a2b77c04bc8e507c215b4fd6a7ac8,manual_verified
368,368分,451,258642,https://www.sceea.cn/Html/202506/Newsdetail_4335.html,https://www.sceea.cn/Upload/image/20250625/20250625184113_3434.jpg,9d181ba686725e53051ac27b96381a4dc41a2b77c04bc8e507c215b4fd6a7ac8,manual_verified
367,367分,422,259064,https://www.sceea.cn/Html/202506/Newsdetail_4335.html,https://www.sceea.cn/Upload/image/20250625/20250625184113_3434.jpg,9d181ba686725e53051ac27b96381a4dc41a2b77c04bc8e507c215b4fd6a7ac8,manual_verified
366,366分,433,259497,https://www.sceea.cn/Html/202506/Newsdetail_4335.html,https://www.sceea.cn/Upload/image/20250625/20250625184113_3434.jpg,9d181ba686725e53051ac27b96381a4dc41a2b77c04bc8e507c215b4fd6a7ac8,manual_verified
365,365分,423,259920,https://www.sceea.cn/Html/202506/Newsdetail_4335.html,https://www.sceea.cn/Upload/image/20250625/20250625184113_3434.jpg,9d181ba686725e53051ac27b96381a4dc41a2b77c04bc8e507c215b4fd6a7ac8,manual_verified
364,364分,428,260348,https://www.sceea.cn/Html/202506/Newsdetail_4335.html,https://www.sceea.cn/Upload/image/20250625/20250625184113_3434.jpg,9d181ba686725e53051ac27b96381a4dc41a2b77c04bc8e507c215b4fd6a7ac8,manual_verified
363,363分,410,260758,https://www.sceea.cn/Html/202506/Newsdetail_4335.html,https://www.sceea.cn/Upload/image/20250625/20250625184113_3434.jpg,9d181ba686725e53051ac27b96381a4dc41a2b77c04bc8e507c215b4fd6a7ac8,manual_verified
362,362分,405,261163,https://www.sceea.cn/Html/202506/Newsdetail_4335.html,https://www.sceea.cn/Upload/image/20250625/20250625184113_3434.jpg,9d181ba686725e53051ac27b96381a4dc41a2b77c04bc8e507c215b4fd6a7ac8,manual_verified
361,361分,408,261571,https://www.sceea.cn/Html/202506/Newsdetail_4335.html,https://www.sceea.cn/Upload/image/20250625/20250625184113_3434.jpg,9d181ba686725e53051ac27b96381a4dc41a2b77c04bc8e507c215b4fd6a7ac8,manual_verified
360,360分,449,262020,https://www.sceea.cn/Html/202506/Newsdetail_4335.html,https://www.sceea.cn/Upload/image/20250625/20250625184113_3434.jpg,9d181ba686725e53051ac27b96381a4dc41a2b77c04bc8e507c215b4fd6a7ac8,manual_verified
359,359分,406,262426,https://www.sceea.cn/Html/202506/Newsdetail_4335.html,https://www.sceea.cn/Upload/image/20250625/20250625184113_3434.jpg,9d181ba686725e53051ac27b96381a4dc41a2b77c04bc8e507c215b4fd6a7ac8,manual_verified
358,358分,361,262787,https://www.sceea.cn/Html/202506/Newsdetail_4335.html,https://www.sceea.cn/Upload/image/20250625/20250625184113_3434.jpg,9d181ba686725e53051ac27b96381a4dc41a2b77c04bc8e507c215b4fd6a7ac8,manual_verified
357,357分,370,263157,https://www.sceea.cn/Html/202506/Newsdetail_4335.html,https://www.sceea.cn/Upload/image/20250625/20250625184113_3434.jpg,9d181ba686725e53051ac27b96381a4dc41a2b77c04bc8e507c215b4fd6a7ac8,manual_verified
356,356分,328,263485,https://www.sceea.cn/Html/202506/Newsdetail_4335.html,https://www.sceea.cn/Upload/image/20250625/20250625184113_3434.jpg,9d181ba686725e53051ac27b96381a4dc41a2b77c04bc8e507c215b4fd6a7ac8,manual_verified
355,355分,402,263887,https://www.sceea.cn/Html/202506/Newsdetail_4335.html,https://www.sceea.cn/Upload/image/20250625/20250625184113_3434.jpg,9d181ba686725e53051ac27b96381a4dc41a2b77c04bc8e507c215b4fd6a7ac8,manual_verified
354,354分,402,264289,https://www.sceea.cn/Html/202506/Newsdetail_4335.html,https://www.sceea.cn/Upload/image/20250625/20250625184113_3434.jpg,9d181ba686725e53051ac27b96381a4dc41a2b77c04bc8e507c215b4fd6a7ac8,manual_verified
353,353分,337,264626,https://www.sceea.cn/Html/202506/Newsdetail_4335.html,https://www.sceea.cn/Upload/image/20250625/20250625184113_3434.jpg,9d181ba686725e53051ac27b96381a4dc41a2b77c04bc8e507c215b4fd6a7ac8,manual_verified
352,352分,346,264972,https://www.sceea.cn/Html/202506/Newsdetail_4335.html,https://www.sceea.cn/Upload/image/20250625/20250625184113_3434.jpg,9d181ba686725e53051ac27b96381a4dc41a2b77c04bc8e507c215b4fd6a7ac8,manual_verified
351,351分,345,265317,https://www.sceea.cn/Html/202506/Newsdetail_4335.html,https://www.sceea.cn/Upload/image/20250625/20250625184113_3434.jpg,9d181ba686725e53051ac27b96381a4dc41a2b77c04bc8e507c215b4fd6a7ac8,manual_verified
350,350分,352,265669,https://www.sceea.cn/Html/202506/Newsdetail_4335.html,https://www.sceea.cn/Upload/image/20250625/20250625184113_3434.jpg,9d181ba686725e53051ac27b96381a4dc41a2b77c04bc8e507c215b4fd6a7ac8,manual_verified
349,349分,354,266023,https://www.sceea.cn/Html/202506/Newsdetail_4335.html,https://www.sceea.cn/Upload/image/20250625/20250625184113_3434.jpg,9d181ba686725e53051ac27b96381a4dc41a2b77c04bc8e507c215b4fd6a7ac8,manual_verified
348,348分,346,266369,https://www.sceea.cn/Html/202506/Newsdetail_4335.html,https://www.sceea.cn/Upload/image/20250625/20250625184113_3434.jpg,9d181ba686725e53051ac27b96381a4dc41a2b77c04bc8e507c215b4fd6a7ac8,manual_verified
347,347分,334,266703,https://www.sceea.cn/Html/202506/Newsdetail_4335.html,https://www.sceea.cn/Upload/image/20250625/20250625184113_3434.jpg,9d181ba686725e53051ac27b96381a4dc41a2b77c04bc8e507c215b4fd6a7ac8,manual_verified
346,346分,310,267013,https://www.sceea.cn/Html/202506/Newsdetail_4335.html,https://www.sceea.cn/Upload/image/20250625/20250625184113_3434.jpg,9d181ba686725e53051ac27b96381a4dc41a2b77c04bc8e507c215b4fd6a7ac8,manual_verified
345,345分,334,267347,https://www.sceea.cn/Html/202506/Newsdetail_4335.html,https://www.sceea.cn/Upload/image/20250625/20250625184113_3434.jpg,9d181ba686725e53051ac27b96381a4dc41a2b77c04bc8e507c215b4fd6a7ac8,manual_verified
344,344分,296,267643,https://www.sceea.cn/Html/202506/Newsdetail_4335.html,https://www.sceea.cn/Upload/image/20250625/20250625184113_4858.jpg,68d795e1f96b1e113ffe7c55566d17f3a351bcb701cc3953b2ebf5e70c0b1ae8,manual_verified
343,343分,321,267964,https://www.sceea.cn/Html/202506/Newsdetail_4335.html,https://www.sceea.cn/Upload/image/20250625/20250625184113_4858.jpg,68d795e1f96b1e113ffe7c55566d17f3a351bcb701cc3953b2ebf5e70c0b1ae8,manual_verified
342,342分,304,268268,https://www.sceea.cn/Html/202506/Newsdetail_4335.html,https://www.sceea.cn/Upload/image/20250625/20250625184113_4858.jpg,68d795e1f96b1e113ffe7c55566d17f3a351bcb701cc3953b2ebf5e70c0b1ae8,manual_verified
341,341分,307,268575,https://www.sceea.cn/Html/202506/Newsdetail_4335.html,https://www.sceea.cn/Upload/image/20250625/20250625184113_4858.jpg,68d795e1f96b1e113ffe7c55566d17f3a351bcb701cc3953b2ebf5e70c0b1ae8,manual_verified
340,340分,283,268858,https://www.sceea.cn/Html/202506/Newsdetail_4335.html,https://www.sceea.cn/Upload/image/20250625/20250625184113_4858.jpg,68d795e1f96b1e113ffe7c55566d17f3a351bcb701cc3953b2ebf5e70c0b1ae8,manual_verified
339,339分,276,269134,https://www.sceea.cn/Html/202506/Newsdetail_4335.html,https://www.sceea.cn/Upload/image/20250625/20250625184113_4858.jpg,68d795e1f96b1e113ffe7c55566d17f3a351bcb701cc3953b2ebf5e70c0b1ae8,manual_verified
338,338分,291,269425,https://www.sceea.cn/Html/202506/Newsdetail_4335.html,https://www.sceea.cn/Upload/image/20250625/20250625184113_4858.jpg,68d795e1f96b1e113ffe7c55566d17f3a351bcb701cc3953b2ebf5e70c0b1ae8,manual_verified
337,337分,306,269731,https://www.sceea.cn/Html/202506/Newsdetail_4335.html,https://www.sceea.cn/Upload/image/20250625/20250625184113_4858.jpg,68d795e1f96b1e113ffe7c55566d17f3a351bcb701cc3953b2ebf5e70c0b1ae8,manual_verified
336,336分,308,270039,https://www.sceea.cn/Html/202506/Newsdetail_4335.html,https://www.sceea.cn/Upload/image/20250625/20250625184113_4858.jpg,68d795e1f96b1e113ffe7c55566d17f3a351bcb701cc3953b2ebf5e70c0b1ae8,manual_verified
335,335分,288,270327,https://www.sceea.cn/Html/202506/Newsdetail_4335.html,https://www.sceea.cn/Upload/image/20250625/20250625184113_4858.jpg,68d795e1f96b1e113ffe7c55566d17f3a351bcb701cc3953b2ebf5e70c0b1ae8,manual_verified
334,334分,280,270607,https://www.sceea.cn/Html/202506/Newsdetail_4335.html,https://www.sceea.cn/Upload/image/20250625/20250625184113_4858.jpg,68d795e1f96b1e113ffe7c55566d17f3a351bcb701cc3953b2ebf5e70c0b1ae8,manual_verified
333,333分,308,270915,https://www.sceea.cn/Html/202506/Newsdetail_4335.html,https://www.sceea.cn/Upload/image/20250625/20250625184113_4858.jpg,68d795e1f96b1e113ffe7c55566d17f3a351bcb701cc3953b2ebf5e70c0b1ae8,manual_verified
332,332分,229,271144,https://www.sceea.cn/Html/202506/Newsdetail_4335.html,https://www.sceea.cn/Upload/image/20250625/20250625184113_4858.jpg,68d795e1f96b1e113ffe7c55566d17f3a351bcb701cc3953b2ebf5e70c0b1ae8,manual_verified
331,331分,269,271413,https://www.sceea.cn/Html/202506/Newsdetail_4335.html,https://www.sceea.cn/Upload/image/20250625/20250625184113_4858.jpg,68d795e1f96b1e113ffe7c55566d17f3a351bcb701cc3953b2ebf5e70c0b1ae8,manual_verified
330,330分,253,271666,https://www.sceea.cn/Html/202506/Newsdetail_4335.html,https://www.sceea.cn/Upload/image/20250625/20250625184113_4858.jpg,68d795e1f96b1e113ffe7c55566d17f3a351bcb701cc3953b2ebf5e70c0b1ae8,manual_verified
329,329分,255,271921,https://www.sceea.cn/Html/202506/Newsdetail_4335.html,https://www.sceea.cn/Upload/image/20250625/20250625184113_4858.jpg,68d795e1f96b1e113ffe7c55566d17f3a351bcb701cc3953b2ebf5e70c0b1ae8,manual_verified
328,328分,258,272179,https://www.sceea.cn/Html/202506/Newsdetail_4335.html,https://www.sceea.cn/Upload/image/20250625/20250625184113_4858.jpg,68d795e1f96b1e113ffe7c55566d17f3a351bcb701cc3953b2ebf5e70c0b1ae8,manual_verified
327,327分,274,272453,https://www.sceea.cn/Html/202506/Newsdetail_4335.html,https://www.sceea.cn/Upload/image/20250625/20250625184113_4858.jpg,68d795e1f96b1e113ffe7c55566d17f3a351bcb701cc3953b2ebf5e70c0b1ae8,manual_verified
326,326分,240,272693,https://www.sceea.cn/Html/202506/Newsdetail_4335.html,https://www.sceea.cn/Upload/image/20250625/20250625184113_4858.jpg,68d795e1f96b1e113ffe7c55566d17f3a351bcb701cc3953b2ebf5e70c0b1ae8,manual_verified
325,325分,221,272914,https://www.sceea.cn/Html/202506/Newsdetail_4335.html,https://www.sceea.cn/Upload/image/20250625/20250625184113_4858.jpg,68d795e1f96b1e113ffe7c55566d17f3a351bcb701cc3953b2ebf5e70c0b1ae8,manual_verified
324,324分,240,273154,https://www.sceea.cn/Html/202506/Newsdetail_4335.html,https://www.sceea.cn/Upload/image/20250625/20250625184113_4858.jpg,68d795e1f96b1e113ffe7c55566d17f3a351bcb701cc3953b2ebf5e70c0b1ae8,manual_verified
323,323分,236,273390,https://www.sceea.cn/Html/202506/Newsdetail_4335.html,https://www.sceea.cn/Upload/image/20250625/20250625184113_4858.jpg,68d795e1f96b1e113ffe7c55566d17f3a351bcb701cc3953b2ebf5e70c0b1ae8,manual_verified
322,322分,227,273617,https://www.sceea.cn/Html/202506/Newsdetail_4335.html,https://www.sceea.cn/Upload/image/20250625/20250625184113_4858.jpg,68d795e1f96b1e113ffe7c55566d17f3a351bcb701cc3953b2ebf5e70c0b1ae8,manual_verified
321,321分,219,273836,https://www.sceea.cn/Html/202506/Newsdetail_4335.html,https://www.sceea.cn/Upload/image/20250625/20250625184113_4858.jpg,68d795e1f96b1e113ffe7c55566d17f3a351bcb701cc3953b2ebf5e70c0b1ae8,manual_verified
320,320分,209,274045,https://www.sceea.cn/Html/202506/Newsdetail_4335.html,https://www.sceea.cn/Upload/image/20250625/20250625184113_4858.jpg,68d795e1f96b1e113ffe7c55566d17f3a351bcb701cc3953b2ebf5e70c0b1ae8,manual_verified
319,319分,254,274299,https://www.sceea.cn/Html/202506/Newsdetail_4335.html,https://www.sceea.cn/Upload/image/20250625/20250625184113_4858.jpg,68d795e1f96b1e113ffe7c55566d17f3a351bcb701cc3953b2ebf5e70c0b1ae8,manual_verified
318,318分,224,274523,https://www.sceea.cn/Html/202506/Newsdetail_4335.html,https://www.sceea.cn/Upload/image/20250625/20250625184113_4858.jpg,68d795e1f96b1e113ffe7c55566d17f3a351bcb701cc3953b2ebf5e70c0b1ae8,manual_verified
317,317分,212,274735,https://www.sceea.cn/Html/202506/Newsdetail_4335.html,https://www.sceea.cn/Upload/image/20250625/20250625184113_4858.jpg,68d795e1f96b1e113ffe7c55566d17f3a351bcb701cc3953b2ebf5e70c0b1ae8,manual_verified
316,316分,207,274942,https://www.sceea.cn/Html/202506/Newsdetail_4335.html,https://www.sceea.cn/Upload/image/20250625/20250625184113_4858.jpg,68d795e1f96b1e113ffe7c55566d17f3a351bcb701cc3953b2ebf5e70c0b1ae8,manual_verified
315,315分,211,275153,https://www.sceea.cn/Html/202506/Newsdetail_4335.html,https://www.sceea.cn/Upload/image/20250625/20250625184113_6818.jpg,2c5bbad6a981b2fc611ee3ca5a1444a36a6c0a4fe3a86f8754d37cd7a05e8f7f,manual_verified
314,314分,235,275388,https://www.sceea.cn/Html/202506/Newsdetail_4335.html,https://www.sceea.cn/Upload/image/20250625/20250625184113_6818.jpg,2c5bbad6a981b2fc611ee3ca5a1444a36a6c0a4fe3a86f8754d37cd7a05e8f7f,manual_verified
313,313分,203,275591,https://www.sceea.cn/Html/202506/Newsdetail_4335.html,https://www.sceea.cn/Upload/image/20250625/20250625184113_6818.jpg,2c5bbad6a981b2fc611ee3ca5a1444a36a6c0a4fe3a86f8754d37cd7a05e8f7f,manual_verified
312,312分,197,275788,https://www.sceea.cn/Html/202506/Newsdetail_4335.html,https://www.sceea.cn/Upload/image/20250625/20250625184113_6818.jpg,2c5bbad6a981b2fc611ee3ca5a1444a36a6c0a4fe3a86f8754d37cd7a05e8f7f,manual_verified
311,311分,186,275974,https://www.sceea.cn/Html/202506/Newsdetail_4335.html,https://www.sceea.cn/Upload/image/20250625/20250625184113_6818.jpg,2c5bbad6a981b2fc611ee3ca5a1444a36a6c0a4fe3a86f8754d37cd7a05e8f7f,manual_verified
310,310分,203,276177,https://www.sceea.cn/Html/202506/Newsdetail_4335.html,https://www.sceea.cn/Upload/image/20250625/20250625184113_6818.jpg,2c5bbad6a981b2fc611ee3ca5a1444a36a6c0a4fe3a86f8754d37cd7a05e8f7f,manual_verified
309,309分,166,276343,https://www.sceea.cn/Html/202506/Newsdetail_4335.html,https://www.sceea.cn/Upload/image/20250625/20250625184113_6818.jpg,2c5bbad6a981b2fc611ee3ca5a1444a36a6c0a4fe3a86f8754d37cd7a05e8f7f,manual_verified
308,308分,198,276541,https://www.sceea.cn/Html/202506/Newsdetail_4335.html,https://www.sceea.cn/Upload/image/20250625/20250625184113_6818.jpg,2c5bbad6a981b2fc611ee3ca5a1444a36a6c0a4fe3a86f8754d37cd7a05e8f7f,manual_verified
307,307分,175,276716,https://www.sceea.cn/Html/202506/Newsdetail_4335.html,https://www.sceea.cn/Upload/image/20250625/20250625184113_6818.jpg,2c5bbad6a981b2fc611ee3ca5a1444a36a6c0a4fe3a86f8754d37cd7a05e8f7f,manual_verified
306,306分,169,276885,https://www.sceea.cn/Html/202506/Newsdetail_4335.html,https://www.sceea.cn/Upload/image/20250625/20250625184113_6818.jpg,2c5bbad6a981b2fc611ee3ca5a1444a36a6c0a4fe3a86f8754d37cd7a05e8f7f,manual_verified
305,305分,178,277063,https://www.sceea.cn/Html/202506/Newsdetail_4335.html,https://www.sceea.cn/Upload/image/20250625/20250625184113_6818.jpg,2c5bbad6a981b2fc611ee3ca5a1444a36a6c0a4fe3a86f8754d37cd7a05e8f7f,manual_verified
304,304分,185,277248,https://www.sceea.cn/Html/202506/Newsdetail_4335.html,https://www.sceea.cn/Upload/image/20250625/20250625184113_6818.jpg,2c5bbad6a981b2fc611ee3ca5a1444a36a6c0a4fe3a86f8754d37cd7a05e8f7f,manual_verified
303,303分,177,277425,https://www.sceea.cn/Html/202506/Newsdetail_4335.html,https://www.sceea.cn/Upload/image/20250625/20250625184113_6818.jpg,2c5bbad6a981b2fc611ee3ca5a1444a36a6c0a4fe3a86f8754d37cd7a05e8f7f,manual_verified
302,302分,171,277596,https://www.sceea.cn/Html/202506/Newsdetail_4335.html,https://www.sceea.cn/Upload/image/20250625/20250625184113_6818.jpg,2c5bbad6a981b2fc611ee3ca5a1444a36a6c0a4fe3a86f8754d37cd7a05e8f7f,manual_verified
301,301分,183,277779,https://www.sceea.cn/Html/202506/Newsdetail_4335.html,https://www.sceea.cn/Upload/image/20250625/20250625184113_6818.jpg,2c5bbad6a981b2fc611ee3ca5a1444a36a6c0a4fe3a86f8754d37cd7a05e8f7f,manual_verified
300,300分,153,277932,https://www.sceea.cn/Html/202506/Newsdetail_4335.html,https://www.sceea.cn/Upload/image/20250625/20250625184113_6818.jpg,2c5bbad6a981b2fc611ee3ca5a1444a36a6c0a4fe3a86f8754d37cd7a05e8f7f,manual_verified
299,299分,145,278077,https://www.sceea.cn/Html/202506/Newsdetail_4335.html,https://www.sceea.cn/Upload/image/20250625/20250625184113_6818.jpg,2c5bbad6a981b2fc611ee3ca5a1444a36a6c0a4fe3a86f8754d37cd7a05e8f7f,manual_verified
298,298分,148,278225,https://www.sceea.cn/Html/202506/Newsdetail_4335.html,https://www.sceea.cn/Upload/image/20250625/20250625184113_6818.jpg,2c5bbad6a981b2fc611ee3ca5a1444a36a6c0a4fe3a86f8754d37cd7a05e8f7f,manual_verified
297,297分,179,278404,https://www.sceea.cn/Html/202506/Newsdetail_4335.html,https://www.sceea.cn/Upload/image/20250625/20250625184113_6818.jpg,2c5bbad6a981b2fc611ee3ca5a1444a36a6c0a4fe3a86f8754d37cd7a05e8f7f,manual_verified
296,296分,141,278545,https://www.sceea.cn/Html/202506/Newsdetail_4335.html,https://www.sceea.cn/Upload/image/20250625/20250625184113_6818.jpg,2c5bbad6a981b2fc611ee3ca5a1444a36a6c0a4fe3a86f8754d37cd7a05e8f7f,manual_verified
295,295分,141,278686,https://www.sceea.cn/Html/202506/Newsdetail_4335.html,https://www.sceea.cn/Upload/image/20250625/20250625184113_6818.jpg,2c5bbad6a981b2fc611ee3ca5a1444a36a6c0a4fe3a86f8754d37cd7a05e8f7f,manual_verified
294,294分,135,278821,https://www.sceea.cn/Html/202506/Newsdetail_4335.html,https://www.sceea.cn/Upload/image/20250625/20250625184113_6818.jpg,2c5bbad6a981b2fc611ee3ca5a1444a36a6c0a4fe3a86f8754d37cd7a05e8f7f,manual_verified
293,293分,140,278961,https://www.sceea.cn/Html/202506/Newsdetail_4335.html,https://www.sceea.cn/Upload/image/20250625/20250625184113_6818.jpg,2c5bbad6a981b2fc611ee3ca5a1444a36a6c0a4fe3a86f8754d37cd7a05e8f7f,manual_verified
292,292分,151,279112,https://www.sceea.cn/Html/202506/Newsdetail_4335.html,https://www.sceea.cn/Upload/image/20250625/20250625184113_6818.jpg,2c5bbad6a981b2fc611ee3ca5a1444a36a6c0a4fe3a86f8754d37cd7a05e8f7f,manual_verified
291,291分,134,279246,https://www.sceea.cn/Html/202506/Newsdetail_4335.html,https://www.sceea.cn/Upload/image/20250625/20250625184113_6818.jpg,2c5bbad6a981b2fc611ee3ca5a1444a36a6c0a4fe3a86f8754d37cd7a05e8f7f,manual_verified
290,290分,130,279376,https://www.sceea.cn/Html/202506/Newsdetail_4335.html,https://www.sceea.cn/Upload/image/20250625/20250625184113_6818.jpg,2c5bbad6a981b2fc611ee3ca5a1444a36a6c0a4fe3a86f8754d37cd7a05e8f7f,manual_verified
289,289分,126,279502,https://www.sceea.cn/Html/202506/Newsdetail_4335.html,https://www.sceea.cn/Upload/image/20250625/20250625184113_6818.jpg,2c5bbad6a981b2fc611ee3ca5a1444a36a6c0a4fe3a86f8754d37cd7a05e8f7f,manual_verified
288,288分,124,279626,https://www.sceea.cn/Html/202506/Newsdetail_4335.html,https://www.sceea.cn/Upload/image/20250625/20250625184113_6818.jpg,2c5bbad6a981b2fc611ee3ca5a1444a36a6c0a4fe3a86f8754d37cd7a05e8f7f,manual_verified
287,287分,127,279753,https://www.sceea.cn/Html/202506/Newsdetail_4335.html,https://www.sceea.cn/Upload/image/20250625/20250625184113_6818.jpg,2c5bbad6a981b2fc611ee3ca5a1444a36a6c0a4fe3a86f8754d37cd7a05e8f7f,manual_verified
286,286分,105,279858,https://www.sceea.cn/Html/202506/Newsdetail_4335.html,https://www.sceea.cn/Upload/image/20250625/20250625184113_8427.jpg,5e23f314813efb770e206d337a20bae316e40b51e5afa167ed9009d134c1416d,manual_verified
285,285分,119,279977,https://www.sceea.cn/Html/202506/Newsdetail_4335.html,https://www.sceea.cn/Upload/image/20250625/20250625184113_8427.jpg,5e23f314813efb770e206d337a20bae316e40b51e5afa167ed9009d134c1416d,manual_verified
284,284分,133,280110,https://www.sceea.cn/Html/202506/Newsdetail_4335.html,https://www.sceea.cn/Upload/image/20250625/20250625184113_8427.jpg,5e23f314813efb770e206d337a20bae316e40b51e5afa167ed9009d134c1416d,manual_verified
283,283分,125,280235,https://www.sceea.cn/Html/202506/Newsdetail_4335.html,https://www.sceea.cn/Upload/image/20250625/20250625184113_8427.jpg,5e23f314813efb770e206d337a20bae316e40b51e5afa167ed9009d134c1416d,manual_verified
282,282分,133,280368,https://www.sceea.cn/Html/202506/Newsdetail_4335.html,https://www.sceea.cn/Upload/image/20250625/20250625184113_8427.jpg,5e23f314813efb770e206d337a20bae316e40b51e5afa167ed9009d134c1416d,manual_verified
281,281分,101,280469,https://www.sceea.cn/Html/202506/Newsdetail_4335.html,https://www.sceea.cn/Upload/image/20250625/20250625184113_8427.jpg,5e23f314813efb770e206d337a20bae316e40b51e5afa167ed9009d134c1416d,manual_verified
280,280分,120,280589,https://www.sceea.cn/Html/202506/Newsdetail_4335.html,https://www.sceea.cn/Upload/image/20250625/20250625184113_8427.jpg,5e23f314813efb770e206d337a20bae316e40b51e5afa167ed9009d134c1416d,manual_verified
279,279分,128,280717,https://www.sceea.cn/Html/202506/Newsdetail_4335.html,https://www.sceea.cn/Upload/image/20250625/20250625184113_8427.jpg,5e23f314813efb770e206d337a20bae316e40b51e5afa167ed9009d134c1416d,manual_verified
278,278分,107,280824,https://www.sceea.cn/Html/202506/Newsdetail_4335.html,https://www.sceea.cn/Upload/image/20250625/20250625184113_8427.jpg,5e23f314813efb770e206d337a20bae316e40b51e5afa167ed9009d134c1416d,manual_verified
277,277分,100,280924,https://www.sceea.cn/Html/202506/Newsdetail_4335.html,https://www.sceea.cn/Upload/image/20250625/20250625184113_8427.jpg,5e23f314813efb770e206d337a20bae316e40b51e5afa167ed9009d134c1416d,manual_verified
276,276分,92,281016,https://www.sceea.cn/Html/202506/Newsdetail_4335.html,https://www.sceea.cn/Upload/image/20250625/20250625184113_8427.jpg,5e23f314813efb770e206d337a20bae316e40b51e5afa167ed9009d134c1416d,manual_verified
275,275分,101,281117,https://www.sceea.cn/Html/202506/Newsdetail_4335.html,https://www.sceea.cn/Upload/image/20250625/20250625184113_8427.jpg,5e23f314813efb770e206d337a20bae316e40b51e5afa167ed9009d134c1416d,manual_verified
274,274分,82,281199,https://www.sceea.cn/Html/202506/Newsdetail_4335.html,https://www.sceea.cn/Upload/image/20250625/20250625184113_8427.jpg,5e23f314813efb770e206d337a20bae316e40b51e5afa167ed9009d134c1416d,manual_verified
273,273分,103,281302,https://www.sceea.cn/Html/202506/Newsdetail_4335.html,https://www.sceea.cn/Upload/image/20250625/20250625184113_8427.jpg,5e23f314813efb770e206d337a20bae316e40b51e5afa167ed9009d134c1416d,manual_verified
272,272分,102,281404,https://www.sceea.cn/Html/202506/Newsdetail_4335.html,https://www.sceea.cn/Upload/image/20250625/20250625184113_8427.jpg,5e23f314813efb770e206d337a20bae316e40b51e5afa167ed9009d134c1416d,manual_verified
271,271分,96,281500,https://www.sceea.cn/Html/202506/Newsdetail_4335.html,https://www.sceea.cn/Upload/image/20250625/20250625184113_8427.jpg,5e23f314813efb770e206d337a20bae316e40b51e5afa167ed9009d134c1416d,manual_verified
270,270分,84,281584,https://www.sceea.cn/Html/202506/Newsdetail_4335.html,https://www.sceea.cn/Upload/image/20250625/20250625184113_8427.jpg,5e23f314813efb770e206d337a20bae316e40b51e5afa167ed9009d134c1416d,manual_verified
269,269分,112,281696,https://www.sceea.cn/Html/202506/Newsdetail_4335.html,https://www.sceea.cn/Upload/image/20250625/20250625184113_8427.jpg,5e23f314813efb770e206d337a20bae316e40b51e5afa167ed9009d134c1416d,manual_verified
268,268分,76,281772,https://www.sceea.cn/Html/202506/Newsdetail_4335.html,https://www.sceea.cn/Upload/image/20250625/20250625184113_8427.jpg,5e23f314813efb770e206d337a20bae316e40b51e5afa167ed9009d134c1416d,manual_verified
267,267分,80,281852,https://www.sceea.cn/Html/202506/Newsdetail_4335.html,https://www.sceea.cn/Upload/image/20250625/20250625184113_8427.jpg,5e23f314813efb770e206d337a20bae316e40b51e5afa167ed9009d134c1416d,manual_verified
266,266分,87,281939,https://www.sceea.cn/Html/202506/Newsdetail_4335.html,https://www.sceea.cn/Upload/image/20250625/20250625184113_8427.jpg,5e23f314813efb770e206d337a20bae316e40b51e5afa167ed9009d134c1416d,manual_verified
265,265分,88,282027,https://www.sceea.cn/Html/202506/Newsdetail_4335.html,https://www.sceea.cn/Upload/image/20250625/20250625184113_8427.jpg,5e23f314813efb770e206d337a20bae316e40b51e5afa167ed9009d134c1416d,manual_verified
264,264分,80,282107,https://www.sceea.cn/Html/202506/Newsdetail_4335.html,https://www.sceea.cn/Upload/image/20250625/20250625184113_8427.jpg,5e23f314813efb770e206d337a20bae316e40b51e5afa167ed9009d134c1416d,manual_verified
263,263分,84,282191,https://www.sceea.cn/Html/202506/Newsdetail_4335.html,https://www.sceea.cn/Upload/image/20250625/20250625184113_8427.jpg,5e23f314813efb770e206d337a20bae316e40b51e5afa167ed9009d134c1416d,manual_verified
262,262分,76,282267,https://www.sceea.cn/Html/202506/Newsdetail_4335.html,https://www.sceea.cn/Upload/image/20250625/20250625184113_8427.jpg,5e23f314813efb770e206d337a20bae316e40b51e5afa167ed9009d134c1416d,manual_verified
261,261分,81,282348,https://www.sceea.cn/Html/202506/Newsdetail_4335.html,https://www.sceea.cn/Upload/image/20250625/20250625184113_8427.jpg,5e23f314813efb770e206d337a20bae316e40b51e5afa167ed9009d134c1416d,manual_verified
260,260分,95,282443,https://www.sceea.cn/Html/202506/Newsdetail_4335.html,https://www.sceea.cn/Upload/image/20250625/20250625184113_8427.jpg,5e23f314813efb770e206d337a20bae316e40b51e5afa167ed9009d134c1416d,manual_verified
259,259分,81,282524,https://www.sceea.cn/Html/202506/Newsdetail_4335.html,https://www.sceea.cn/Upload/image/20250625/20250625184113_8427.jpg,5e23f314813efb770e206d337a20bae316e40b51e5afa167ed9009d134c1416d,manual_verified
258,258分,60,282584,https://www.sceea.cn/Html/202506/Newsdetail_4335.html,https://www.sceea.cn/Upload/image/20250625/20250625184113_8427.jpg,5e23f314813efb770e206d337a20bae316e40b51e5afa167ed9009d134c1416d,manual_verified
257,257分,80,282664,https://www.sceea.cn/Html/202506/Newsdetail_4335.html,https://www.sceea.cn/Upload/image/20250625/20250625184113_9541.jpg,304037a4797dbf3c51743c189aa8deac8a12fe41e988aa7565a5359516a1ac75,manual_verified
256,256分,57,282721,https://www.sceea.cn/Html/202506/Newsdetail_4335.html,https://www.sceea.cn/Upload/image/20250625/20250625184113_9541.jpg,304037a4797dbf3c51743c189aa8deac8a12fe41e988aa7565a5359516a1ac75,manual_verified
255,255分,76,282797,https://www.sceea.cn/Html/202506/Newsdetail_4335.html,https://www.sceea.cn/Upload/image/20250625/20250625184113_9541.jpg,304037a4797dbf3c51743c189aa8deac8a12fe41e988aa7565a5359516a1ac75,manual_verified
254,254分,77,282874,https://www.sceea.cn/Html/202506/Newsdetail_4335.html,https://www.sceea.cn/Upload/image/20250625/20250625184113_9541.jpg,304037a4797dbf3c51743c189aa8deac8a12fe41e988aa7565a5359516a1ac75,manual_verified
253,253分,65,282939,https://www.sceea.cn/Html/202506/Newsdetail_4335.html,https://www.sceea.cn/Upload/image/20250625/20250625184113_9541.jpg,304037a4797dbf3c51743c189aa8deac8a12fe41e988aa7565a5359516a1ac75,manual_verified
252,252分,68,283007,https://www.sceea.cn/Html/202506/Newsdetail_4335.html,https://www.sceea.cn/Upload/image/20250625/20250625184113_9541.jpg,304037a4797dbf3c51743c189aa8deac8a12fe41e988aa7565a5359516a1ac75,manual_verified
251,251分,57,283064,https://www.sceea.cn/Html/202506/Newsdetail_4335.html,https://www.sceea.cn/Upload/image/20250625/20250625184113_9541.jpg,304037a4797dbf3c51743c189aa8deac8a12fe41e988aa7565a5359516a1ac75,manual_verified
250,250分,52,283116,https://www.sceea.cn/Html/202506/Newsdetail_4335.html,https://www.sceea.cn/Upload/image/20250625/20250625184113_9541.jpg,304037a4797dbf3c51743c189aa8deac8a12fe41e988aa7565a5359516a1ac75,manual_verified
249,249分,69,283185,https://www.sceea.cn/Html/202506/Newsdetail_4335.html,https://www.sceea.cn/Upload/image/20250625/20250625184113_9541.jpg,304037a4797dbf3c51743c189aa8deac8a12fe41e988aa7565a5359516a1ac75,manual_verified
248,248分,56,283241,https://www.sceea.cn/Html/202506/Newsdetail_4335.html,https://www.sceea.cn/Upload/image/20250625/20250625184113_9541.jpg,304037a4797dbf3c51743c189aa8deac8a12fe41e988aa7565a5359516a1ac75,manual_verified
247,247分,60,283301,https://www.sceea.cn/Html/202506/Newsdetail_4335.html,https://www.sceea.cn/Upload/image/20250625/20250625184113_9541.jpg,304037a4797dbf3c51743c189aa8deac8a12fe41e988aa7565a5359516a1ac75,manual_verified
246,246分,43,283344,https://www.sceea.cn/Html/202506/Newsdetail_4335.html,https://www.sceea.cn/Upload/image/20250625/20250625184113_9541.jpg,304037a4797dbf3c51743c189aa8deac8a12fe41e988aa7565a5359516a1ac75,manual_verified
245,245分,53,283397,https://www.sceea.cn/Html/202506/Newsdetail_4335.html,https://www.sceea.cn/Upload/image/20250625/20250625184113_9541.jpg,304037a4797dbf3c51743c189aa8deac8a12fe41e988aa7565a5359516a1ac75,manual_verified
244,244分,62,283459,https://www.sceea.cn/Html/202506/Newsdetail_4335.html,https://www.sceea.cn/Upload/image/20250625/20250625184113_9541.jpg,304037a4797dbf3c51743c189aa8deac8a12fe41e988aa7565a5359516a1ac75,manual_verified
243,243分,48,283507,https://www.sceea.cn/Html/202506/Newsdetail_4335.html,https://www.sceea.cn/Upload/image/20250625/20250625184113_9541.jpg,304037a4797dbf3c51743c189aa8deac8a12fe41e988aa7565a5359516a1ac75,manual_verified
242,242分,55,283562,https://www.sceea.cn/Html/202506/Newsdetail_4335.html,https://www.sceea.cn/Upload/image/20250625/20250625184113_9541.jpg,304037a4797dbf3c51743c189aa8deac8a12fe41e988aa7565a5359516a1ac75,manual_verified
241,241分,47,283609,https://www.sceea.cn/Html/202506/Newsdetail_4335.html,https://www.sceea.cn/Upload/image/20250625/20250625184113_9541.jpg,304037a4797dbf3c51743c189aa8deac8a12fe41e988aa7565a5359516a1ac75,manual_verified
240,240分,42,283651,https://www.sceea.cn/Html/202506/Newsdetail_4335.html,https://www.sceea.cn/Upload/image/20250625/20250625184113_9541.jpg,304037a4797dbf3c51743c189aa8deac8a12fe41e988aa7565a5359516a1ac75,manual_verified
239,239分,46,283697,https://www.sceea.cn/Html/202506/Newsdetail_4335.html,https://www.sceea.cn/Upload/image/20250625/20250625184113_9541.jpg,304037a4797dbf3c51743c189aa8deac8a12fe41e988aa7565a5359516a1ac75,manual_verified
238,238分,40,283737,https://www.sceea.cn/Html/202506/Newsdetail_4335.html,https://www.sceea.cn/Upload/image/20250625/20250625184113_9541.jpg,304037a4797dbf3c51743c189aa8deac8a12fe41e988aa7565a5359516a1ac75,manual_verified
237,237分,39,283776,https://www.sceea.cn/Html/202506/Newsdetail_4335.html,https://www.sceea.cn/Upload/image/20250625/20250625184113_9541.jpg,304037a4797dbf3c51743c189aa8deac8a12fe41e988aa7565a5359516a1ac75,manual_verified
236,236分,32,283808,https://www.sceea.cn/Html/202506/Newsdetail_4335.html,https://www.sceea.cn/Upload/image/20250625/20250625184113_9541.jpg,304037a4797dbf3c51743c189aa8deac8a12fe41e988aa7565a5359516a1ac75,manual_verified
235,235分,34,283842,https://www.sceea.cn/Html/202506/Newsdetail_4335.html,https://www.sceea.cn/Upload/image/20250625/20250625184113_9541.jpg,304037a4797dbf3c51743c189aa8deac8a12fe41e988aa7565a5359516a1ac75,manual_verified
234,234分,37,283879,https://www.sceea.cn/Html/202506/Newsdetail_4335.html,https://www.sceea.cn/Upload/image/20250625/20250625184113_9541.jpg,304037a4797dbf3c51743c189aa8deac8a12fe41e988aa7565a5359516a1ac75,manual_verified
233,233分,32,283911,https://www.sceea.cn/Html/202506/Newsdetail_4335.html,https://www.sceea.cn/Upload/image/20250625/20250625184113_9541.jpg,304037a4797dbf3c51743c189aa8deac8a12fe41e988aa7565a5359516a1ac75,manual_verified
232,232分,32,283943,https://www.sceea.cn/Html/202506/Newsdetail_4335.html,https://www.sceea.cn/Upload/image/20250625/20250625184113_9541.jpg,304037a4797dbf3c51743c189aa8deac8a12fe41e988aa7565a5359516a1ac75,manual_verified
231,231分,33,283976,https://www.sceea.cn/Html/202506/Newsdetail_4335.html,https://www.sceea.cn/Upload/image/20250625/20250625184113_9541.jpg,304037a4797dbf3c51743c189aa8deac8a12fe41e988aa7565a5359516a1ac75,manual_verified
230,230分,27,284003,https://www.sceea.cn/Html/202506/Newsdetail_4335.html,https://www.sceea.cn/Upload/image/20250625/20250625184113_9541.jpg,304037a4797dbf3c51743c189aa8deac8a12fe41e988aa7565a5359516a1ac75,manual_verified
229,229分,32,284035,https://www.sceea.cn/Html/202506/Newsdetail_4335.html,https://www.sceea.cn/Upload/image/20250625/20250625184113_9541.jpg,304037a4797dbf3c51743c189aa8deac8a12fe41e988aa7565a5359516a1ac75,manual_verified
228,228分,29,284064,https://www.sceea.cn/Html/202506/Newsdetail_4335.html,https://www.sceea.cn/Upload/image/20250625/20250625184114_1795.jpg,9026bdad1f84230a34a449ff9f6117d6908a9876e0dc807ec22c12488cb5be00,manual_verified
227,227分,23,284087,https://www.sceea.cn/Html/202506/Newsdetail_4335.html,https://www.sceea.cn/Upload/image/20250625/20250625184114_1795.jpg,9026bdad1f84230a34a449ff9f6117d6908a9876e0dc807ec22c12488cb5be00,manual_verified
226,226分,31,284118,https://www.sceea.cn/Html/202506/Newsdetail_4335.html,https://www.sceea.cn/Upload/image/20250625/20250625184114_1795.jpg,9026bdad1f84230a34a449ff9f6117d6908a9876e0dc807ec22c12488cb5be00,manual_verified
225,225分,33,284151,https://www.sceea.cn/Html/202506/Newsdetail_4335.html,https://www.sceea.cn/Upload/image/20250625/20250625184114_1795.jpg,9026bdad1f84230a34a449ff9f6117d6908a9876e0dc807ec22c12488cb5be00,manual_verified
224,224分,32,284183,https://www.sceea.cn/Html/202506/Newsdetail_4335.html,https://www.sceea.cn/Upload/image/20250625/20250625184114_1795.jpg,9026bdad1f84230a34a449ff9f6117d6908a9876e0dc807ec22c12488cb5be00,manual_verified
223,223分,21,284204,https://www.sceea.cn/Html/202506/Newsdetail_4335.html,https://www.sceea.cn/Upload/image/20250625/20250625184114_1795.jpg,9026bdad1f84230a34a449ff9f6117d6908a9876e0dc807ec22c12488cb5be00,manual_verified
222,222分,24,284228,https://www.sceea.cn/Html/202506/Newsdetail_4335.html,https://www.sceea.cn/Upload/image/20250625/20250625184114_1795.jpg,9026bdad1f84230a34a449ff9f6117d6908a9876e0dc807ec22c12488cb5be00,manual_verified
221,221分,13,284241,https://www.sceea.cn/Html/202506/Newsdetail_4335.html,https://www.sceea.cn/Upload/image/20250625/20250625184114_1795.jpg,9026bdad1f84230a34a449ff9f6117d6908a9876e0dc807ec22c12488cb5be00,manual_verified
220,220分,27,284268,https://www.sceea.cn/Html/202506/Newsdetail_4335.html,https://www.sceea.cn/Upload/image/20250625/20250625184114_1795.jpg,9026bdad1f84230a34a449ff9f6117d6908a9876e0dc807ec22c12488cb5be00,manual_verified
219,219分,34,284302,https://www.sceea.cn/Html/202506/Newsdetail_4335.html,https://www.sceea.cn/Upload/image/20250625/20250625184114_1795.jpg,9026bdad1f84230a34a449ff9f6117d6908a9876e0dc807ec22c12488cb5be00,manual_verified
218,218分,22,284324,https://www.sceea.cn/Html/202506/Newsdetail_4335.html,https://www.sceea.cn/Upload/image/20250625/20250625184114_1795.jpg,9026bdad1f84230a34a449ff9f6117d6908a9876e0dc807ec22c12488cb5be00,manual_verified
217,217分,24,284348,https://www.sceea.cn/Html/202506/Newsdetail_4335.html,https://www.sceea.cn/Upload/image/20250625/20250625184114_1795.jpg,9026bdad1f84230a34a449ff9f6117d6908a9876e0dc807ec22c12488cb5be00,manual_verified
216,216分,21,284369,https://www.sceea.cn/Html/202506/Newsdetail_4335.html,https://www.sceea.cn/Upload/image/20250625/20250625184114_1795.jpg,9026bdad1f84230a34a449ff9f6117d6908a9876e0dc807ec22c12488cb5be00,manual_verified
215,215分,24,284393,https://www.sceea.cn/Html/202506/Newsdetail_4335.html,https://www.sceea.cn/Upload/image/20250625/20250625184114_1795.jpg,9026bdad1f84230a34a449ff9f6117d6908a9876e0dc807ec22c12488cb5be00,manual_verified
214,214分,21,284414,https://www.sceea.cn/Html/202506/Newsdetail_4335.html,https://www.sceea.cn/Upload/image/20250625/20250625184114_1795.jpg,9026bdad1f84230a34a449ff9f6117d6908a9876e0dc807ec22c12488cb5be00,manual_verified
213,213分,14,284428,https://www.sceea.cn/Html/202506/Newsdetail_4335.html,https://www.sceea.cn/Upload/image/20250625/20250625184114_1795.jpg,9026bdad1f84230a34a449ff9f6117d6908a9876e0dc807ec22c12488cb5be00,manual_verified
212,212分,20,284448,https://www.sceea.cn/Html/202506/Newsdetail_4335.html,https://www.sceea.cn/Upload/image/20250625/20250625184114_1795.jpg,9026bdad1f84230a34a449ff9f6117d6908a9876e0dc807ec22c12488cb5be00,manual_verified
211,211分,13,284461,https://www.sceea.cn/Html/202506/Newsdetail_4335.html,https://www.sceea.cn/Upload/image/20250625/20250625184114_1795.jpg,9026bdad1f84230a34a449ff9f6117d6908a9876e0dc807ec22c12488cb5be00,manual_verified
210,210分,12,284473,https://www.sceea.cn/Html/202506/Newsdetail_4335.html,https://www.sceea.cn/Upload/image/20250625/20250625184114_1795.jpg,9026bdad1f84230a34a449ff9f6117d6908a9876e0dc807ec22c12488cb5be00,manual_verified
209,209分,13,284486,https://www.sceea.cn/Html/202506/Newsdetail_4335.html,https://www.sceea.cn/Upload/image/20250625/20250625184114_1795.jpg,9026bdad1f84230a34a449ff9f6117d6908a9876e0dc807ec22c12488cb5be00,manual_verified
208,208分,11,284497,https://www.sceea.cn/Html/202506/Newsdetail_4335.html,https://www.sceea.cn/Upload/image/20250625/20250625184114_1795.jpg,9026bdad1f84230a34a449ff9f6117d6908a9876e0dc807ec22c12488cb5be00,manual_verified
207,207分,12,284509,https://www.sceea.cn/Html/202506/Newsdetail_4335.html,https://www.sceea.cn/Upload/image/20250625/20250625184114_1795.jpg,9026bdad1f84230a34a449ff9f6117d6908a9876e0dc807ec22c12488cb5be00,manual_verified
206,206分,13,284522,https://www.sceea.cn/Html/202506/Newsdetail_4335.html,https://www.sceea.cn/Upload/image/20250625/20250625184114_1795.jpg,9026bdad1f84230a34a449ff9f6117d6908a9876e0dc807ec22c12488cb5be00,manual_verified
205,205分,10,284532,https://www.sceea.cn/Html/202506/Newsdetail_4335.html,https://www.sceea.cn/Upload/image/20250625/20250625184114_1795.jpg,9026bdad1f84230a34a449ff9f6117d6908a9876e0dc807ec22c12488cb5be00,manual_verified
204,204分,7,284539,https://www.sceea.cn/Html/202506/Newsdetail_4335.html,https://www.sceea.cn/Upload/image/20250625/20250625184114_1795.jpg,9026bdad1f84230a34a449ff9f6117d6908a9876e0dc807ec22c12488cb5be00,manual_verified
203,203分,12,284551,https://www.sceea.cn/Html/202506/Newsdetail_4335.html,https://www.sceea.cn/Upload/image/20250625/20250625184114_1795.jpg,9026bdad1f84230a34a449ff9f6117d6908a9876e0dc807ec22c12488cb5be00,manual_verified
202,202分,15,284566,https://www.sceea.cn/Html/202506/Newsdetail_4335.html,https://www.sceea.cn/Upload/image/20250625/20250625184114_1795.jpg,9026bdad1f84230a34a449ff9f6117d6908a9876e0dc807ec22c12488cb5be00,manual_verified
201,201分,9,284575,https://www.sceea.cn/Html/202506/Newsdetail_4335.html,https://www.sceea.cn/Upload/image/20250625/20250625184114_1795.jpg,9026bdad1f84230a34a449ff9f6117d6908a9876e0dc807ec22c12488cb5be00,manual_verified
200,200分,12,284587,https://www.sceea.cn/Html/202506/Newsdetail_4335.html,https://www.sceea.cn/Upload/image/20250625/20250625184114_1795.jpg,9026bdad1f84230a34a449ff9f6117d6908a9876e0dc807ec22c12488cb5be00,manual_verified
199,199分,9,284596,https://www.sceea.cn/Html/202506/Newsdetail_4335.html,https://www.sceea.cn/Upload/image/20250625/20250625184114_3382.jpg,f81dbf8c83fea871e1315d631e89690d44fbb52489e00ff57a5e7381d62b272e,manual_verified
198,198分,9,284605,https://www.sceea.cn/Html/202506/Newsdetail_4335.html,https://www.sceea.cn/Upload/image/20250625/20250625184114_3382.jpg,f81dbf8c83fea871e1315d631e89690d44fbb52489e00ff57a5e7381d62b272e,manual_verified
197,197分,7,284612,https://www.sceea.cn/Html/202506/Newsdetail_4335.html,https://www.sceea.cn/Upload/image/20250625/20250625184114_3382.jpg,f81dbf8c83fea871e1315d631e89690d44fbb52489e00ff57a5e7381d62b272e,manual_verified
196,196分,11,284623,https://www.sceea.cn/Html/202506/Newsdetail_4335.html,https://www.sceea.cn/Upload/image/20250625/20250625184114_3382.jpg,f81dbf8c83fea871e1315d631e89690d44fbb52489e00ff57a5e7381d62b272e,manual_verified
195,195分,8,284631,https://www.sceea.cn/Html/202506/Newsdetail_4335.html,https://www.sceea.cn/Upload/image/20250625/20250625184114_3382.jpg,f81dbf8c83fea871e1315d631e89690d44fbb52489e00ff57a5e7381d62b272e,manual_verified
194,194分,8,284639,https://www.sceea.cn/Html/202506/Newsdetail_4335.html,https://www.sceea.cn/Upload/image/20250625/20250625184114_3382.jpg,f81dbf8c83fea871e1315d631e89690d44fbb52489e00ff57a5e7381d62b272e,manual_verified
193,193分,7,284646,https://www.sceea.cn/Html/202506/Newsdetail_4335.html,https://www.sceea.cn/Upload/image/20250625/20250625184114_3382.jpg,f81dbf8c83fea871e1315d631e89690d44fbb52489e00ff57a5e7381d62b272e,manual_verified
192,192分,13,284659,https://www.sceea.cn/Html/202506/Newsdetail_4335.html,https://www.sceea.cn/Upload/image/20250625/20250625184114_3382.jpg,f81dbf8c83fea871e1315d631e89690d44fbb52489e00ff57a5e7381d62b272e,manual_verified
191,191分,5,284664,https://www.sceea.cn/Html/202506/Newsdetail_4335.html,https://www.sceea.cn/Upload/image/20250625/20250625184114_3382.jpg,f81dbf8c83fea871e1315d631e89690d44fbb52489e00ff57a5e7381d62b272e,manual_verified
190,190分,7,284671,https://www.sceea.cn/Html/202506/Newsdetail_4335.html,https://www.sceea.cn/Upload/image/20250625/20250625184114_3382.jpg,f81dbf8c83fea871e1315d631e89690d44fbb52489e00ff57a5e7381d62b272e,manual_verified
189,189分,6,284677,https://www.sceea.cn/Html/202506/Newsdetail_4335.html,https://www.sceea.cn/Upload/image/20250625/20250625184114_3382.jpg,f81dbf8c83fea871e1315d631e89690d44fbb52489e00ff57a5e7381d62b272e,manual_verified
188,188分,3,284680,https://www.sceea.cn/Html/202506/Newsdetail_4335.html,https://www.sceea.cn/Upload/image/20250625/20250625184114_3382.jpg,f81dbf8c83fea871e1315d631e89690d44fbb52489e00ff57a5e7381d62b272e,manual_verified
187,187分,5,284685,https://www.sceea.cn/Html/202506/Newsdetail_4335.html,https://www.sceea.cn/Upload/image/20250625/20250625184114_3382.jpg,f81dbf8c83fea871e1315d631e89690d44fbb52489e00ff57a5e7381d62b272e,manual_verified
186,186分,6,284691,https://www.sceea.cn/Html/202506/Newsdetail_4335.html,https://www.sceea.cn/Upload/image/20250625/20250625184114_3382.jpg,f81dbf8c83fea871e1315d631e89690d44fbb52489e00ff57a5e7381d62b272e,manual_verified
185,185分,7,284698,https://www.sceea.cn/Html/202506/Newsdetail_4335.html,https://www.sceea.cn/Upload/image/20250625/20250625184114_3382.jpg,f81dbf8c83fea871e1315d631e89690d44fbb52489e00ff57a5e7381d62b272e,manual_verified
184,184分,1,284699,https://www.sceea.cn/Html/202506/Newsdetail_4335.html,https://www.sceea.cn/Upload/image/20250625/20250625184114_3382.jpg,f81dbf8c83fea871e1315d631e89690d44fbb52489e00ff57a5e7381d62b272e,manual_verified
183,183分,3,284702,https://www.sceea.cn/Html/202506/Newsdetail_4335.html,https://www.sceea.cn/Upload/image/20250625/20250625184114_3382.jpg,f81dbf8c83fea871e1315d631e89690d44fbb52489e00ff57a5e7381d62b272e,manual_verified
182,182分,4,284706,https://www.sceea.cn/Html/202506/Newsdetail_4335.html,https://www.sceea.cn/Upload/image/20250625/20250625184114_3382.jpg,f81dbf8c83fea871e1315d631e89690d44fbb52489e00ff57a5e7381d62b272e,manual_verified
181,181分,1,284707,https://www.sceea.cn/Html/202506/Newsdetail_4335.html,https://www.sceea.cn/Upload/image/20250625/20250625184114_3382.jpg,f81dbf8c83fea871e1315d631e89690d44fbb52489e00ff57a5e7381d62b272e,manual_verified
180,180分,4,284711,https://www.sceea.cn/Html/202506/Newsdetail_4335.html,https://www.sceea.cn/Upload/image/20250625/20250625184114_3382.jpg,f81dbf8c83fea871e1315d631e89690d44fbb52489e00ff57a5e7381d62b272e,manual_verified
179,179分,5,284716,https://www.sceea.cn/Html/202506/Newsdetail_4335.html,https://www.sceea.cn/Upload/image/20250625/20250625184114_3382.jpg,f81dbf8c83fea871e1315d631e89690d44fbb52489e00ff57a5e7381d62b272e,manual_verified
178,178分,5,284721,https://www.sceea.cn/Html/202506/Newsdetail_4335.html,https://www.sceea.cn/Upload/image/20250625/20250625184114_3382.jpg,f81dbf8c83fea871e1315d631e89690d44fbb52489e00ff57a5e7381d62b272e,manual_verified
177,177分,5,284726,https://www.sceea.cn/Html/202506/Newsdetail_4335.html,https://www.sceea.cn/Upload/image/20250625/20250625184114_3382.jpg,f81dbf8c83fea871e1315d631e89690d44fbb52489e00ff57a5e7381d62b272e,manual_verified
176,176分,8,284734,https://www.sceea.cn/Html/202506/Newsdetail_4335.html,https://www.sceea.cn/Upload/image/20250625/20250625184114_3382.jpg,f81dbf8c83fea871e1315d631e89690d44fbb52489e00ff57a5e7381d62b272e,manual_verified
175,175分,3,284737,https://www.sceea.cn/Html/202506/Newsdetail_4335.html,https://www.sceea.cn/Upload/image/20250625/20250625184114_3382.jpg,f81dbf8c83fea871e1315d631e89690d44fbb52489e00ff57a5e7381d62b272e,manual_verified
174,174分,1,284738,https://www.sceea.cn/Html/202506/Newsdetail_4335.html,https://www.sceea.cn/Upload/image/20250625/20250625184114_3382.jpg,f81dbf8c83fea871e1315d631e89690d44fbb52489e00ff57a5e7381d62b272e,manual_verified
173,173分,2,284740,https://www.sceea.cn/Html/202506/Newsdetail_4335.html,https://www.sceea.cn/Upload/image/20250625/20250625184114_3382.jpg,f81dbf8c83fea871e1315d631e89690d44fbb52489e00ff57a5e7381d62b272e,manual_verified
172,172分,3,284743,https://www.sceea.cn/Html/202506/Newsdetail_4335.html,https://www.sceea.cn/Upload/image/20250625/20250625184114_3382.jpg,f81dbf8c83fea871e1315d631e89690d44fbb52489e00ff57a5e7381d62b272e,manual_verified
170,170分,4,284747,https://www.sceea.cn/Html/202506/Newsdetail_4335.html,https://www.sceea.cn/Upload/image/20250625/20250625184114_3382.jpg,f81dbf8c83fea871e1315d631e89690d44fbb52489e00ff57a5e7381d62b272e,manual_verified
169,169分,3,284750,https://www.sceea.cn/Html/202506/Newsdetail_4335.html,https://www.sceea.cn/Upload/image/20250625/20250625184114_5421.jpg,5bf6c63974f6469a9ab97b0efc5d3194d2918d8f73587b856c0aacdeeab29679,manual_verified
168,168分,3,284753,https://www.sceea.cn/Html/202506/Newsdetail_4335.html,https://www.sceea.cn/Upload/image/20250625/20250625184114_5421.jpg,5bf6c63974f6469a9ab97b0efc5d3194d2918d8f73587b856c0aacdeeab29679,manual_verified
167,167分,1,284754,https://www.sceea.cn/Html/202506/Newsdetail_4335.html,https://www.sceea.cn/Upload/image/20250625/20250625184114_5421.jpg,5bf6c63974f6469a9ab97b0efc5d3194d2918d8f73587b856c0aacdeeab29679,manual_verified
166,166分,2,284756,https://www.sceea.cn/Html/202506/Newsdetail_4335.html,https://www.sceea.cn/Upload/image/20250625/20250625184114_5421.jpg,5bf6c63974f6469a9ab97b0efc5d3194d2918d8f73587b856c0aacdeeab29679,manual_verified
165,165分,3,284759,https://www.sceea.cn/Html/202506/Newsdetail_4335.html,https://www.sceea.cn/Upload/image/20250625/20250625184114_5421.jpg,5bf6c63974f6469a9ab97b0efc5d3194d2918d8f73587b856c0aacdeeab29679,manual_verified
164,164分,2,284761,https://www.sceea.cn/Html/202506/Newsdetail_4335.html,https://www.sceea.cn/Upload/image/20250625/20250625184114_5421.jpg,5bf6c63974f6469a9ab97b0efc5d3194d2918d8f73587b856c0aacdeeab29679,manual_verified
163,163分,4,284765,https://www.sceea.cn/Html/202506/Newsdetail_4335.html,https://www.sceea.cn/Upload/image/20250625/20250625184114_5421.jpg,5bf6c63974f6469a9ab97b0efc5d3194d2918d8f73587b856c0aacdeeab29679,manual_verified
162,162分,3,284768,https://www.sceea.cn/Html/202506/Newsdetail_4335.html,https://www.sceea.cn/Upload/image/20250625/20250625184114_5421.jpg,5bf6c63974f6469a9ab97b0efc5d3194d2918d8f73587b856c0aacdeeab29679,manual_verified
161,161分,3,284771,https://www.sceea.cn/Html/202506/Newsdetail_4335.html,https://www.sceea.cn/Upload/image/20250625/20250625184114_5421.jpg,5bf6c63974f6469a9ab97b0efc5d3194d2918d8f73587b856c0aacdeeab29679,manual_verified
160,160分,2,284773,https://www.sceea.cn/Html/202506/Newsdetail_4335.html,https://www.sceea.cn/Upload/image/20250625/20250625184114_5421.jpg,5bf6c63974f6469a9ab97b0efc5d3194d2918d8f73587b856c0aacdeeab29679,manual_verified
159,159分,4,284777,https://www.sceea.cn/Html/202506/Newsdetail_4335.html,https://www.sceea.cn/Upload/image/20250625/20250625184114_5421.jpg,5bf6c63974f6469a9ab97b0efc5d3194d2918d8f73587b856c0aacdeeab29679,manual_verified
158,158分,2,284779,https://www.sceea.cn/Html/202506/Newsdetail_4335.html,https://www.sceea.cn/Upload/image/20250625/20250625184114_5421.jpg,5bf6c63974f6469a9ab97b0efc5d3194d2918d8f73587b856c0aacdeeab29679,manual_verified
157,157分,1,284780,https://www.sceea.cn/Html/202506/Newsdetail_4335.html,https://www.sceea.cn/Upload/image/20250625/20250625184114_5421.jpg,5bf6c63974f6469a9ab97b0efc5d3194d2918d8f73587b856c0aacdeeab29679,manual_verified
156,156分,1,284781,https://www.sceea.cn/Html/202506/Newsdetail_4335.html,https://www.sceea.cn/Upload/image/20250625/20250625184114_5421.jpg,5bf6c63974f6469a9ab97b0efc5d3194d2918d8f73587b856c0aacdeeab29679,manual_verified
155,155分,1,284782,https://www.sceea.cn/Html/202506/Newsdetail_4335.html,https://www.sceea.cn/Upload/image/20250625/20250625184114_5421.jpg,5bf6c63974f6469a9ab97b0efc5d3194d2918d8f73587b856c0aacdeeab29679,manual_verified
154,154分,1,284783,https://www.sceea.cn/Html/202506/Newsdetail_4335.html,https://www.sceea.cn/Upload/image/20250625/20250625184114_5421.jpg,5bf6c63974f6469a9ab97b0efc5d3194d2918d8f73587b856c0aacdeeab29679,manual_verified
153,153分,2,284785,https://www.sceea.cn/Html/202506/Newsdetail_4335.html,https://www.sceea.cn/Upload/image/20250625/20250625184114_5421.jpg,5bf6c63974f6469a9ab97b0efc5d3194d2918d8f73587b856c0aacdeeab29679,manual_verified
152,152分,1,284786,https://www.sceea.cn/Html/202506/Newsdetail_4335.html,https://www.sceea.cn/Upload/image/20250625/20250625184114_5421.jpg,5bf6c63974f6469a9ab97b0efc5d3194d2918d8f73587b856c0aacdeeab29679,manual_verified
151,151分,1,284787,https://www.sceea.cn/Html/202506/Newsdetail_4335.html,https://www.sceea.cn/Upload/image/20250625/20250625184114_5421.jpg,5bf6c63974f6469a9ab97b0efc5d3194d2918d8f73587b856c0aacdeeab29679,manual_verified
150,150分,2,284789,https://www.sceea.cn/Html/202506/Newsdetail_4335.html,https://www.sceea.cn/Upload/image/20250625/20250625184114_5421.jpg,5bf6c63974f6469a9ab97b0efc5d3194d2918d8f73587b856c0aacdeeab29679,manual_verified
